# Potencial X-he  rho,z,v(rho,z)
   3.00000   0.00000********************
   2.99954   0.05265    9.9969200115E-01
   2.99815   0.10528    9.9876838406E-01
   2.99584   0.15788    9.9723028663E-01
   2.99261   0.21044    9.9507960377E-01
   2.98846   0.26292    9.9231898512E-01
   2.98338   0.31533    9.8895183176E-01
   2.97739   0.36764    9.8498229199E-01
   2.97048   0.41984    9.8041525627E-01
   2.96265   0.47190    9.7525635117E-01
   2.95391   0.52382    9.6951193245E-01
   2.94427   0.57559    9.6318907718E-01
   2.93371   0.62717    9.5629557511E-01
   2.92225   0.67856    9.4883991899E-01
   2.90989   0.72974    9.4083129416E-01
   2.89664   0.78069    9.3227956721E-01
   2.88249   0.83141    9.2319527383E-01
   2.86746   0.88187    9.1358960582E-01
   2.85154   0.93206    9.0347439733E-01
   2.83474   0.98196    8.9286211024E-01
   2.81707   1.03156    8.8176581883E-01
   2.79853   1.08084    8.7019919371E-01
   2.77913   1.12978    8.5817648488E-01
   2.75888   1.17838    8.4571250427E-01
   2.73777   1.22662    8.3282260745E-01
   2.71582   1.27448    8.1952267472E-01
   2.69304   1.32194    8.0582909152E-01
   2.66942   1.36900    7.9175872829E-01
   2.64499   1.41564    7.7732891966E-01
   2.61974   1.46184    7.6255744307E-01
   2.59368   1.50759    7.4746249693E-01
   2.56682   1.55288    7.3206267813E-01
   2.53917   1.59769    7.1637695918E-01
   2.51074   1.64200    7.0042466481E-01
   2.48154   1.68581    6.8422544818E-01
   2.45157   1.72911    6.6779926665E-01
   2.42085   1.77186    6.5116635720E-01
   2.38938   1.81408    6.3434721149E-01
   2.35717   1.85573    6.1736255064E-01
   2.32424   1.89681    6.0023329966E-01
   2.29059   1.93731    5.8298056172E-01
   2.25624   1.97721    5.6562559212E-01
   2.22120   2.01650    5.4818977208E-01
   2.18546   2.05518    5.3069458247E-01
   2.14906   2.09321    5.1316157728E-01
   2.11199   2.13061    4.9561235708E-01
   2.07428   2.16734    4.7806854244E-01
   2.03592   2.20341    4.6055174725E-01
   1.99694   2.23881    4.4308355213E-01
   1.95734   2.27351    4.2568547781E-01
   1.91714   2.30751    4.0837895863E-01
   1.87634   2.34080    3.9118531616E-01
   1.83497   2.37337    3.7412573288E-01
   1.79304   2.40520    3.5722122611E-01
   1.75055   2.43630    3.4049262214E-01
   1.70753   2.46665    3.2396053052E-01
   1.66397   2.49624    3.0764531871E-01
   1.61991   2.52505    2.9156708699E-01
   1.57534   2.55309    2.7574564365E-01
   1.53030   2.58035    2.6020048064E-01
   1.48477   2.60681    2.4495074954E-01
   1.43880   2.63246    2.3001523794E-01
   1.39238   2.65731    2.1541234632E-01
   1.34553   2.68134    2.0116006537E-01
   1.29826   2.70454    1.8727595385E-01
   1.25060   2.72690    1.7377711691E-01
   1.20255   2.74843    1.6068018506E-01
   1.15413   2.76911    1.4800129365E-01
   1.10535   2.78894    1.3575606303E-01
   1.05624   2.80791    1.2395957926E-01
   1.00680   2.82602    1.1262637556E-01
   0.95704   2.84325    1.0177041437E-01
   0.90700   2.85961    9.1405070194E-02
   0.85667   2.87508    8.1543113090E-02
   0.80608   2.88968    7.2196692940E-02
   0.75525   2.90338    6.3377324492E-02
   0.70418   2.91619    5.5095873167E-02
   0.65289   2.92809    4.7362541675E-02
   0.60140   2.93910    4.0186857444E-02
   0.54973   2.94920    3.3577660884E-02
   0.49788   2.95840    2.7543094495E-02
   0.44589   2.96668    2.2090592836E-02
   0.39375   2.97405    1.7226873362E-02
   0.34150   2.98050    1.2957928154E-02
   0.28914   2.98603    9.2890165331E-03
   0.23669   2.99065    6.2246585807E-03
   0.18417   2.99434    3.7686295721E-03
   0.13159   2.99711    1.9239553236E-03
   0.07897   2.99896    6.9290846547E-04
   0.02633   2.99988    7.7005641668E-05
  -0.02633   2.99988    7.7005641668E-05
  -0.07897   2.99896    6.9290846547E-04
  -0.13159   2.99711    1.9239553236E-03
  -0.18417   2.99434    3.7686295721E-03
  -0.23669   2.99065    6.2246585807E-03
  -0.28914   2.98603    9.2890165331E-03
  -0.34150   2.98050    1.2957928154E-02
  -0.39375   2.97405    1.7226873362E-02
  -0.44589   2.96668    2.2090592836E-02
  -0.49788   2.95840    2.7543094495E-02
  -0.54973   2.94920    3.3577660884E-02
  -0.60140   2.93910    4.0186857444E-02
  -0.65289   2.92809    4.7362541675E-02
  -0.70418   2.91619    5.5095873167E-02
  -0.75525   2.90338    6.3377324492E-02
  -0.80608   2.88968    7.2196692940E-02
  -0.85667   2.87508    8.1543113090E-02
  -0.90700   2.85961    9.1405070194E-02
  -0.95704   2.84325    1.0177041437E-01
  -1.00680   2.82602    1.1262637556E-01
  -1.05624   2.80791    1.2395957926E-01
  -1.10535   2.78894    1.3575606303E-01
  -1.15413   2.76911    1.4800129365E-01
  -1.20255   2.74843    1.6068018506E-01
  -1.25060   2.72690    1.7377711691E-01
  -1.29826   2.70454    1.8727595385E-01
  -1.34553   2.68134    2.0116006537E-01
  -1.39238   2.65731    2.1541234632E-01
  -1.43880   2.63246    2.3001523794E-01
  -1.48477   2.60681    2.4495074954E-01
  -1.53030   2.58035    2.6020048064E-01
  -1.57534   2.55309    2.7574564365E-01
  -1.61991   2.52505    2.9156708699E-01
  -1.66397   2.49624    3.0764531871E-01
  -1.70753   2.46665    3.2396053052E-01
  -1.75055   2.43630    3.4049262214E-01
  -1.79304   2.40520    3.5722122611E-01
  -1.83497   2.37337    3.7412573288E-01
  -1.87634   2.34080    3.9118531616E-01
  -1.91714   2.30751    4.0837895863E-01
  -1.95734   2.27351    4.2568547781E-01
  -1.99694   2.23881    4.4308355213E-01
  -2.03592   2.20341    4.6055174725E-01
  -2.07428   2.16734    4.7806854244E-01
  -2.11199   2.13061    4.9561235708E-01
  -2.14906   2.09321    5.1316157728E-01
  -2.18546   2.05518    5.3069458247E-01
  -2.22120   2.01650    5.4818977208E-01
  -2.25624   1.97721    5.6562559212E-01
  -2.29059   1.93731    5.8298056172E-01
  -2.32424   1.89681    6.0023329966E-01
  -2.35717   1.85573    6.1736255064E-01
  -2.38938   1.81408    6.3434721149E-01
  -2.42085   1.77186    6.5116635720E-01
  -2.45157   1.72911    6.6779926665E-01
  -2.48154   1.68581    6.8422544818E-01
  -2.51074   1.64200    7.0042466481E-01
  -2.53917   1.59769    7.1637695918E-01
  -2.56682   1.55288    7.3206267813E-01
  -2.59368   1.50759    7.4746249693E-01
  -2.61974   1.46184    7.6255744307E-01
  -2.64499   1.41564    7.7732891966E-01
  -2.66942   1.36900    7.9175872829E-01
  -2.69304   1.32194    8.0582909152E-01
  -2.71582   1.27448    8.1952267472E-01
  -2.73777   1.22662    8.3282260745E-01
  -2.75888   1.17838    8.4571250427E-01
  -2.77913   1.12978    8.5817648488E-01
  -2.79853   1.08084    8.7019919371E-01
  -2.81707   1.03156    8.8176581883E-01
  -2.83474   0.98196    8.9286211024E-01
  -2.85154   0.93206    9.0347439733E-01
  -2.86746   0.88187    9.1358960582E-01
  -2.88249   0.83141    9.2319527383E-01
  -2.89664   0.78069    9.3227956721E-01
  -2.90989   0.72974    9.4083129416E-01
  -2.92225   0.67856    9.4883991899E-01
  -2.93371   0.62717    9.5629557511E-01
  -2.94427   0.57559    9.6318907718E-01
  -2.95391   0.52382    9.6951193245E-01
  -2.96265   0.47190    9.7525635117E-01
  -2.97048   0.41984    9.8041525627E-01
  -2.97739   0.36764    9.8498229199E-01
  -2.98338   0.31533    9.8895183176E-01
  -2.98846   0.26292    9.9231898512E-01
  -2.99261   0.21044    9.9507960377E-01
  -2.99584   0.15788    9.9723028663E-01
  -2.99815   0.10528    9.9876838406E-01
  -2.99954   0.05265    9.9969200115E-01
  -3.00000   0.00000    1.0000000000E+00

   3.06263   0.00000********************
   3.06215   0.05375    9.9969200115E-01
   3.06074   0.10748    9.9876838406E-01
   3.05838   0.16118    9.9723028663E-01
   3.05508   0.21483    9.9507960377E-01
   3.05084   0.26841    9.9231898512E-01
   3.04566   0.32191    9.8895183176E-01
   3.03954   0.37531    9.8498229199E-01
   3.03249   0.42860    9.8041525627E-01
   3.02450   0.48175    9.7525635117E-01
   3.01558   0.53476    9.6951193245E-01
   3.00573   0.58760    9.6318907718E-01
   2.99495   0.64026    9.5629557511E-01
   2.98326   0.69272    9.4883991899E-01
   2.97064   0.74497    9.4083129416E-01
   2.95711   0.79699    9.3227956721E-01
   2.94266   0.84877    9.2319527383E-01
   2.92732   0.90028    9.1358960582E-01
   2.91107   0.95151    9.0347439733E-01
   2.89392   1.00246    8.9286211024E-01
   2.87588   1.05309    8.8176581883E-01
   2.85695   1.10340    8.7019919371E-01
   2.83715   1.15337    8.5817648488E-01
   2.81647   1.20298    8.4571250427E-01
   2.79493   1.25223    8.3282260745E-01
   2.77252   1.30108    8.1952267472E-01
   2.74926   1.34954    8.0582909152E-01
   2.72515   1.39758    7.9175872829E-01
   2.70020   1.44519    7.7732891966E-01
   2.67442   1.49236    7.6255744307E-01
   2.64782   1.53906    7.4746249693E-01
   2.62040   1.58530    7.3206267813E-01
   2.59218   1.63104    7.1637695918E-01
   2.56315   1.67628    7.0042466481E-01
   2.53334   1.72101    6.8422544818E-01
   2.50275   1.76520    6.6779926665E-01
   2.47138   1.80885    6.5116635720E-01
   2.43926   1.85195    6.3434721149E-01
   2.40638   1.89447    6.1736255064E-01
   2.37276   1.93641    6.0023329966E-01
   2.33841   1.97775    5.8298056172E-01
   2.30334   2.01849    5.6562559212E-01
   2.26756   2.05860    5.4818977208E-01
   2.23109   2.09808    5.3069458247E-01
   2.19392   2.13691    5.1316157728E-01
   2.15608   2.17508    4.9561235708E-01
   2.11758   2.21259    4.7806854244E-01
   2.07842   2.24941    4.6055174725E-01
   2.03862   2.28554    4.4308355213E-01
   1.99820   2.32097    4.2568547781E-01
   1.95716   2.35568    4.0837895863E-01
   1.91551   2.38966    3.9118531616E-01
   1.87328   2.42291    3.7412573288E-01
   1.83047   2.45541    3.5722122611E-01
   1.78710   2.48716    3.4049262214E-01
   1.74317   2.51814    3.2396053052E-01
   1.69871   2.54835    3.0764531871E-01
   1.65372   2.57777    2.9156708699E-01
   1.60823   2.60639    2.7574564365E-01
   1.56224   2.63421    2.6020048064E-01
   1.51577   2.66123    2.4495074954E-01
   1.46883   2.68742    2.3001523794E-01
   1.42144   2.71278    2.1541234632E-01
   1.37361   2.73731    2.0116006537E-01
   1.32536   2.76099    1.8727595385E-01
   1.27670   2.78383    1.7377711691E-01
   1.22765   2.80581    1.6068018506E-01
   1.17822   2.82692    1.4800129365E-01
   1.12843   2.84716    1.3575606303E-01
   1.07829   2.86653    1.2395957926E-01
   1.02781   2.88501    1.1262637556E-01
   0.97702   2.90260    1.0177041437E-01
   0.92593   2.91930    9.1405070194E-02
   0.87456   2.93510    8.1543113090E-02
   0.82291   2.95000    7.2196692940E-02
   0.77101   2.96399    6.3377324492E-02
   0.71888   2.97706    5.5095873167E-02
   0.66652   2.98922    4.7362541675E-02
   0.61395   3.00046    4.0186857444E-02
   0.56120   3.01077    3.3577660884E-02
   0.50828   3.02015    2.7543094495E-02
   0.45520   3.02861    2.2090592836E-02
   0.40197   3.03613    1.7226873362E-02
   0.34863   3.04272    1.2957928154E-02
   0.29517   3.04837    9.2890165331E-03
   0.24163   3.05308    6.2246585807E-03
   0.18801   3.05685    3.7686295721E-03
   0.13434   3.05968    1.9239553236E-03
   0.08062   3.06157    6.9290846547E-04
   0.02688   3.06251    7.7005641668E-05
  -0.02688   3.06251    7.7005641668E-05
  -0.08062   3.06157    6.9290846547E-04
  -0.13434   3.05968    1.9239553236E-03
  -0.18801   3.05685    3.7686295721E-03
  -0.24163   3.05308    6.2246585807E-03
  -0.29517   3.04837    9.2890165331E-03
  -0.34863   3.04272    1.2957928154E-02
  -0.40197   3.03613    1.7226873362E-02
  -0.45520   3.02861    2.2090592836E-02
  -0.50828   3.02015    2.7543094495E-02
  -0.56120   3.01077    3.3577660884E-02
  -0.61395   3.00046    4.0186857444E-02
  -0.66652   2.98922    4.7362541675E-02
  -0.71888   2.97706    5.5095873167E-02
  -0.77101   2.96399    6.3377324492E-02
  -0.82291   2.95000    7.2196692940E-02
  -0.87456   2.93510    8.1543113090E-02
  -0.92593   2.91930    9.1405070194E-02
  -0.97702   2.90260    1.0177041437E-01
  -1.02781   2.88501    1.1262637556E-01
  -1.07829   2.86653    1.2395957926E-01
  -1.12843   2.84716    1.3575606303E-01
  -1.17822   2.82692    1.4800129365E-01
  -1.22765   2.80581    1.6068018506E-01
  -1.27670   2.78383    1.7377711691E-01
  -1.32536   2.76099    1.8727595385E-01
  -1.37361   2.73731    2.0116006537E-01
  -1.42144   2.71278    2.1541234632E-01
  -1.46883   2.68742    2.3001523794E-01
  -1.51577   2.66123    2.4495074954E-01
  -1.56224   2.63421    2.6020048064E-01
  -1.60823   2.60639    2.7574564365E-01
  -1.65372   2.57777    2.9156708699E-01
  -1.69871   2.54835    3.0764531871E-01
  -1.74317   2.51814    3.2396053052E-01
  -1.78710   2.48716    3.4049262214E-01
  -1.83047   2.45541    3.5722122611E-01
  -1.87328   2.42291    3.7412573288E-01
  -1.91551   2.38966    3.9118531616E-01
  -1.95716   2.35568    4.0837895863E-01
  -1.99820   2.32097    4.2568547781E-01
  -2.03862   2.28554    4.4308355213E-01
  -2.07842   2.24941    4.6055174725E-01
  -2.11758   2.21259    4.7806854244E-01
  -2.15608   2.17508    4.9561235708E-01
  -2.19392   2.13691    5.1316157728E-01
  -2.23109   2.09808    5.3069458247E-01
  -2.26756   2.05860    5.4818977208E-01
  -2.30334   2.01849    5.6562559212E-01
  -2.33841   1.97775    5.8298056172E-01
  -2.37276   1.93641    6.0023329966E-01
  -2.40638   1.89447    6.1736255064E-01
  -2.43926   1.85195    6.3434721149E-01
  -2.47138   1.80885    6.5116635720E-01
  -2.50275   1.76520    6.6779926665E-01
  -2.53334   1.72101    6.8422544818E-01
  -2.56315   1.67628    7.0042466481E-01
  -2.59218   1.63104    7.1637695918E-01
  -2.62040   1.58530    7.3206267813E-01
  -2.64782   1.53906    7.4746249693E-01
  -2.67442   1.49236    7.6255744307E-01
  -2.70020   1.44519    7.7732891966E-01
  -2.72515   1.39758    7.9175872829E-01
  -2.74926   1.34954    8.0582909152E-01
  -2.77252   1.30108    8.1952267472E-01
  -2.79493   1.25223    8.3282260745E-01
  -2.81647   1.20298    8.4571250427E-01
  -2.83715   1.15337    8.5817648488E-01
  -2.85695   1.10340    8.7019919371E-01
  -2.87588   1.05309    8.8176581883E-01
  -2.89392   1.00246    8.9286211024E-01
  -2.91107   0.95151    9.0347439733E-01
  -2.92732   0.90028    9.1358960582E-01
  -2.94266   0.84877    9.2319527383E-01
  -2.95711   0.79699    9.3227956721E-01
  -2.97064   0.74497    9.4083129416E-01
  -2.98326   0.69272    9.4883991899E-01
  -2.99495   0.64026    9.5629557511E-01
  -3.00573   0.58760    9.6318907718E-01
  -3.01558   0.53476    9.6951193245E-01
  -3.02450   0.48175    9.7525635117E-01
  -3.03249   0.42860    9.8041525627E-01
  -3.03954   0.37531    9.8498229199E-01
  -3.04566   0.32191    9.8895183176E-01
  -3.05084   0.26841    9.9231898512E-01
  -3.05508   0.21483    9.9507960377E-01
  -3.05838   0.16118    9.9723028663E-01
  -3.06074   0.10748    9.9876838406E-01
  -3.06215   0.05375    9.9969200115E-01
  -3.06263   0.00000    1.0000000000E+00

   3.12525   0.00000********************
   3.12477   0.05485    9.9969200115E-01
   3.12333   0.10968    9.9876838406E-01
   3.12092   0.16448    9.9723028663E-01
   3.11755   0.21922    9.9507960377E-01
   3.11323   0.27390    9.9231898512E-01
   3.10794   0.32850    9.8895183176E-01
   3.10170   0.38299    9.8498229199E-01
   3.09450   0.43737    9.8041525627E-01
   3.08635   0.49161    9.7525635117E-01
   3.07724   0.54570    9.6951193245E-01
   3.06719   0.59962    9.6318907718E-01
   3.05620   0.65335    9.5629557511E-01
   3.04426   0.70689    9.4883991899E-01
   3.03138   0.76021    9.4083129416E-01
   3.01758   0.81329    9.3227956721E-01
   3.00284   0.86612    9.2319527383E-01
   2.98718   0.91869    9.1358960582E-01
   2.97059   0.97097    9.0347439733E-01
   2.95309   1.02296    8.9286211024E-01
   2.93469   1.07462    8.8176581883E-01
   2.91538   1.12596    8.7019919371E-01
   2.89517   1.17695    8.5817648488E-01
   2.87406   1.22758    8.4571250427E-01
   2.85208   1.27783    8.3282260745E-01
   2.82921   1.32769    8.1952267472E-01
   2.80548   1.37714    8.0582909152E-01
   2.78088   1.42616    7.9175872829E-01
   2.75542   1.47475    7.7732891966E-01
   2.72911   1.52288    7.6255744307E-01
   2.70197   1.57054    7.4746249693E-01
   2.67399   1.61771    7.3206267813E-01
   2.64518   1.66439    7.1637695918E-01
   2.61557   1.71056    7.0042466481E-01
   2.58514   1.75620    6.8422544818E-01
   2.55392   1.80130    6.6779926665E-01
   2.52192   1.84584    6.5116635720E-01
   2.48914   1.88982    6.3434721149E-01
   2.45559   1.93321    6.1736255064E-01
   2.42128   1.97601    6.0023329966E-01
   2.38623   2.01820    5.8298056172E-01
   2.35044   2.05976    5.6562559212E-01
   2.31393   2.10070    5.4818977208E-01
   2.27671   2.14098    5.3069458247E-01
   2.23878   2.18061    5.1316157728E-01
   2.20017   2.21956    4.9561235708E-01
   2.16088   2.25783    4.7806854244E-01
   2.12092   2.29541    4.6055174725E-01
   2.08031   2.33228    4.4308355213E-01
   2.03906   2.36843    4.2568547781E-01
   1.99718   2.40385    4.0837895863E-01
   1.95468   2.43853    3.9118531616E-01
   1.91159   2.47246    3.7412573288E-01
   1.86790   2.50562    3.5722122611E-01
   1.82364   2.53802    3.4049262214E-01
   1.77882   2.56963    3.2396053052E-01
   1.73345   2.60046    3.0764531871E-01
   1.68754   2.63048    2.9156708699E-01
   1.64112   2.65969    2.7574564365E-01
   1.59419   2.68808    2.6020048064E-01
   1.54677   2.71564    2.4495074954E-01
   1.49887   2.74237    2.3001523794E-01
   1.45051   2.76825    2.1541234632E-01
   1.40170   2.79328    2.0116006537E-01
   1.35247   2.81745    1.8727595385E-01
   1.30281   2.84075    1.7377711691E-01
   1.25276   2.86318    1.6068018506E-01
   1.20231   2.88473    1.4800129365E-01
   1.15150   2.90538    1.3575606303E-01
   1.10034   2.92514    1.2395957926E-01
   1.04883   2.94400    1.1262637556E-01
   0.99700   2.96196    1.0177041437E-01
   0.94487   2.97900    9.1405070194E-02
   0.89244   2.99512    8.1543113090E-02
   0.83974   3.01032    7.2196692940E-02
   0.78678   3.02460    6.3377324492E-02
   0.73358   3.03794    5.5095873167E-02
   0.68015   3.05034    4.7362541675E-02
   0.62651   3.06181    4.0186857444E-02
   0.57268   3.07234    3.3577660884E-02
   0.51867   3.08191    2.7543094495E-02
   0.46450   3.09054    2.2090592836E-02
   0.41019   3.09822    1.7226873362E-02
   0.35576   3.10494    1.2957928154E-02
   0.30121   3.11070    9.2890165331E-03
   0.24657   3.11551    6.2246585807E-03
   0.19186   3.11936    3.7686295721E-03
   0.13708   3.12224    1.9239553236E-03
   0.08227   3.12417    6.9290846547E-04
   0.02742   3.12513    7.7005641668E-05
  -0.02742   3.12513    7.7005641668E-05
  -0.08227   3.12417    6.9290846547E-04
  -0.13708   3.12224    1.9239553236E-03
  -0.19186   3.11936    3.7686295721E-03
  -0.24657   3.11551    6.2246585807E-03
  -0.30121   3.11070    9.2890165331E-03
  -0.35576   3.10494    1.2957928154E-02
  -0.41019   3.09822    1.7226873362E-02
  -0.46450   3.09054    2.2090592836E-02
  -0.51867   3.08191    2.7543094495E-02
  -0.57268   3.07234    3.3577660884E-02
  -0.62651   3.06181    4.0186857444E-02
  -0.68015   3.05034    4.7362541675E-02
  -0.73358   3.03794    5.5095873167E-02
  -0.78678   3.02460    6.3377324492E-02
  -0.83974   3.01032    7.2196692940E-02
  -0.89244   2.99512    8.1543113090E-02
  -0.94487   2.97900    9.1405070194E-02
  -0.99700   2.96196    1.0177041437E-01
  -1.04883   2.94400    1.1262637556E-01
  -1.10034   2.92514    1.2395957926E-01
  -1.15150   2.90538    1.3575606303E-01
  -1.20231   2.88473    1.4800129365E-01
  -1.25276   2.86318    1.6068018506E-01
  -1.30281   2.84075    1.7377711691E-01
  -1.35247   2.81745    1.8727595385E-01
  -1.40170   2.79328    2.0116006537E-01
  -1.45051   2.76825    2.1541234632E-01
  -1.49887   2.74237    2.3001523794E-01
  -1.54677   2.71564    2.4495074954E-01
  -1.59419   2.68808    2.6020048064E-01
  -1.64112   2.65969    2.7574564365E-01
  -1.68754   2.63048    2.9156708699E-01
  -1.73345   2.60046    3.0764531871E-01
  -1.77882   2.56963    3.2396053052E-01
  -1.82364   2.53802    3.4049262214E-01
  -1.86790   2.50562    3.5722122611E-01
  -1.91159   2.47246    3.7412573288E-01
  -1.95468   2.43853    3.9118531616E-01
  -1.99718   2.40385    4.0837895863E-01
  -2.03906   2.36843    4.2568547781E-01
  -2.08031   2.33228    4.4308355213E-01
  -2.12092   2.29541    4.6055174725E-01
  -2.16088   2.25783    4.7806854244E-01
  -2.20017   2.21956    4.9561235708E-01
  -2.23878   2.18061    5.1316157728E-01
  -2.27671   2.14098    5.3069458247E-01
  -2.31393   2.10070    5.4818977208E-01
  -2.35044   2.05976    5.6562559212E-01
  -2.38623   2.01820    5.8298056172E-01
  -2.42128   1.97601    6.0023329966E-01
  -2.45559   1.93321    6.1736255064E-01
  -2.48914   1.88982    6.3434721149E-01
  -2.52192   1.84584    6.5116635720E-01
  -2.55392   1.80130    6.6779926665E-01
  -2.58514   1.75620    6.8422544818E-01
  -2.61557   1.71056    7.0042466481E-01
  -2.64518   1.66439    7.1637695918E-01
  -2.67399   1.61771    7.3206267813E-01
  -2.70197   1.57054    7.4746249693E-01
  -2.72911   1.52288    7.6255744307E-01
  -2.75542   1.47475    7.7732891966E-01
  -2.78088   1.42616    7.9175872829E-01
  -2.80548   1.37714    8.0582909152E-01
  -2.82921   1.32769    8.1952267472E-01
  -2.85208   1.27783    8.3282260745E-01
  -2.87406   1.22758    8.4571250427E-01
  -2.89517   1.17695    8.5817648488E-01
  -2.91538   1.12596    8.7019919371E-01
  -2.93469   1.07462    8.8176581883E-01
  -2.95309   1.02296    8.9286211024E-01
  -2.97059   0.97097    9.0347439733E-01
  -2.98718   0.91869    9.1358960582E-01
  -3.00284   0.86612    9.2319527383E-01
  -3.01758   0.81329    9.3227956721E-01
  -3.03138   0.76021    9.4083129416E-01
  -3.04426   0.70689    9.4883991899E-01
  -3.05620   0.65335    9.5629557511E-01
  -3.06719   0.59962    9.6318907718E-01
  -3.07724   0.54570    9.6951193245E-01
  -3.08635   0.49161    9.7525635117E-01
  -3.09450   0.43737    9.8041525627E-01
  -3.10170   0.38299    9.8498229199E-01
  -3.10794   0.32850    9.8895183176E-01
  -3.11323   0.27390    9.9231898512E-01
  -3.11755   0.21922    9.9507960377E-01
  -3.12092   0.16448    9.9723028663E-01
  -3.12333   0.10968    9.9876838406E-01
  -3.12477   0.05485    9.9969200115E-01
  -3.12525   0.00000    1.0000000000E+00

   3.18788   0.00000********************
   3.18739   0.05595    9.9969200115E-01
   3.18592   0.11188    9.9876838406E-01
   3.18346   0.16777    9.9723028663E-01
   3.18003   0.22362    9.9507960377E-01
   3.17561   0.27939    9.9231898512E-01
   3.17022   0.33508    9.8895183176E-01
   3.16385   0.39066    9.8498229199E-01
   3.15651   0.44613    9.8041525627E-01
   3.14819   0.50146    9.7525635117E-01
   3.13891   0.55663    9.6951193245E-01
   3.12865   0.61163    9.6318907718E-01
   3.11744   0.66645    9.5629557511E-01
   3.10526   0.72105    9.4883991899E-01
   3.09213   0.77544    9.4083129416E-01
   3.07804   0.82959    9.3227956721E-01
   3.06301   0.88348    9.2319527383E-01
   3.04703   0.93710    9.1358960582E-01
   3.03012   0.99043    9.0347439733E-01
   3.01227   1.04345    8.9286211024E-01
   2.99349   1.09616    8.8176581883E-01
   2.97380   1.14853    8.7019919371E-01
   2.95318   1.20054    8.5817648488E-01
   2.93166   1.25218    8.4571250427E-01
   2.90923   1.30344    8.3282260745E-01
   2.88591   1.35429    8.1952267472E-01
   2.86169   1.40473    8.0582909152E-01
   2.83660   1.45474    7.9175872829E-01
   2.81063   1.50430    7.7732891966E-01
   2.78380   1.55339    7.6255744307E-01
   2.75611   1.60201    7.4746249693E-01
   2.72757   1.65013    7.3206267813E-01
   2.69819   1.69775    7.1637695918E-01
   2.66798   1.74484    7.0042466481E-01
   2.63695   1.79139    6.8422544818E-01
   2.60510   1.83739    6.6779926665E-01
   2.57245   1.88283    6.5116635720E-01
   2.53902   1.92769    6.3434721149E-01
   2.50479   1.97195    6.1736255064E-01
   2.46980   2.01560    6.0023329966E-01
   2.43405   2.05864    5.8298056172E-01
   2.39754   2.10104    5.6562559212E-01
   2.36030   2.14279    5.4818977208E-01
   2.32233   2.18388    5.3069458247E-01
   2.28365   2.22430    5.1316157728E-01
   2.24426   2.26404    4.9561235708E-01
   2.20418   2.30308    4.7806854244E-01
   2.16342   2.34141    4.6055174725E-01
   2.12200   2.37901    4.4308355213E-01
   2.07992   2.41589    4.2568547781E-01
   2.03720   2.45202    4.0837895863E-01
   1.99385   2.48739    3.9118531616E-01
   1.94989   2.52200    3.7412573288E-01
   1.90533   2.55583    3.5722122611E-01
   1.86018   2.58888    3.4049262214E-01
   1.81446   2.62113    3.2396053052E-01
   1.76818   2.65257    3.0764531871E-01
   1.72136   2.68319    2.9156708699E-01
   1.67400   2.71298    2.7574564365E-01
   1.62613   2.74195    2.6020048064E-01
   1.57776   2.77006    2.4495074954E-01
   1.52890   2.79732    2.3001523794E-01
   1.47958   2.82373    2.1541234632E-01
   1.42979   2.84926    2.0116006537E-01
   1.37957   2.87391    1.8727595385E-01
   1.32892   2.89768    1.7377711691E-01
   1.27786   2.92056    1.6068018506E-01
   1.22641   2.94253    1.4800129365E-01
   1.17458   2.96360    1.3575606303E-01
   1.12238   2.98376    1.2395957926E-01
   1.06985   3.00300    1.1262637556E-01
   1.01698   3.02131    1.0177041437E-01
   0.96380   3.03869    9.1405070194E-02
   0.91032   3.05514    8.1543113090E-02
   0.85657   3.07065    7.2196692940E-02
   0.80254   3.08521    6.3377324492E-02
   0.74828   3.09882    5.5095873167E-02
   0.69378   3.11147    4.7362541675E-02
   0.63906   3.12317    4.0186857444E-02
   0.58415   3.13390    3.3577660884E-02
   0.52906   3.14367    2.7543094495E-02
   0.47381   3.15247    2.2090592836E-02
   0.41841   3.16030    1.7226873362E-02
   0.36289   3.16716    1.2957928154E-02
   0.30725   3.17304    9.2890165331E-03
   0.25151   3.17794    6.2246585807E-03
   0.19570   3.18187    3.7686295721E-03
   0.13983   3.18481    1.9239553236E-03
   0.08392   3.18677    6.9290846547E-04
   0.02797   3.18776    7.7005641668E-05
  -0.02797   3.18776    7.7005641668E-05
  -0.08392   3.18677    6.9290846547E-04
  -0.13983   3.18481    1.9239553236E-03
  -0.19570   3.18187    3.7686295721E-03
  -0.25151   3.17794    6.2246585807E-03
  -0.30725   3.17304    9.2890165331E-03
  -0.36289   3.16716    1.2957928154E-02
  -0.41841   3.16030    1.7226873362E-02
  -0.47381   3.15247    2.2090592836E-02
  -0.52906   3.14367    2.7543094495E-02
  -0.58415   3.13390    3.3577660884E-02
  -0.63906   3.12317    4.0186857444E-02
  -0.69378   3.11147    4.7362541675E-02
  -0.74828   3.09882    5.5095873167E-02
  -0.80254   3.08521    6.3377324492E-02
  -0.85657   3.07065    7.2196692940E-02
  -0.91032   3.05514    8.1543113090E-02
  -0.96380   3.03869    9.1405070194E-02
  -1.01698   3.02131    1.0177041437E-01
  -1.06985   3.00300    1.1262637556E-01
  -1.12238   2.98376    1.2395957926E-01
  -1.17458   2.96360    1.3575606303E-01
  -1.22641   2.94253    1.4800129365E-01
  -1.27786   2.92056    1.6068018506E-01
  -1.32892   2.89768    1.7377711691E-01
  -1.37957   2.87391    1.8727595385E-01
  -1.42979   2.84926    2.0116006537E-01
  -1.47958   2.82373    2.1541234632E-01
  -1.52890   2.79732    2.3001523794E-01
  -1.57776   2.77006    2.4495074954E-01
  -1.62613   2.74195    2.6020048064E-01
  -1.67400   2.71298    2.7574564365E-01
  -1.72136   2.68319    2.9156708699E-01
  -1.76818   2.65257    3.0764531871E-01
  -1.81446   2.62113    3.2396053052E-01
  -1.86018   2.58888    3.4049262214E-01
  -1.90533   2.55583    3.5722122611E-01
  -1.94989   2.52200    3.7412573288E-01
  -1.99385   2.48739    3.9118531616E-01
  -2.03720   2.45202    4.0837895863E-01
  -2.07992   2.41589    4.2568547781E-01
  -2.12200   2.37901    4.4308355213E-01
  -2.16342   2.34141    4.6055174725E-01
  -2.20418   2.30308    4.7806854244E-01
  -2.24426   2.26404    4.9561235708E-01
  -2.28365   2.22430    5.1316157728E-01
  -2.32233   2.18388    5.3069458247E-01
  -2.36030   2.14279    5.4818977208E-01
  -2.39754   2.10104    5.6562559212E-01
  -2.43405   2.05864    5.8298056172E-01
  -2.46980   2.01560    6.0023329966E-01
  -2.50479   1.97195    6.1736255064E-01
  -2.53902   1.92769    6.3434721149E-01
  -2.57245   1.88283    6.5116635720E-01
  -2.60510   1.83739    6.6779926665E-01
  -2.63695   1.79139    6.8422544818E-01
  -2.66798   1.74484    7.0042466481E-01
  -2.69819   1.69775    7.1637695918E-01
  -2.72757   1.65013    7.3206267813E-01
  -2.75611   1.60201    7.4746249693E-01
  -2.78380   1.55339    7.6255744307E-01
  -2.81063   1.50430    7.7732891966E-01
  -2.83660   1.45474    7.9175872829E-01
  -2.86169   1.40473    8.0582909152E-01
  -2.88591   1.35429    8.1952267472E-01
  -2.90923   1.30344    8.3282260745E-01
  -2.93166   1.25218    8.4571250427E-01
  -2.95318   1.20054    8.5817648488E-01
  -2.97380   1.14853    8.7019919371E-01
  -2.99349   1.09616    8.8176581883E-01
  -3.01227   1.04345    8.9286211024E-01
  -3.03012   0.99043    9.0347439733E-01
  -3.04703   0.93710    9.1358960582E-01
  -3.06301   0.88348    9.2319527383E-01
  -3.07804   0.82959    9.3227956721E-01
  -3.09213   0.77544    9.4083129416E-01
  -3.10526   0.72105    9.4883991899E-01
  -3.11744   0.66645    9.5629557511E-01
  -3.12865   0.61163    9.6318907718E-01
  -3.13891   0.55663    9.6951193245E-01
  -3.14819   0.50146    9.7525635117E-01
  -3.15651   0.44613    9.8041525627E-01
  -3.16385   0.39066    9.8498229199E-01
  -3.17022   0.33508    9.8895183176E-01
  -3.17561   0.27939    9.9231898512E-01
  -3.18003   0.22362    9.9507960377E-01
  -3.18346   0.16777    9.9723028663E-01
  -3.18592   0.11188    9.9876838406E-01
  -3.18739   0.05595    9.9969200115E-01
  -3.18788   0.00000    1.0000000000E+00

   3.25051   0.00000********************
   3.25000   0.05705    9.9969200115E-01
   3.24850   0.11407    9.9876838406E-01
   3.24600   0.17107    9.9723028663E-01
   3.24250   0.22801    9.9507960377E-01
   3.23800   0.28488    9.9231898512E-01
   3.23250   0.34166    9.8895183176E-01
   3.22601   0.39834    9.8498229199E-01
   3.21852   0.45489    9.8041525627E-01
   3.21004   0.51131    9.7525635117E-01
   3.20057   0.56757    9.6951193245E-01
   3.19012   0.62365    9.6318907718E-01
   3.17868   0.67954    9.5629557511E-01
   3.16627   0.73522    9.4883991899E-01
   3.15287   0.79067    9.4083129416E-01
   3.13851   0.84588    9.3227956721E-01
   3.12318   0.90083    9.2319527383E-01
   3.10689   0.95551    9.1358960582E-01
   3.08965   1.00989    9.0347439733E-01
   3.07145   1.06395    8.9286211024E-01
   3.05230   1.11769    8.8176581883E-01
   3.03222   1.17109    8.7019919371E-01
   3.01120   1.22412    8.5817648488E-01
   2.98925   1.27678    8.4571250427E-01
   2.96638   1.32904    8.3282260745E-01
   2.94260   1.38090    8.1952267472E-01
   2.91791   1.43233    8.0582909152E-01
   2.89233   1.48332    7.9175872829E-01
   2.86585   1.53385    7.7732891966E-01
   2.83849   1.58391    7.6255744307E-01
   2.81025   1.63348    7.4746249693E-01
   2.78115   1.68255    7.3206267813E-01
   2.75120   1.73110    7.1637695918E-01
   2.72039   1.77911    7.0042466481E-01
   2.68875   1.82658    6.8422544818E-01
   2.65628   1.87349    6.6779926665E-01
   2.62299   1.91982    6.5116635720E-01
   2.58889   1.96556    6.3434721149E-01
   2.55400   2.01069    6.1736255064E-01
   2.51832   2.05520    6.0023329966E-01
   2.48186   2.09908    5.8298056172E-01
   2.44464   2.14231    5.6562559212E-01
   2.40667   2.18489    5.4818977208E-01
   2.36795   2.22679    5.3069458247E-01
   2.32851   2.26800    5.1316157728E-01
   2.28835   2.30852    4.9561235708E-01
   2.24748   2.34832    4.7806854244E-01
   2.20592   2.38740    4.6055174725E-01
   2.16368   2.42575    4.4308355213E-01
   2.12078   2.46335    4.2568547781E-01
   2.07722   2.50019    4.0837895863E-01
   2.03302   2.53626    3.9118531616E-01
   1.98820   2.57155    3.7412573288E-01
   1.94276   2.60604    3.5722122611E-01
   1.89673   2.63974    3.4049262214E-01
   1.85011   2.67262    3.2396053052E-01
   1.80292   2.70468    3.0764531871E-01
   1.75517   2.73590    2.9156708699E-01
   1.70689   2.76628    2.7574564365E-01
   1.65808   2.79581    2.6020048064E-01
   1.60876   2.82448    2.4495074954E-01
   1.55894   2.85228    2.3001523794E-01
   1.50864   2.87920    2.1541234632E-01
   1.45788   2.90523    2.0116006537E-01
   1.40667   2.93037    1.8727595385E-01
   1.35502   2.95461    1.7377711691E-01
   1.30296   2.97793    1.6068018506E-01
   1.25050   3.00034    1.4800129365E-01
   1.19765   3.02182    1.3575606303E-01
   1.14443   3.04238    1.2395957926E-01
   1.09086   3.06199    1.1262637556E-01
   1.03696   3.08067    1.0177041437E-01
   0.98273   3.09839    9.1405070194E-02
   0.92821   3.11516    8.1543113090E-02
   0.87339   3.13097    7.2196692940E-02
   0.81831   3.14582    6.3377324492E-02
   0.76298   3.15969    5.5095873167E-02
   0.70741   3.17260    4.7362541675E-02
   0.65162   3.18452    4.0186857444E-02
   0.59563   3.19547    3.3577660884E-02
   0.53946   3.20543    2.7543094495E-02
   0.48312   3.21440    2.2090592836E-02
   0.42663   3.22239    1.7226873362E-02
   0.37001   3.22938    1.2957928154E-02
   0.31328   3.23537    9.2890165331E-03
   0.25645   3.24037    6.2246585807E-03
   0.19955   3.24437    3.7686295721E-03
   0.14258   3.24738    1.9239553236E-03
   0.08556   3.24938    6.9290846547E-04
   0.02852   3.25038    7.7005641668E-05
  -0.02852   3.25038    7.7005641668E-05
  -0.08556   3.24938    6.9290846547E-04
  -0.14258   3.24738    1.9239553236E-03
  -0.19955   3.24437    3.7686295721E-03
  -0.25645   3.24037    6.2246585807E-03
  -0.31328   3.23537    9.2890165331E-03
  -0.37001   3.22938    1.2957928154E-02
  -0.42663   3.22239    1.7226873362E-02
  -0.48312   3.21440    2.2090592836E-02
  -0.53946   3.20543    2.7543094495E-02
  -0.59563   3.19547    3.3577660884E-02
  -0.65162   3.18452    4.0186857444E-02
  -0.70741   3.17260    4.7362541675E-02
  -0.76298   3.15969    5.5095873167E-02
  -0.81831   3.14582    6.3377324492E-02
  -0.87339   3.13097    7.2196692940E-02
  -0.92821   3.11516    8.1543113090E-02
  -0.98273   3.09839    9.1405070194E-02
  -1.03696   3.08067    1.0177041437E-01
  -1.09086   3.06199    1.1262637556E-01
  -1.14443   3.04238    1.2395957926E-01
  -1.19765   3.02182    1.3575606303E-01
  -1.25050   3.00034    1.4800129365E-01
  -1.30296   2.97793    1.6068018506E-01
  -1.35502   2.95461    1.7377711691E-01
  -1.40667   2.93037    1.8727595385E-01
  -1.45788   2.90523    2.0116006537E-01
  -1.50864   2.87920    2.1541234632E-01
  -1.55894   2.85228    2.3001523794E-01
  -1.60876   2.82448    2.4495074954E-01
  -1.65808   2.79581    2.6020048064E-01
  -1.70689   2.76628    2.7574564365E-01
  -1.75517   2.73590    2.9156708699E-01
  -1.80292   2.70468    3.0764531871E-01
  -1.85011   2.67262    3.2396053052E-01
  -1.89673   2.63974    3.4049262214E-01
  -1.94276   2.60604    3.5722122611E-01
  -1.98820   2.57155    3.7412573288E-01
  -2.03302   2.53626    3.9118531616E-01
  -2.07722   2.50019    4.0837895863E-01
  -2.12078   2.46335    4.2568547781E-01
  -2.16368   2.42575    4.4308355213E-01
  -2.20592   2.38740    4.6055174725E-01
  -2.24748   2.34832    4.7806854244E-01
  -2.28835   2.30852    4.9561235708E-01
  -2.32851   2.26800    5.1316157728E-01
  -2.36795   2.22679    5.3069458247E-01
  -2.40667   2.18489    5.4818977208E-01
  -2.44464   2.14231    5.6562559212E-01
  -2.48186   2.09908    5.8298056172E-01
  -2.51832   2.05520    6.0023329966E-01
  -2.55400   2.01069    6.1736255064E-01
  -2.58889   1.96556    6.3434721149E-01
  -2.62299   1.91982    6.5116635720E-01
  -2.65628   1.87349    6.6779926665E-01
  -2.68875   1.82658    6.8422544818E-01
  -2.72039   1.77911    7.0042466481E-01
  -2.75120   1.73110    7.1637695918E-01
  -2.78115   1.68255    7.3206267813E-01
  -2.81025   1.63348    7.4746249693E-01
  -2.83849   1.58391    7.6255744307E-01
  -2.86585   1.53385    7.7732891966E-01
  -2.89233   1.48332    7.9175872829E-01
  -2.91791   1.43233    8.0582909152E-01
  -2.94260   1.38090    8.1952267472E-01
  -2.96638   1.32904    8.3282260745E-01
  -2.98925   1.27678    8.4571250427E-01
  -3.01120   1.22412    8.5817648488E-01
  -3.03222   1.17109    8.7019919371E-01
  -3.05230   1.11769    8.8176581883E-01
  -3.07145   1.06395    8.9286211024E-01
  -3.08965   1.00989    9.0347439733E-01
  -3.10689   0.95551    9.1358960582E-01
  -3.12318   0.90083    9.2319527383E-01
  -3.13851   0.84588    9.3227956721E-01
  -3.15287   0.79067    9.4083129416E-01
  -3.16627   0.73522    9.4883991899E-01
  -3.17868   0.67954    9.5629557511E-01
  -3.19012   0.62365    9.6318907718E-01
  -3.20057   0.56757    9.6951193245E-01
  -3.21004   0.51131    9.7525635117E-01
  -3.21852   0.45489    9.8041525627E-01
  -3.22601   0.39834    9.8498229199E-01
  -3.23250   0.34166    9.8895183176E-01
  -3.23800   0.28488    9.9231898512E-01
  -3.24250   0.22801    9.9507960377E-01
  -3.24600   0.17107    9.9723028663E-01
  -3.24850   0.11407    9.9876838406E-01
  -3.25000   0.05705    9.9969200115E-01
  -3.25051   0.00000    1.0000000000E+00

   3.31313   0.00000********************
   3.31262   0.05815    9.9969200115E-01
   3.31109   0.11627    9.9876838406E-01
   3.30854   0.17436    9.9723028663E-01
   3.30497   0.23240    9.9507960377E-01
   3.30038   0.29037    9.9231898512E-01
   3.29478   0.34824    9.8895183176E-01
   3.28816   0.40601    9.8498229199E-01
   3.28053   0.46366    9.8041525627E-01
   3.27189   0.52116    9.7525635117E-01
   3.26223   0.57850    9.6951193245E-01
   3.25158   0.63566    9.6318907718E-01
   3.23992   0.69263    9.5629557511E-01
   3.22727   0.74938    9.4883991899E-01
   3.21362   0.80591    9.4083129416E-01
   3.19898   0.86218    9.3227956721E-01
   3.18336   0.91819    9.2319527383E-01
   3.16675   0.97392    9.1358960582E-01
   3.14917   1.02934    9.0347439733E-01
   3.13062   1.08445    8.9286211024E-01
   3.11111   1.13923    8.8176581883E-01
   3.09064   1.19365    8.7019919371E-01
   3.06921   1.24771    8.5817648488E-01
   3.04684   1.30138    8.4571250427E-01
   3.02353   1.35465    8.3282260745E-01
   2.99929   1.40751    8.1952267472E-01
   2.97413   1.45993    8.0582909152E-01
   2.94805   1.51190    7.9175872829E-01
   2.92106   1.56340    7.7732891966E-01
   2.89318   1.61443    7.6255744307E-01
   2.86440   1.66495    7.4746249693E-01
   2.83474   1.71496    7.3206267813E-01
   2.80420   1.76445    7.1637695918E-01
   2.77281   1.81339    7.0042466481E-01
   2.74055   1.86178    6.8422544818E-01
   2.70746   1.90958    6.6779926665E-01
   2.67353   1.95681    6.5116635720E-01
   2.63877   2.00343    6.3434721149E-01
   2.60321   2.04943    6.1736255064E-01
   2.56684   2.09480    6.0023329966E-01
   2.52968   2.13952    5.8298056172E-01
   2.49174   2.18359    5.6562559212E-01
   2.45304   2.22698    5.4818977208E-01
   2.41358   2.26969    5.3069458247E-01
   2.37337   2.31170    5.1316157728E-01
   2.33244   2.35299    4.9561235708E-01
   2.29078   2.39357    4.7806854244E-01
   2.24842   2.43340    4.6055174725E-01
   2.20537   2.47249    4.4308355213E-01
   2.16164   2.51081    4.2568547781E-01
   2.11724   2.54836    4.0837895863E-01
   2.07219   2.58512    3.9118531616E-01
   2.02650   2.62109    3.7412573288E-01
   1.98019   2.65625    3.5722122611E-01
   1.93327   2.69060    3.4049262214E-01
   1.88575   2.72411    3.2396053052E-01
   1.83765   2.75679    3.0764531871E-01
   1.78899   2.78861    2.9156708699E-01
   1.73977   2.81958    2.7574564365E-01
   1.69002   2.84968    2.6020048064E-01
   1.63975   2.87890    2.4495074954E-01
   1.58897   2.90723    2.3001523794E-01
   1.53771   2.93467    2.1541234632E-01
   1.48597   2.96121    2.0116006537E-01
   1.43377   2.98683    1.8727595385E-01
   1.38113   3.01153    1.7377711691E-01
   1.32807   3.03531    1.6068018506E-01
   1.27459   3.05815    1.4800129365E-01
   1.22073   3.08004    1.3575606303E-01
   1.16648   3.10099    1.2395957926E-01
   1.11188   3.12099    1.1262637556E-01
   1.05694   3.14002    1.0177041437E-01
   1.00167   3.15808    9.1405070194E-02
   0.94609   3.17518    8.1543113090E-02
   0.89022   3.19129    7.2196692940E-02
   0.83408   3.20642    6.3377324492E-02
   0.77768   3.22057    5.5095873167E-02
   0.72103   3.23372    4.7362541675E-02
   0.66417   3.24588    4.0186857444E-02
   0.60711   3.25703    3.3577660884E-02
   0.54985   3.26719    2.7543094495E-02
   0.49243   3.27633    2.2090592836E-02
   0.43485   3.28447    1.7226873362E-02
   0.37714   3.29160    1.2957928154E-02
   0.31932   3.29771    9.2890165331E-03
   0.26139   3.30280    6.2246585807E-03
   0.20339   3.30688    3.7686295721E-03
   0.14532   3.30994    1.9239553236E-03
   0.08721   3.31198    6.9290846547E-04
   0.02907   3.31300    7.7005641668E-05
  -0.02907   3.31300    7.7005641668E-05
  -0.08721   3.31198    6.9290846547E-04
  -0.14532   3.30994    1.9239553236E-03
  -0.20339   3.30688    3.7686295721E-03
  -0.26139   3.30280    6.2246585807E-03
  -0.31932   3.29771    9.2890165331E-03
  -0.37714   3.29160    1.2957928154E-02
  -0.43485   3.28447    1.7226873362E-02
  -0.49243   3.27633    2.2090592836E-02
  -0.54985   3.26719    2.7543094495E-02
  -0.60711   3.25703    3.3577660884E-02
  -0.66417   3.24588    4.0186857444E-02
  -0.72103   3.23372    4.7362541675E-02
  -0.77768   3.22057    5.5095873167E-02
  -0.83408   3.20642    6.3377324492E-02
  -0.89022   3.19129    7.2196692940E-02
  -0.94609   3.17518    8.1543113090E-02
  -1.00167   3.15808    9.1405070194E-02
  -1.05694   3.14002    1.0177041437E-01
  -1.11188   3.12099    1.1262637556E-01
  -1.16648   3.10099    1.2395957926E-01
  -1.22073   3.08004    1.3575606303E-01
  -1.27459   3.05815    1.4800129365E-01
  -1.32807   3.03531    1.6068018506E-01
  -1.38113   3.01153    1.7377711691E-01
  -1.43377   2.98683    1.8727595385E-01
  -1.48597   2.96121    2.0116006537E-01
  -1.53771   2.93467    2.1541234632E-01
  -1.58897   2.90723    2.3001523794E-01
  -1.63975   2.87890    2.4495074954E-01
  -1.69002   2.84968    2.6020048064E-01
  -1.73977   2.81958    2.7574564365E-01
  -1.78899   2.78861    2.9156708699E-01
  -1.83765   2.75679    3.0764531871E-01
  -1.88575   2.72411    3.2396053052E-01
  -1.93327   2.69060    3.4049262214E-01
  -1.98019   2.65625    3.5722122611E-01
  -2.02650   2.62109    3.7412573288E-01
  -2.07219   2.58512    3.9118531616E-01
  -2.11724   2.54836    4.0837895863E-01
  -2.16164   2.51081    4.2568547781E-01
  -2.20537   2.47249    4.4308355213E-01
  -2.24842   2.43340    4.6055174725E-01
  -2.29078   2.39357    4.7806854244E-01
  -2.33244   2.35299    4.9561235708E-01
  -2.37337   2.31170    5.1316157728E-01
  -2.41358   2.26969    5.3069458247E-01
  -2.45304   2.22698    5.4818977208E-01
  -2.49174   2.18359    5.6562559212E-01
  -2.52968   2.13952    5.8298056172E-01
  -2.56684   2.09480    6.0023329966E-01
  -2.60321   2.04943    6.1736255064E-01
  -2.63877   2.00343    6.3434721149E-01
  -2.67353   1.95681    6.5116635720E-01
  -2.70746   1.90958    6.6779926665E-01
  -2.74055   1.86178    6.8422544818E-01
  -2.77281   1.81339    7.0042466481E-01
  -2.80420   1.76445    7.1637695918E-01
  -2.83474   1.71496    7.3206267813E-01
  -2.86440   1.66495    7.4746249693E-01
  -2.89318   1.61443    7.6255744307E-01
  -2.92106   1.56340    7.7732891966E-01
  -2.94805   1.51190    7.9175872829E-01
  -2.97413   1.45993    8.0582909152E-01
  -2.99929   1.40751    8.1952267472E-01
  -3.02353   1.35465    8.3282260745E-01
  -3.04684   1.30138    8.4571250427E-01
  -3.06921   1.24771    8.5817648488E-01
  -3.09064   1.19365    8.7019919371E-01
  -3.11111   1.13923    8.8176581883E-01
  -3.13062   1.08445    8.9286211024E-01
  -3.14917   1.02934    9.0347439733E-01
  -3.16675   0.97392    9.1358960582E-01
  -3.18336   0.91819    9.2319527383E-01
  -3.19898   0.86218    9.3227956721E-01
  -3.21362   0.80591    9.4083129416E-01
  -3.22727   0.74938    9.4883991899E-01
  -3.23992   0.69263    9.5629557511E-01
  -3.25158   0.63566    9.6318907718E-01
  -3.26223   0.57850    9.6951193245E-01
  -3.27189   0.52116    9.7525635117E-01
  -3.28053   0.46366    9.8041525627E-01
  -3.28816   0.40601    9.8498229199E-01
  -3.29478   0.34824    9.8895183176E-01
  -3.30038   0.29037    9.9231898512E-01
  -3.30497   0.23240    9.9507960377E-01
  -3.30854   0.17436    9.9723028663E-01
  -3.31109   0.11627    9.9876838406E-01
  -3.31262   0.05815    9.9969200115E-01
  -3.31313   0.00000    1.0000000000E+00

   3.37576   0.00000********************
   3.37524   0.05924    9.9969200115E-01
   3.37368   0.11847    9.9876838406E-01
   3.37108   0.17766    9.9723028663E-01
   3.36744   0.23679    9.9507960377E-01
   3.36277   0.29586    9.9231898512E-01
   3.35706   0.35483    9.8895183176E-01
   3.35031   0.41369    9.8498229199E-01
   3.34254   0.47242    9.8041525627E-01
   3.33373   0.53101    9.7525635117E-01
   3.32390   0.58944    9.6951193245E-01
   3.31304   0.64768    9.6318907718E-01
   3.30117   0.70572    9.5629557511E-01
   3.28827   0.76355    9.4883991899E-01
   3.27437   0.82114    9.4083129416E-01
   3.25945   0.87848    9.3227956721E-01
   3.24353   0.93555    9.2319527383E-01
   3.22661   0.99233    9.1358960582E-01
   3.20870   1.04880    9.0347439733E-01
   3.18980   1.10495    8.9286211024E-01
   3.16992   1.16076    8.8176581883E-01
   3.14906   1.21621    8.7019919371E-01
   3.12723   1.27129    8.5817648488E-01
   3.10444   1.32598    8.4571250427E-01
   3.08069   1.38026    8.3282260745E-01
   3.05599   1.43411    8.1952267472E-01
   3.03035   1.48752    8.0582909152E-01
   3.00378   1.54047    7.9175872829E-01
   2.97628   1.59295    7.7732891966E-01
   2.94786   1.64494    7.6255744307E-01
   2.91854   1.69642    7.4746249693E-01
   2.88832   1.74738    7.3206267813E-01
   2.85721   1.79780    7.1637695918E-01
   2.82522   1.84767    7.0042466481E-01
   2.79236   1.89697    6.8422544818E-01
   2.75863   1.94568    6.6779926665E-01
   2.72406   1.99379    6.5116635720E-01
   2.68865   2.04129    6.3434721149E-01
   2.65241   2.08817    6.1736255064E-01
   2.61536   2.13439    6.0023329966E-01
   2.57750   2.17996    5.8298056172E-01
   2.53884   2.22486    5.6562559212E-01
   2.49941   2.26908    5.4818977208E-01
   2.45920   2.31259    5.3069458247E-01
   2.41823   2.35539    5.1316157728E-01
   2.37652   2.39747    4.9561235708E-01
   2.33408   2.43881    4.7806854244E-01
   2.29092   2.47940    4.6055174725E-01
   2.24706   2.51922    4.4308355213E-01
   2.20250   2.55827    4.2568547781E-01
   2.15726   2.59653    4.0837895863E-01
   2.11136   2.63399    3.9118531616E-01
   2.06481   2.67064    3.7412573288E-01
   2.01762   2.70646    3.5722122611E-01
   1.96981   2.74145    3.4049262214E-01
   1.92140   2.77560    3.2396053052E-01
   1.87239   2.80890    3.0764531871E-01
   1.82281   2.84132    2.9156708699E-01
   1.77266   2.87288    2.7574564365E-01
   1.72197   2.90354    2.6020048064E-01
   1.67075   2.93332    2.4495074954E-01
   1.61901   2.96219    2.3001523794E-01
   1.56677   2.99014    2.1541234632E-01
   1.51406   3.01718    2.0116006537E-01
   1.46087   3.04329    1.8727595385E-01
   1.40724   3.06846    1.7377711691E-01
   1.35317   3.09268    1.6068018506E-01
   1.29869   3.11595    1.4800129365E-01
   1.24380   3.13826    1.3575606303E-01
   1.18853   3.15961    1.2395957926E-01
   1.13290   3.17998    1.1262637556E-01
   1.07692   3.19937    1.0177041437E-01
   1.02060   3.21778    9.1405070194E-02
   0.96397   3.23520    8.1543113090E-02
   0.90705   3.25162    7.2196692940E-02
   0.84984   3.26703    6.3377324492E-02
   0.79238   3.28144    5.5095873167E-02
   0.73466   3.29485    4.7362541675E-02
   0.67673   3.30723    4.0186857444E-02
   0.61858   3.31860    3.3577660884E-02
   0.56024   3.32894    2.7543094495E-02
   0.50174   3.33826    2.2090592836E-02
   0.44307   3.34655    1.7226873362E-02
   0.38427   3.35381    1.2957928154E-02
   0.32535   3.36004    9.2890165331E-03
   0.26634   3.36523    6.2246585807E-03
   0.20723   3.36939    3.7686295721E-03
   0.14807   3.37251    1.9239553236E-03
   0.08886   3.37459    6.9290846547E-04
   0.02962   3.37563    7.7005641668E-05
  -0.02962   3.37563    7.7005641668E-05
  -0.08886   3.37459    6.9290846547E-04
  -0.14807   3.37251    1.9239553236E-03
  -0.20723   3.36939    3.7686295721E-03
  -0.26634   3.36523    6.2246585807E-03
  -0.32535   3.36004    9.2890165331E-03
  -0.38427   3.35381    1.2957928154E-02
  -0.44307   3.34655    1.7226873362E-02
  -0.50174   3.33826    2.2090592836E-02
  -0.56024   3.32894    2.7543094495E-02
  -0.61858   3.31860    3.3577660884E-02
  -0.67673   3.30723    4.0186857444E-02
  -0.73466   3.29485    4.7362541675E-02
  -0.79238   3.28144    5.5095873167E-02
  -0.84984   3.26703    6.3377324492E-02
  -0.90705   3.25162    7.2196692940E-02
  -0.96397   3.23520    8.1543113090E-02
  -1.02060   3.21778    9.1405070194E-02
  -1.07692   3.19937    1.0177041437E-01
  -1.13290   3.17998    1.1262637556E-01
  -1.18853   3.15961    1.2395957926E-01
  -1.24380   3.13826    1.3575606303E-01
  -1.29869   3.11595    1.4800129365E-01
  -1.35317   3.09268    1.6068018506E-01
  -1.40724   3.06846    1.7377711691E-01
  -1.46087   3.04329    1.8727595385E-01
  -1.51406   3.01718    2.0116006537E-01
  -1.56677   2.99014    2.1541234632E-01
  -1.61901   2.96219    2.3001523794E-01
  -1.67075   2.93332    2.4495074954E-01
  -1.72197   2.90354    2.6020048064E-01
  -1.77266   2.87288    2.7574564365E-01
  -1.82281   2.84132    2.9156708699E-01
  -1.87239   2.80890    3.0764531871E-01
  -1.92140   2.77560    3.2396053052E-01
  -1.96981   2.74145    3.4049262214E-01
  -2.01762   2.70646    3.5722122611E-01
  -2.06481   2.67064    3.7412573288E-01
  -2.11136   2.63399    3.9118531616E-01
  -2.15726   2.59653    4.0837895863E-01
  -2.20250   2.55827    4.2568547781E-01
  -2.24706   2.51922    4.4308355213E-01
  -2.29092   2.47940    4.6055174725E-01
  -2.33408   2.43881    4.7806854244E-01
  -2.37652   2.39747    4.9561235708E-01
  -2.41823   2.35539    5.1316157728E-01
  -2.45920   2.31259    5.3069458247E-01
  -2.49941   2.26908    5.4818977208E-01
  -2.53884   2.22486    5.6562559212E-01
  -2.57750   2.17996    5.8298056172E-01
  -2.61536   2.13439    6.0023329966E-01
  -2.65241   2.08817    6.1736255064E-01
  -2.68865   2.04129    6.3434721149E-01
  -2.72406   1.99379    6.5116635720E-01
  -2.75863   1.94568    6.6779926665E-01
  -2.79236   1.89697    6.8422544818E-01
  -2.82522   1.84767    7.0042466481E-01
  -2.85721   1.79780    7.1637695918E-01
  -2.88832   1.74738    7.3206267813E-01
  -2.91854   1.69642    7.4746249693E-01
  -2.94786   1.64494    7.6255744307E-01
  -2.97628   1.59295    7.7732891966E-01
  -3.00378   1.54047    7.9175872829E-01
  -3.03035   1.48752    8.0582909152E-01
  -3.05599   1.43411    8.1952267472E-01
  -3.08069   1.38026    8.3282260745E-01
  -3.10444   1.32598    8.4571250427E-01
  -3.12723   1.27129    8.5817648488E-01
  -3.14906   1.21621    8.7019919371E-01
  -3.16992   1.16076    8.8176581883E-01
  -3.18980   1.10495    8.9286211024E-01
  -3.20870   1.04880    9.0347439733E-01
  -3.22661   0.99233    9.1358960582E-01
  -3.24353   0.93555    9.2319527383E-01
  -3.25945   0.87848    9.3227956721E-01
  -3.27437   0.82114    9.4083129416E-01
  -3.28827   0.76355    9.4883991899E-01
  -3.30117   0.70572    9.5629557511E-01
  -3.31304   0.64768    9.6318907718E-01
  -3.32390   0.58944    9.6951193245E-01
  -3.33373   0.53101    9.7525635117E-01
  -3.34254   0.47242    9.8041525627E-01
  -3.35031   0.41369    9.8498229199E-01
  -3.35706   0.35483    9.8895183176E-01
  -3.36277   0.29586    9.9231898512E-01
  -3.36744   0.23679    9.9507960377E-01
  -3.37108   0.17766    9.9723028663E-01
  -3.37368   0.11847    9.9876838406E-01
  -3.37524   0.05924    9.9969200115E-01
  -3.37576   0.00000    1.0000000000E+00

   3.43838   0.00000********************
   3.43785   0.06034    9.9969200115E-01
   3.43627   0.12067    9.9876838406E-01
   3.43362   0.18096    9.9723028663E-01
   3.42991   0.24119    9.9507960377E-01
   3.42515   0.30134    9.9231898512E-01
   3.41934   0.36141    9.8895183176E-01
   3.41247   0.42136    9.8498229199E-01
   3.40455   0.48119    9.8041525627E-01
   3.39558   0.54086    9.7525635117E-01
   3.38556   0.60037    9.6951193245E-01
   3.37451   0.65969    9.6318907718E-01
   3.36241   0.71881    9.5629557511E-01
   3.34928   0.77771    9.4883991899E-01
   3.33511   0.83637    9.4083129416E-01
   3.31992   0.89478    9.3227956721E-01
   3.30370   0.95290    9.2319527383E-01
   3.28647   1.01074    9.1358960582E-01
   3.26823   1.06826    9.0347439733E-01
   3.24898   1.12545    8.9286211024E-01
   3.22872   1.18230    8.8176581883E-01
   3.20748   1.23878    8.7019919371E-01
   3.18524   1.29488    8.5817648488E-01
   3.16203   1.35058    8.4571250427E-01
   3.13784   1.40586    8.3282260745E-01
   3.11268   1.46072    8.1952267472E-01
   3.08657   1.51512    8.0582909152E-01
   3.05950   1.56905    7.9175872829E-01
   3.03149   1.62251    7.7732891966E-01
   3.00255   1.67546    7.6255744307E-01
   2.97269   1.72789    7.4746249693E-01
   2.94190   1.77980    7.3206267813E-01
   2.91022   1.83116    7.1637695918E-01
   2.87763   1.88195    7.0042466481E-01
   2.84416   1.93216    6.8422544818E-01
   2.80981   1.98178    6.6779926665E-01
   2.77460   2.03078    6.5116635720E-01
   2.73853   2.07916    6.3434721149E-01
   2.70162   2.12691    6.1736255064E-01
   2.66388   2.17399    6.0023329966E-01
   2.62531   2.22041    5.8298056172E-01
   2.58594   2.26614    5.6562559212E-01
   2.54577   2.31117    5.4818977208E-01
   2.50482   2.35549    5.3069458247E-01
   2.46310   2.39909    5.1316157728E-01
   2.42061   2.44195    4.9561235708E-01
   2.37738   2.48405    4.7806854244E-01
   2.33342   2.52539    4.6055174725E-01
   2.28874   2.56596    4.4308355213E-01
   2.24336   2.60573    4.2568547781E-01
   2.19728   2.64470    4.0837895863E-01
   2.15053   2.68285    3.9118531616E-01
   2.10312   2.72018    3.7412573288E-01
   2.05505   2.75667    3.5722122611E-01
   2.00636   2.79231    3.4049262214E-01
   1.95704   2.82709    3.2396053052E-01
   1.90713   2.86101    3.0764531871E-01
   1.85662   2.89403    2.9156708699E-01
   1.80555   2.92617    2.7574564365E-01
   1.75391   2.95741    2.6020048064E-01
   1.70174   2.98773    2.4495074954E-01
   1.64905   3.01714    2.3001523794E-01
   1.59584   3.04562    2.1541234632E-01
   1.54215   3.07315    2.0116006537E-01
   1.48797   3.09974    1.8727595385E-01
   1.43334   3.12538    1.7377711691E-01
   1.37827   3.15005    1.6068018506E-01
   1.32278   3.17376    1.4800129365E-01
   1.26688   3.19648    1.3575606303E-01
   1.21058   3.21823    1.2395957926E-01
   1.15392   3.23898    1.1262637556E-01
   1.09690   3.25873    1.0177041437E-01
   1.03954   3.27748    9.1405070194E-02
   0.98186   3.29521    8.1543113090E-02
   0.92387   3.31194    7.2196692940E-02
   0.86561   3.32764    6.3377324492E-02
   0.80707   3.34232    5.5095873167E-02
   0.74829   3.35597    4.7362541675E-02
   0.68928   3.36859    4.0186857444E-02
   0.63006   3.38016    3.3577660884E-02
   0.57064   3.39070    2.7543094495E-02
   0.51104   3.40019    2.2090592836E-02
   0.45129   3.40864    1.7226873362E-02
   0.39140   3.41603    1.2957928154E-02
   0.33139   3.42238    9.2890165331E-03
   0.27128   3.42767    6.2246585807E-03
   0.21108   3.43190    3.7686295721E-03
   0.15082   3.43507    1.9239553236E-03
   0.09051   3.43719    6.9290846547E-04
   0.03017   3.43825    7.7005641668E-05
  -0.03017   3.43825    7.7005641668E-05
  -0.09051   3.43719    6.9290846547E-04
  -0.15082   3.43507    1.9239553236E-03
  -0.21108   3.43190    3.7686295721E-03
  -0.27128   3.42767    6.2246585807E-03
  -0.33139   3.42238    9.2890165331E-03
  -0.39140   3.41603    1.2957928154E-02
  -0.45129   3.40864    1.7226873362E-02
  -0.51104   3.40019    2.2090592836E-02
  -0.57064   3.39070    2.7543094495E-02
  -0.63006   3.38016    3.3577660884E-02
  -0.68928   3.36859    4.0186857444E-02
  -0.74829   3.35597    4.7362541675E-02
  -0.80707   3.34232    5.5095873167E-02
  -0.86561   3.32764    6.3377324492E-02
  -0.92387   3.31194    7.2196692940E-02
  -0.98186   3.29521    8.1543113090E-02
  -1.03954   3.27748    9.1405070194E-02
  -1.09690   3.25873    1.0177041437E-01
  -1.15392   3.23898    1.1262637556E-01
  -1.21058   3.21823    1.2395957926E-01
  -1.26688   3.19648    1.3575606303E-01
  -1.32278   3.17376    1.4800129365E-01
  -1.37827   3.15005    1.6068018506E-01
  -1.43334   3.12538    1.7377711691E-01
  -1.48797   3.09974    1.8727595385E-01
  -1.54215   3.07315    2.0116006537E-01
  -1.59584   3.04562    2.1541234632E-01
  -1.64905   3.01714    2.3001523794E-01
  -1.70174   2.98773    2.4495074954E-01
  -1.75391   2.95741    2.6020048064E-01
  -1.80555   2.92617    2.7574564365E-01
  -1.85662   2.89403    2.9156708699E-01
  -1.90713   2.86101    3.0764531871E-01
  -1.95704   2.82709    3.2396053052E-01
  -2.00636   2.79231    3.4049262214E-01
  -2.05505   2.75667    3.5722122611E-01
  -2.10312   2.72018    3.7412573288E-01
  -2.15053   2.68285    3.9118531616E-01
  -2.19728   2.64470    4.0837895863E-01
  -2.24336   2.60573    4.2568547781E-01
  -2.28874   2.56596    4.4308355213E-01
  -2.33342   2.52539    4.6055174725E-01
  -2.37738   2.48405    4.7806854244E-01
  -2.42061   2.44195    4.9561235708E-01
  -2.46310   2.39909    5.1316157728E-01
  -2.50482   2.35549    5.3069458247E-01
  -2.54577   2.31117    5.4818977208E-01
  -2.58594   2.26614    5.6562559212E-01
  -2.62531   2.22041    5.8298056172E-01
  -2.66388   2.17399    6.0023329966E-01
  -2.70162   2.12691    6.1736255064E-01
  -2.73853   2.07916    6.3434721149E-01
  -2.77460   2.03078    6.5116635720E-01
  -2.80981   1.98178    6.6779926665E-01
  -2.84416   1.93216    6.8422544818E-01
  -2.87763   1.88195    7.0042466481E-01
  -2.91022   1.83116    7.1637695918E-01
  -2.94190   1.77980    7.3206267813E-01
  -2.97269   1.72789    7.4746249693E-01
  -3.00255   1.67546    7.6255744307E-01
  -3.03149   1.62251    7.7732891966E-01
  -3.05950   1.56905    7.9175872829E-01
  -3.08657   1.51512    8.0582909152E-01
  -3.11268   1.46072    8.1952267472E-01
  -3.13784   1.40586    8.3282260745E-01
  -3.16203   1.35058    8.4571250427E-01
  -3.18524   1.29488    8.5817648488E-01
  -3.20748   1.23878    8.7019919371E-01
  -3.22872   1.18230    8.8176581883E-01
  -3.24898   1.12545    8.9286211024E-01
  -3.26823   1.06826    9.0347439733E-01
  -3.28647   1.01074    9.1358960582E-01
  -3.30370   0.95290    9.2319527383E-01
  -3.31992   0.89478    9.3227956721E-01
  -3.33511   0.83637    9.4083129416E-01
  -3.34928   0.77771    9.4883991899E-01
  -3.36241   0.71881    9.5629557511E-01
  -3.37451   0.65969    9.6318907718E-01
  -3.38556   0.60037    9.6951193245E-01
  -3.39558   0.54086    9.7525635117E-01
  -3.40455   0.48119    9.8041525627E-01
  -3.41247   0.42136    9.8498229199E-01
  -3.41934   0.36141    9.8895183176E-01
  -3.42515   0.30134    9.9231898512E-01
  -3.42991   0.24119    9.9507960377E-01
  -3.43362   0.18096    9.9723028663E-01
  -3.43627   0.12067    9.9876838406E-01
  -3.43785   0.06034    9.9969200115E-01
  -3.43838   0.00000    1.0000000000E+00

   3.50101   0.00000********************
   3.50047   0.06144    9.9969200115E-01
   3.49885   0.12287    9.9876838406E-01
   3.49616   0.18425    9.9723028663E-01
   3.49239   0.24558    9.9507960377E-01
   3.48754   0.30683    9.9231898512E-01
   3.48162   0.36799    9.8895183176E-01
   3.47462   0.42904    9.8498229199E-01
   3.46656   0.48995    9.8041525627E-01
   3.45742   0.55071    9.7525635117E-01
   3.44723   0.61131    9.6951193245E-01
   3.43597   0.67171    9.6318907718E-01
   3.42365   0.73191    9.5629557511E-01
   3.41028   0.79188    9.4883991899E-01
   3.39586   0.85161    9.4083129416E-01
   3.38039   0.91107    9.3227956721E-01
   3.36388   0.97026    9.2319527383E-01
   3.34633   1.02914    9.1358960582E-01
   3.32775   1.08771    9.0347439733E-01
   3.30815   1.14595    8.9286211024E-01
   3.28753   1.20383    8.8176581883E-01
   3.26590   1.26134    8.7019919371E-01
   3.24326   1.31846    8.5817648488E-01
   3.21962   1.37518    8.4571250427E-01
   3.19499   1.43147    8.3282260745E-01
   3.16938   1.48732    8.1952267472E-01
   3.14279   1.54271    8.0582909152E-01
   3.11523   1.59763    7.9175872829E-01
   3.08671   1.65206    7.7732891966E-01
   3.05724   1.70597    7.6255744307E-01
   3.02683   1.75937    7.4746249693E-01
   2.99549   1.81222    7.3206267813E-01
   2.96322   1.86451    7.1637695918E-01
   2.93004   1.91622    7.0042466481E-01
   2.89596   1.96735    6.8422544818E-01
   2.86099   2.01787    6.6779926665E-01
   2.82514   2.06777    6.5116635720E-01
   2.78841   2.11703    6.3434721149E-01
   2.75083   2.16564    6.1736255064E-01
   2.71240   2.21359    6.0023329966E-01
   2.67313   2.26085    5.8298056172E-01
   2.63304   2.30741    5.6562559212E-01
   2.59214   2.35327    5.4818977208E-01
   2.55044   2.39840    5.3069458247E-01
   2.50796   2.44279    5.1316157728E-01
   2.46470   2.48643    4.9561235708E-01
   2.42069   2.52930    4.7806854244E-01
   2.37592   2.57139    4.6055174725E-01
   2.33043   2.61269    4.4308355213E-01
   2.28422   2.65319    4.2568547781E-01
   2.23730   2.69287    4.0837895863E-01
   2.18970   2.73172    3.9118531616E-01
   2.14142   2.76973    3.7412573288E-01
   2.09248   2.80688    3.5722122611E-01
   2.04290   2.84317    3.4049262214E-01
   1.99269   2.87859    3.2396053052E-01
   1.94186   2.91312    3.0764531871E-01
   1.89044   2.94675    2.9156708699E-01
   1.83843   2.97947    2.7574564365E-01
   1.78586   3.01127    2.6020048064E-01
   1.73274   3.04215    2.4495074954E-01
   1.67908   3.07209    2.3001523794E-01
   1.62491   3.10109    2.1541234632E-01
   1.57023   3.12913    2.0116006537E-01
   1.51508   3.15620    1.8727595385E-01
   1.45945   3.18231    1.7377711691E-01
   1.40338   3.20743    1.6068018506E-01
   1.34687   3.23156    1.4800129365E-01
   1.28995   3.25470    1.3575606303E-01
   1.23263   3.27684    1.2395957926E-01
   1.17493   3.29797    1.1262637556E-01
   1.11687   3.31808    1.0177041437E-01
   1.05847   3.33717    9.1405070194E-02
   0.99974   3.35523    8.1543113090E-02
   0.94070   3.37226    7.2196692940E-02
   0.88137   3.38825    6.3377324492E-02
   0.82177   3.40320    5.5095873167E-02
   0.76192   3.41710    4.7362541675E-02
   0.70184   3.42994    4.0186857444E-02
   0.64153   3.44173    3.3577660884E-02
   0.58103   3.45246    2.7543094495E-02
   0.52035   3.46212    2.2090592836E-02
   0.45951   3.47072    1.7226873362E-02
   0.39853   3.47825    1.2957928154E-02
   0.33743   3.48471    9.2890165331E-03
   0.27622   3.49010    6.2246585807E-03
   0.21492   3.49441    3.7686295721E-03
   0.15356   3.49764    1.9239553236E-03
   0.09216   3.49980    6.9290846547E-04
   0.03072   3.50088    7.7005641668E-05
  -0.03072   3.50088    7.7005641668E-05
  -0.09216   3.49980    6.9290846547E-04
  -0.15356   3.49764    1.9239553236E-03
  -0.21492   3.49441    3.7686295721E-03
  -0.27622   3.49010    6.2246585807E-03
  -0.33743   3.48471    9.2890165331E-03
  -0.39853   3.47825    1.2957928154E-02
  -0.45951   3.47072    1.7226873362E-02
  -0.52035   3.46212    2.2090592836E-02
  -0.58103   3.45246    2.7543094495E-02
  -0.64153   3.44173    3.3577660884E-02
  -0.70184   3.42994    4.0186857444E-02
  -0.76192   3.41710    4.7362541675E-02
  -0.82177   3.40320    5.5095873167E-02
  -0.88137   3.38825    6.3377324492E-02
  -0.94070   3.37226    7.2196692940E-02
  -0.99974   3.35523    8.1543113090E-02
  -1.05847   3.33717    9.1405070194E-02
  -1.11687   3.31808    1.0177041437E-01
  -1.17493   3.29797    1.1262637556E-01
  -1.23263   3.27684    1.2395957926E-01
  -1.28995   3.25470    1.3575606303E-01
  -1.34687   3.23156    1.4800129365E-01
  -1.40338   3.20743    1.6068018506E-01
  -1.45945   3.18231    1.7377711691E-01
  -1.51508   3.15620    1.8727595385E-01
  -1.57023   3.12913    2.0116006537E-01
  -1.62491   3.10109    2.1541234632E-01
  -1.67908   3.07209    2.3001523794E-01
  -1.73274   3.04215    2.4495074954E-01
  -1.78586   3.01127    2.6020048064E-01
  -1.83843   2.97947    2.7574564365E-01
  -1.89044   2.94675    2.9156708699E-01
  -1.94186   2.91312    3.0764531871E-01
  -1.99269   2.87859    3.2396053052E-01
  -2.04290   2.84317    3.4049262214E-01
  -2.09248   2.80688    3.5722122611E-01
  -2.14142   2.76973    3.7412573288E-01
  -2.18970   2.73172    3.9118531616E-01
  -2.23730   2.69287    4.0837895863E-01
  -2.28422   2.65319    4.2568547781E-01
  -2.33043   2.61269    4.4308355213E-01
  -2.37592   2.57139    4.6055174725E-01
  -2.42069   2.52930    4.7806854244E-01
  -2.46470   2.48643    4.9561235708E-01
  -2.50796   2.44279    5.1316157728E-01
  -2.55044   2.39840    5.3069458247E-01
  -2.59214   2.35327    5.4818977208E-01
  -2.63304   2.30741    5.6562559212E-01
  -2.67313   2.26085    5.8298056172E-01
  -2.71240   2.21359    6.0023329966E-01
  -2.75083   2.16564    6.1736255064E-01
  -2.78841   2.11703    6.3434721149E-01
  -2.82514   2.06777    6.5116635720E-01
  -2.86099   2.01787    6.6779926665E-01
  -2.89596   1.96735    6.8422544818E-01
  -2.93004   1.91622    7.0042466481E-01
  -2.96322   1.86451    7.1637695918E-01
  -2.99549   1.81222    7.3206267813E-01
  -3.02683   1.75937    7.4746249693E-01
  -3.05724   1.70597    7.6255744307E-01
  -3.08671   1.65206    7.7732891966E-01
  -3.11523   1.59763    7.9175872829E-01
  -3.14279   1.54271    8.0582909152E-01
  -3.16938   1.48732    8.1952267472E-01
  -3.19499   1.43147    8.3282260745E-01
  -3.21962   1.37518    8.4571250427E-01
  -3.24326   1.31846    8.5817648488E-01
  -3.26590   1.26134    8.7019919371E-01
  -3.28753   1.20383    8.8176581883E-01
  -3.30815   1.14595    8.9286211024E-01
  -3.32775   1.08771    9.0347439733E-01
  -3.34633   1.02914    9.1358960582E-01
  -3.36388   0.97026    9.2319527383E-01
  -3.38039   0.91107    9.3227956721E-01
  -3.39586   0.85161    9.4083129416E-01
  -3.41028   0.79188    9.4883991899E-01
  -3.42365   0.73191    9.5629557511E-01
  -3.43597   0.67171    9.6318907718E-01
  -3.44723   0.61131    9.6951193245E-01
  -3.45742   0.55071    9.7525635117E-01
  -3.46656   0.48995    9.8041525627E-01
  -3.47462   0.42904    9.8498229199E-01
  -3.48162   0.36799    9.8895183176E-01
  -3.48754   0.30683    9.9231898512E-01
  -3.49239   0.24558    9.9507960377E-01
  -3.49616   0.18425    9.9723028663E-01
  -3.49885   0.12287    9.9876838406E-01
  -3.50047   0.06144    9.9969200115E-01
  -3.50101   0.00000    1.0000000000E+00

   3.56364   0.00000********************
   3.56309   0.06254    9.9969200115E-01
   3.56144   0.12506    9.9876838406E-01
   3.55870   0.18755    9.9723028663E-01
   3.55486   0.24997    9.9507960377E-01
   3.54992   0.31232    9.9231898512E-01
   3.54390   0.37457    9.8895183176E-01
   3.53678   0.43671    9.8498229199E-01
   3.52857   0.49871    9.8041525627E-01
   3.51927   0.56056    9.7525635117E-01
   3.50889   0.62224    9.6951193245E-01
   3.49743   0.68373    9.6318907718E-01
   3.48489   0.74500    9.5629557511E-01
   3.47128   0.80604    9.4883991899E-01
   3.45660   0.86684    9.4083129416E-01
   3.44086   0.92737    9.3227956721E-01
   3.42405   0.98761    9.2319527383E-01
   3.40619   1.04755    9.1358960582E-01
   3.38728   1.10717    9.0347439733E-01
   3.36733   1.16645    8.9286211024E-01
   3.34634   1.22536    8.8176581883E-01
   3.32432   1.28390    8.7019919371E-01
   3.30127   1.34205    8.5817648488E-01
   3.27721   1.39978    8.4571250427E-01
   3.25214   1.45708    8.3282260745E-01
   3.22607   1.51393    8.1952267472E-01
   3.19900   1.57031    8.0582909152E-01
   3.17095   1.62621    7.9175872829E-01
   3.14192   1.68161    7.7732891966E-01
   3.11193   1.73649    7.6255744307E-01
   3.08097   1.79084    7.4746249693E-01
   3.04907   1.84463    7.3206267813E-01
   3.01623   1.89786    7.1637695918E-01
   2.98246   1.95050    7.0042466481E-01
   2.94777   2.00254    6.8422544818E-01
   2.91217   2.05397    6.6779926665E-01
   2.87567   2.10476    6.5116635720E-01
   2.83829   2.15490    6.3434721149E-01
   2.80004   2.20438    6.1736255064E-01
   2.76092   2.25318    6.0023329966E-01
   2.72095   2.30129    5.8298056172E-01
   2.68014   2.34869    5.6562559212E-01
   2.63851   2.39536    5.4818977208E-01
   2.59607   2.44130    5.3069458247E-01
   2.55282   2.48648    5.1316157728E-01
   2.50879   2.53090    4.9561235708E-01
   2.46399   2.57454    4.7806854244E-01
   2.41842   2.61739    4.6055174725E-01
   2.37212   2.65943    4.4308355213E-01
   2.32508   2.70065    4.2568547781E-01
   2.27733   2.74104    4.0837895863E-01
   2.22887   2.78058    3.9118531616E-01
   2.17973   2.81927    3.7412573288E-01
   2.12991   2.85709    3.5722122611E-01
   2.07944   2.89403    3.4049262214E-01
   2.02833   2.93008    3.2396053052E-01
   1.97660   2.96523    3.0764531871E-01
   1.92426   2.99946    2.9156708699E-01
   1.87132   3.03277    2.7574564365E-01
   1.81781   3.06514    2.6020048064E-01
   1.76373   3.09657    2.4495074954E-01
   1.70912   3.12705    2.3001523794E-01
   1.65397   3.15656    2.1541234632E-01
   1.59832   3.18510    2.0116006537E-01
   1.54218   3.21266    1.8727595385E-01
   1.48556   3.23923    1.7377711691E-01
   1.42848   3.26480    1.6068018506E-01
   1.37096   3.28937    1.4800129365E-01
   1.31303   3.31292    1.3575606303E-01
   1.25468   3.33546    1.2395957926E-01
   1.19595   3.35696    1.1262637556E-01
   1.13685   3.37744    1.0177041437E-01
   1.07740   3.39687    9.1405070194E-02
   1.01762   3.41525    8.1543113090E-02
   0.95753   3.43259    7.2196692940E-02
   0.89714   3.44886    6.3377324492E-02
   0.83647   3.46407    5.5095873167E-02
   0.77555   3.47822    4.7362541675E-02
   0.71439   3.49130    4.0186857444E-02
   0.65301   3.50330    3.3577660884E-02
   0.59143   3.51422    2.7543094495E-02
   0.52966   3.52406    2.2090592836E-02
   0.46773   3.53281    1.7226873362E-02
   0.40566   3.54047    1.2957928154E-02
   0.34346   3.54705    9.2890165331E-03
   0.28116   3.55253    6.2246585807E-03
   0.21877   3.55692    3.7686295721E-03
   0.15631   3.56021    1.9239553236E-03
   0.09381   3.56240    6.9290846547E-04
   0.03127   3.56350    7.7005641668E-05
  -0.03127   3.56350    7.7005641668E-05
  -0.09381   3.56240    6.9290846547E-04
  -0.15631   3.56021    1.9239553236E-03
  -0.21877   3.55692    3.7686295721E-03
  -0.28116   3.55253    6.2246585807E-03
  -0.34346   3.54705    9.2890165331E-03
  -0.40566   3.54047    1.2957928154E-02
  -0.46773   3.53281    1.7226873362E-02
  -0.52966   3.52406    2.2090592836E-02
  -0.59143   3.51422    2.7543094495E-02
  -0.65301   3.50330    3.3577660884E-02
  -0.71439   3.49130    4.0186857444E-02
  -0.77555   3.47822    4.7362541675E-02
  -0.83647   3.46407    5.5095873167E-02
  -0.89714   3.44886    6.3377324492E-02
  -0.95753   3.43259    7.2196692940E-02
  -1.01762   3.41525    8.1543113090E-02
  -1.07740   3.39687    9.1405070194E-02
  -1.13685   3.37744    1.0177041437E-01
  -1.19595   3.35696    1.1262637556E-01
  -1.25468   3.33546    1.2395957926E-01
  -1.31303   3.31292    1.3575606303E-01
  -1.37096   3.28937    1.4800129365E-01
  -1.42848   3.26480    1.6068018506E-01
  -1.48556   3.23923    1.7377711691E-01
  -1.54218   3.21266    1.8727595385E-01
  -1.59832   3.18510    2.0116006537E-01
  -1.65397   3.15656    2.1541234632E-01
  -1.70912   3.12705    2.3001523794E-01
  -1.76373   3.09657    2.4495074954E-01
  -1.81781   3.06514    2.6020048064E-01
  -1.87132   3.03277    2.7574564365E-01
  -1.92426   2.99946    2.9156708699E-01
  -1.97660   2.96523    3.0764531871E-01
  -2.02833   2.93008    3.2396053052E-01
  -2.07944   2.89403    3.4049262214E-01
  -2.12991   2.85709    3.5722122611E-01
  -2.17973   2.81927    3.7412573288E-01
  -2.22887   2.78058    3.9118531616E-01
  -2.27733   2.74104    4.0837895863E-01
  -2.32508   2.70065    4.2568547781E-01
  -2.37212   2.65943    4.4308355213E-01
  -2.41842   2.61739    4.6055174725E-01
  -2.46399   2.57454    4.7806854244E-01
  -2.50879   2.53090    4.9561235708E-01
  -2.55282   2.48648    5.1316157728E-01
  -2.59607   2.44130    5.3069458247E-01
  -2.63851   2.39536    5.4818977208E-01
  -2.68014   2.34869    5.6562559212E-01
  -2.72095   2.30129    5.8298056172E-01
  -2.76092   2.25318    6.0023329966E-01
  -2.80004   2.20438    6.1736255064E-01
  -2.83829   2.15490    6.3434721149E-01
  -2.87567   2.10476    6.5116635720E-01
  -2.91217   2.05397    6.6779926665E-01
  -2.94777   2.00254    6.8422544818E-01
  -2.98246   1.95050    7.0042466481E-01
  -3.01623   1.89786    7.1637695918E-01
  -3.04907   1.84463    7.3206267813E-01
  -3.08097   1.79084    7.4746249693E-01
  -3.11193   1.73649    7.6255744307E-01
  -3.14192   1.68161    7.7732891966E-01
  -3.17095   1.62621    7.9175872829E-01
  -3.19900   1.57031    8.0582909152E-01
  -3.22607   1.51393    8.1952267472E-01
  -3.25214   1.45708    8.3282260745E-01
  -3.27721   1.39978    8.4571250427E-01
  -3.30127   1.34205    8.5817648488E-01
  -3.32432   1.28390    8.7019919371E-01
  -3.34634   1.22536    8.8176581883E-01
  -3.36733   1.16645    8.9286211024E-01
  -3.38728   1.10717    9.0347439733E-01
  -3.40619   1.04755    9.1358960582E-01
  -3.42405   0.98761    9.2319527383E-01
  -3.44086   0.92737    9.3227956721E-01
  -3.45660   0.86684    9.4083129416E-01
  -3.47128   0.80604    9.4883991899E-01
  -3.48489   0.74500    9.5629557511E-01
  -3.49743   0.68373    9.6318907718E-01
  -3.50889   0.62224    9.6951193245E-01
  -3.51927   0.56056    9.7525635117E-01
  -3.52857   0.49871    9.8041525627E-01
  -3.53678   0.43671    9.8498229199E-01
  -3.54390   0.37457    9.8895183176E-01
  -3.54992   0.31232    9.9231898512E-01
  -3.55486   0.24997    9.9507960377E-01
  -3.55870   0.18755    9.9723028663E-01
  -3.56144   0.12506    9.9876838406E-01
  -3.56309   0.06254    9.9969200115E-01
  -3.56364   0.00000    1.0000000000E+00

   3.62626   0.00000********************
   3.62570   0.06364    9.9969200115E-01
   3.62403   0.12726    9.9876838406E-01
   3.62124   0.19084    9.9723028663E-01
   3.61733   0.25437    9.9507960377E-01
   3.61231   0.31781    9.9231898512E-01
   3.60618   0.38116    9.8895183176E-01
   3.59893   0.44439    9.8498229199E-01
   3.59058   0.50748    9.8041525627E-01
   3.58112   0.57042    9.7525635117E-01
   3.57056   0.63318    9.6951193245E-01
   3.55889   0.69574    9.6318907718E-01
   3.54614   0.75809    9.5629557511E-01
   3.53228   0.82021    9.4883991899E-01
   3.51735   0.88207    9.4083129416E-01
   3.50132   0.94367    9.3227956721E-01
   3.48422   1.00497    9.2319527383E-01
   3.46605   1.06596    9.1358960582E-01
   3.44681   1.12663    9.0347439733E-01
   3.42651   1.18695    8.9286211024E-01
   3.40515   1.24690    8.8176581883E-01
   3.38274   1.30647    8.7019919371E-01
   3.35929   1.36563    8.5817648488E-01
   3.33481   1.42438    8.4571250427E-01
   3.30930   1.48268    8.3282260745E-01
   3.28276   1.54053    8.1952267472E-01
   3.25522   1.59791    8.0582909152E-01
   3.22668   1.65479    7.9175872829E-01
   3.19714   1.71116    7.7732891966E-01
   3.16662   1.76701    7.6255744307E-01
   3.13512   1.82231    7.4746249693E-01
   3.10265   1.87705    7.3206267813E-01
   3.06923   1.93121    7.1637695918E-01
   3.03487   1.98478    7.0042466481E-01
   2.99957   2.03774    6.8422544818E-01
   2.96335   2.09006    6.6779926665E-01
   2.92621   2.14175    6.5116635720E-01
   2.88817   2.19277    6.3434721149E-01
   2.84924   2.24312    6.1736255064E-01
   2.80944   2.29278    6.0023329966E-01
   2.76877   2.34173    5.8298056172E-01
   2.72724   2.38996    5.6562559212E-01
   2.68488   2.43746    5.4818977208E-01
   2.64169   2.48420    5.3069458247E-01
   2.59768   2.53018    5.1316157728E-01
   2.55288   2.57538    4.9561235708E-01
   2.50729   2.61979    4.7806854244E-01
   2.46093   2.66339    4.6055174725E-01
   2.41380   2.70617    4.4308355213E-01
   2.36594   2.74811    4.2568547781E-01
   2.31735   2.78921    4.0837895863E-01
   2.26804   2.82945    3.9118531616E-01
   2.21803   2.86882    3.7412573288E-01
   2.16734   2.90730    3.5722122611E-01
   2.11599   2.94489    3.4049262214E-01
   2.06398   2.98157    3.2396053052E-01
   2.01133   3.01734    3.0764531871E-01
   1.95807   3.05217    2.9156708699E-01
   1.90420   3.08606    2.7574564365E-01
   1.84975   3.11901    2.6020048064E-01
   1.79473   3.15099    2.4495074954E-01
   1.73915   3.18200    2.3001523794E-01
   1.68304   3.21203    2.1541234632E-01
   1.62641   3.24108    2.0116006537E-01
   1.56928   3.26912    1.8727595385E-01
   1.51166   3.29616    1.7377711691E-01
   1.45358   3.32218    1.6068018506E-01
   1.39506   3.34718    1.4800129365E-01
   1.33610   3.37114    1.3575606303E-01
   1.27673   3.39407    1.2395957926E-01
   1.21697   3.41596    1.1262637556E-01
   1.15683   3.43679    1.0177041437E-01
   1.09634   3.45656    9.1405070194E-02
   1.03551   3.47527    8.1543113090E-02
   0.97436   3.49291    7.2196692940E-02
   0.91291   3.50947    6.3377324492E-02
   0.85117   3.52495    5.5095873167E-02
   0.78918   3.53935    4.7362541675E-02
   0.72694   3.55265    4.0186857444E-02
   0.66448   3.56486    3.3577660884E-02
   0.60182   3.57597    2.7543094495E-02
   0.53897   3.58599    2.2090592836E-02
   0.47595   3.59489    1.7226873362E-02
   0.41279   3.60269    1.2957928154E-02
   0.34950   3.60938    9.2890165331E-03
   0.28610   3.61496    6.2246585807E-03
   0.22261   3.61942    3.7686295721E-03
   0.15906   3.62277    1.9239553236E-03
   0.09545   3.62501    6.9290846547E-04
   0.03182   3.62612    7.7005641668E-05
  -0.03182   3.62612    7.7005641668E-05
  -0.09545   3.62501    6.9290846547E-04
  -0.15906   3.62277    1.9239553236E-03
  -0.22261   3.61942    3.7686295721E-03
  -0.28610   3.61496    6.2246585807E-03
  -0.34950   3.60938    9.2890165331E-03
  -0.41279   3.60269    1.2957928154E-02
  -0.47595   3.59489    1.7226873362E-02
  -0.53897   3.58599    2.2090592836E-02
  -0.60182   3.57597    2.7543094495E-02
  -0.66448   3.56486    3.3577660884E-02
  -0.72694   3.55265    4.0186857444E-02
  -0.78918   3.53935    4.7362541675E-02
  -0.85117   3.52495    5.5095873167E-02
  -0.91291   3.50947    6.3377324492E-02
  -0.97436   3.49291    7.2196692940E-02
  -1.03551   3.47527    8.1543113090E-02
  -1.09634   3.45656    9.1405070194E-02
  -1.15683   3.43679    1.0177041437E-01
  -1.21697   3.41596    1.1262637556E-01
  -1.27673   3.39407    1.2395957926E-01
  -1.33610   3.37114    1.3575606303E-01
  -1.39506   3.34718    1.4800129365E-01
  -1.45358   3.32218    1.6068018506E-01
  -1.51166   3.29616    1.7377711691E-01
  -1.56928   3.26912    1.8727595385E-01
  -1.62641   3.24108    2.0116006537E-01
  -1.68304   3.21203    2.1541234632E-01
  -1.73915   3.18200    2.3001523794E-01
  -1.79473   3.15099    2.4495074954E-01
  -1.84975   3.11901    2.6020048064E-01
  -1.90420   3.08606    2.7574564365E-01
  -1.95807   3.05217    2.9156708699E-01
  -2.01133   3.01734    3.0764531871E-01
  -2.06398   2.98157    3.2396053052E-01
  -2.11599   2.94489    3.4049262214E-01
  -2.16734   2.90730    3.5722122611E-01
  -2.21803   2.86882    3.7412573288E-01
  -2.26804   2.82945    3.9118531616E-01
  -2.31735   2.78921    4.0837895863E-01
  -2.36594   2.74811    4.2568547781E-01
  -2.41380   2.70617    4.4308355213E-01
  -2.46093   2.66339    4.6055174725E-01
  -2.50729   2.61979    4.7806854244E-01
  -2.55288   2.57538    4.9561235708E-01
  -2.59768   2.53018    5.1316157728E-01
  -2.64169   2.48420    5.3069458247E-01
  -2.68488   2.43746    5.4818977208E-01
  -2.72724   2.38996    5.6562559212E-01
  -2.76877   2.34173    5.8298056172E-01
  -2.80944   2.29278    6.0023329966E-01
  -2.84924   2.24312    6.1736255064E-01
  -2.88817   2.19277    6.3434721149E-01
  -2.92621   2.14175    6.5116635720E-01
  -2.96335   2.09006    6.6779926665E-01
  -2.99957   2.03774    6.8422544818E-01
  -3.03487   1.98478    7.0042466481E-01
  -3.06923   1.93121    7.1637695918E-01
  -3.10265   1.87705    7.3206267813E-01
  -3.13512   1.82231    7.4746249693E-01
  -3.16662   1.76701    7.6255744307E-01
  -3.19714   1.71116    7.7732891966E-01
  -3.22668   1.65479    7.9175872829E-01
  -3.25522   1.59791    8.0582909152E-01
  -3.28276   1.54053    8.1952267472E-01
  -3.30930   1.48268    8.3282260745E-01
  -3.33481   1.42438    8.4571250427E-01
  -3.35929   1.36563    8.5817648488E-01
  -3.38274   1.30647    8.7019919371E-01
  -3.40515   1.24690    8.8176581883E-01
  -3.42651   1.18695    8.9286211024E-01
  -3.44681   1.12663    9.0347439733E-01
  -3.46605   1.06596    9.1358960582E-01
  -3.48422   1.00497    9.2319527383E-01
  -3.50132   0.94367    9.3227956721E-01
  -3.51735   0.88207    9.4083129416E-01
  -3.53228   0.82021    9.4883991899E-01
  -3.54614   0.75809    9.5629557511E-01
  -3.55889   0.69574    9.6318907718E-01
  -3.57056   0.63318    9.6951193245E-01
  -3.58112   0.57042    9.7525635117E-01
  -3.59058   0.50748    9.8041525627E-01
  -3.59893   0.44439    9.8498229199E-01
  -3.60618   0.38116    9.8895183176E-01
  -3.61231   0.31781    9.9231898512E-01
  -3.61733   0.25437    9.9507960377E-01
  -3.62124   0.19084    9.9723028663E-01
  -3.62403   0.12726    9.9876838406E-01
  -3.62570   0.06364    9.9969200115E-01
  -3.62626   0.00000    1.0000000000E+00

   3.68889   0.00000********************
   3.68832   0.06474    9.9969200115E-01
   3.68662   0.12946    9.9876838406E-01
   3.68378   0.19414    9.9723028663E-01
   3.67980   0.25876    9.9507960377E-01
   3.67469   0.32330    9.9231898512E-01
   3.66845   0.38774    9.8895183176E-01
   3.66108   0.45206    9.8498229199E-01
   3.65259   0.51624    9.8041525627E-01
   3.64296   0.58027    9.7525635117E-01
   3.63222   0.64411    9.6951193245E-01
   3.62036   0.70776    9.6318907718E-01
   3.60738   0.77118    9.5629557511E-01
   3.59329   0.83437    9.4883991899E-01
   3.57809   0.89731    9.4083129416E-01
   3.56179   0.95997    9.3227956721E-01
   3.54440   1.02233    9.2319527383E-01
   3.52591   1.08437    9.1358960582E-01
   3.50634   1.14609    9.0347439733E-01
   3.48568   1.20744    8.9286211024E-01
   3.46395   1.26843    8.8176581883E-01
   3.44116   1.32903    8.7019919371E-01
   3.41731   1.38922    8.5817648488E-01
   3.39240   1.44898    8.4571250427E-01
   3.36645   1.50829    8.3282260745E-01
   3.33946   1.56714    8.1952267472E-01
   3.31144   1.62550    8.0582909152E-01
   3.28240   1.68337    7.9175872829E-01
   3.25236   1.74071    7.7732891966E-01
   3.22131   1.79752    7.6255744307E-01
   3.18926   1.85378    7.4746249693E-01
   3.15624   1.90947    7.3206267813E-01
   3.12224   1.96456    7.1637695918E-01
   3.08728   2.01906    7.0042466481E-01
   3.05137   2.07293    6.8422544818E-01
   3.01452   2.12616    6.6779926665E-01
   2.97674   2.17874    6.5116635720E-01
   2.93805   2.23064    6.3434721149E-01
   2.89845   2.28186    6.1736255064E-01
   2.85796   2.33238    6.0023329966E-01
   2.81658   2.38218    5.8298056172E-01
   2.77434   2.43124    5.6562559212E-01
   2.73125   2.47955    5.4818977208E-01
   2.68731   2.52711    5.3069458247E-01
   2.64255   2.57388    5.1316157728E-01
   2.59697   2.61986    4.9561235708E-01
   2.55059   2.66503    4.7806854244E-01
   2.50343   2.70938    4.6055174725E-01
   2.45549   2.75290    4.4308355213E-01
   2.40680   2.79557    4.2568547781E-01
   2.35737   2.83738    4.0837895863E-01
   2.30721   2.87831    3.9118531616E-01
   2.25634   2.91836    3.7412573288E-01
   2.20477   2.95751    3.5722122611E-01
   2.15253   2.99575    3.4049262214E-01
   2.09962   3.03306    3.2396053052E-01
   2.04607   3.06945    3.0764531871E-01
   1.99189   3.10488    2.9156708699E-01
   1.93709   3.13936    2.7574564365E-01
   1.88170   3.17287    2.6020048064E-01
   1.82572   3.20541    2.4495074954E-01
   1.76919   3.23695    2.3001523794E-01
   1.71211   3.26751    2.1541234632E-01
   1.65450   3.29705    2.0116006537E-01
   1.59638   3.32558    1.8727595385E-01
   1.53777   3.35308    1.7377711691E-01
   1.47869   3.37955    1.6068018506E-01
   1.41915   3.40498    1.4800129365E-01
   1.35917   3.42937    1.3575606303E-01
   1.29878   3.45269    1.2395957926E-01
   1.23799   3.47495    1.1262637556E-01
   1.17681   3.49614    1.0177041437E-01
   1.11527   3.51626    9.1405070194E-02
   1.05339   3.53529    8.1543113090E-02
   0.99118   3.55323    7.2196692940E-02
   0.92867   3.57008    6.3377324492E-02
   0.86587   3.58583    5.5095873167E-02
   0.80281   3.60047    4.7362541675E-02
   0.73950   3.61401    4.0186857444E-02
   0.67596   3.62643    3.3577660884E-02
   0.61221   3.63773    2.7543094495E-02
   0.54828   3.64792    2.2090592836E-02
   0.48417   3.65698    1.7226873362E-02
   0.41992   3.66491    1.2957928154E-02
   0.35553   3.67172    9.2890165331E-03
   0.29104   3.67739    6.2246585807E-03
   0.22646   3.68193    3.7686295721E-03
   0.16181   3.68534    1.9239553236E-03
   0.09710   3.68761    6.9290846547E-04
   0.03237   3.68875    7.7005641668E-05
  -0.03237   3.68875    7.7005641668E-05
  -0.09710   3.68761    6.9290846547E-04
  -0.16181   3.68534    1.9239553236E-03
  -0.22646   3.68193    3.7686295721E-03
  -0.29104   3.67739    6.2246585807E-03
  -0.35553   3.67172    9.2890165331E-03
  -0.41992   3.66491    1.2957928154E-02
  -0.48417   3.65698    1.7226873362E-02
  -0.54828   3.64792    2.2090592836E-02
  -0.61221   3.63773    2.7543094495E-02
  -0.67596   3.62643    3.3577660884E-02
  -0.73950   3.61401    4.0186857444E-02
  -0.80281   3.60047    4.7362541675E-02
  -0.86587   3.58583    5.5095873167E-02
  -0.92867   3.57008    6.3377324492E-02
  -0.99118   3.55323    7.2196692940E-02
  -1.05339   3.53529    8.1543113090E-02
  -1.11527   3.51626    9.1405070194E-02
  -1.17681   3.49614    1.0177041437E-01
  -1.23799   3.47495    1.1262637556E-01
  -1.29878   3.45269    1.2395957926E-01
  -1.35917   3.42937    1.3575606303E-01
  -1.41915   3.40498    1.4800129365E-01
  -1.47869   3.37955    1.6068018506E-01
  -1.53777   3.35308    1.7377711691E-01
  -1.59638   3.32558    1.8727595385E-01
  -1.65450   3.29705    2.0116006537E-01
  -1.71211   3.26751    2.1541234632E-01
  -1.76919   3.23695    2.3001523794E-01
  -1.82572   3.20541    2.4495074954E-01
  -1.88170   3.17287    2.6020048064E-01
  -1.93709   3.13936    2.7574564365E-01
  -1.99189   3.10488    2.9156708699E-01
  -2.04607   3.06945    3.0764531871E-01
  -2.09962   3.03306    3.2396053052E-01
  -2.15253   2.99575    3.4049262214E-01
  -2.20477   2.95751    3.5722122611E-01
  -2.25634   2.91836    3.7412573288E-01
  -2.30721   2.87831    3.9118531616E-01
  -2.35737   2.83738    4.0837895863E-01
  -2.40680   2.79557    4.2568547781E-01
  -2.45549   2.75290    4.4308355213E-01
  -2.50343   2.70938    4.6055174725E-01
  -2.55059   2.66503    4.7806854244E-01
  -2.59697   2.61986    4.9561235708E-01
  -2.64255   2.57388    5.1316157728E-01
  -2.68731   2.52711    5.3069458247E-01
  -2.73125   2.47955    5.4818977208E-01
  -2.77434   2.43124    5.6562559212E-01
  -2.81658   2.38218    5.8298056172E-01
  -2.85796   2.33238    6.0023329966E-01
  -2.89845   2.28186    6.1736255064E-01
  -2.93805   2.23064    6.3434721149E-01
  -2.97674   2.17874    6.5116635720E-01
  -3.01452   2.12616    6.6779926665E-01
  -3.05137   2.07293    6.8422544818E-01
  -3.08728   2.01906    7.0042466481E-01
  -3.12224   1.96456    7.1637695918E-01
  -3.15624   1.90947    7.3206267813E-01
  -3.18926   1.85378    7.4746249693E-01
  -3.22131   1.79752    7.6255744307E-01
  -3.25236   1.74071    7.7732891966E-01
  -3.28240   1.68337    7.9175872829E-01
  -3.31144   1.62550    8.0582909152E-01
  -3.33946   1.56714    8.1952267472E-01
  -3.36645   1.50829    8.3282260745E-01
  -3.39240   1.44898    8.4571250427E-01
  -3.41731   1.38922    8.5817648488E-01
  -3.44116   1.32903    8.7019919371E-01
  -3.46395   1.26843    8.8176581883E-01
  -3.48568   1.20744    8.9286211024E-01
  -3.50634   1.14609    9.0347439733E-01
  -3.52591   1.08437    9.1358960582E-01
  -3.54440   1.02233    9.2319527383E-01
  -3.56179   0.95997    9.3227956721E-01
  -3.57809   0.89731    9.4083129416E-01
  -3.59329   0.83437    9.4883991899E-01
  -3.60738   0.77118    9.5629557511E-01
  -3.62036   0.70776    9.6318907718E-01
  -3.63222   0.64411    9.6951193245E-01
  -3.64296   0.58027    9.7525635117E-01
  -3.65259   0.51624    9.8041525627E-01
  -3.66108   0.45206    9.8498229199E-01
  -3.66845   0.38774    9.8895183176E-01
  -3.67469   0.32330    9.9231898512E-01
  -3.67980   0.25876    9.9507960377E-01
  -3.68378   0.19414    9.9723028663E-01
  -3.68662   0.12946    9.9876838406E-01
  -3.68832   0.06474    9.9969200115E-01
  -3.68889   0.00000    1.0000000000E+00

   3.75152   0.00000********************
   3.75094   0.06584    9.9969200115E-01
   3.74920   0.13166    9.9876838406E-01
   3.74632   0.19743    9.9723028663E-01
   3.74227   0.26315    9.9507960377E-01
   3.73708   0.32879    9.9231898512E-01
   3.73073   0.39432    9.8895183176E-01
   3.72324   0.45974    9.8498229199E-01
   3.71460   0.52501    9.8041525627E-01
   3.70481   0.59012    9.7525635117E-01
   3.69388   0.65505    9.6951193245E-01
   3.68182   0.71977    9.6318907718E-01
   3.66862   0.78428    9.5629557511E-01
   3.65429   0.84854    9.4883991899E-01
   3.63884   0.91254    9.4083129416E-01
   3.62226   0.97626    9.3227956721E-01
   3.60457   1.03968    9.2319527383E-01
   3.58577   1.10278    9.1358960582E-01
   3.56586   1.16554    9.0347439733E-01
   3.54486   1.22794    8.9286211024E-01
   3.52276   1.28997    8.8176581883E-01
   3.49958   1.35159    8.7019919371E-01
   3.47532   1.41280    8.5817648488E-01
   3.44999   1.47357    8.4571250427E-01
   3.42360   1.53389    8.3282260745E-01
   3.39615   1.59374    8.1952267472E-01
   3.36766   1.65310    8.0582909152E-01
   3.33813   1.71195    7.9175872829E-01
   3.30757   1.77027    7.7732891966E-01
   3.27599   1.82804    7.6255744307E-01
   3.24341   1.88525    7.4746249693E-01
   3.20982   1.94188    7.3206267813E-01
   3.17525   1.99792    7.1637695918E-01
   3.13969   2.05333    7.0042466481E-01
   3.10318   2.10812    6.8422544818E-01
   3.06570   2.16226    6.6779926665E-01
   3.02728   2.21573    6.5116635720E-01
   2.98793   2.26851    6.3434721149E-01
   2.94766   2.32060    6.1736255064E-01
   2.90648   2.37197    6.0023329966E-01
   2.86440   2.42262    5.8298056172E-01
   2.82144   2.47251    5.6562559212E-01
   2.77762   2.52165    5.4818977208E-01
   2.73293   2.57001    5.3069458247E-01
   2.68741   2.61757    5.1316157728E-01
   2.64106   2.66434    4.9561235708E-01
   2.59389   2.71028    4.7806854244E-01
   2.54593   2.75538    4.6055174725E-01
   2.49718   2.79964    4.4308355213E-01
   2.44766   2.84303    4.2568547781E-01
   2.39739   2.88555    4.0837895863E-01
   2.34638   2.92718    3.9118531616E-01
   2.29464   2.96791    3.7412573288E-01
   2.24221   3.00772    3.5722122611E-01
   2.18907   3.04661    3.4049262214E-01
   2.13527   3.08456    3.2396053052E-01
   2.08081   3.12156    3.0764531871E-01
   2.02570   3.15759    2.9156708699E-01
   1.96998   3.19266    2.7574564365E-01
   1.91364   3.22674    2.6020048064E-01
   1.85672   3.25983    2.4495074954E-01
   1.79922   3.29191    2.3001523794E-01
   1.74117   3.32298    2.1541234632E-01
   1.68259   3.35302    2.0116006537E-01
   1.62348   3.38204    1.8727595385E-01
   1.56388   3.41001    1.7377711691E-01
   1.50379   3.43693    1.6068018506E-01
   1.44324   3.46279    1.4800129365E-01
   1.38225   3.48759    1.3575606303E-01
   1.32083   3.51131    1.2395957926E-01
   1.25900   3.53395    1.1262637556E-01
   1.19679   3.55550    1.0177041437E-01
   1.13421   3.57595    9.1405070194E-02
   1.07127   3.59531    8.1543113090E-02
   1.00801   3.61355    7.2196692940E-02
   0.94444   3.63069    6.3377324492E-02
   0.88057   3.64670    5.5095873167E-02
   0.81644   3.66160    4.7362541675E-02
   0.75205   3.67536    4.0186857444E-02
   0.68744   3.68799    3.3577660884E-02
   0.62261   3.69949    2.7543094495E-02
   0.55758   3.70985    2.2090592836E-02
   0.49239   3.71906    1.7226873362E-02
   0.42705   3.72713    1.2957928154E-02
   0.36157   3.73405    9.2890165331E-03
   0.29598   3.73982    6.2246585807E-03
   0.23030   3.74444    3.7686295721E-03
   0.16455   3.74790    1.9239553236E-03
   0.09875   3.75022    6.9290846547E-04
   0.03292   3.75137    7.7005641668E-05
  -0.03292   3.75137    7.7005641668E-05
  -0.09875   3.75022    6.9290846547E-04
  -0.16455   3.74790    1.9239553236E-03
  -0.23030   3.74444    3.7686295721E-03
  -0.29598   3.73982    6.2246585807E-03
  -0.36157   3.73405    9.2890165331E-03
  -0.42705   3.72713    1.2957928154E-02
  -0.49239   3.71906    1.7226873362E-02
  -0.55758   3.70985    2.2090592836E-02
  -0.62261   3.69949    2.7543094495E-02
  -0.68744   3.68799    3.3577660884E-02
  -0.75205   3.67536    4.0186857444E-02
  -0.81644   3.66160    4.7362541675E-02
  -0.88057   3.64670    5.5095873167E-02
  -0.94444   3.63069    6.3377324492E-02
  -1.00801   3.61355    7.2196692940E-02
  -1.07127   3.59531    8.1543113090E-02
  -1.13421   3.57595    9.1405070194E-02
  -1.19679   3.55550    1.0177041437E-01
  -1.25900   3.53395    1.1262637556E-01
  -1.32083   3.51131    1.2395957926E-01
  -1.38225   3.48759    1.3575606303E-01
  -1.44324   3.46279    1.4800129365E-01
  -1.50379   3.43693    1.6068018506E-01
  -1.56388   3.41001    1.7377711691E-01
  -1.62348   3.38204    1.8727595385E-01
  -1.68259   3.35302    2.0116006537E-01
  -1.74117   3.32298    2.1541234632E-01
  -1.79922   3.29191    2.3001523794E-01
  -1.85672   3.25983    2.4495074954E-01
  -1.91364   3.22674    2.6020048064E-01
  -1.96998   3.19266    2.7574564365E-01
  -2.02570   3.15759    2.9156708699E-01
  -2.08081   3.12156    3.0764531871E-01
  -2.13527   3.08456    3.2396053052E-01
  -2.18907   3.04661    3.4049262214E-01
  -2.24221   3.00772    3.5722122611E-01
  -2.29464   2.96791    3.7412573288E-01
  -2.34638   2.92718    3.9118531616E-01
  -2.39739   2.88555    4.0837895863E-01
  -2.44766   2.84303    4.2568547781E-01
  -2.49718   2.79964    4.4308355213E-01
  -2.54593   2.75538    4.6055174725E-01
  -2.59389   2.71028    4.7806854244E-01
  -2.64106   2.66434    4.9561235708E-01
  -2.68741   2.61757    5.1316157728E-01
  -2.73293   2.57001    5.3069458247E-01
  -2.77762   2.52165    5.4818977208E-01
  -2.82144   2.47251    5.6562559212E-01
  -2.86440   2.42262    5.8298056172E-01
  -2.90648   2.37197    6.0023329966E-01
  -2.94766   2.32060    6.1736255064E-01
  -2.98793   2.26851    6.3434721149E-01
  -3.02728   2.21573    6.5116635720E-01
  -3.06570   2.16226    6.6779926665E-01
  -3.10318   2.10812    6.8422544818E-01
  -3.13969   2.05333    7.0042466481E-01
  -3.17525   1.99792    7.1637695918E-01
  -3.20982   1.94188    7.3206267813E-01
  -3.24341   1.88525    7.4746249693E-01
  -3.27599   1.82804    7.6255744307E-01
  -3.30757   1.77027    7.7732891966E-01
  -3.33813   1.71195    7.9175872829E-01
  -3.36766   1.65310    8.0582909152E-01
  -3.39615   1.59374    8.1952267472E-01
  -3.42360   1.53389    8.3282260745E-01
  -3.44999   1.47357    8.4571250427E-01
  -3.47532   1.41280    8.5817648488E-01
  -3.49958   1.35159    8.7019919371E-01
  -3.52276   1.28997    8.8176581883E-01
  -3.54486   1.22794    8.9286211024E-01
  -3.56586   1.16554    9.0347439733E-01
  -3.58577   1.10278    9.1358960582E-01
  -3.60457   1.03968    9.2319527383E-01
  -3.62226   0.97626    9.3227956721E-01
  -3.63884   0.91254    9.4083129416E-01
  -3.65429   0.84854    9.4883991899E-01
  -3.66862   0.78428    9.5629557511E-01
  -3.68182   0.71977    9.6318907718E-01
  -3.69388   0.65505    9.6951193245E-01
  -3.70481   0.59012    9.7525635117E-01
  -3.71460   0.52501    9.8041525627E-01
  -3.72324   0.45974    9.8498229199E-01
  -3.73073   0.39432    9.8895183176E-01
  -3.73708   0.32879    9.9231898512E-01
  -3.74227   0.26315    9.9507960377E-01
  -3.74632   0.19743    9.9723028663E-01
  -3.74920   0.13166    9.9876838406E-01
  -3.75094   0.06584    9.9969200115E-01
  -3.75152   0.00000    1.0000000000E+00

   3.81414   0.00000********************
   3.81355   0.06694    9.9969200115E-01
   3.81179   0.13385    9.9876838406E-01
   3.80886   0.20073    9.9723028663E-01
   3.80475   0.26754    9.9507960377E-01
   3.79946   0.33428    9.9231898512E-01
   3.79301   0.40091    9.8895183176E-01
   3.78539   0.46741    9.8498229199E-01
   3.77661   0.53377    9.8041525627E-01
   3.76666   0.59997    9.7525635117E-01
   3.75555   0.66598    9.6951193245E-01
   3.74328   0.73179    9.6318907718E-01
   3.72986   0.79737    9.5629557511E-01
   3.71529   0.86271    9.4883991899E-01
   3.69958   0.92778    9.4083129416E-01
   3.68273   0.99256    9.3227956721E-01
   3.66474   1.05704    9.2319527383E-01
   3.64563   1.12119    9.1358960582E-01
   3.62539   1.18500    9.0347439733E-01
   3.60403   1.24844    8.9286211024E-01
   3.58157   1.31150    8.8176581883E-01
   3.55800   1.37415    8.7019919371E-01
   3.53334   1.43639    8.5817648488E-01
   3.50758   1.49817    8.4571250427E-01
   3.48075   1.55950    8.3282260745E-01
   3.45285   1.62035    8.1952267472E-01
   3.42388   1.68069    8.0582909152E-01
   3.39385   1.74052    7.9175872829E-01
   3.36279   1.79982    7.7732891966E-01
   3.33068   1.85856    7.6255744307E-01
   3.29755   1.91672    7.4746249693E-01
   3.26340   1.97430    7.3206267813E-01
   3.22825   2.03127    7.1637695918E-01
   3.19211   2.08761    7.0042466481E-01
   3.15498   2.14331    6.8422544818E-01
   3.11688   2.19835    6.6779926665E-01
   3.07782   2.25271    6.5116635720E-01
   3.03781   2.30638    6.3434721149E-01
   2.99686   2.35934    6.1736255064E-01
   2.95500   2.41157    6.0023329966E-01
   2.91222   2.46306    5.8298056172E-01
   2.86854   2.51379    5.6562559212E-01
   2.82398   2.56374    5.4818977208E-01
   2.77856   2.61291    5.3069458247E-01
   2.73227   2.66127    5.1316157728E-01
   2.68515   2.70881    4.9561235708E-01
   2.63719   2.75552    4.7806854244E-01
   2.58843   2.80138    4.6055174725E-01
   2.53886   2.84637    4.4308355213E-01
   2.48852   2.89049    4.2568547781E-01
   2.43741   2.93372    4.0837895863E-01
   2.38555   2.97604    3.9118531616E-01
   2.33295   3.01745    3.7412573288E-01
   2.27964   3.05793    3.5722122611E-01
   2.22562   3.09747    3.4049262214E-01
   2.17092   3.13605    3.2396053052E-01
   2.11554   3.17367    3.0764531871E-01
   2.05952   3.21030    2.9156708699E-01
   2.00286   3.24595    2.7574564365E-01
   1.94559   3.28060    2.6020048064E-01
   1.88771   3.31424    2.4495074954E-01
   1.82926   3.34686    2.3001523794E-01
   1.77024   3.37845    2.1541234632E-01
   1.71068   3.40900    2.0116006537E-01
   1.65058   3.43849    1.8727595385E-01
   1.58999   3.46693    1.7377711691E-01
   1.52890   3.49430    1.6068018506E-01
   1.46734   3.52060    1.4800129365E-01
   1.40532   3.54581    1.3575606303E-01
   1.34288   3.56992    1.2395957926E-01
   1.28002   3.59294    1.1262637556E-01
   1.21677   3.61485    1.0177041437E-01
   1.15314   3.63565    9.1405070194E-02
   1.08916   3.65533    8.1543113090E-02
   1.02484   3.67388    7.2196692940E-02
   0.96020   3.69130    6.3377324492E-02
   0.89527   3.70758    5.5095873167E-02
   0.83007   3.72272    4.7362541675E-02
   0.76461   3.73672    4.0186857444E-02
   0.69891   3.74956    3.3577660884E-02
   0.63300   3.76125    2.7543094495E-02
   0.56689   3.77178    2.2090592836E-02
   0.50061   3.78115    1.7226873362E-02
   0.43417   3.78935    1.2957928154E-02
   0.36761   3.79639    9.2890165331E-03
   0.30092   3.80225    6.2246585807E-03
   0.23415   3.80695    3.7686295721E-03
   0.16730   3.81047    1.9239553236E-03
   0.10040   3.81282    6.9290846547E-04
   0.03347   3.81399    7.7005641668E-05
  -0.03347   3.81399    7.7005641668E-05
  -0.10040   3.81282    6.9290846547E-04
  -0.16730   3.81047    1.9239553236E-03
  -0.23415   3.80695    3.7686295721E-03
  -0.30092   3.80225    6.2246585807E-03
  -0.36761   3.79639    9.2890165331E-03
  -0.43417   3.78935    1.2957928154E-02
  -0.50061   3.78115    1.7226873362E-02
  -0.56689   3.77178    2.2090592836E-02
  -0.63300   3.76125    2.7543094495E-02
  -0.69891   3.74956    3.3577660884E-02
  -0.76461   3.73672    4.0186857444E-02
  -0.83007   3.72272    4.7362541675E-02
  -0.89527   3.70758    5.5095873167E-02
  -0.96020   3.69130    6.3377324492E-02
  -1.02484   3.67388    7.2196692940E-02
  -1.08916   3.65533    8.1543113090E-02
  -1.15314   3.63565    9.1405070194E-02
  -1.21677   3.61485    1.0177041437E-01
  -1.28002   3.59294    1.1262637556E-01
  -1.34288   3.56992    1.2395957926E-01
  -1.40532   3.54581    1.3575606303E-01
  -1.46734   3.52060    1.4800129365E-01
  -1.52890   3.49430    1.6068018506E-01
  -1.58999   3.46693    1.7377711691E-01
  -1.65058   3.43849    1.8727595385E-01
  -1.71068   3.40900    2.0116006537E-01
  -1.77024   3.37845    2.1541234632E-01
  -1.82926   3.34686    2.3001523794E-01
  -1.88771   3.31424    2.4495074954E-01
  -1.94559   3.28060    2.6020048064E-01
  -2.00286   3.24595    2.7574564365E-01
  -2.05952   3.21030    2.9156708699E-01
  -2.11554   3.17367    3.0764531871E-01
  -2.17092   3.13605    3.2396053052E-01
  -2.22562   3.09747    3.4049262214E-01
  -2.27964   3.05793    3.5722122611E-01
  -2.33295   3.01745    3.7412573288E-01
  -2.38555   2.97604    3.9118531616E-01
  -2.43741   2.93372    4.0837895863E-01
  -2.48852   2.89049    4.2568547781E-01
  -2.53886   2.84637    4.4308355213E-01
  -2.58843   2.80138    4.6055174725E-01
  -2.63719   2.75552    4.7806854244E-01
  -2.68515   2.70881    4.9561235708E-01
  -2.73227   2.66127    5.1316157728E-01
  -2.77856   2.61291    5.3069458247E-01
  -2.82398   2.56374    5.4818977208E-01
  -2.86854   2.51379    5.6562559212E-01
  -2.91222   2.46306    5.8298056172E-01
  -2.95500   2.41157    6.0023329966E-01
  -2.99686   2.35934    6.1736255064E-01
  -3.03781   2.30638    6.3434721149E-01
  -3.07782   2.25271    6.5116635720E-01
  -3.11688   2.19835    6.6779926665E-01
  -3.15498   2.14331    6.8422544818E-01
  -3.19211   2.08761    7.0042466481E-01
  -3.22825   2.03127    7.1637695918E-01
  -3.26340   1.97430    7.3206267813E-01
  -3.29755   1.91672    7.4746249693E-01
  -3.33068   1.85856    7.6255744307E-01
  -3.36279   1.79982    7.7732891966E-01
  -3.39385   1.74052    7.9175872829E-01
  -3.42388   1.68069    8.0582909152E-01
  -3.45285   1.62035    8.1952267472E-01
  -3.48075   1.55950    8.3282260745E-01
  -3.50758   1.49817    8.4571250427E-01
  -3.53334   1.43639    8.5817648488E-01
  -3.55800   1.37415    8.7019919371E-01
  -3.58157   1.31150    8.8176581883E-01
  -3.60403   1.24844    8.9286211024E-01
  -3.62539   1.18500    9.0347439733E-01
  -3.64563   1.12119    9.1358960582E-01
  -3.66474   1.05704    9.2319527383E-01
  -3.68273   0.99256    9.3227956721E-01
  -3.69958   0.92778    9.4083129416E-01
  -3.71529   0.86271    9.4883991899E-01
  -3.72986   0.79737    9.5629557511E-01
  -3.74328   0.73179    9.6318907718E-01
  -3.75555   0.66598    9.6951193245E-01
  -3.76666   0.59997    9.7525635117E-01
  -3.77661   0.53377    9.8041525627E-01
  -3.78539   0.46741    9.8498229199E-01
  -3.79301   0.40091    9.8895183176E-01
  -3.79946   0.33428    9.9231898512E-01
  -3.80475   0.26754    9.9507960377E-01
  -3.80886   0.20073    9.9723028663E-01
  -3.81179   0.13385    9.9876838406E-01
  -3.81355   0.06694    9.9969200115E-01
  -3.81414   0.00000    1.0000000000E+00

   3.87677   0.00000********************
   3.87617   0.06804    9.9969200115E-01
   3.87438   0.13605    9.9876838406E-01
   3.87140   0.20403    9.9723028663E-01
   3.86722   0.27194    9.9507960377E-01
   3.86185   0.33977    9.9231898512E-01
   3.85529   0.40749    9.8895183176E-01
   3.84755   0.47509    9.8498229199E-01
   3.83862   0.54254    9.8041525627E-01
   3.82850   0.60982    9.7525635117E-01
   3.81721   0.67692    9.6951193245E-01
   3.80474   0.74380    9.6318907718E-01
   3.79111   0.81046    9.5629557511E-01
   3.77630   0.87687    9.4883991899E-01
   3.76033   0.94301    9.4083129416E-01
   3.74320   1.00886    9.3227956721E-01
   3.72492   1.07439    9.2319527383E-01
   3.70549   1.13960    9.1358960582E-01
   3.68492   1.20446    9.0347439733E-01
   3.66321   1.26894    8.9286211024E-01
   3.64038   1.33303    8.8176581883E-01
   3.61642   1.39672    8.7019919371E-01
   3.59135   1.45997    8.5817648488E-01
   3.56518   1.52277    8.4571250427E-01
   3.53790   1.58511    8.3282260745E-01
   3.50954   1.64695    8.1952267472E-01
   3.48010   1.70829    8.0582909152E-01
   3.44958   1.76910    7.9175872829E-01
   3.41800   1.82937    7.7732891966E-01
   3.38537   1.88907    7.6255744307E-01
   3.35169   1.94820    7.4746249693E-01
   3.31699   2.00672    7.3206267813E-01
   3.28126   2.06462    7.1637695918E-01
   3.24452   2.12189    7.0042466481E-01
   3.20678   2.17850    6.8422544818E-01
   3.16806   2.23445    6.6779926665E-01
   3.12835   2.28970    6.5116635720E-01
   3.08769   2.34425    6.3434721149E-01
   3.04607   2.39808    6.1736255064E-01
   3.00352   2.45117    6.0023329966E-01
   2.96003   2.50350    5.8298056172E-01
   2.91564   2.55506    5.6562559212E-01
   2.87035   2.60584    5.4818977208E-01
   2.82418   2.65581    5.3069458247E-01
   2.77713   2.70497    5.1316157728E-01
   2.72923   2.75329    4.9561235708E-01
   2.68049   2.80076    4.7806854244E-01
   2.63093   2.84738    4.6055174725E-01
   2.58055   2.89311    4.4308355213E-01
   2.52938   2.93795    4.2568547781E-01
   2.47743   2.98189    4.0837895863E-01
   2.42472   3.02491    3.9118531616E-01
   2.37126   3.06700    3.7412573288E-01
   2.31707   3.10814    3.5722122611E-01
   2.26216   3.14833    3.4049262214E-01
   2.20656   3.18754    3.2396053052E-01
   2.15028   3.22578    3.0764531871E-01
   2.09334   3.26302    2.9156708699E-01
   2.03575   3.29925    2.7574564365E-01
   1.97753   3.33447    2.6020048064E-01
   1.91871   3.36866    2.4495074954E-01
   1.85929   3.40182    2.3001523794E-01
   1.79931   3.43392    2.1541234632E-01
   1.73876   3.46497    2.0116006537E-01
   1.67769   3.49495    1.8727595385E-01
   1.61609   3.52386    1.7377711691E-01
   1.55400   3.55168    1.6068018506E-01
   1.49143   3.57840    1.4800129365E-01
   1.42840   3.60403    1.3575606303E-01
   1.36493   3.62854    1.2395957926E-01
   1.30104   3.65193    1.1262637556E-01
   1.23675   3.67421    1.0177041437E-01
   1.17207   3.69534    9.1405070194E-02
   1.10704   3.71535    8.1543113090E-02
   1.04167   3.73420    7.2196692940E-02
   0.97597   3.75191    6.3377324492E-02
   0.90997   3.76846    5.5095873167E-02
   0.84370   3.78385    4.7362541675E-02
   0.77716   3.79807    4.0186857444E-02
   0.71039   3.81113    3.3577660884E-02
   0.64339   3.82301    2.7543094495E-02
   0.57620   3.83371    2.2090592836E-02
   0.50883   3.84323    1.7226873362E-02
   0.44130   3.85157    1.2957928154E-02
   0.37364   3.85872    9.2890165331E-03
   0.30586   3.86468    6.2246585807E-03
   0.23799   3.86946    3.7686295721E-03
   0.17005   3.87304    1.9239553236E-03
   0.10205   3.87542    6.9290846547E-04
   0.03402   3.87662    7.7005641668E-05
  -0.03402   3.87662    7.7005641668E-05
  -0.10205   3.87542    6.9290846547E-04
  -0.17005   3.87304    1.9239553236E-03
  -0.23799   3.86946    3.7686295721E-03
  -0.30586   3.86468    6.2246585807E-03
  -0.37364   3.85872    9.2890165331E-03
  -0.44130   3.85157    1.2957928154E-02
  -0.50883   3.84323    1.7226873362E-02
  -0.57620   3.83371    2.2090592836E-02
  -0.64339   3.82301    2.7543094495E-02
  -0.71039   3.81113    3.3577660884E-02
  -0.77716   3.79807    4.0186857444E-02
  -0.84370   3.78385    4.7362541675E-02
  -0.90997   3.76846    5.5095873167E-02
  -0.97597   3.75191    6.3377324492E-02
  -1.04167   3.73420    7.2196692940E-02
  -1.10704   3.71535    8.1543113090E-02
  -1.17207   3.69534    9.1405070194E-02
  -1.23675   3.67421    1.0177041437E-01
  -1.30104   3.65193    1.1262637556E-01
  -1.36493   3.62854    1.2395957926E-01
  -1.42840   3.60403    1.3575606303E-01
  -1.49143   3.57840    1.4800129365E-01
  -1.55400   3.55168    1.6068018506E-01
  -1.61609   3.52386    1.7377711691E-01
  -1.67769   3.49495    1.8727595385E-01
  -1.73876   3.46497    2.0116006537E-01
  -1.79931   3.43392    2.1541234632E-01
  -1.85929   3.40182    2.3001523794E-01
  -1.91871   3.36866    2.4495074954E-01
  -1.97753   3.33447    2.6020048064E-01
  -2.03575   3.29925    2.7574564365E-01
  -2.09334   3.26302    2.9156708699E-01
  -2.15028   3.22578    3.0764531871E-01
  -2.20656   3.18754    3.2396053052E-01
  -2.26216   3.14833    3.4049262214E-01
  -2.31707   3.10814    3.5722122611E-01
  -2.37126   3.06700    3.7412573288E-01
  -2.42472   3.02491    3.9118531616E-01
  -2.47743   2.98189    4.0837895863E-01
  -2.52938   2.93795    4.2568547781E-01
  -2.58055   2.89311    4.4308355213E-01
  -2.63093   2.84738    4.6055174725E-01
  -2.68049   2.80076    4.7806854244E-01
  -2.72923   2.75329    4.9561235708E-01
  -2.77713   2.70497    5.1316157728E-01
  -2.82418   2.65581    5.3069458247E-01
  -2.87035   2.60584    5.4818977208E-01
  -2.91564   2.55506    5.6562559212E-01
  -2.96003   2.50350    5.8298056172E-01
  -3.00352   2.45117    6.0023329966E-01
  -3.04607   2.39808    6.1736255064E-01
  -3.08769   2.34425    6.3434721149E-01
  -3.12835   2.28970    6.5116635720E-01
  -3.16806   2.23445    6.6779926665E-01
  -3.20678   2.17850    6.8422544818E-01
  -3.24452   2.12189    7.0042466481E-01
  -3.28126   2.06462    7.1637695918E-01
  -3.31699   2.00672    7.3206267813E-01
  -3.35169   1.94820    7.4746249693E-01
  -3.38537   1.88907    7.6255744307E-01
  -3.41800   1.82937    7.7732891966E-01
  -3.44958   1.76910    7.9175872829E-01
  -3.48010   1.70829    8.0582909152E-01
  -3.50954   1.64695    8.1952267472E-01
  -3.53790   1.58511    8.3282260745E-01
  -3.56518   1.52277    8.4571250427E-01
  -3.59135   1.45997    8.5817648488E-01
  -3.61642   1.39672    8.7019919371E-01
  -3.64038   1.33303    8.8176581883E-01
  -3.66321   1.26894    8.9286211024E-01
  -3.68492   1.20446    9.0347439733E-01
  -3.70549   1.13960    9.1358960582E-01
  -3.72492   1.07439    9.2319527383E-01
  -3.74320   1.00886    9.3227956721E-01
  -3.76033   0.94301    9.4083129416E-01
  -3.77630   0.87687    9.4883991899E-01
  -3.79111   0.81046    9.5629557511E-01
  -3.80474   0.74380    9.6318907718E-01
  -3.81721   0.67692    9.6951193245E-01
  -3.82850   0.60982    9.7525635117E-01
  -3.83862   0.54254    9.8041525627E-01
  -3.84755   0.47509    9.8498229199E-01
  -3.85529   0.40749    9.8895183176E-01
  -3.86185   0.33977    9.9231898512E-01
  -3.86722   0.27194    9.9507960377E-01
  -3.87140   0.20403    9.9723028663E-01
  -3.87438   0.13605    9.9876838406E-01
  -3.87617   0.06804    9.9969200115E-01
  -3.87677   0.00000    1.0000000000E+00

   3.93939   0.00000********************
   3.93879   0.06914    9.9969200115E-01
   3.93697   0.13825    9.9876838406E-01
   3.93393   0.20732    9.9723028663E-01
   3.92969   0.27633    9.9507960377E-01
   3.92424   0.34525    9.9231898512E-01
   3.91757   0.41407    9.8895183176E-01
   3.90970   0.48276    9.8498229199E-01
   3.90063   0.55130    9.8041525627E-01
   3.89035   0.61967    9.7525635117E-01
   3.87888   0.68785    9.6951193245E-01
   3.86621   0.75582    9.6318907718E-01
   3.85235   0.82355    9.5629557511E-01
   3.83730   0.89104    9.4883991899E-01
   3.82107   0.95824    9.4083129416E-01
   3.80367   1.02515    9.3227956721E-01
   3.78509   1.09175    9.2319527383E-01
   3.76535   1.15801    9.1358960582E-01
   3.74444   1.22391    9.0347439733E-01
   3.72239   1.28944    8.9286211024E-01
   3.69918   1.35457    8.8176581883E-01
   3.67484   1.41928    8.7019919371E-01
   3.64937   1.48355    8.5817648488E-01
   3.62277   1.54737    8.4571250427E-01
   3.59506   1.61071    8.3282260745E-01
   3.56623   1.67356    8.1952267472E-01
   3.53631   1.73589    8.0582909152E-01
   3.50531   1.79768    7.9175872829E-01
   3.47322   1.85892    7.7732891966E-01
   3.44006   1.91959    7.6255744307E-01
   3.40584   1.97967    7.4746249693E-01
   3.37057   2.03914    7.3206267813E-01
   3.33427   2.09797    7.1637695918E-01
   3.29693   2.15617    7.0042466481E-01
   3.25858   2.21370    6.8422544818E-01
   3.21923   2.27054    6.6779926665E-01
   3.17889   2.32669    6.5116635720E-01
   3.13757   2.38212    6.3434721149E-01
   3.09528   2.43682    6.1736255064E-01
   3.05203   2.49076    6.0023329966E-01
   3.00785   2.54394    5.8298056172E-01
   2.96274   2.59634    5.6562559212E-01
   2.91672   2.64794    5.4818977208E-01
   2.86980   2.69872    5.3069458247E-01
   2.82200   2.74867    5.1316157728E-01
   2.77332   2.79777    4.9561235708E-01
   2.72380   2.84601    4.7806854244E-01
   2.67343   2.89337    4.6055174725E-01
   2.62224   2.93985    4.4308355213E-01
   2.57024   2.98541    4.2568547781E-01
   2.51745   3.03006    4.0837895863E-01
   2.46389   3.07377    3.9118531616E-01
   2.40956   3.11654    3.7412573288E-01
   2.35450   3.15835    3.5722122611E-01
   2.29871   3.19918    3.4049262214E-01
   2.24221   3.23903    3.2396053052E-01
   2.18502   3.27789    3.0764531871E-01
   2.12715   3.31573    2.9156708699E-01
   2.06863   3.35255    2.7574564365E-01
   2.00948   3.38834    2.6020048064E-01
   1.94970   3.42308    2.4495074954E-01
   1.88933   3.45677    2.3001523794E-01
   1.82837   3.48940    2.1541234632E-01
   1.76685   3.52095    2.0116006537E-01
   1.70479   3.55141    1.8727595385E-01
   1.64220   3.58078    1.7377711691E-01
   1.57910   3.60905    1.6068018506E-01
   1.51552   3.63621    1.4800129365E-01
   1.45147   3.66225    1.3575606303E-01
   1.38698   3.68716    1.2395957926E-01
   1.32205   3.71093    1.1262637556E-01
   1.25672   3.73356    1.0177041437E-01
   1.19101   3.75504    9.1405070194E-02
   1.12492   3.77536    8.1543113090E-02
   1.05849   3.79452    7.2196692940E-02
   0.99174   3.81252    6.3377324492E-02
   0.92467   3.82933    5.5095873167E-02
   0.85733   3.84497    4.7362541675E-02
   0.78972   3.85943    4.0186857444E-02
   0.72186   3.87269    3.3577660884E-02
   0.65379   3.88476    2.7543094495E-02
   0.58551   3.89564    2.2090592836E-02
   0.51705   3.90531    1.7226873362E-02
   0.44843   3.91379    1.2957928154E-02
   0.37968   3.92105    9.2890165331E-03
   0.31080   3.92711    6.2246585807E-03
   0.24184   3.93196    3.7686295721E-03
   0.17279   3.93560    1.9239553236E-03
   0.10370   3.93803    6.9290846547E-04
   0.03457   3.93924    7.7005641668E-05
  -0.03457   3.93924    7.7005641668E-05
  -0.10370   3.93803    6.9290846547E-04
  -0.17279   3.93560    1.9239553236E-03
  -0.24184   3.93196    3.7686295721E-03
  -0.31080   3.92711    6.2246585807E-03
  -0.37968   3.92105    9.2890165331E-03
  -0.44843   3.91379    1.2957928154E-02
  -0.51705   3.90531    1.7226873362E-02
  -0.58551   3.89564    2.2090592836E-02
  -0.65379   3.88476    2.7543094495E-02
  -0.72186   3.87269    3.3577660884E-02
  -0.78972   3.85943    4.0186857444E-02
  -0.85733   3.84497    4.7362541675E-02
  -0.92467   3.82933    5.5095873167E-02
  -0.99174   3.81252    6.3377324492E-02
  -1.05849   3.79452    7.2196692940E-02
  -1.12492   3.77536    8.1543113090E-02
  -1.19101   3.75504    9.1405070194E-02
  -1.25672   3.73356    1.0177041437E-01
  -1.32205   3.71093    1.1262637556E-01
  -1.38698   3.68716    1.2395957926E-01
  -1.45147   3.66225    1.3575606303E-01
  -1.51552   3.63621    1.4800129365E-01
  -1.57910   3.60905    1.6068018506E-01
  -1.64220   3.58078    1.7377711691E-01
  -1.70479   3.55141    1.8727595385E-01
  -1.76685   3.52095    2.0116006537E-01
  -1.82837   3.48940    2.1541234632E-01
  -1.88933   3.45677    2.3001523794E-01
  -1.94970   3.42308    2.4495074954E-01
  -2.00948   3.38834    2.6020048064E-01
  -2.06863   3.35255    2.7574564365E-01
  -2.12715   3.31573    2.9156708699E-01
  -2.18502   3.27789    3.0764531871E-01
  -2.24221   3.23903    3.2396053052E-01
  -2.29871   3.19918    3.4049262214E-01
  -2.35450   3.15835    3.5722122611E-01
  -2.40956   3.11654    3.7412573288E-01
  -2.46389   3.07377    3.9118531616E-01
  -2.51745   3.03006    4.0837895863E-01
  -2.57024   2.98541    4.2568547781E-01
  -2.62224   2.93985    4.4308355213E-01
  -2.67343   2.89337    4.6055174725E-01
  -2.72380   2.84601    4.7806854244E-01
  -2.77332   2.79777    4.9561235708E-01
  -2.82200   2.74867    5.1316157728E-01
  -2.86980   2.69872    5.3069458247E-01
  -2.91672   2.64794    5.4818977208E-01
  -2.96274   2.59634    5.6562559212E-01
  -3.00785   2.54394    5.8298056172E-01
  -3.05203   2.49076    6.0023329966E-01
  -3.09528   2.43682    6.1736255064E-01
  -3.13757   2.38212    6.3434721149E-01
  -3.17889   2.32669    6.5116635720E-01
  -3.21923   2.27054    6.6779926665E-01
  -3.25858   2.21370    6.8422544818E-01
  -3.29693   2.15617    7.0042466481E-01
  -3.33427   2.09797    7.1637695918E-01
  -3.37057   2.03914    7.3206267813E-01
  -3.40584   1.97967    7.4746249693E-01
  -3.44006   1.91959    7.6255744307E-01
  -3.47322   1.85892    7.7732891966E-01
  -3.50531   1.79768    7.9175872829E-01
  -3.53631   1.73589    8.0582909152E-01
  -3.56623   1.67356    8.1952267472E-01
  -3.59506   1.61071    8.3282260745E-01
  -3.62277   1.54737    8.4571250427E-01
  -3.64937   1.48355    8.5817648488E-01
  -3.67484   1.41928    8.7019919371E-01
  -3.69918   1.35457    8.8176581883E-01
  -3.72239   1.28944    8.9286211024E-01
  -3.74444   1.22391    9.0347439733E-01
  -3.76535   1.15801    9.1358960582E-01
  -3.78509   1.09175    9.2319527383E-01
  -3.80367   1.02515    9.3227956721E-01
  -3.82107   0.95824    9.4083129416E-01
  -3.83730   0.89104    9.4883991899E-01
  -3.85235   0.82355    9.5629557511E-01
  -3.86621   0.75582    9.6318907718E-01
  -3.87888   0.68785    9.6951193245E-01
  -3.89035   0.61967    9.7525635117E-01
  -3.90063   0.55130    9.8041525627E-01
  -3.90970   0.48276    9.8498229199E-01
  -3.91757   0.41407    9.8895183176E-01
  -3.92424   0.34525    9.9231898512E-01
  -3.92969   0.27633    9.9507960377E-01
  -3.93393   0.20732    9.9723028663E-01
  -3.93697   0.13825    9.9876838406E-01
  -3.93879   0.06914    9.9969200115E-01
  -3.93939   0.00000    1.0000000000E+00

   4.00202   0.00000********************
   4.00140   0.07024    9.9969200115E-01
   3.99955   0.14045    9.9876838406E-01
   3.99647   0.21062    9.9723028663E-01
   3.99216   0.28072    9.9507960377E-01
   3.98662   0.35074    9.9231898512E-01
   3.97985   0.42065    9.8895183176E-01
   3.97186   0.49043    9.8498229199E-01
   3.96264   0.56006    9.8041525627E-01
   3.95220   0.62952    9.7525635117E-01
   3.94054   0.69879    9.6951193245E-01
   3.92767   0.76783    9.6318907718E-01
   3.91359   0.83665    9.5629557511E-01
   3.89830   0.90520    9.4883991899E-01
   3.88182   0.97348    9.4083129416E-01
   3.86414   1.04145    9.3227956721E-01
   3.84526   1.10911    9.2319527383E-01
   3.82521   1.17642    9.1358960582E-01
   3.80397   1.24337    9.0347439733E-01
   3.78156   1.30994    8.9286211024E-01
   3.75799   1.37610    8.8176581883E-01
   3.73326   1.44184    8.7019919371E-01
   3.70738   1.50714    8.5817648488E-01
   3.68036   1.57197    8.4571250427E-01
   3.65221   1.63632    8.3282260745E-01
   3.62293   1.70016    8.1952267472E-01
   3.59253   1.76348    8.0582909152E-01
   3.56103   1.82626    7.9175872829E-01
   3.52843   1.88847    7.7732891966E-01
   3.49475   1.95011    7.6255744307E-01
   3.45998   2.01114    7.4746249693E-01
   3.42415   2.07155    7.3206267813E-01
   3.38727   2.13133    7.1637695918E-01
   3.34935   2.19044    7.0042466481E-01
   3.31039   2.24889    6.8422544818E-01
   3.27041   2.30664    6.6779926665E-01
   3.22943   2.36368    6.5116635720E-01
   3.18745   2.41999    6.3434721149E-01
   3.14448   2.47556    6.1736255064E-01
   3.10055   2.53036    6.0023329966E-01
   3.05567   2.58439    5.8298056172E-01
   3.00984   2.63761    5.6562559212E-01
   2.96309   2.69003    5.4818977208E-01
   2.91542   2.74162    5.3069458247E-01
   2.86686   2.79236    5.1316157728E-01
   2.81741   2.84224    4.9561235708E-01
   2.76710   2.89125    4.7806854244E-01
   2.71593   2.93937    4.6055174725E-01
   2.66393   2.98658    4.4308355213E-01
   2.61110   3.03287    4.2568547781E-01
   2.55747   3.07823    4.0837895863E-01
   2.50306   3.12264    3.9118531616E-01
   2.44787   3.16609    3.7412573288E-01
   2.39193   3.20856    3.5722122611E-01
   2.33525   3.25004    3.4049262214E-01
   2.27785   3.29053    3.2396053052E-01
   2.21975   3.33000    3.0764531871E-01
   2.16097   3.36844    2.9156708699E-01
   2.10152   3.40584    2.7574564365E-01
   2.04142   3.44220    2.6020048064E-01
   1.98070   3.47750    2.4495074954E-01
   1.91937   3.51172    2.3001523794E-01
   1.85744   3.54487    2.1541234632E-01
   1.79494   3.57692    2.0116006537E-01
   1.73189   3.60787    1.8727595385E-01
   1.66831   3.63771    1.7377711691E-01
   1.60421   3.66643    1.6068018506E-01
   1.53961   3.69402    1.4800129365E-01
   1.47455   3.72047    1.3575606303E-01
   1.40903   3.74577    1.2395957926E-01
   1.34307   3.76992    1.1262637556E-01
   1.27670   3.79291    1.0177041437E-01
   1.20994   3.81474    9.1405070194E-02
   1.14281   3.83538    8.1543113090E-02
   1.07532   3.85485    7.2196692940E-02
   1.00750   3.87313    6.3377324492E-02
   0.93937   3.89021    5.5095873167E-02
   0.87096   3.90610    4.7362541675E-02
   0.80227   3.92078    4.0186857444E-02
   0.73334   3.93426    3.3577660884E-02
   0.66418   3.94652    2.7543094495E-02
   0.59482   3.95757    2.2090592836E-02
   0.52527   3.96740    1.7226873362E-02
   0.45556   3.97601    1.2957928154E-02
   0.38571   3.98339    9.2890165331E-03
   0.31575   3.98955    6.2246585807E-03
   0.24568   3.99447    3.7686295721E-03
   0.17554   3.99817    1.9239553236E-03
   0.10535   4.00063    6.9290846547E-04
   0.03512   4.00187    7.7005641668E-05
  -0.03512   4.00187    7.7005641668E-05
  -0.10535   4.00063    6.9290846547E-04
  -0.17554   3.99817    1.9239553236E-03
  -0.24568   3.99447    3.7686295721E-03
  -0.31575   3.98955    6.2246585807E-03
  -0.38571   3.98339    9.2890165331E-03
  -0.45556   3.97601    1.2957928154E-02
  -0.52527   3.96740    1.7226873362E-02
  -0.59482   3.95757    2.2090592836E-02
  -0.66418   3.94652    2.7543094495E-02
  -0.73334   3.93426    3.3577660884E-02
  -0.80227   3.92078    4.0186857444E-02
  -0.87096   3.90610    4.7362541675E-02
  -0.93937   3.89021    5.5095873167E-02
  -1.00750   3.87313    6.3377324492E-02
  -1.07532   3.85485    7.2196692940E-02
  -1.14281   3.83538    8.1543113090E-02
  -1.20994   3.81474    9.1405070194E-02
  -1.27670   3.79291    1.0177041437E-01
  -1.34307   3.76992    1.1262637556E-01
  -1.40903   3.74577    1.2395957926E-01
  -1.47455   3.72047    1.3575606303E-01
  -1.53961   3.69402    1.4800129365E-01
  -1.60421   3.66643    1.6068018506E-01
  -1.66831   3.63771    1.7377711691E-01
  -1.73189   3.60787    1.8727595385E-01
  -1.79494   3.57692    2.0116006537E-01
  -1.85744   3.54487    2.1541234632E-01
  -1.91937   3.51172    2.3001523794E-01
  -1.98070   3.47750    2.4495074954E-01
  -2.04142   3.44220    2.6020048064E-01
  -2.10152   3.40584    2.7574564365E-01
  -2.16097   3.36844    2.9156708699E-01
  -2.21975   3.33000    3.0764531871E-01
  -2.27785   3.29053    3.2396053052E-01
  -2.33525   3.25004    3.4049262214E-01
  -2.39193   3.20856    3.5722122611E-01
  -2.44787   3.16609    3.7412573288E-01
  -2.50306   3.12264    3.9118531616E-01
  -2.55747   3.07823    4.0837895863E-01
  -2.61110   3.03287    4.2568547781E-01
  -2.66393   2.98658    4.4308355213E-01
  -2.71593   2.93937    4.6055174725E-01
  -2.76710   2.89125    4.7806854244E-01
  -2.81741   2.84224    4.9561235708E-01
  -2.86686   2.79236    5.1316157728E-01
  -2.91542   2.74162    5.3069458247E-01
  -2.96309   2.69003    5.4818977208E-01
  -3.00984   2.63761    5.6562559212E-01
  -3.05567   2.58439    5.8298056172E-01
  -3.10055   2.53036    6.0023329966E-01
  -3.14448   2.47556    6.1736255064E-01
  -3.18745   2.41999    6.3434721149E-01
  -3.22943   2.36368    6.5116635720E-01
  -3.27041   2.30664    6.6779926665E-01
  -3.31039   2.24889    6.8422544818E-01
  -3.34935   2.19044    7.0042466481E-01
  -3.38727   2.13133    7.1637695918E-01
  -3.42415   2.07155    7.3206267813E-01
  -3.45998   2.01114    7.4746249693E-01
  -3.49475   1.95011    7.6255744307E-01
  -3.52843   1.88847    7.7732891966E-01
  -3.56103   1.82626    7.9175872829E-01
  -3.59253   1.76348    8.0582909152E-01
  -3.62293   1.70016    8.1952267472E-01
  -3.65221   1.63632    8.3282260745E-01
  -3.68036   1.57197    8.4571250427E-01
  -3.70738   1.50714    8.5817648488E-01
  -3.73326   1.44184    8.7019919371E-01
  -3.75799   1.37610    8.8176581883E-01
  -3.78156   1.30994    8.9286211024E-01
  -3.80397   1.24337    9.0347439733E-01
  -3.82521   1.17642    9.1358960582E-01
  -3.84526   1.10911    9.2319527383E-01
  -3.86414   1.04145    9.3227956721E-01
  -3.88182   0.97348    9.4083129416E-01
  -3.89830   0.90520    9.4883991899E-01
  -3.91359   0.83665    9.5629557511E-01
  -3.92767   0.76783    9.6318907718E-01
  -3.94054   0.69879    9.6951193245E-01
  -3.95220   0.62952    9.7525635117E-01
  -3.96264   0.56006    9.8041525627E-01
  -3.97186   0.49043    9.8498229199E-01
  -3.97985   0.42065    9.8895183176E-01
  -3.98662   0.35074    9.9231898512E-01
  -3.99216   0.28072    9.9507960377E-01
  -3.99647   0.21062    9.9723028663E-01
  -3.99955   0.14045    9.9876838406E-01
  -4.00140   0.07024    9.9969200115E-01
  -4.00202   0.00000    1.0000000000E+00

   4.06465   0.00000********************
   4.06402   0.07133    9.9969200115E-01
   4.06214   0.14265    9.9876838406E-01
   4.05901   0.21391    9.9723028663E-01
   4.05463   0.28512    9.9507960377E-01
   4.04901   0.35623    9.9231898512E-01
   4.04213   0.42724    9.8895183176E-01
   4.03401   0.49811    9.8498229199E-01
   4.02465   0.56883    9.8041525627E-01
   4.01404   0.63937    9.7525635117E-01
   4.00221   0.70972    9.6951193245E-01
   3.98913   0.77985    9.6318907718E-01
   3.97483   0.84974    9.5629557511E-01
   3.95931   0.91937    9.4883991899E-01
   3.94256   0.98871    9.4083129416E-01
   3.92460   1.05775    9.3227956721E-01
   3.90544   1.12646    9.2319527383E-01
   3.88507   1.19483    9.1358960582E-01
   3.86350   1.26283    9.0347439733E-01
   3.84074   1.33044    8.9286211024E-01
   3.81680   1.39764    8.8176581883E-01
   3.79168   1.46441    8.7019919371E-01
   3.76540   1.53072    8.5817648488E-01
   3.73796   1.59657    8.4571250427E-01
   3.70936   1.66193    8.3282260745E-01
   3.67962   1.72677    8.1952267472E-01
   3.64875   1.79108    8.0582909152E-01
   3.61676   1.85484    7.9175872829E-01
   3.58365   1.91803    7.7732891966E-01
   3.54943   1.98062    7.6255744307E-01
   3.51413   2.04261    7.4746249693E-01
   3.47774   2.10397    7.3206267813E-01
   3.44028   2.16468    7.1637695918E-01
   3.40176   2.22472    7.0042466481E-01
   3.36219   2.28408    6.8422544818E-01
   3.32159   2.34273    6.6779926665E-01
   3.27996   2.40067    6.5116635720E-01
   3.23732   2.45786    6.3434721149E-01
   3.19369   2.51430    6.1736255064E-01
   3.14907   2.56996    6.0023329966E-01
   3.10349   2.62483    5.8298056172E-01
   3.05694   2.67889    5.6562559212E-01
   3.00946   2.73213    5.4818977208E-01
   2.96105   2.78452    5.3069458247E-01
   2.91172   2.83606    5.1316157728E-01
   2.86150   2.88672    4.9561235708E-01
   2.81040   2.93650    4.7806854244E-01
   2.75843   2.98537    4.6055174725E-01
   2.70561   3.03332    4.4308355213E-01
   2.65196   3.08033    4.2568547781E-01
   2.59749   3.12640    4.0837895863E-01
   2.54223   3.17150    3.9118531616E-01
   2.48617   3.21563    3.7412573288E-01
   2.42936   3.25877    3.5722122611E-01
   2.37179   3.30090    3.4049262214E-01
   2.31350   3.34202    3.2396053052E-01
   2.25449   3.38211    3.0764531871E-01
   2.19479   3.42115    2.9156708699E-01
   2.13441   3.45914    2.7574564365E-01
   2.07337   3.49607    2.6020048064E-01
   2.01170   3.53192    2.4495074954E-01
   1.94940   3.56668    2.3001523794E-01
   1.88651   3.60034    2.1541234632E-01
   1.82303   3.63289    2.0116006537E-01
   1.75899   3.66433    1.8727595385E-01
   1.69441   3.69463    1.7377711691E-01
   1.62931   3.72380    1.6068018506E-01
   1.56371   3.75182    1.4800129365E-01
   1.49762   3.77869    1.3575606303E-01
   1.43108   3.80439    1.2395957926E-01
   1.36409   3.82892    1.1262637556E-01
   1.29668   3.85227    1.0177041437E-01
   1.22888   3.87443    9.1405070194E-02
   1.16069   3.89540    8.1543113090E-02
   1.09215   3.91517    7.2196692940E-02
   1.02327   3.93374    6.3377324492E-02
   0.95407   3.95109    5.5095873167E-02
   0.88459   3.96722    4.7362541675E-02
   0.81483   3.98214    4.0186857444E-02
   0.74481   3.99582    3.3577660884E-02
   0.67457   4.00828    2.7543094495E-02
   0.60412   4.01950    2.2090592836E-02
   0.53349   4.02948    1.7226873362E-02
   0.46269   4.03823    1.2957928154E-02
   0.39175   4.04572    9.2890165331E-03
   0.32069   4.05198    6.2246585807E-03
   0.24953   4.05698    3.7686295721E-03
   0.17829   4.06073    1.9239553236E-03
   0.10699   4.06324    6.9290846547E-04
   0.03567   4.06449    7.7005641668E-05
  -0.03567   4.06449    7.7005641668E-05
  -0.10699   4.06324    6.9290846547E-04
  -0.17829   4.06073    1.9239553236E-03
  -0.24953   4.05698    3.7686295721E-03
  -0.32069   4.05198    6.2246585807E-03
  -0.39175   4.04572    9.2890165331E-03
  -0.46269   4.03823    1.2957928154E-02
  -0.53349   4.02948    1.7226873362E-02
  -0.60412   4.01950    2.2090592836E-02
  -0.67457   4.00828    2.7543094495E-02
  -0.74481   3.99582    3.3577660884E-02
  -0.81483   3.98214    4.0186857444E-02
  -0.88459   3.96722    4.7362541675E-02
  -0.95407   3.95109    5.5095873167E-02
  -1.02327   3.93374    6.3377324492E-02
  -1.09215   3.91517    7.2196692940E-02
  -1.16069   3.89540    8.1543113090E-02
  -1.22888   3.87443    9.1405070194E-02
  -1.29668   3.85227    1.0177041437E-01
  -1.36409   3.82892    1.1262637556E-01
  -1.43108   3.80439    1.2395957926E-01
  -1.49762   3.77869    1.3575606303E-01
  -1.56371   3.75182    1.4800129365E-01
  -1.62931   3.72380    1.6068018506E-01
  -1.69441   3.69463    1.7377711691E-01
  -1.75899   3.66433    1.8727595385E-01
  -1.82303   3.63289    2.0116006537E-01
  -1.88651   3.60034    2.1541234632E-01
  -1.94940   3.56668    2.3001523794E-01
  -2.01170   3.53192    2.4495074954E-01
  -2.07337   3.49607    2.6020048064E-01
  -2.13441   3.45914    2.7574564365E-01
  -2.19479   3.42115    2.9156708699E-01
  -2.25449   3.38211    3.0764531871E-01
  -2.31350   3.34202    3.2396053052E-01
  -2.37179   3.30090    3.4049262214E-01
  -2.42936   3.25877    3.5722122611E-01
  -2.48617   3.21563    3.7412573288E-01
  -2.54223   3.17150    3.9118531616E-01
  -2.59749   3.12640    4.0837895863E-01
  -2.65196   3.08033    4.2568547781E-01
  -2.70561   3.03332    4.4308355213E-01
  -2.75843   2.98537    4.6055174725E-01
  -2.81040   2.93650    4.7806854244E-01
  -2.86150   2.88672    4.9561235708E-01
  -2.91172   2.83606    5.1316157728E-01
  -2.96105   2.78452    5.3069458247E-01
  -3.00946   2.73213    5.4818977208E-01
  -3.05694   2.67889    5.6562559212E-01
  -3.10349   2.62483    5.8298056172E-01
  -3.14907   2.56996    6.0023329966E-01
  -3.19369   2.51430    6.1736255064E-01
  -3.23732   2.45786    6.3434721149E-01
  -3.27996   2.40067    6.5116635720E-01
  -3.32159   2.34273    6.6779926665E-01
  -3.36219   2.28408    6.8422544818E-01
  -3.40176   2.22472    7.0042466481E-01
  -3.44028   2.16468    7.1637695918E-01
  -3.47774   2.10397    7.3206267813E-01
  -3.51413   2.04261    7.4746249693E-01
  -3.54943   1.98062    7.6255744307E-01
  -3.58365   1.91803    7.7732891966E-01
  -3.61676   1.85484    7.9175872829E-01
  -3.64875   1.79108    8.0582909152E-01
  -3.67962   1.72677    8.1952267472E-01
  -3.70936   1.66193    8.3282260745E-01
  -3.73796   1.59657    8.4571250427E-01
  -3.76540   1.53072    8.5817648488E-01
  -3.79168   1.46441    8.7019919371E-01
  -3.81680   1.39764    8.8176581883E-01
  -3.84074   1.33044    8.9286211024E-01
  -3.86350   1.26283    9.0347439733E-01
  -3.88507   1.19483    9.1358960582E-01
  -3.90544   1.12646    9.2319527383E-01
  -3.92460   1.05775    9.3227956721E-01
  -3.94256   0.98871    9.4083129416E-01
  -3.95931   0.91937    9.4883991899E-01
  -3.97483   0.84974    9.5629557511E-01
  -3.98913   0.77985    9.6318907718E-01
  -4.00221   0.70972    9.6951193245E-01
  -4.01404   0.63937    9.7525635117E-01
  -4.02465   0.56883    9.8041525627E-01
  -4.03401   0.49811    9.8498229199E-01
  -4.04213   0.42724    9.8895183176E-01
  -4.04901   0.35623    9.9231898512E-01
  -4.05463   0.28512    9.9507960377E-01
  -4.05901   0.21391    9.9723028663E-01
  -4.06214   0.14265    9.9876838406E-01
  -4.06402   0.07133    9.9969200115E-01
  -4.06465   0.00000    1.0000000000E+00

   4.12727   0.00000********************
   4.12664   0.07243    9.9969200115E-01
   4.12473   0.14484    9.9876838406E-01
   4.12155   0.21721    9.9723028663E-01
   4.11711   0.28951    9.9507960377E-01
   4.11139   0.36172    9.9231898512E-01
   4.10441   0.43382    9.8895183176E-01
   4.09616   0.50578    9.8498229199E-01
   4.08666   0.57759    9.8041525627E-01
   4.07589   0.64922    9.7525635117E-01
   4.06387   0.72066    9.6951193245E-01
   4.05060   0.79187    9.6318907718E-01
   4.03608   0.86283    9.5629557511E-01
   4.02031   0.93353    9.4883991899E-01
   4.00331   1.00394    9.4083129416E-01
   3.98507   1.07405    9.3227956721E-01
   3.96561   1.14382    9.2319527383E-01
   3.94492   1.21324    9.1358960582E-01
   3.92303   1.28228    9.0347439733E-01
   3.89992   1.35094    8.9286211024E-01
   3.87561   1.41917    8.8176581883E-01
   3.85010   1.48697    8.7019919371E-01
   3.82342   1.55431    8.5817648488E-01
   3.79555   1.62117    8.4571250427E-01
   3.76651   1.68753    8.3282260745E-01
   3.73632   1.75337    8.1952267472E-01
   3.70497   1.81868    8.0582909152E-01
   3.67248   1.88342    7.9175872829E-01
   3.63886   1.94758    7.7732891966E-01
   3.60412   2.01114    7.6255744307E-01
   3.56827   2.07408    7.4746249693E-01
   3.53132   2.13639    7.3206267813E-01
   3.49328   2.19803    7.1637695918E-01
   3.45417   2.25900    7.0042466481E-01
   3.41399   2.31927    6.8422544818E-01
   3.37277   2.37883    6.6779926665E-01
   3.33050   2.43766    6.5116635720E-01
   3.28720   2.49573    6.3434721149E-01
   3.24290   2.55304    6.1736255064E-01
   3.19759   2.60956    6.0023329966E-01
   3.15130   2.66527    5.8298056172E-01
   3.10404   2.72017    5.6562559212E-01
   3.05583   2.77422    5.4818977208E-01
   3.00667   2.82742    5.3069458247E-01
   2.95658   2.87976    5.1316157728E-01
   2.90559   2.93120    4.9561235708E-01
   2.85370   2.98174    4.7806854244E-01
   2.80093   3.03136    4.6055174725E-01
   2.74730   3.08005    4.4308355213E-01
   2.69282   3.12779    4.2568547781E-01
   2.63751   3.17457    4.0837895863E-01
   2.58139   3.22037    3.9118531616E-01
   2.52448   3.26518    3.7412573288E-01
   2.46679   3.30898    3.5722122611E-01
   2.40834   3.35176    3.4049262214E-01
   2.34914   3.39351    3.2396053052E-01
   2.28922   3.43422    3.0764531871E-01
   2.22860   3.47386    2.9156708699E-01
   2.16729   3.51244    2.7574564365E-01
   2.10532   3.54993    2.6020048064E-01
   2.04269   3.58633    2.4495074954E-01
   1.97944   3.62163    2.3001523794E-01
   1.91557   3.65581    2.1541234632E-01
   1.85112   3.68887    2.0116006537E-01
   1.78609   3.72079    1.8727595385E-01
   1.72052   3.75156    1.7377711691E-01
   1.65441   3.78118    1.6068018506E-01
   1.58780   3.80963    1.4800129365E-01
   1.52070   3.83691    1.3575606303E-01
   1.45313   3.86300    1.2395957926E-01
   1.38511   3.88791    1.1262637556E-01
   1.31666   3.91162    1.0177041437E-01
   1.24781   3.93413    9.1405070194E-02
   1.17857   3.95542    8.1543113090E-02
   1.10898   3.97549    7.2196692940E-02
   1.03903   3.99434    6.3377324492E-02
   0.96877   4.01196    5.5095873167E-02
   0.89822   4.02835    4.7362541675E-02
   0.82738   4.04349    4.0186857444E-02
   0.75629   4.05739    3.3577660884E-02
   0.68497   4.07004    2.7543094495E-02
   0.61343   4.08143    2.2090592836E-02
   0.54171   4.09157    1.7226873362E-02
   0.46982   4.10045    1.2957928154E-02
   0.39778   4.10806    9.2890165331E-03
   0.32563   4.11441    6.2246585807E-03
   0.25337   4.11949    3.7686295721E-03
   0.18103   4.12330    1.9239553236E-03
   0.10864   4.12584    6.9290846547E-04
   0.03622   4.12711    7.7005641668E-05
  -0.03622   4.12711    7.7005641668E-05
  -0.10864   4.12584    6.9290846547E-04
  -0.18103   4.12330    1.9239553236E-03
  -0.25337   4.11949    3.7686295721E-03
  -0.32563   4.11441    6.2246585807E-03
  -0.39778   4.10806    9.2890165331E-03
  -0.46982   4.10045    1.2957928154E-02
  -0.54171   4.09157    1.7226873362E-02
  -0.61343   4.08143    2.2090592836E-02
  -0.68497   4.07004    2.7543094495E-02
  -0.75629   4.05739    3.3577660884E-02
  -0.82738   4.04349    4.0186857444E-02
  -0.89822   4.02835    4.7362541675E-02
  -0.96877   4.01196    5.5095873167E-02
  -1.03903   3.99434    6.3377324492E-02
  -1.10898   3.97549    7.2196692940E-02
  -1.17857   3.95542    8.1543113090E-02
  -1.24781   3.93413    9.1405070194E-02
  -1.31666   3.91162    1.0177041437E-01
  -1.38511   3.88791    1.1262637556E-01
  -1.45313   3.86300    1.2395957926E-01
  -1.52070   3.83691    1.3575606303E-01
  -1.58780   3.80963    1.4800129365E-01
  -1.65441   3.78118    1.6068018506E-01
  -1.72052   3.75156    1.7377711691E-01
  -1.78609   3.72079    1.8727595385E-01
  -1.85112   3.68887    2.0116006537E-01
  -1.91557   3.65581    2.1541234632E-01
  -1.97944   3.62163    2.3001523794E-01
  -2.04269   3.58633    2.4495074954E-01
  -2.10532   3.54993    2.6020048064E-01
  -2.16729   3.51244    2.7574564365E-01
  -2.22860   3.47386    2.9156708699E-01
  -2.28922   3.43422    3.0764531871E-01
  -2.34914   3.39351    3.2396053052E-01
  -2.40834   3.35176    3.4049262214E-01
  -2.46679   3.30898    3.5722122611E-01
  -2.52448   3.26518    3.7412573288E-01
  -2.58139   3.22037    3.9118531616E-01
  -2.63751   3.17457    4.0837895863E-01
  -2.69282   3.12779    4.2568547781E-01
  -2.74730   3.08005    4.4308355213E-01
  -2.80093   3.03136    4.6055174725E-01
  -2.85370   2.98174    4.7806854244E-01
  -2.90559   2.93120    4.9561235708E-01
  -2.95658   2.87976    5.1316157728E-01
  -3.00667   2.82742    5.3069458247E-01
  -3.05583   2.77422    5.4818977208E-01
  -3.10404   2.72017    5.6562559212E-01
  -3.15130   2.66527    5.8298056172E-01
  -3.19759   2.60956    6.0023329966E-01
  -3.24290   2.55304    6.1736255064E-01
  -3.28720   2.49573    6.3434721149E-01
  -3.33050   2.43766    6.5116635720E-01
  -3.37277   2.37883    6.6779926665E-01
  -3.41399   2.31927    6.8422544818E-01
  -3.45417   2.25900    7.0042466481E-01
  -3.49328   2.19803    7.1637695918E-01
  -3.53132   2.13639    7.3206267813E-01
  -3.56827   2.07408    7.4746249693E-01
  -3.60412   2.01114    7.6255744307E-01
  -3.63886   1.94758    7.7732891966E-01
  -3.67248   1.88342    7.9175872829E-01
  -3.70497   1.81868    8.0582909152E-01
  -3.73632   1.75337    8.1952267472E-01
  -3.76651   1.68753    8.3282260745E-01
  -3.79555   1.62117    8.4571250427E-01
  -3.82342   1.55431    8.5817648488E-01
  -3.85010   1.48697    8.7019919371E-01
  -3.87561   1.41917    8.8176581883E-01
  -3.89992   1.35094    8.9286211024E-01
  -3.92303   1.28228    9.0347439733E-01
  -3.94492   1.21324    9.1358960582E-01
  -3.96561   1.14382    9.2319527383E-01
  -3.98507   1.07405    9.3227956721E-01
  -4.00331   1.00394    9.4083129416E-01
  -4.02031   0.93353    9.4883991899E-01
  -4.03608   0.86283    9.5629557511E-01
  -4.05060   0.79187    9.6318907718E-01
  -4.06387   0.72066    9.6951193245E-01
  -4.07589   0.64922    9.7525635117E-01
  -4.08666   0.57759    9.8041525627E-01
  -4.09616   0.50578    9.8498229199E-01
  -4.10441   0.43382    9.8895183176E-01
  -4.11139   0.36172    9.9231898512E-01
  -4.11711   0.28951    9.9507960377E-01
  -4.12155   0.21721    9.9723028663E-01
  -4.12473   0.14484    9.9876838406E-01
  -4.12664   0.07243    9.9969200115E-01
  -4.12727   0.00000    1.0000000000E+00

   4.18990   0.00000********************
   4.18925   0.07353    9.9969200115E-01
   4.18732   0.14704    9.9876838406E-01
   4.18409   0.22051    9.9723028663E-01
   4.17958   0.29390    9.9507960377E-01
   4.17378   0.36721    9.9231898512E-01
   4.16669   0.44040    9.8895183176E-01
   4.15832   0.51346    9.8498229199E-01
   4.14867   0.58636    9.8041525627E-01
   4.13774   0.65908    9.7525635117E-01
   4.12553   0.73159    9.6951193245E-01
   4.11206   0.80388    9.6318907718E-01
   4.09732   0.87592    9.5629557511E-01
   4.08131   0.94770    9.4883991899E-01
   4.06405   1.01918    9.4083129416E-01
   4.04554   1.09034    9.3227956721E-01
   4.02578   1.16117    9.2319527383E-01
   4.00478   1.23165    9.1358960582E-01
   3.98255   1.30174    9.0347439733E-01
   3.95909   1.37143    8.9286211024E-01
   3.93442   1.44071    8.8176581883E-01
   3.90852   1.50953    8.7019919371E-01
   3.88143   1.57789    8.5817648488E-01
   3.85314   1.64577    8.4571250427E-01
   3.82366   1.71314    8.3282260745E-01
   3.79301   1.77998    8.1952267472E-01
   3.76119   1.84627    8.0582909152E-01
   3.72821   1.91200    7.9175872829E-01
   3.69408   1.97713    7.7732891966E-01
   3.65881   2.04166    7.6255744307E-01
   3.62242   2.10555    7.4746249693E-01
   3.58491   2.16880    7.3206267813E-01
   3.54629   2.23138    7.1637695918E-01
   3.50658   2.29328    7.0042466481E-01
   3.46580   2.35446    6.8422544818E-01
   3.42394   2.41493    6.6779926665E-01
   3.38103   2.47464    6.5116635720E-01
   3.33708   2.53360    6.3434721149E-01
   3.29211   2.59177    6.1736255064E-01
   3.24611   2.64915    6.0023329966E-01
   3.19912   2.70571    5.8298056172E-01
   3.15114   2.76144    5.6562559212E-01
   3.10219   2.81632    5.4818977208E-01
   3.05229   2.87033    5.3069458247E-01
   3.00145   2.92345    5.1316157728E-01
   2.94968   2.97568    4.9561235708E-01
   2.89700   3.02699    4.7806854244E-01
   2.84343   3.07736    4.6055174725E-01
   2.78899   3.12679    4.4308355213E-01
   2.73368   3.17525    4.2568547781E-01
   2.67754   3.22274    4.0837895863E-01
   2.62056   3.26923    3.9118531616E-01
   2.56279   3.31472    3.7412573288E-01
   2.50422   3.35919    3.5722122611E-01
   2.44488   3.40262    3.4049262214E-01
   2.38479   3.44500    3.2396053052E-01
   2.32396   3.48632    3.0764531871E-01
   2.26242   3.52657    2.9156708699E-01
   2.20018   3.56574    2.7574564365E-01
   2.13726   3.60380    2.6020048064E-01
   2.07369   3.64075    2.4495074954E-01
   2.00947   3.67659    2.3001523794E-01
   1.94464   3.71128    2.1541234632E-01
   1.87921   3.74484    2.0116006537E-01
   1.81320   3.77724    1.8727595385E-01
   1.74663   3.80848    1.7377711691E-01
   1.67952   3.83855    1.6068018506E-01
   1.61189   3.86743    1.4800129365E-01
   1.54377   3.89513    1.3575606303E-01
   1.47518   3.92162    1.2395957926E-01
   1.40612   3.94691    1.1262637556E-01
   1.33664   3.97098    1.0177041437E-01
   1.26674   3.99382    9.1405070194E-02
   1.19646   4.01544    8.1543113090E-02
   1.12580   4.03582    7.2196692940E-02
   1.05480   4.05495    6.3377324492E-02
   0.98347   4.07284    5.5095873167E-02
   0.91185   4.08947    4.7362541675E-02
   0.83993   4.10485    4.0186857444E-02
   0.76777   4.11895    3.3577660884E-02
   0.69536   4.13179    2.7543094495E-02
   0.62274   4.14336    2.2090592836E-02
   0.54993   4.15365    1.7226873362E-02
   0.47695   4.16266    1.2957928154E-02
   0.40382   4.17039    9.2890165331E-03
   0.33057   4.17684    6.2246585807E-03
   0.25721   4.18200    3.7686295721E-03
   0.18378   4.18587    1.9239553236E-03
   0.11029   4.18845    6.9290846547E-04
   0.03677   4.18974    7.7005641668E-05
  -0.03677   4.18974    7.7005641668E-05
  -0.11029   4.18845    6.9290846547E-04
  -0.18378   4.18587    1.9239553236E-03
  -0.25721   4.18200    3.7686295721E-03
  -0.33057   4.17684    6.2246585807E-03
  -0.40382   4.17039    9.2890165331E-03
  -0.47695   4.16266    1.2957928154E-02
  -0.54993   4.15365    1.7226873362E-02
  -0.62274   4.14336    2.2090592836E-02
  -0.69536   4.13179    2.7543094495E-02
  -0.76777   4.11895    3.3577660884E-02
  -0.83993   4.10485    4.0186857444E-02
  -0.91185   4.08947    4.7362541675E-02
  -0.98347   4.07284    5.5095873167E-02
  -1.05480   4.05495    6.3377324492E-02
  -1.12580   4.03582    7.2196692940E-02
  -1.19646   4.01544    8.1543113090E-02
  -1.26674   3.99382    9.1405070194E-02
  -1.33664   3.97098    1.0177041437E-01
  -1.40612   3.94691    1.1262637556E-01
  -1.47518   3.92162    1.2395957926E-01
  -1.54377   3.89513    1.3575606303E-01
  -1.61189   3.86743    1.4800129365E-01
  -1.67952   3.83855    1.6068018506E-01
  -1.74663   3.80848    1.7377711691E-01
  -1.81320   3.77724    1.8727595385E-01
  -1.87921   3.74484    2.0116006537E-01
  -1.94464   3.71128    2.1541234632E-01
  -2.00947   3.67659    2.3001523794E-01
  -2.07369   3.64075    2.4495074954E-01
  -2.13726   3.60380    2.6020048064E-01
  -2.20018   3.56574    2.7574564365E-01
  -2.26242   3.52657    2.9156708699E-01
  -2.32396   3.48632    3.0764531871E-01
  -2.38479   3.44500    3.2396053052E-01
  -2.44488   3.40262    3.4049262214E-01
  -2.50422   3.35919    3.5722122611E-01
  -2.56279   3.31472    3.7412573288E-01
  -2.62056   3.26923    3.9118531616E-01
  -2.67754   3.22274    4.0837895863E-01
  -2.73368   3.17525    4.2568547781E-01
  -2.78899   3.12679    4.4308355213E-01
  -2.84343   3.07736    4.6055174725E-01
  -2.89700   3.02699    4.7806854244E-01
  -2.94968   2.97568    4.9561235708E-01
  -3.00145   2.92345    5.1316157728E-01
  -3.05229   2.87033    5.3069458247E-01
  -3.10219   2.81632    5.4818977208E-01
  -3.15114   2.76144    5.6562559212E-01
  -3.19912   2.70571    5.8298056172E-01
  -3.24611   2.64915    6.0023329966E-01
  -3.29211   2.59177    6.1736255064E-01
  -3.33708   2.53360    6.3434721149E-01
  -3.38103   2.47464    6.5116635720E-01
  -3.42394   2.41493    6.6779926665E-01
  -3.46580   2.35446    6.8422544818E-01
  -3.50658   2.29328    7.0042466481E-01
  -3.54629   2.23138    7.1637695918E-01
  -3.58491   2.16880    7.3206267813E-01
  -3.62242   2.10555    7.4746249693E-01
  -3.65881   2.04166    7.6255744307E-01
  -3.69408   1.97713    7.7732891966E-01
  -3.72821   1.91200    7.9175872829E-01
  -3.76119   1.84627    8.0582909152E-01
  -3.79301   1.77998    8.1952267472E-01
  -3.82366   1.71314    8.3282260745E-01
  -3.85314   1.64577    8.4571250427E-01
  -3.88143   1.57789    8.5817648488E-01
  -3.90852   1.50953    8.7019919371E-01
  -3.93442   1.44071    8.8176581883E-01
  -3.95909   1.37143    8.9286211024E-01
  -3.98255   1.30174    9.0347439733E-01
  -4.00478   1.23165    9.1358960582E-01
  -4.02578   1.16117    9.2319527383E-01
  -4.04554   1.09034    9.3227956721E-01
  -4.06405   1.01918    9.4083129416E-01
  -4.08131   0.94770    9.4883991899E-01
  -4.09732   0.87592    9.5629557511E-01
  -4.11206   0.80388    9.6318907718E-01
  -4.12553   0.73159    9.6951193245E-01
  -4.13774   0.65908    9.7525635117E-01
  -4.14867   0.58636    9.8041525627E-01
  -4.15832   0.51346    9.8498229199E-01
  -4.16669   0.44040    9.8895183176E-01
  -4.17378   0.36721    9.9231898512E-01
  -4.17958   0.29390    9.9507960377E-01
  -4.18409   0.22051    9.9723028663E-01
  -4.18732   0.14704    9.9876838406E-01
  -4.18925   0.07353    9.9969200115E-01
  -4.18990   0.00000    1.0000000000E+00

   4.25253   0.00000********************
   4.25187   0.07463    9.9969200115E-01
   4.24991   0.14924    9.9876838406E-01
   4.24663   0.22380    9.9723028663E-01
   4.24205   0.29830    9.9507960377E-01
   4.23616   0.37270    9.9231898512E-01
   4.22897   0.44698    9.8895183176E-01
   4.22047   0.52113    9.8498229199E-01
   4.21068   0.59512    9.8041525627E-01
   4.19958   0.66893    9.7525635117E-01
   4.18720   0.74253    9.6951193245E-01
   4.17352   0.81590    9.6318907718E-01
   4.15856   0.88902    9.5629557511E-01
   4.14232   0.96186    9.4883991899E-01
   4.12480   1.03441    9.4083129416E-01
   4.10601   1.10664    9.3227956721E-01
   4.08596   1.17853    9.2319527383E-01
   4.06464   1.25006    9.1358960582E-01
   4.04208   1.32120    9.0347439733E-01
   4.01827   1.39193    8.9286211024E-01
   3.99322   1.46224    8.8176581883E-01
   3.96695   1.53209    8.7019919371E-01
   3.93945   1.60148    8.5817648488E-01
   3.91073   1.67037    8.4571250427E-01
   3.88082   1.73874    8.3282260745E-01
   3.84970   1.80658    8.1952267472E-01
   3.81741   1.87387    8.0582909152E-01
   3.78393   1.94057    7.9175872829E-01
   3.74929   2.00668    7.7732891966E-01
   3.71350   2.07217    7.6255744307E-01
   3.67656   2.13703    7.4746249693E-01
   3.63849   2.20122    7.3206267813E-01
   3.59930   2.26474    7.1637695918E-01
   3.55900   2.32755    7.0042466481E-01
   3.51760   2.38966    6.8422544818E-01
   3.47512   2.45102    6.6779926665E-01
   3.43157   2.51163    6.5116635720E-01
   3.38696   2.57147    6.3434721149E-01
   3.34131   2.63051    6.1736255064E-01
   3.29463   2.68875    6.0023329966E-01
   3.24694   2.74616    5.8298056172E-01
   3.19824   2.80272    5.6562559212E-01
   3.14856   2.85841    5.4818977208E-01
   3.09791   2.91323    5.3069458247E-01
   3.04631   2.96715    5.1316157728E-01
   2.99377   3.02015    4.9561235708E-01
   2.94030   3.07223    4.7806854244E-01
   2.88593   3.12336    4.6055174725E-01
   2.83067   3.17352    4.4308355213E-01
   2.77454   3.22271    4.2568547781E-01
   2.71756   3.27091    4.0837895863E-01
   2.65973   3.31810    3.9118531616E-01
   2.60109   3.36427    3.7412573288E-01
   2.54165   3.40940    3.5722122611E-01
   2.48142   3.45348    3.4049262214E-01
   2.42043   3.49650    3.2396053052E-01
   2.35870   3.53843    3.0764531871E-01
   2.29623   3.57928    2.9156708699E-01
   2.23306   3.61903    2.7574564365E-01
   2.16921   3.65766    2.6020048064E-01
   2.10468   3.69517    2.4495074954E-01
   2.03951   3.73154    2.3001523794E-01
   1.97370   3.76676    2.1541234632E-01
   1.90729   3.80082    2.0116006537E-01
   1.84030   3.83370    1.8727595385E-01
   1.77273   3.86541    1.7377711691E-01
   1.70462   3.89593    1.6068018506E-01
   1.63599   3.92524    1.4800129365E-01
   1.56685   3.95335    1.3575606303E-01
   1.49722   3.98024    1.2395957926E-01
   1.42714   4.00590    1.1262637556E-01
   1.35662   4.03033    1.0177041437E-01
   1.28568   4.05352    9.1405070194E-02
   1.21434   4.07546    8.1543113090E-02
   1.14263   4.09614    7.2196692940E-02
   1.07057   4.11556    6.3377324492E-02
   0.99817   4.13372    5.5095873167E-02
   0.92547   4.15060    4.7362541675E-02
   0.85249   4.16620    4.0186857444E-02
   0.77924   4.18052    3.3577660884E-02
   0.70575   4.19355    2.7543094495E-02
   0.63205   4.20529    2.2090592836E-02
   0.55815   4.21574    1.7226873362E-02
   0.48408   4.22488    1.2957928154E-02
   0.40986   4.23273    9.2890165331E-03
   0.33551   4.23927    6.2246585807E-03
   0.26106   4.24450    3.7686295721E-03
   0.18653   4.24843    1.9239553236E-03
   0.11194   4.25105    6.9290846547E-04
   0.03732   4.25236    7.7005641668E-05
  -0.03732   4.25236    7.7005641668E-05
  -0.11194   4.25105    6.9290846547E-04
  -0.18653   4.24843    1.9239553236E-03
  -0.26106   4.24450    3.7686295721E-03
  -0.33551   4.23927    6.2246585807E-03
  -0.40986   4.23273    9.2890165331E-03
  -0.48408   4.22488    1.2957928154E-02
  -0.55815   4.21574    1.7226873362E-02
  -0.63205   4.20529    2.2090592836E-02
  -0.70575   4.19355    2.7543094495E-02
  -0.77924   4.18052    3.3577660884E-02
  -0.85249   4.16620    4.0186857444E-02
  -0.92547   4.15060    4.7362541675E-02
  -0.99817   4.13372    5.5095873167E-02
  -1.07057   4.11556    6.3377324492E-02
  -1.14263   4.09614    7.2196692940E-02
  -1.21434   4.07546    8.1543113090E-02
  -1.28568   4.05352    9.1405070194E-02
  -1.35662   4.03033    1.0177041437E-01
  -1.42714   4.00590    1.1262637556E-01
  -1.49722   3.98024    1.2395957926E-01
  -1.56685   3.95335    1.3575606303E-01
  -1.63599   3.92524    1.4800129365E-01
  -1.70462   3.89593    1.6068018506E-01
  -1.77273   3.86541    1.7377711691E-01
  -1.84030   3.83370    1.8727595385E-01
  -1.90729   3.80082    2.0116006537E-01
  -1.97370   3.76676    2.1541234632E-01
  -2.03951   3.73154    2.3001523794E-01
  -2.10468   3.69517    2.4495074954E-01
  -2.16921   3.65766    2.6020048064E-01
  -2.23306   3.61903    2.7574564365E-01
  -2.29623   3.57928    2.9156708699E-01
  -2.35870   3.53843    3.0764531871E-01
  -2.42043   3.49650    3.2396053052E-01
  -2.48142   3.45348    3.4049262214E-01
  -2.54165   3.40940    3.5722122611E-01
  -2.60109   3.36427    3.7412573288E-01
  -2.65973   3.31810    3.9118531616E-01
  -2.71756   3.27091    4.0837895863E-01
  -2.77454   3.22271    4.2568547781E-01
  -2.83067   3.17352    4.4308355213E-01
  -2.88593   3.12336    4.6055174725E-01
  -2.94030   3.07223    4.7806854244E-01
  -2.99377   3.02015    4.9561235708E-01
  -3.04631   2.96715    5.1316157728E-01
  -3.09791   2.91323    5.3069458247E-01
  -3.14856   2.85841    5.4818977208E-01
  -3.19824   2.80272    5.6562559212E-01
  -3.24694   2.74616    5.8298056172E-01
  -3.29463   2.68875    6.0023329966E-01
  -3.34131   2.63051    6.1736255064E-01
  -3.38696   2.57147    6.3434721149E-01
  -3.43157   2.51163    6.5116635720E-01
  -3.47512   2.45102    6.6779926665E-01
  -3.51760   2.38966    6.8422544818E-01
  -3.55900   2.32755    7.0042466481E-01
  -3.59930   2.26474    7.1637695918E-01
  -3.63849   2.20122    7.3206267813E-01
  -3.67656   2.13703    7.4746249693E-01
  -3.71350   2.07217    7.6255744307E-01
  -3.74929   2.00668    7.7732891966E-01
  -3.78393   1.94057    7.9175872829E-01
  -3.81741   1.87387    8.0582909152E-01
  -3.84970   1.80658    8.1952267472E-01
  -3.88082   1.73874    8.3282260745E-01
  -3.91073   1.67037    8.4571250427E-01
  -3.93945   1.60148    8.5817648488E-01
  -3.96695   1.53209    8.7019919371E-01
  -3.99322   1.46224    8.8176581883E-01
  -4.01827   1.39193    8.9286211024E-01
  -4.04208   1.32120    9.0347439733E-01
  -4.06464   1.25006    9.1358960582E-01
  -4.08596   1.17853    9.2319527383E-01
  -4.10601   1.10664    9.3227956721E-01
  -4.12480   1.03441    9.4083129416E-01
  -4.14232   0.96186    9.4883991899E-01
  -4.15856   0.88902    9.5629557511E-01
  -4.17352   0.81590    9.6318907718E-01
  -4.18720   0.74253    9.6951193245E-01
  -4.19958   0.66893    9.7525635117E-01
  -4.21068   0.59512    9.8041525627E-01
  -4.22047   0.52113    9.8498229199E-01
  -4.22897   0.44698    9.8895183176E-01
  -4.23616   0.37270    9.9231898512E-01
  -4.24205   0.29830    9.9507960377E-01
  -4.24663   0.22380    9.9723028663E-01
  -4.24991   0.14924    9.9876838406E-01
  -4.25187   0.07463    9.9969200115E-01
  -4.25253   0.00000    1.0000000000E+00

   4.31515   0.00000********************
   4.31449   0.07573    9.9969200115E-01
   4.31249   0.15144    9.9876838406E-01
   4.30917   0.22710    9.9723028663E-01
   4.30452   0.30269    9.9507960377E-01
   4.29855   0.37819    9.9231898512E-01
   4.29125   0.45357    9.8895183176E-01
   4.28263   0.52881    9.8498229199E-01
   4.27269   0.60389    9.8041525627E-01
   4.26143   0.67878    9.7525635117E-01
   4.24886   0.75346    9.6951193245E-01
   4.23498   0.82791    9.6318907718E-01
   4.21980   0.90211    9.5629557511E-01
   4.20332   0.97603    9.4883991899E-01
   4.18554   1.04964    9.4083129416E-01
   4.16648   1.12294    9.3227956721E-01
   4.14613   1.19589    9.2319527383E-01
   4.12450   1.26847    9.1358960582E-01
   4.10161   1.34066    9.0347439733E-01
   4.07745   1.41243    8.9286211024E-01
   4.05203   1.48377    8.8176581883E-01
   4.02537   1.55466    8.7019919371E-01
   3.99746   1.62506    8.5817648488E-01
   3.96833   1.69497    8.4571250427E-01
   3.93797   1.76435    8.3282260745E-01
   3.90640   1.83319    8.1952267472E-01
   3.87362   1.90146    8.0582909152E-01
   3.83966   1.96915    7.9175872829E-01
   3.80451   2.03624    7.7732891966E-01
   3.76819   2.10269    7.6255744307E-01
   3.73070   2.16850    7.4746249693E-01
   3.69207   2.23364    7.3206267813E-01
   3.65230   2.29809    7.1637695918E-01
   3.61141   2.36183    7.0042466481E-01
   3.56940   2.42485    6.8422544818E-01
   3.52630   2.48712    6.6779926665E-01
   3.48211   2.54862    6.5116635720E-01
   3.43684   2.60934    6.3434721149E-01
   3.39052   2.66925    6.1736255064E-01
   3.34315   2.72835    6.0023329966E-01
   3.29475   2.78660    5.8298056172E-01
   3.24534   2.84399    5.6562559212E-01
   3.19493   2.90051    5.4818977208E-01
   3.14354   2.95613    5.3069458247E-01
   3.09117   3.01085    5.1316157728E-01
   3.03786   3.06463    4.9561235708E-01
   2.98360   3.11747    4.7806854244E-01
   2.92843   3.16936    4.6055174725E-01
   2.87236   3.22026    4.4308355213E-01
   2.81540   3.27017    4.2568547781E-01
   2.75758   3.31908    4.0837895863E-01
   2.69890   3.36697    3.9118531616E-01
   2.63940   3.41381    3.7412573288E-01
   2.57908   3.45961    3.5722122611E-01
   2.51797   3.50434    3.4049262214E-01
   2.45608   3.54799    3.2396053052E-01
   2.39343   3.59054    3.0764531871E-01
   2.33005   3.63200    2.9156708699E-01
   2.26595   3.67233    2.7574564365E-01
   2.20115   3.71153    2.6020048064E-01
   2.13568   3.74959    2.4495074954E-01
   2.06954   3.78649    2.3001523794E-01
   2.00277   3.82223    2.1541234632E-01
   1.93538   3.85679    2.0116006537E-01
   1.86740   3.89016    1.8727595385E-01
   1.79884   3.92233    1.7377711691E-01
   1.72973   3.95330    1.6068018506E-01
   1.66008   3.98305    1.4800129365E-01
   1.58992   4.01157    1.3575606303E-01
   1.51927   4.03885    1.2395957926E-01
   1.44816   4.06489    1.1262637556E-01
   1.37660   4.08968    1.0177041437E-01
   1.30461   4.11321    9.1405070194E-02
   1.23222   4.13548    8.1543113090E-02
   1.15946   4.15646    7.2196692940E-02
   1.08633   4.17617    6.3377324492E-02
   1.01287   4.19459    5.5095873167E-02
   0.93910   4.21172    4.7362541675E-02
   0.86504   4.22756    4.0186857444E-02
   0.79072   4.24209    3.3577660884E-02
   0.71615   4.25531    2.7543094495E-02
   0.64136   4.26722    2.2090592836E-02
   0.56637   4.27782    1.7226873362E-02
   0.49121   4.28710    1.2957928154E-02
   0.41589   4.29506    9.2890165331E-03
   0.34045   4.30170    6.2246585807E-03
   0.26490   4.30701    3.7686295721E-03
   0.18928   4.31100    1.9239553236E-03
   0.11359   4.31366    6.9290846547E-04
   0.03787   4.31499    7.7005641668E-05
  -0.03787   4.31499    7.7005641668E-05
  -0.11359   4.31366    6.9290846547E-04
  -0.18928   4.31100    1.9239553236E-03
  -0.26490   4.30701    3.7686295721E-03
  -0.34045   4.30170    6.2246585807E-03
  -0.41589   4.29506    9.2890165331E-03
  -0.49121   4.28710    1.2957928154E-02
  -0.56637   4.27782    1.7226873362E-02
  -0.64136   4.26722    2.2090592836E-02
  -0.71615   4.25531    2.7543094495E-02
  -0.79072   4.24209    3.3577660884E-02
  -0.86504   4.22756    4.0186857444E-02
  -0.93910   4.21172    4.7362541675E-02
  -1.01287   4.19459    5.5095873167E-02
  -1.08633   4.17617    6.3377324492E-02
  -1.15946   4.15646    7.2196692940E-02
  -1.23222   4.13548    8.1543113090E-02
  -1.30461   4.11321    9.1405070194E-02
  -1.37660   4.08968    1.0177041437E-01
  -1.44816   4.06489    1.1262637556E-01
  -1.51927   4.03885    1.2395957926E-01
  -1.58992   4.01157    1.3575606303E-01
  -1.66008   3.98305    1.4800129365E-01
  -1.72973   3.95330    1.6068018506E-01
  -1.79884   3.92233    1.7377711691E-01
  -1.86740   3.89016    1.8727595385E-01
  -1.93538   3.85679    2.0116006537E-01
  -2.00277   3.82223    2.1541234632E-01
  -2.06954   3.78649    2.3001523794E-01
  -2.13568   3.74959    2.4495074954E-01
  -2.20115   3.71153    2.6020048064E-01
  -2.26595   3.67233    2.7574564365E-01
  -2.33005   3.63200    2.9156708699E-01
  -2.39343   3.59054    3.0764531871E-01
  -2.45608   3.54799    3.2396053052E-01
  -2.51797   3.50434    3.4049262214E-01
  -2.57908   3.45961    3.5722122611E-01
  -2.63940   3.41381    3.7412573288E-01
  -2.69890   3.36697    3.9118531616E-01
  -2.75758   3.31908    4.0837895863E-01
  -2.81540   3.27017    4.2568547781E-01
  -2.87236   3.22026    4.4308355213E-01
  -2.92843   3.16936    4.6055174725E-01
  -2.98360   3.11747    4.7806854244E-01
  -3.03786   3.06463    4.9561235708E-01
  -3.09117   3.01085    5.1316157728E-01
  -3.14354   2.95613    5.3069458247E-01
  -3.19493   2.90051    5.4818977208E-01
  -3.24534   2.84399    5.6562559212E-01
  -3.29475   2.78660    5.8298056172E-01
  -3.34315   2.72835    6.0023329966E-01
  -3.39052   2.66925    6.1736255064E-01
  -3.43684   2.60934    6.3434721149E-01
  -3.48211   2.54862    6.5116635720E-01
  -3.52630   2.48712    6.6779926665E-01
  -3.56940   2.42485    6.8422544818E-01
  -3.61141   2.36183    7.0042466481E-01
  -3.65230   2.29809    7.1637695918E-01
  -3.69207   2.23364    7.3206267813E-01
  -3.73070   2.16850    7.4746249693E-01
  -3.76819   2.10269    7.6255744307E-01
  -3.80451   2.03624    7.7732891966E-01
  -3.83966   1.96915    7.9175872829E-01
  -3.87362   1.90146    8.0582909152E-01
  -3.90640   1.83319    8.1952267472E-01
  -3.93797   1.76435    8.3282260745E-01
  -3.96833   1.69497    8.4571250427E-01
  -3.99746   1.62506    8.5817648488E-01
  -4.02537   1.55466    8.7019919371E-01
  -4.05203   1.48377    8.8176581883E-01
  -4.07745   1.41243    8.9286211024E-01
  -4.10161   1.34066    9.0347439733E-01
  -4.12450   1.26847    9.1358960582E-01
  -4.14613   1.19589    9.2319527383E-01
  -4.16648   1.12294    9.3227956721E-01
  -4.18554   1.04964    9.4083129416E-01
  -4.20332   0.97603    9.4883991899E-01
  -4.21980   0.90211    9.5629557511E-01
  -4.23498   0.82791    9.6318907718E-01
  -4.24886   0.75346    9.6951193245E-01
  -4.26143   0.67878    9.7525635117E-01
  -4.27269   0.60389    9.8041525627E-01
  -4.28263   0.52881    9.8498229199E-01
  -4.29125   0.45357    9.8895183176E-01
  -4.29855   0.37819    9.9231898512E-01
  -4.30452   0.30269    9.9507960377E-01
  -4.30917   0.22710    9.9723028663E-01
  -4.31249   0.15144    9.9876838406E-01
  -4.31449   0.07573    9.9969200115E-01
  -4.31515   0.00000    1.0000000000E+00

   4.37778   0.00000********************
   4.37710   0.07683    9.9969200115E-01
   4.37508   0.15364    9.9876838406E-01
   4.37171   0.23039    9.9723028663E-01
   4.36699   0.30708    9.9507960377E-01
   4.36093   0.38367    9.9231898512E-01
   4.35353   0.46015    9.8895183176E-01
   4.34478   0.53648    9.8498229199E-01
   4.33470   0.61265    9.8041525627E-01
   4.32328   0.68863    9.7525635117E-01
   4.31053   0.76440    9.6951193245E-01
   4.29645   0.83993    9.6318907718E-01
   4.28104   0.91520    9.5629557511E-01
   4.26432   0.99019    9.4883991899E-01
   4.24629   1.06488    9.4083129416E-01
   4.22695   1.13924    9.3227956721E-01
   4.20630   1.21324    9.2319527383E-01
   4.18436   1.28688    9.1358960582E-01
   4.16113   1.36011    9.0347439733E-01
   4.13662   1.43293    8.9286211024E-01
   4.11084   1.50531    8.8176581883E-01
   4.08379   1.57722    8.7019919371E-01
   4.05548   1.64865    8.5817648488E-01
   4.02592   1.71957    8.4571250427E-01
   3.99512   1.78996    8.3282260745E-01
   3.96309   1.85979    8.1952267472E-01
   3.92984   1.92906    8.0582909152E-01
   3.89538   1.99773    7.9175872829E-01
   3.85972   2.06579    7.7732891966E-01
   3.82287   2.13321    7.6255744307E-01
   3.78485   2.19997    7.4746249693E-01
   3.74566   2.26605    7.3206267813E-01
   3.70531   2.33144    7.1637695918E-01
   3.66382   2.39611    7.0042466481E-01
   3.62121   2.46004    6.8422544818E-01
   3.57748   2.52321    6.6779926665E-01
   3.53264   2.58561    6.5116635720E-01
   3.48672   2.64721    6.3434721149E-01
   3.43973   2.70799    6.1736255064E-01
   3.39167   2.76794    6.0023329966E-01
   3.34257   2.82704    5.8298056172E-01
   3.29244   2.88527    5.6562559212E-01
   3.24130   2.94260    5.4818977208E-01
   3.18916   2.99903    5.3069458247E-01
   3.13603   3.05454    5.1316157728E-01
   3.08194   3.10911    4.9561235708E-01
   3.02691   3.16272    4.7806854244E-01
   2.97093   3.21535    4.6055174725E-01
   2.91405   3.26700    4.4308355213E-01
   2.85626   3.31764    4.2568547781E-01
   2.79760   3.36725    4.0837895863E-01
   2.73807   3.41583    3.9118531616E-01
   2.67770   3.46336    3.7412573288E-01
   2.61651   3.50982    3.5722122611E-01
   2.55451   3.55520    3.4049262214E-01
   2.49172   3.59948    3.2396053052E-01
   2.42817   3.64265    3.0764531871E-01
   2.36387   3.68471    2.9156708699E-01
   2.29884   3.72563    2.7574564365E-01
   2.23310   3.76540    2.6020048064E-01
   2.16667   3.80401    2.4495074954E-01
   2.09958   3.84145    2.3001523794E-01
   2.03184   3.87770    2.1541234632E-01
   1.96347   3.91276    2.0116006537E-01
   1.89450   3.94662    1.8727595385E-01
   1.82495   3.97926    1.7377711691E-01
   1.75483   4.01067    1.6068018506E-01
   1.68417   4.04085    1.4800129365E-01
   1.61300   4.06979    1.3575606303E-01
   1.54132   4.09747    1.2395957926E-01
   1.46918   4.12389    1.1262637556E-01
   1.39658   4.14904    1.0177041437E-01
   1.32355   4.17291    9.1405070194E-02
   1.25011   4.19549    8.1543113090E-02
   1.17628   4.21679    7.2196692940E-02
   1.10210   4.23678    6.3377324492E-02
   1.02757   4.25547    5.5095873167E-02
   0.95273   4.27285    4.7362541675E-02
   0.87760   4.28891    4.0186857444E-02
   0.80219   4.30365    3.3577660884E-02
   0.72654   4.31707    2.7543094495E-02
   0.65066   4.32915    2.2090592836E-02
   0.57459   4.33991    1.7226873362E-02
   0.49834   4.34932    1.2957928154E-02
   0.42193   4.35740    9.2890165331E-03
   0.34539   4.36413    6.2246585807E-03
   0.26875   4.36952    3.7686295721E-03
   0.19202   4.37356    1.9239553236E-03
   0.11524   4.37626    6.9290846547E-04
   0.03842   4.37761    7.7005641668E-05
  -0.03842   4.37761    7.7005641668E-05
  -0.11524   4.37626    6.9290846547E-04
  -0.19202   4.37356    1.9239553236E-03
  -0.26875   4.36952    3.7686295721E-03
  -0.34539   4.36413    6.2246585807E-03
  -0.42193   4.35740    9.2890165331E-03
  -0.49834   4.34932    1.2957928154E-02
  -0.57459   4.33991    1.7226873362E-02
  -0.65066   4.32915    2.2090592836E-02
  -0.72654   4.31707    2.7543094495E-02
  -0.80219   4.30365    3.3577660884E-02
  -0.87760   4.28891    4.0186857444E-02
  -0.95273   4.27285    4.7362541675E-02
  -1.02757   4.25547    5.5095873167E-02
  -1.10210   4.23678    6.3377324492E-02
  -1.17628   4.21679    7.2196692940E-02
  -1.25011   4.19549    8.1543113090E-02
  -1.32355   4.17291    9.1405070194E-02
  -1.39658   4.14904    1.0177041437E-01
  -1.46918   4.12389    1.1262637556E-01
  -1.54132   4.09747    1.2395957926E-01
  -1.61300   4.06979    1.3575606303E-01
  -1.68417   4.04085    1.4800129365E-01
  -1.75483   4.01067    1.6068018506E-01
  -1.82495   3.97926    1.7377711691E-01
  -1.89450   3.94662    1.8727595385E-01
  -1.96347   3.91276    2.0116006537E-01
  -2.03184   3.87770    2.1541234632E-01
  -2.09958   3.84145    2.3001523794E-01
  -2.16667   3.80401    2.4495074954E-01
  -2.23310   3.76540    2.6020048064E-01
  -2.29884   3.72563    2.7574564365E-01
  -2.36387   3.68471    2.9156708699E-01
  -2.42817   3.64265    3.0764531871E-01
  -2.49172   3.59948    3.2396053052E-01
  -2.55451   3.55520    3.4049262214E-01
  -2.61651   3.50982    3.5722122611E-01
  -2.67770   3.46336    3.7412573288E-01
  -2.73807   3.41583    3.9118531616E-01
  -2.79760   3.36725    4.0837895863E-01
  -2.85626   3.31764    4.2568547781E-01
  -2.91405   3.26700    4.4308355213E-01
  -2.97093   3.21535    4.6055174725E-01
  -3.02691   3.16272    4.7806854244E-01
  -3.08194   3.10911    4.9561235708E-01
  -3.13603   3.05454    5.1316157728E-01
  -3.18916   2.99903    5.3069458247E-01
  -3.24130   2.94260    5.4818977208E-01
  -3.29244   2.88527    5.6562559212E-01
  -3.34257   2.82704    5.8298056172E-01
  -3.39167   2.76794    6.0023329966E-01
  -3.43973   2.70799    6.1736255064E-01
  -3.48672   2.64721    6.3434721149E-01
  -3.53264   2.58561    6.5116635720E-01
  -3.57748   2.52321    6.6779926665E-01
  -3.62121   2.46004    6.8422544818E-01
  -3.66382   2.39611    7.0042466481E-01
  -3.70531   2.33144    7.1637695918E-01
  -3.74566   2.26605    7.3206267813E-01
  -3.78485   2.19997    7.4746249693E-01
  -3.82287   2.13321    7.6255744307E-01
  -3.85972   2.06579    7.7732891966E-01
  -3.89538   1.99773    7.9175872829E-01
  -3.92984   1.92906    8.0582909152E-01
  -3.96309   1.85979    8.1952267472E-01
  -3.99512   1.78996    8.3282260745E-01
  -4.02592   1.71957    8.4571250427E-01
  -4.05548   1.64865    8.5817648488E-01
  -4.08379   1.57722    8.7019919371E-01
  -4.11084   1.50531    8.8176581883E-01
  -4.13662   1.43293    8.9286211024E-01
  -4.16113   1.36011    9.0347439733E-01
  -4.18436   1.28688    9.1358960582E-01
  -4.20630   1.21324    9.2319527383E-01
  -4.22695   1.13924    9.3227956721E-01
  -4.24629   1.06488    9.4083129416E-01
  -4.26432   0.99019    9.4883991899E-01
  -4.28104   0.91520    9.5629557511E-01
  -4.29645   0.83993    9.6318907718E-01
  -4.31053   0.76440    9.6951193245E-01
  -4.32328   0.68863    9.7525635117E-01
  -4.33470   0.61265    9.8041525627E-01
  -4.34478   0.53648    9.8498229199E-01
  -4.35353   0.46015    9.8895183176E-01
  -4.36093   0.38367    9.9231898512E-01
  -4.36699   0.30708    9.9507960377E-01
  -4.37171   0.23039    9.9723028663E-01
  -4.37508   0.15364    9.9876838406E-01
  -4.37710   0.07683    9.9969200115E-01
  -4.37778   0.00000    1.0000000000E+00

   4.44040   0.00000********************
   4.43972   0.07793    9.9969200115E-01
   4.43767   0.15583    9.9876838406E-01
   4.43425   0.23369    9.9723028663E-01
   4.42947   0.31147    9.9507960377E-01
   4.42332   0.38916    9.9231898512E-01
   4.41581   0.46673    9.8895183176E-01
   4.40694   0.54416    9.8498229199E-01
   4.39671   0.62141    9.8041525627E-01
   4.38512   0.69848    9.7525635117E-01
   4.37219   0.77533    9.6951193245E-01
   4.35791   0.85194    9.6318907718E-01
   4.34229   0.92829    9.5629557511E-01
   4.32533   1.00436    9.4883991899E-01
   4.30703   1.08011    9.4083129416E-01
   4.28742   1.15553    9.3227956721E-01
   4.26648   1.23060    9.2319527383E-01
   4.24422   1.30529    9.1358960582E-01
   4.22066   1.37957    9.0347439733E-01
   4.19580   1.45343    8.9286211024E-01
   4.16965   1.52684    8.8176581883E-01
   4.14221   1.59978    8.7019919371E-01
   4.11349   1.67223    8.5817648488E-01
   4.08351   1.74417    8.4571250427E-01
   4.05227   1.81556    8.3282260745E-01
   4.01979   1.88640    8.1952267472E-01
   3.98606   1.95666    8.0582909152E-01
   3.95111   2.02631    7.9175872829E-01
   3.91494   2.09534    7.7732891966E-01
   3.87756   2.16372    7.6255744307E-01
   3.83899   2.23144    7.4746249693E-01
   3.79924   2.29847    7.3206267813E-01
   3.75832   2.36479    7.1637695918E-01
   3.71624   2.43039    7.0042466481E-01
   3.67301   2.49523    6.8422544818E-01
   3.62865   2.55931    6.6779926665E-01
   3.58318   2.62260    6.5116635720E-01
   3.53660   2.68508    6.3434721149E-01
   3.48893   2.74673    6.1736255064E-01
   3.44019   2.80754    6.0023329966E-01
   3.39039   2.86748    5.8298056172E-01
   3.33954   2.92654    5.6562559212E-01
   3.28767   2.98470    5.4818977208E-01
   3.23478   3.04194    5.3069458247E-01
   3.18090   3.09824    5.1316157728E-01
   3.12603   3.15359    4.9561235708E-01
   3.07021   3.20796    4.7806854244E-01
   3.01343   3.26135    4.6055174725E-01
   2.95573   3.31373    4.4308355213E-01
   2.89712   3.36510    4.2568547781E-01
   2.83762   3.41542    4.0837895863E-01
   2.77724   3.46470    3.9118531616E-01
   2.71601   3.51290    3.7412573288E-01
   2.65394   3.56003    3.5722122611E-01
   2.59105   3.60605    3.4049262214E-01
   2.52737   3.65097    3.2396053052E-01
   2.46290   3.69476    3.0764531871E-01
   2.39768   3.73742    2.9156708699E-01
   2.33172   3.77892    2.7574564365E-01
   2.26504   3.81926    2.6020048064E-01
   2.19767   3.85843    2.4495074954E-01
   2.12961   3.89640    2.3001523794E-01
   2.06090   3.93317    2.1541234632E-01
   1.99156   3.96874    2.0116006537E-01
   1.92160   4.00308    1.8727595385E-01
   1.85105   4.03619    1.7377711691E-01
   1.77993   4.06805    1.6068018506E-01
   1.70827   4.09866    1.4800129365E-01
   1.63607   4.12801    1.3575606303E-01
   1.56337   4.15609    1.2395957926E-01
   1.49019   4.18288    1.1262637556E-01
   1.41655   4.20839    1.0177041437E-01
   1.34248   4.23260    9.1405070194E-02
   1.26799   4.25551    8.1543113090E-02
   1.19311   4.27711    7.2196692940E-02
   1.11787   4.29739    6.3377324492E-02
   1.04227   4.31635    5.5095873167E-02
   0.96636   4.33397    4.7362541675E-02
   0.89015   4.35027    4.0186857444E-02
   0.81367   4.36522    3.3577660884E-02
   0.73693   4.37883    2.7543094495E-02
   0.65997   4.39108    2.2090592836E-02
   0.58281   4.40199    1.7226873362E-02
   0.50546   4.41154    1.2957928154E-02
   0.42796   4.41973    9.2890165331E-03
   0.35033   4.42656    6.2246585807E-03
   0.27259   4.43203    3.7686295721E-03
   0.19477   4.43613    1.9239553236E-03
   0.11689   4.43887    6.9290846547E-04
   0.03897   4.44023    7.7005641668E-05
  -0.03897   4.44023    7.7005641668E-05
  -0.11689   4.43887    6.9290846547E-04
  -0.19477   4.43613    1.9239553236E-03
  -0.27259   4.43203    3.7686295721E-03
  -0.35033   4.42656    6.2246585807E-03
  -0.42796   4.41973    9.2890165331E-03
  -0.50546   4.41154    1.2957928154E-02
  -0.58281   4.40199    1.7226873362E-02
  -0.65997   4.39108    2.2090592836E-02
  -0.73693   4.37883    2.7543094495E-02
  -0.81367   4.36522    3.3577660884E-02
  -0.89015   4.35027    4.0186857444E-02
  -0.96636   4.33397    4.7362541675E-02
  -1.04227   4.31635    5.5095873167E-02
  -1.11787   4.29739    6.3377324492E-02
  -1.19311   4.27711    7.2196692940E-02
  -1.26799   4.25551    8.1543113090E-02
  -1.34248   4.23260    9.1405070194E-02
  -1.41655   4.20839    1.0177041437E-01
  -1.49019   4.18288    1.1262637556E-01
  -1.56337   4.15609    1.2395957926E-01
  -1.63607   4.12801    1.3575606303E-01
  -1.70827   4.09866    1.4800129365E-01
  -1.77993   4.06805    1.6068018506E-01
  -1.85105   4.03619    1.7377711691E-01
  -1.92160   4.00308    1.8727595385E-01
  -1.99156   3.96874    2.0116006537E-01
  -2.06090   3.93317    2.1541234632E-01
  -2.12961   3.89640    2.3001523794E-01
  -2.19767   3.85843    2.4495074954E-01
  -2.26504   3.81926    2.6020048064E-01
  -2.33172   3.77892    2.7574564365E-01
  -2.39768   3.73742    2.9156708699E-01
  -2.46290   3.69476    3.0764531871E-01
  -2.52737   3.65097    3.2396053052E-01
  -2.59105   3.60605    3.4049262214E-01
  -2.65394   3.56003    3.5722122611E-01
  -2.71601   3.51290    3.7412573288E-01
  -2.77724   3.46470    3.9118531616E-01
  -2.83762   3.41542    4.0837895863E-01
  -2.89712   3.36510    4.2568547781E-01
  -2.95573   3.31373    4.4308355213E-01
  -3.01343   3.26135    4.6055174725E-01
  -3.07021   3.20796    4.7806854244E-01
  -3.12603   3.15359    4.9561235708E-01
  -3.18090   3.09824    5.1316157728E-01
  -3.23478   3.04194    5.3069458247E-01
  -3.28767   2.98470    5.4818977208E-01
  -3.33954   2.92654    5.6562559212E-01
  -3.39039   2.86748    5.8298056172E-01
  -3.44019   2.80754    6.0023329966E-01
  -3.48893   2.74673    6.1736255064E-01
  -3.53660   2.68508    6.3434721149E-01
  -3.58318   2.62260    6.5116635720E-01
  -3.62865   2.55931    6.6779926665E-01
  -3.67301   2.49523    6.8422544818E-01
  -3.71624   2.43039    7.0042466481E-01
  -3.75832   2.36479    7.1637695918E-01
  -3.79924   2.29847    7.3206267813E-01
  -3.83899   2.23144    7.4746249693E-01
  -3.87756   2.16372    7.6255744307E-01
  -3.91494   2.09534    7.7732891966E-01
  -3.95111   2.02631    7.9175872829E-01
  -3.98606   1.95666    8.0582909152E-01
  -4.01979   1.88640    8.1952267472E-01
  -4.05227   1.81556    8.3282260745E-01
  -4.08351   1.74417    8.4571250427E-01
  -4.11349   1.67223    8.5817648488E-01
  -4.14221   1.59978    8.7019919371E-01
  -4.16965   1.52684    8.8176581883E-01
  -4.19580   1.45343    8.9286211024E-01
  -4.22066   1.37957    9.0347439733E-01
  -4.24422   1.30529    9.1358960582E-01
  -4.26648   1.23060    9.2319527383E-01
  -4.28742   1.15553    9.3227956721E-01
  -4.30703   1.08011    9.4083129416E-01
  -4.32533   1.00436    9.4883991899E-01
  -4.34229   0.92829    9.5629557511E-01
  -4.35791   0.85194    9.6318907718E-01
  -4.37219   0.77533    9.6951193245E-01
  -4.38512   0.69848    9.7525635117E-01
  -4.39671   0.62141    9.8041525627E-01
  -4.40694   0.54416    9.8498229199E-01
  -4.41581   0.46673    9.8895183176E-01
  -4.42332   0.38916    9.9231898512E-01
  -4.42947   0.31147    9.9507960377E-01
  -4.43425   0.23369    9.9723028663E-01
  -4.43767   0.15583    9.9876838406E-01
  -4.43972   0.07793    9.9969200115E-01
  -4.44040   0.00000    1.0000000000E+00

   4.50303   0.00000********************
   4.50234   0.07903    9.9969200115E-01
   4.50026   0.15803    9.9876838406E-01
   4.49679   0.23699    9.9723028663E-01
   4.49194   0.31587    9.9507960377E-01
   4.48570   0.39465    9.9231898512E-01
   4.47809   0.47331    9.8895183176E-01
   4.46909   0.55183    9.8498229199E-01
   4.45872   0.63018    9.8041525627E-01
   4.44697   0.70833    9.7525635117E-01
   4.43385   0.78627    9.6951193245E-01
   4.41937   0.86396    9.6318907718E-01
   4.40353   0.94139    9.5629557511E-01
   4.38633   1.01852    9.4883991899E-01
   4.36778   1.09534    9.4083129416E-01
   4.34788   1.17183    9.3227956721E-01
   4.32665   1.24795    9.2319527383E-01
   4.30408   1.32369    9.1358960582E-01
   4.28019   1.39903    9.0347439733E-01
   4.25498   1.47393    8.9286211024E-01
   4.22845   1.54838    8.8176581883E-01
   4.20063   1.62235    8.7019919371E-01
   4.17151   1.69582    8.5817648488E-01
   4.14111   1.76877    8.4571250427E-01
   4.10943   1.84117    8.3282260745E-01
   4.07648   1.91301    8.1952267472E-01
   4.04228   1.98425    8.0582909152E-01
   4.00683   2.05489    7.9175872829E-01
   3.97015   2.12489    7.7732891966E-01
   3.93225   2.19424    7.6255744307E-01
   3.89314   2.26291    7.4746249693E-01
   3.85282   2.33089    7.3206267813E-01
   3.81132   2.39815    7.1637695918E-01
   3.76865   2.46466    7.0042466481E-01
   3.72481   2.53042    6.8422544818E-01
   3.67983   2.59541    6.6779926665E-01
   3.63371   2.65959    6.5116635720E-01
   3.58648   2.72295    6.3434721149E-01
   3.53814   2.78547    6.1736255064E-01
   3.48871   2.84714    6.0023329966E-01
   3.43821   2.90792    5.8298056172E-01
   3.38664   2.96782    5.6562559212E-01
   3.33404   3.02679    5.4818977208E-01
   3.28040   3.08484    5.3069458247E-01
   3.22576   3.14194    5.1316157728E-01
   3.17012   3.19806    4.9561235708E-01
   3.11351   3.25321    4.7806854244E-01
   3.05593   3.30735    4.6055174725E-01
   2.99742   3.36047    4.4308355213E-01
   2.93798   3.41256    4.2568547781E-01
   2.87764   3.46359    4.0837895863E-01
   2.81641   3.51356    3.9118531616E-01
   2.75432   3.56245    3.7412573288E-01
   2.69137   3.61024    3.5722122611E-01
   2.62760   3.65691    3.4049262214E-01
   2.56301   3.70246    3.2396053052E-01
   2.49764   3.74687    3.0764531871E-01
   2.43150   3.79013    2.9156708699E-01
   2.36461   3.83222    2.7574564365E-01
   2.29699   3.87313    2.6020048064E-01
   2.22866   3.91284    2.4495074954E-01
   2.15965   3.95135    2.3001523794E-01
   2.08997   3.98865    2.1541234632E-01
   2.01965   4.02471    2.0116006537E-01
   1.94870   4.05954    1.8727595385E-01
   1.87716   4.09311    1.7377711691E-01
   1.80504   4.12542    1.6068018506E-01
   1.73236   4.15647    1.4800129365E-01
   1.65915   4.18623    1.3575606303E-01
   1.58542   4.21470    1.2395957926E-01
   1.51121   4.24188    1.1262637556E-01
   1.43653   4.26775    1.0177041437E-01
   1.36141   4.29230    9.1405070194E-02
   1.28587   4.31553    8.1543113090E-02
   1.20994   4.33743    7.2196692940E-02
   1.13363   4.35800    6.3377324492E-02
   1.05697   4.37722    5.5095873167E-02
   0.97999   4.39510    4.7362541675E-02
   0.90271   4.41162    4.0186857444E-02
   0.82514   4.42678    3.3577660884E-02
   0.74733   4.44058    2.7543094495E-02
   0.66928   4.45302    2.2090592836E-02
   0.59103   4.46408    1.7226873362E-02
   0.51259   4.47376    1.2957928154E-02
   0.43400   4.48207    9.2890165331E-03
   0.35527   4.48899    6.2246585807E-03
   0.27644   4.49454    3.7686295721E-03
   0.19752   4.49870    1.9239553236E-03
   0.11853   4.50147    6.9290846547E-04
   0.03952   4.50286    7.7005641668E-05
  -0.03952   4.50286    7.7005641668E-05
  -0.11853   4.50147    6.9290846547E-04
  -0.19752   4.49870    1.9239553236E-03
  -0.27644   4.49454    3.7686295721E-03
  -0.35527   4.48899    6.2246585807E-03
  -0.43400   4.48207    9.2890165331E-03
  -0.51259   4.47376    1.2957928154E-02
  -0.59103   4.46408    1.7226873362E-02
  -0.66928   4.45302    2.2090592836E-02
  -0.74733   4.44058    2.7543094495E-02
  -0.82514   4.42678    3.3577660884E-02
  -0.90271   4.41162    4.0186857444E-02
  -0.97999   4.39510    4.7362541675E-02
  -1.05697   4.37722    5.5095873167E-02
  -1.13363   4.35800    6.3377324492E-02
  -1.20994   4.33743    7.2196692940E-02
  -1.28587   4.31553    8.1543113090E-02
  -1.36141   4.29230    9.1405070194E-02
  -1.43653   4.26775    1.0177041437E-01
  -1.51121   4.24188    1.1262637556E-01
  -1.58542   4.21470    1.2395957926E-01
  -1.65915   4.18623    1.3575606303E-01
  -1.73236   4.15647    1.4800129365E-01
  -1.80504   4.12542    1.6068018506E-01
  -1.87716   4.09311    1.7377711691E-01
  -1.94870   4.05954    1.8727595385E-01
  -2.01965   4.02471    2.0116006537E-01
  -2.08997   3.98865    2.1541234632E-01
  -2.15965   3.95135    2.3001523794E-01
  -2.22866   3.91284    2.4495074954E-01
  -2.29699   3.87313    2.6020048064E-01
  -2.36461   3.83222    2.7574564365E-01
  -2.43150   3.79013    2.9156708699E-01
  -2.49764   3.74687    3.0764531871E-01
  -2.56301   3.70246    3.2396053052E-01
  -2.62760   3.65691    3.4049262214E-01
  -2.69137   3.61024    3.5722122611E-01
  -2.75432   3.56245    3.7412573288E-01
  -2.81641   3.51356    3.9118531616E-01
  -2.87764   3.46359    4.0837895863E-01
  -2.93798   3.41256    4.2568547781E-01
  -2.99742   3.36047    4.4308355213E-01
  -3.05593   3.30735    4.6055174725E-01
  -3.11351   3.25321    4.7806854244E-01
  -3.17012   3.19806    4.9561235708E-01
  -3.22576   3.14194    5.1316157728E-01
  -3.28040   3.08484    5.3069458247E-01
  -3.33404   3.02679    5.4818977208E-01
  -3.38664   2.96782    5.6562559212E-01
  -3.43821   2.90792    5.8298056172E-01
  -3.48871   2.84714    6.0023329966E-01
  -3.53814   2.78547    6.1736255064E-01
  -3.58648   2.72295    6.3434721149E-01
  -3.63371   2.65959    6.5116635720E-01
  -3.67983   2.59541    6.6779926665E-01
  -3.72481   2.53042    6.8422544818E-01
  -3.76865   2.46466    7.0042466481E-01
  -3.81132   2.39815    7.1637695918E-01
  -3.85282   2.33089    7.3206267813E-01
  -3.89314   2.26291    7.4746249693E-01
  -3.93225   2.19424    7.6255744307E-01
  -3.97015   2.12489    7.7732891966E-01
  -4.00683   2.05489    7.9175872829E-01
  -4.04228   1.98425    8.0582909152E-01
  -4.07648   1.91301    8.1952267472E-01
  -4.10943   1.84117    8.3282260745E-01
  -4.14111   1.76877    8.4571250427E-01
  -4.17151   1.69582    8.5817648488E-01
  -4.20063   1.62235    8.7019919371E-01
  -4.22845   1.54838    8.8176581883E-01
  -4.25498   1.47393    8.9286211024E-01
  -4.28019   1.39903    9.0347439733E-01
  -4.30408   1.32369    9.1358960582E-01
  -4.32665   1.24795    9.2319527383E-01
  -4.34788   1.17183    9.3227956721E-01
  -4.36778   1.09534    9.4083129416E-01
  -4.38633   1.01852    9.4883991899E-01
  -4.40353   0.94139    9.5629557511E-01
  -4.41937   0.86396    9.6318907718E-01
  -4.43385   0.78627    9.6951193245E-01
  -4.44697   0.70833    9.7525635117E-01
  -4.45872   0.63018    9.8041525627E-01
  -4.46909   0.55183    9.8498229199E-01
  -4.47809   0.47331    9.8895183176E-01
  -4.48570   0.39465    9.9231898512E-01
  -4.49194   0.31587    9.9507960377E-01
  -4.49679   0.23699    9.9723028663E-01
  -4.50026   0.15803    9.9876838406E-01
  -4.50234   0.07903    9.9969200115E-01
  -4.50303   0.00000    1.0000000000E+00

   4.56566   0.00000********************
   4.56495   0.08013    9.9969200115E-01
   4.56284   0.16023    9.9876838406E-01
   4.55933   0.24028    9.9723028663E-01
   4.55441   0.32026    9.9507960377E-01
   4.54809   0.40014    9.9231898512E-01
   4.54037   0.47990    9.8895183176E-01
   4.53124   0.55951    9.8498229199E-01
   4.52073   0.63894    9.8041525627E-01
   4.50882   0.71818    9.7525635117E-01
   4.49552   0.79720    9.6951193245E-01
   4.48084   0.87597    9.6318907718E-01
   4.46477   0.95448    9.5629557511E-01
   4.44733   1.03269    9.4883991899E-01
   4.42853   1.11058    9.4083129416E-01
   4.40835   1.18813    9.3227956721E-01
   4.38682   1.26531    9.2319527383E-01
   4.36394   1.34210    9.1358960582E-01
   4.33971   1.41848    9.0347439733E-01
   4.31415   1.49443    8.9286211024E-01
   4.28726   1.56991    8.8176581883E-01
   4.25905   1.64491    8.7019919371E-01
   4.22952   1.71940    8.5817648488E-01
   4.19870   1.79336    8.4571250427E-01
   4.16658   1.86678    8.3282260745E-01
   4.13317   1.93961    8.1952267472E-01
   4.09850   2.01185    8.0582909152E-01
   4.06256   2.08347    7.9175872829E-01
   4.02537   2.15444    7.7732891966E-01
   3.98694   2.22476    7.6255744307E-01
   3.94728   2.29438    7.4746249693E-01
   3.90641   2.36331    7.3206267813E-01
   3.86433   2.43150    7.1637695918E-01
   3.82106   2.49894    7.0042466481E-01
   3.77662   2.56562    6.8422544818E-01
   3.73101   2.63150    6.6779926665E-01
   3.68425   2.69657    6.5116635720E-01
   3.63636   2.76082    6.3434721149E-01
   3.58735   2.82421    6.1736255064E-01
   3.53723   2.88673    6.0023329966E-01
   3.48602   2.94837    5.8298056172E-01
   3.43374   3.00909    5.6562559212E-01
   3.38040   3.06889    5.4818977208E-01
   3.32603   3.12774    5.3069458247E-01
   3.27062   3.18563    5.1316157728E-01
   3.21421   3.24254    4.9561235708E-01
   3.15681   3.29845    4.7806854244E-01
   3.09844   3.35334    4.6055174725E-01
   3.03911   3.40720    4.4308355213E-01
   2.97884   3.46002    4.2568547781E-01
   2.91766   3.51176    4.0837895863E-01
   2.85558   3.56243    3.9118531616E-01
   2.79262   3.61199    3.7412573288E-01
   2.72880   3.66045    3.5722122611E-01
   2.66414   3.70777    3.4049262214E-01
   2.59866   3.75396    3.2396053052E-01
   2.53238   3.79898    3.0764531871E-01
   2.46532   3.84284    2.9156708699E-01
   2.39749   3.88552    2.7574564365E-01
   2.32893   3.92699    2.6020048064E-01
   2.25966   3.96726    2.4495074954E-01
   2.18968   4.00631    2.3001523794E-01
   2.11904   4.04412    2.1541234632E-01
   2.04774   4.08069    2.0116006537E-01
   1.97581   4.11599    1.8727595385E-01
   1.90327   4.15004    1.7377711691E-01
   1.83014   4.18280    1.6068018506E-01
   1.75645   4.21427    1.4800129365E-01
   1.68222   4.24445    1.3575606303E-01
   1.60747   4.27332    1.2395957926E-01
   1.53223   4.30087    1.1262637556E-01
   1.45651   4.32710    1.0177041437E-01
   1.38035   4.35200    9.1405070194E-02
   1.30376   4.37555    8.1543113090E-02
   1.22677   4.39776    7.2196692940E-02
   1.14940   4.41861    6.3377324492E-02
   1.07167   4.43810    5.5095873167E-02
   0.99362   4.45622    4.7362541675E-02
   0.91526   4.47298    4.0186857444E-02
   0.83662   4.48835    3.3577660884E-02
   0.75772   4.50234    2.7543094495E-02
   0.67859   4.51495    2.2090592836E-02
   0.59925   4.52616    1.7226873362E-02
   0.51972   4.53598    1.2957928154E-02
   0.44004   4.54440    9.2890165331E-03
   0.36021   4.55142    6.2246585807E-03
   0.28028   4.55705    3.7686295721E-03
   0.20026   4.56126    1.9239553236E-03
   0.12018   4.56407    6.9290846547E-04
   0.04006   4.56548    7.7005641668E-05
  -0.04006   4.56548    7.7005641668E-05
  -0.12018   4.56407    6.9290846547E-04
  -0.20026   4.56126    1.9239553236E-03
  -0.28028   4.55705    3.7686295721E-03
  -0.36021   4.55142    6.2246585807E-03
  -0.44004   4.54440    9.2890165331E-03
  -0.51972   4.53598    1.2957928154E-02
  -0.59925   4.52616    1.7226873362E-02
  -0.67859   4.51495    2.2090592836E-02
  -0.75772   4.50234    2.7543094495E-02
  -0.83662   4.48835    3.3577660884E-02
  -0.91526   4.47298    4.0186857444E-02
  -0.99362   4.45622    4.7362541675E-02
  -1.07167   4.43810    5.5095873167E-02
  -1.14940   4.41861    6.3377324492E-02
  -1.22677   4.39776    7.2196692940E-02
  -1.30376   4.37555    8.1543113090E-02
  -1.38035   4.35200    9.1405070194E-02
  -1.45651   4.32710    1.0177041437E-01
  -1.53223   4.30087    1.1262637556E-01
  -1.60747   4.27332    1.2395957926E-01
  -1.68222   4.24445    1.3575606303E-01
  -1.75645   4.21427    1.4800129365E-01
  -1.83014   4.18280    1.6068018506E-01
  -1.90327   4.15004    1.7377711691E-01
  -1.97581   4.11599    1.8727595385E-01
  -2.04774   4.08069    2.0116006537E-01
  -2.11904   4.04412    2.1541234632E-01
  -2.18968   4.00631    2.3001523794E-01
  -2.25966   3.96726    2.4495074954E-01
  -2.32893   3.92699    2.6020048064E-01
  -2.39749   3.88552    2.7574564365E-01
  -2.46532   3.84284    2.9156708699E-01
  -2.53238   3.79898    3.0764531871E-01
  -2.59866   3.75396    3.2396053052E-01
  -2.66414   3.70777    3.4049262214E-01
  -2.72880   3.66045    3.5722122611E-01
  -2.79262   3.61199    3.7412573288E-01
  -2.85558   3.56243    3.9118531616E-01
  -2.91766   3.51176    4.0837895863E-01
  -2.97884   3.46002    4.2568547781E-01
  -3.03911   3.40720    4.4308355213E-01
  -3.09844   3.35334    4.6055174725E-01
  -3.15681   3.29845    4.7806854244E-01
  -3.21421   3.24254    4.9561235708E-01
  -3.27062   3.18563    5.1316157728E-01
  -3.32603   3.12774    5.3069458247E-01
  -3.38040   3.06889    5.4818977208E-01
  -3.43374   3.00909    5.6562559212E-01
  -3.48602   2.94837    5.8298056172E-01
  -3.53723   2.88673    6.0023329966E-01
  -3.58735   2.82421    6.1736255064E-01
  -3.63636   2.76082    6.3434721149E-01
  -3.68425   2.69657    6.5116635720E-01
  -3.73101   2.63150    6.6779926665E-01
  -3.77662   2.56562    6.8422544818E-01
  -3.82106   2.49894    7.0042466481E-01
  -3.86433   2.43150    7.1637695918E-01
  -3.90641   2.36331    7.3206267813E-01
  -3.94728   2.29438    7.4746249693E-01
  -3.98694   2.22476    7.6255744307E-01
  -4.02537   2.15444    7.7732891966E-01
  -4.06256   2.08347    7.9175872829E-01
  -4.09850   2.01185    8.0582909152E-01
  -4.13317   1.93961    8.1952267472E-01
  -4.16658   1.86678    8.3282260745E-01
  -4.19870   1.79336    8.4571250427E-01
  -4.22952   1.71940    8.5817648488E-01
  -4.25905   1.64491    8.7019919371E-01
  -4.28726   1.56991    8.8176581883E-01
  -4.31415   1.49443    8.9286211024E-01
  -4.33971   1.41848    9.0347439733E-01
  -4.36394   1.34210    9.1358960582E-01
  -4.38682   1.26531    9.2319527383E-01
  -4.40835   1.18813    9.3227956721E-01
  -4.42853   1.11058    9.4083129416E-01
  -4.44733   1.03269    9.4883991899E-01
  -4.46477   0.95448    9.5629557511E-01
  -4.48084   0.87597    9.6318907718E-01
  -4.49552   0.79720    9.6951193245E-01
  -4.50882   0.71818    9.7525635117E-01
  -4.52073   0.63894    9.8041525627E-01
  -4.53124   0.55951    9.8498229199E-01
  -4.54037   0.47990    9.8895183176E-01
  -4.54809   0.40014    9.9231898512E-01
  -4.55441   0.32026    9.9507960377E-01
  -4.55933   0.24028    9.9723028663E-01
  -4.56284   0.16023    9.9876838406E-01
  -4.56495   0.08013    9.9969200115E-01
  -4.56566   0.00000    1.0000000000E+00

   4.62828   0.00000********************
   4.62757   0.08123    9.9969200115E-01
   4.62543   0.16243    9.9876838406E-01
   4.62187   0.24358    9.9723028663E-01
   4.61688   0.32465    9.9507960377E-01
   4.61047   0.40563    9.9231898512E-01
   4.60264   0.48648    9.8895183176E-01
   4.59340   0.56718    9.8498229199E-01
   4.58274   0.64771    9.8041525627E-01
   4.57066   0.72803    9.7525635117E-01
   4.55718   0.80814    9.6951193245E-01
   4.54230   0.88799    9.6318907718E-01
   4.52601   0.96757    9.5629557511E-01
   4.50834   1.04685    9.4883991899E-01
   4.48927   1.12581    9.4083129416E-01
   4.46882   1.20442    9.3227956721E-01
   4.44700   1.28267    9.2319527383E-01
   4.42380   1.36051    9.1358960582E-01
   4.39924   1.43794    9.0347439733E-01
   4.37333   1.51493    8.9286211024E-01
   4.34607   1.59144    8.8176581883E-01
   4.31747   1.66747    8.7019919371E-01
   4.28754   1.74299    8.5817648488E-01
   4.25629   1.81796    8.4571250427E-01
   4.22373   1.89238    8.3282260745E-01
   4.18987   1.96622    8.1952267472E-01
   4.15472   2.03944    8.0582909152E-01
   4.11828   2.11205    7.9175872829E-01
   4.08058   2.18400    7.7732891966E-01
   4.04163   2.25527    7.6255744307E-01
   4.00142   2.32586    7.4746249693E-01
   3.95999   2.39572    7.3206267813E-01
   3.91733   2.46485    7.1637695918E-01
   3.87347   2.53322    7.0042466481E-01
   3.82842   2.60081    6.8422544818E-01
   3.78219   2.66760    6.6779926665E-01
   3.73479   2.73356    6.5116635720E-01
   3.68624   2.79869    6.3434721149E-01
   3.63655   2.86295    6.1736255064E-01
   3.58575   2.92633    6.0023329966E-01
   3.53384   2.98881    5.8298056172E-01
   3.48084   3.05037    5.6562559212E-01
   3.42677   3.11099    5.4818977208E-01
   3.37165   3.17065    5.3069458247E-01
   3.31548   3.22933    5.1316157728E-01
   3.25830   3.28702    4.9561235708E-01
   3.20011   3.34369    4.7806854244E-01
   3.14094   3.39934    4.6055174725E-01
   3.08079   3.45394    4.4308355213E-01
   3.01970   3.50748    4.2568547781E-01
   2.95768   3.55993    4.0837895863E-01
   2.89475   3.61129    3.9118531616E-01
   2.83093   3.66154    3.7412573288E-01
   2.76623   3.71066    3.5722122611E-01
   2.70068   3.75863    3.4049262214E-01
   2.63430   3.80545    3.2396053052E-01
   2.56711   3.85109    3.0764531871E-01
   2.49913   3.89555    2.9156708699E-01
   2.43038   3.93881    2.7574564365E-01
   2.36088   3.98086    2.6020048064E-01
   2.29065   4.02168    2.4495074954E-01
   2.21972   4.06126    2.3001523794E-01
   2.14810   4.09959    2.1541234632E-01
   2.07583   4.13666    2.0116006537E-01
   2.00291   4.17245    1.8727595385E-01
   1.92937   4.20696    1.7377711691E-01
   1.85524   4.24017    1.6068018506E-01
   1.78054   4.27208    1.4800129365E-01
   1.70529   4.30267    1.3575606303E-01
   1.62952   4.33194    1.2395957926E-01
   1.55324   4.35987    1.1262637556E-01
   1.47649   4.38645    1.0177041437E-01
   1.39928   4.41169    9.1405070194E-02
   1.32164   4.43557    8.1543113090E-02
   1.24359   4.45808    7.2196692940E-02
   1.16516   4.47922    6.3377324492E-02
   1.08637   4.49898    5.5095873167E-02
   1.00725   4.51735    4.7362541675E-02
   0.92782   4.53433    4.0186857444E-02
   0.84810   4.54992    3.3577660884E-02
   0.76812   4.56410    2.7543094495E-02
   0.68790   4.57688    2.2090592836E-02
   0.60747   4.58824    1.7226873362E-02
   0.52685   4.59820    1.2957928154E-02
   0.44607   4.60674    9.2890165331E-03
   0.36516   4.61386    6.2246585807E-03
   0.28413   4.61955    3.7686295721E-03
   0.20301   4.62383    1.9239553236E-03
   0.12183   4.62668    6.9290846547E-04
   0.04061   4.62810    7.7005641668E-05
  -0.04061   4.62810    7.7005641668E-05
  -0.12183   4.62668    6.9290846547E-04
  -0.20301   4.62383    1.9239553236E-03
  -0.28413   4.61955    3.7686295721E-03
  -0.36516   4.61386    6.2246585807E-03
  -0.44607   4.60674    9.2890165331E-03
  -0.52685   4.59820    1.2957928154E-02
  -0.60747   4.58824    1.7226873362E-02
  -0.68790   4.57688    2.2090592836E-02
  -0.76812   4.56410    2.7543094495E-02
  -0.84810   4.54992    3.3577660884E-02
  -0.92782   4.53433    4.0186857444E-02
  -1.00725   4.51735    4.7362541675E-02
  -1.08637   4.49898    5.5095873167E-02
  -1.16516   4.47922    6.3377324492E-02
  -1.24359   4.45808    7.2196692940E-02
  -1.32164   4.43557    8.1543113090E-02
  -1.39928   4.41169    9.1405070194E-02
  -1.47649   4.38645    1.0177041437E-01
  -1.55324   4.35987    1.1262637556E-01
  -1.62952   4.33194    1.2395957926E-01
  -1.70529   4.30267    1.3575606303E-01
  -1.78054   4.27208    1.4800129365E-01
  -1.85524   4.24017    1.6068018506E-01
  -1.92937   4.20696    1.7377711691E-01
  -2.00291   4.17245    1.8727595385E-01
  -2.07583   4.13666    2.0116006537E-01
  -2.14810   4.09959    2.1541234632E-01
  -2.21972   4.06126    2.3001523794E-01
  -2.29065   4.02168    2.4495074954E-01
  -2.36088   3.98086    2.6020048064E-01
  -2.43038   3.93881    2.7574564365E-01
  -2.49913   3.89555    2.9156708699E-01
  -2.56711   3.85109    3.0764531871E-01
  -2.63430   3.80545    3.2396053052E-01
  -2.70068   3.75863    3.4049262214E-01
  -2.76623   3.71066    3.5722122611E-01
  -2.83093   3.66154    3.7412573288E-01
  -2.89475   3.61129    3.9118531616E-01
  -2.95768   3.55993    4.0837895863E-01
  -3.01970   3.50748    4.2568547781E-01
  -3.08079   3.45394    4.4308355213E-01
  -3.14094   3.39934    4.6055174725E-01
  -3.20011   3.34369    4.7806854244E-01
  -3.25830   3.28702    4.9561235708E-01
  -3.31548   3.22933    5.1316157728E-01
  -3.37165   3.17065    5.3069458247E-01
  -3.42677   3.11099    5.4818977208E-01
  -3.48084   3.05037    5.6562559212E-01
  -3.53384   2.98881    5.8298056172E-01
  -3.58575   2.92633    6.0023329966E-01
  -3.63655   2.86295    6.1736255064E-01
  -3.68624   2.79869    6.3434721149E-01
  -3.73479   2.73356    6.5116635720E-01
  -3.78219   2.66760    6.6779926665E-01
  -3.82842   2.60081    6.8422544818E-01
  -3.87347   2.53322    7.0042466481E-01
  -3.91733   2.46485    7.1637695918E-01
  -3.95999   2.39572    7.3206267813E-01
  -4.00142   2.32586    7.4746249693E-01
  -4.04163   2.25527    7.6255744307E-01
  -4.08058   2.18400    7.7732891966E-01
  -4.11828   2.11205    7.9175872829E-01
  -4.15472   2.03944    8.0582909152E-01
  -4.18987   1.96622    8.1952267472E-01
  -4.22373   1.89238    8.3282260745E-01
  -4.25629   1.81796    8.4571250427E-01
  -4.28754   1.74299    8.5817648488E-01
  -4.31747   1.66747    8.7019919371E-01
  -4.34607   1.59144    8.8176581883E-01
  -4.37333   1.51493    8.9286211024E-01
  -4.39924   1.43794    9.0347439733E-01
  -4.42380   1.36051    9.1358960582E-01
  -4.44700   1.28267    9.2319527383E-01
  -4.46882   1.20442    9.3227956721E-01
  -4.48927   1.12581    9.4083129416E-01
  -4.50834   1.04685    9.4883991899E-01
  -4.52601   0.96757    9.5629557511E-01
  -4.54230   0.88799    9.6318907718E-01
  -4.55718   0.80814    9.6951193245E-01
  -4.57066   0.72803    9.7525635117E-01
  -4.58274   0.64771    9.8041525627E-01
  -4.59340   0.56718    9.8498229199E-01
  -4.60264   0.48648    9.8895183176E-01
  -4.61047   0.40563    9.9231898512E-01
  -4.61688   0.32465    9.9507960377E-01
  -4.62187   0.24358    9.9723028663E-01
  -4.62543   0.16243    9.9876838406E-01
  -4.62757   0.08123    9.9969200115E-01
  -4.62828   0.00000    1.0000000000E+00

   4.69091   0.00000********************
   4.69019   0.08232    9.9969200115E-01
   4.68802   0.16462    9.9876838406E-01
   4.68441   0.24687    9.9723028663E-01
   4.67935   0.32905    9.9507960377E-01
   4.67286   0.41112    9.9231898512E-01
   4.66492   0.49306    9.8895183176E-01
   4.65555   0.57486    9.8498229199E-01
   4.64475   0.65647    9.8041525627E-01
   4.63251   0.73789    9.7525635117E-01
   4.61885   0.81907    9.6951193245E-01
   4.60376   0.90001    9.6318907718E-01
   4.58726   0.98066    9.5629557511E-01
   4.56934   1.06102    9.4883991899E-01
   4.55002   1.14105    9.4083129416E-01
   4.52929   1.22072    9.3227956721E-01
   4.50717   1.30002    9.2319527383E-01
   4.48366   1.37892    9.1358960582E-01
   4.45877   1.45740    9.0347439733E-01
   4.43250   1.53542    8.9286211024E-01
   4.40488   1.61298    8.8176581883E-01
   4.37589   1.69004    8.7019919371E-01
   4.34556   1.76657    8.5817648488E-01
   4.31388   1.84256    8.4571250427E-01
   4.28088   1.91799    8.3282260745E-01
   4.24656   1.99282    8.1952267472E-01
   4.21093   2.06704    8.0582909152E-01
   4.17401   2.14062    7.9175872829E-01
   4.13580   2.21355    7.7732891966E-01
   4.09631   2.28579    7.6255744307E-01
   4.05557   2.35733    7.4746249693E-01
   4.01357   2.42814    7.3206267813E-01
   3.97034   2.49820    7.1637695918E-01
   3.92589   2.56750    7.0042466481E-01
   3.88022   2.63600    6.8422544818E-01
   3.83336   2.70369    6.6779926665E-01
   3.78532   2.77055    6.5116635720E-01
   3.73612   2.83656    6.3434721149E-01
   3.68576   2.90169    6.1736255064E-01
   3.63427   2.96593    6.0023329966E-01
   3.58166   3.02925    5.8298056172E-01
   3.52794   3.09164    5.6562559212E-01
   3.47314   3.15308    5.4818977208E-01
   3.41727   3.21355    5.3069458247E-01
   3.36035   3.27303    5.1316157728E-01
   3.30239   3.33150    4.9561235708E-01
   3.24341   3.38894    4.7806854244E-01
   3.18344   3.44534    4.6055174725E-01
   3.12248   3.50068    4.4308355213E-01
   3.06056   3.55494    4.2568547781E-01
   2.99770   3.60810    4.0837895863E-01
   2.93392   3.66016    3.9118531616E-01
   2.86923   3.71108    3.7412573288E-01
   2.80366   3.76087    3.5722122611E-01
   2.73723   3.80949    3.4049262214E-01
   2.66995   3.85694    3.2396053052E-01
   2.60185   3.90320    3.0764531871E-01
   2.53295   3.94827    2.9156708699E-01
   2.46327   3.99211    2.7574564365E-01
   2.39283   4.03473    2.6020048064E-01
   2.32165   4.07610    2.4495074954E-01
   2.24976   4.11622    2.3001523794E-01
   2.17717   4.15506    2.1541234632E-01
   2.10391   4.19263    2.0116006537E-01
   2.03001   4.22891    1.8727595385E-01
   1.95548   4.26389    1.7377711691E-01
   1.88035   4.29755    1.6068018506E-01
   1.80464   4.32989    1.4800129365E-01
   1.72837   4.36089    1.3575606303E-01
   1.65157   4.39055    1.2395957926E-01
   1.57426   4.41886    1.1262637556E-01
   1.49647   4.44581    1.0177041437E-01
   1.41822   4.47139    9.1405070194E-02
   1.33952   4.49559    8.1543113090E-02
   1.26042   4.51840    7.2196692940E-02
   1.18093   4.53983    6.3377324492E-02
   1.10107   4.55985    5.5095873167E-02
   1.02088   4.57847    4.7362541675E-02
   0.94037   4.59569    4.0186857444E-02
   0.85957   4.61148    3.3577660884E-02
   0.77851   4.62586    2.7543094495E-02
   0.69721   4.63881    2.2090592836E-02
   0.61569   4.65033    1.7226873362E-02
   0.53398   4.66042    1.2957928154E-02
   0.45211   4.66907    9.2890165331E-03
   0.37010   4.67629    6.2246585807E-03
   0.28797   4.68206    3.7686295721E-03
   0.20576   4.68639    1.9239553236E-03
   0.12348   4.68928    6.9290846547E-04
   0.04116   4.69073    7.7005641668E-05
  -0.04116   4.69073    7.7005641668E-05
  -0.12348   4.68928    6.9290846547E-04
  -0.20576   4.68639    1.9239553236E-03
  -0.28797   4.68206    3.7686295721E-03
  -0.37010   4.67629    6.2246585807E-03
  -0.45211   4.66907    9.2890165331E-03
  -0.53398   4.66042    1.2957928154E-02
  -0.61569   4.65033    1.7226873362E-02
  -0.69721   4.63881    2.2090592836E-02
  -0.77851   4.62586    2.7543094495E-02
  -0.85957   4.61148    3.3577660884E-02
  -0.94037   4.59569    4.0186857444E-02
  -1.02088   4.57847    4.7362541675E-02
  -1.10107   4.55985    5.5095873167E-02
  -1.18093   4.53983    6.3377324492E-02
  -1.26042   4.51840    7.2196692940E-02
  -1.33952   4.49559    8.1543113090E-02
  -1.41822   4.47139    9.1405070194E-02
  -1.49647   4.44581    1.0177041437E-01
  -1.57426   4.41886    1.1262637556E-01
  -1.65157   4.39055    1.2395957926E-01
  -1.72837   4.36089    1.3575606303E-01
  -1.80464   4.32989    1.4800129365E-01
  -1.88035   4.29755    1.6068018506E-01
  -1.95548   4.26389    1.7377711691E-01
  -2.03001   4.22891    1.8727595385E-01
  -2.10391   4.19263    2.0116006537E-01
  -2.17717   4.15506    2.1541234632E-01
  -2.24976   4.11622    2.3001523794E-01
  -2.32165   4.07610    2.4495074954E-01
  -2.39283   4.03473    2.6020048064E-01
  -2.46327   3.99211    2.7574564365E-01
  -2.53295   3.94827    2.9156708699E-01
  -2.60185   3.90320    3.0764531871E-01
  -2.66995   3.85694    3.2396053052E-01
  -2.73723   3.80949    3.4049262214E-01
  -2.80366   3.76087    3.5722122611E-01
  -2.86923   3.71108    3.7412573288E-01
  -2.93392   3.66016    3.9118531616E-01
  -2.99770   3.60810    4.0837895863E-01
  -3.06056   3.55494    4.2568547781E-01
  -3.12248   3.50068    4.4308355213E-01
  -3.18344   3.44534    4.6055174725E-01
  -3.24341   3.38894    4.7806854244E-01
  -3.30239   3.33150    4.9561235708E-01
  -3.36035   3.27303    5.1316157728E-01
  -3.41727   3.21355    5.3069458247E-01
  -3.47314   3.15308    5.4818977208E-01
  -3.52794   3.09164    5.6562559212E-01
  -3.58166   3.02925    5.8298056172E-01
  -3.63427   2.96593    6.0023329966E-01
  -3.68576   2.90169    6.1736255064E-01
  -3.73612   2.83656    6.3434721149E-01
  -3.78532   2.77055    6.5116635720E-01
  -3.83336   2.70369    6.6779926665E-01
  -3.88022   2.63600    6.8422544818E-01
  -3.92589   2.56750    7.0042466481E-01
  -3.97034   2.49820    7.1637695918E-01
  -4.01357   2.42814    7.3206267813E-01
  -4.05557   2.35733    7.4746249693E-01
  -4.09631   2.28579    7.6255744307E-01
  -4.13580   2.21355    7.7732891966E-01
  -4.17401   2.14062    7.9175872829E-01
  -4.21093   2.06704    8.0582909152E-01
  -4.24656   1.99282    8.1952267472E-01
  -4.28088   1.91799    8.3282260745E-01
  -4.31388   1.84256    8.4571250427E-01
  -4.34556   1.76657    8.5817648488E-01
  -4.37589   1.69004    8.7019919371E-01
  -4.40488   1.61298    8.8176581883E-01
  -4.43250   1.53542    8.9286211024E-01
  -4.45877   1.45740    9.0347439733E-01
  -4.48366   1.37892    9.1358960582E-01
  -4.50717   1.30002    9.2319527383E-01
  -4.52929   1.22072    9.3227956721E-01
  -4.55002   1.14105    9.4083129416E-01
  -4.56934   1.06102    9.4883991899E-01
  -4.58726   0.98066    9.5629557511E-01
  -4.60376   0.90001    9.6318907718E-01
  -4.61885   0.81907    9.6951193245E-01
  -4.63251   0.73789    9.7525635117E-01
  -4.64475   0.65647    9.8041525627E-01
  -4.65555   0.57486    9.8498229199E-01
  -4.66492   0.49306    9.8895183176E-01
  -4.67286   0.41112    9.9231898512E-01
  -4.67935   0.32905    9.9507960377E-01
  -4.68441   0.24687    9.9723028663E-01
  -4.68802   0.16462    9.9876838406E-01
  -4.69019   0.08232    9.9969200115E-01
  -4.69091   0.00000    1.0000000000E+00

   4.75354   0.00000********************
   4.75280   0.08342    9.9969200115E-01
   4.75061   0.16682    9.9876838406E-01
   4.74695   0.25017    9.9723028663E-01
   4.74183   0.33344    9.9507960377E-01
   4.73524   0.41661    9.9231898512E-01
   4.72720   0.49965    9.8895183176E-01
   4.71771   0.58253    9.8498229199E-01
   4.70676   0.66524    9.8041525627E-01
   4.69436   0.74774    9.7525635117E-01
   4.68051   0.83001    9.6951193245E-01
   4.66522   0.91202    9.6318907718E-01
   4.64850   0.99376    9.5629557511E-01
   4.63034   1.07518    9.4883991899E-01
   4.61076   1.15628    9.4083129416E-01
   4.58976   1.23702    9.3227956721E-01
   4.56734   1.31738    9.2319527383E-01
   4.54352   1.39733    9.1358960582E-01
   4.51830   1.47686    9.0347439733E-01
   4.49168   1.55592    8.9286211024E-01
   4.46368   1.63451    8.8176581883E-01
   4.43431   1.71260    8.7019919371E-01
   4.40357   1.79016    8.5817648488E-01
   4.37148   1.86716    8.4571250427E-01
   4.33803   1.94359    8.3282260745E-01
   4.30326   2.01943    8.1952267472E-01
   4.26715   2.09464    8.0582909152E-01
   4.22973   2.16920    7.9175872829E-01
   4.19101   2.24310    7.7732891966E-01
   4.15100   2.31631    7.6255744307E-01
   4.10971   2.38880    7.4746249693E-01
   4.06716   2.46056    7.3206267813E-01
   4.02335   2.53156    7.1637695918E-01
   3.97830   2.60178    7.0042466481E-01
   3.93203   2.67119    6.8422544818E-01
   3.88454   2.73979    6.6779926665E-01
   3.83586   2.80754    6.5116635720E-01
   3.78600   2.87443    6.3434721149E-01
   3.73497   2.94043    6.1736255064E-01
   3.68279   3.00552    6.0023329966E-01
   3.62947   3.06969    5.8298056172E-01
   3.57504   3.13292    5.6562559212E-01
   3.51951   3.19518    5.4818977208E-01
   3.46289   3.25645    5.3069458247E-01
   3.40521   3.31672    5.1316157728E-01
   3.34648   3.37597    4.9561235708E-01
   3.28671   3.43418    4.7806854244E-01
   3.22594   3.49134    4.6055174725E-01
   3.16417   3.54741    4.4308355213E-01
   3.10142   3.60240    4.2568547781E-01
   3.03772   3.65627    4.0837895863E-01
   2.97309   3.70902    3.9118531616E-01
   2.90754   3.76063    3.7412573288E-01
   2.84109   3.81107    3.5722122611E-01
   2.77377   3.86035    3.4049262214E-01
   2.70559   3.90843    3.2396053052E-01
   2.63659   3.95531    3.0764531871E-01
   2.56676   4.00098    2.9156708699E-01
   2.49615   4.04541    2.7574564365E-01
   2.42477   4.08859    2.6020048064E-01
   2.35264   4.13052    2.4495074954E-01
   2.27979   4.17117    2.3001523794E-01
   2.20624   4.21054    2.1541234632E-01
   2.13200   4.24861    2.0116006537E-01
   2.05711   4.28537    1.8727595385E-01
   1.98159   4.32081    1.7377711691E-01
   1.90545   4.35492    1.6068018506E-01
   1.82873   4.38769    1.4800129365E-01
   1.75144   4.41911    1.3575606303E-01
   1.67362   4.44917    1.2395957926E-01
   1.59528   4.47785    1.1262637556E-01
   1.51645   4.50516    1.0177041437E-01
   1.43715   4.53108    9.1405070194E-02
   1.35741   4.55561    8.1543113090E-02
   1.27725   4.57873    7.2196692940E-02
   1.19670   4.60044    6.3377324492E-02
   1.11577   4.62073    5.5095873167E-02
   1.03451   4.63960    4.7362541675E-02
   0.95293   4.65704    4.0186857444E-02
   0.87105   4.67305    3.3577660884E-02
   0.78890   4.68761    2.7543094495E-02
   0.70651   4.70074    2.2090592836E-02
   0.62391   4.71241    1.7226873362E-02
   0.54111   4.72264    1.2957928154E-02
   0.45814   4.73141    9.2890165331E-03
   0.37504   4.73872    6.2246585807E-03
   0.29182   4.74457    3.7686295721E-03
   0.20850   4.74896    1.9239553236E-03
   0.12513   4.75189    6.9290846547E-04
   0.04171   4.75335    7.7005641668E-05
  -0.04171   4.75335    7.7005641668E-05
  -0.12513   4.75189    6.9290846547E-04
  -0.20850   4.74896    1.9239553236E-03
  -0.29182   4.74457    3.7686295721E-03
  -0.37504   4.73872    6.2246585807E-03
  -0.45814   4.73141    9.2890165331E-03
  -0.54111   4.72264    1.2957928154E-02
  -0.62391   4.71241    1.7226873362E-02
  -0.70651   4.70074    2.2090592836E-02
  -0.78890   4.68761    2.7543094495E-02
  -0.87105   4.67305    3.3577660884E-02
  -0.95293   4.65704    4.0186857444E-02
  -1.03451   4.63960    4.7362541675E-02
  -1.11577   4.62073    5.5095873167E-02
  -1.19670   4.60044    6.3377324492E-02
  -1.27725   4.57873    7.2196692940E-02
  -1.35741   4.55561    8.1543113090E-02
  -1.43715   4.53108    9.1405070194E-02
  -1.51645   4.50516    1.0177041437E-01
  -1.59528   4.47785    1.1262637556E-01
  -1.67362   4.44917    1.2395957926E-01
  -1.75144   4.41911    1.3575606303E-01
  -1.82873   4.38769    1.4800129365E-01
  -1.90545   4.35492    1.6068018506E-01
  -1.98159   4.32081    1.7377711691E-01
  -2.05711   4.28537    1.8727595385E-01
  -2.13200   4.24861    2.0116006537E-01
  -2.20624   4.21054    2.1541234632E-01
  -2.27979   4.17117    2.3001523794E-01
  -2.35264   4.13052    2.4495074954E-01
  -2.42477   4.08859    2.6020048064E-01
  -2.49615   4.04541    2.7574564365E-01
  -2.56676   4.00098    2.9156708699E-01
  -2.63659   3.95531    3.0764531871E-01
  -2.70559   3.90843    3.2396053052E-01
  -2.77377   3.86035    3.4049262214E-01
  -2.84109   3.81107    3.5722122611E-01
  -2.90754   3.76063    3.7412573288E-01
  -2.97309   3.70902    3.9118531616E-01
  -3.03772   3.65627    4.0837895863E-01
  -3.10142   3.60240    4.2568547781E-01
  -3.16417   3.54741    4.4308355213E-01
  -3.22594   3.49134    4.6055174725E-01
  -3.28671   3.43418    4.7806854244E-01
  -3.34648   3.37597    4.9561235708E-01
  -3.40521   3.31672    5.1316157728E-01
  -3.46289   3.25645    5.3069458247E-01
  -3.51951   3.19518    5.4818977208E-01
  -3.57504   3.13292    5.6562559212E-01
  -3.62947   3.06969    5.8298056172E-01
  -3.68279   3.00552    6.0023329966E-01
  -3.73497   2.94043    6.1736255064E-01
  -3.78600   2.87443    6.3434721149E-01
  -3.83586   2.80754    6.5116635720E-01
  -3.88454   2.73979    6.6779926665E-01
  -3.93203   2.67119    6.8422544818E-01
  -3.97830   2.60178    7.0042466481E-01
  -4.02335   2.53156    7.1637695918E-01
  -4.06716   2.46056    7.3206267813E-01
  -4.10971   2.38880    7.4746249693E-01
  -4.15100   2.31631    7.6255744307E-01
  -4.19101   2.24310    7.7732891966E-01
  -4.22973   2.16920    7.9175872829E-01
  -4.26715   2.09464    8.0582909152E-01
  -4.30326   2.01943    8.1952267472E-01
  -4.33803   1.94359    8.3282260745E-01
  -4.37148   1.86716    8.4571250427E-01
  -4.40357   1.79016    8.5817648488E-01
  -4.43431   1.71260    8.7019919371E-01
  -4.46368   1.63451    8.8176581883E-01
  -4.49168   1.55592    8.9286211024E-01
  -4.51830   1.47686    9.0347439733E-01
  -4.54352   1.39733    9.1358960582E-01
  -4.56734   1.31738    9.2319527383E-01
  -4.58976   1.23702    9.3227956721E-01
  -4.61076   1.15628    9.4083129416E-01
  -4.63034   1.07518    9.4883991899E-01
  -4.64850   0.99376    9.5629557511E-01
  -4.66522   0.91202    9.6318907718E-01
  -4.68051   0.83001    9.6951193245E-01
  -4.69436   0.74774    9.7525635117E-01
  -4.70676   0.66524    9.8041525627E-01
  -4.71771   0.58253    9.8498229199E-01
  -4.72720   0.49965    9.8895183176E-01
  -4.73524   0.41661    9.9231898512E-01
  -4.74183   0.33344    9.9507960377E-01
  -4.74695   0.25017    9.9723028663E-01
  -4.75061   0.16682    9.9876838406E-01
  -4.75280   0.08342    9.9969200115E-01
  -4.75354   0.00000    1.0000000000E+00

   4.81616   0.00000********************
   4.81542   0.08452    9.9969200115E-01
   4.81319   0.16902    9.9876838406E-01
   4.80949   0.25347    9.9723028663E-01
   4.80430   0.33783    9.9507960377E-01
   4.79763   0.42210    9.9231898512E-01
   4.78948   0.50623    9.8895183176E-01
   4.77986   0.59020    9.8498229199E-01
   4.76877   0.67400    9.8041525627E-01
   4.75620   0.75759    9.7525635117E-01
   4.74218   0.84094    9.6951193245E-01
   4.72669   0.92404    9.6318907718E-01
   4.70974   1.00685    9.5629557511E-01
   4.69135   1.08935    9.4883991899E-01
   4.67151   1.17151    9.4083129416E-01
   4.65023   1.25332    9.3227956721E-01
   4.62752   1.33473    9.2319527383E-01
   4.60338   1.41574    9.1358960582E-01
   4.57782   1.49631    9.0347439733E-01
   4.55086   1.57642    8.9286211024E-01
   4.52249   1.65605    8.8176581883E-01
   4.49273   1.73516    8.7019919371E-01
   4.46159   1.81374    8.5817648488E-01
   4.42907   1.89176    8.4571250427E-01
   4.39519   1.96920    8.3282260745E-01
   4.35995   2.04603    8.1952267472E-01
   4.32337   2.12223    8.0582909152E-01
   4.28546   2.19778    7.9175872829E-01
   4.24623   2.27265    7.7732891966E-01
   4.20569   2.34682    7.6255744307E-01
   4.16386   2.42027    7.4746249693E-01
   4.12074   2.49297    7.3206267813E-01
   4.07635   2.56491    7.1637695918E-01
   4.03071   2.63605    7.0042466481E-01
   3.98383   2.70639    6.8422544818E-01
   3.93572   2.77588    6.6779926665E-01
   3.88640   2.84453    6.5116635720E-01
   3.83588   2.91230    6.3434721149E-01
   3.78417   2.97917    6.1736255064E-01
   3.73131   3.04512    6.0023329966E-01
   3.67729   3.11013    5.8298056172E-01
   3.62214   3.17419    5.6562559212E-01
   3.56588   3.23727    5.4818977208E-01
   3.50852   3.29935    5.3069458247E-01
   3.45007   3.36042    5.1316157728E-01
   3.39057   3.42045    4.9561235708E-01
   3.33001   3.47943    4.7806854244E-01
   3.26844   3.53733    4.6055174725E-01
   3.20585   3.59415    4.4308355213E-01
   3.14228   3.64986    4.2568547781E-01
   3.07775   3.70444    4.0837895863E-01
   3.01226   3.75789    3.9118531616E-01
   2.94584   3.81017    3.7412573288E-01
   2.87852   3.86128    3.5722122611E-01
   2.81031   3.91121    3.4049262214E-01
   2.74124   3.95993    3.2396053052E-01
   2.67132   4.00742    3.0764531871E-01
   2.60058   4.05369    2.9156708699E-01
   2.52904   4.09870    2.7574564365E-01
   2.45672   4.14246    2.6020048064E-01
   2.38364   4.18493    2.4495074954E-01
   2.30983   4.22612    2.3001523794E-01
   2.23530   4.26601    2.1541234632E-01
   2.16009   4.30458    2.0116006537E-01
   2.08421   4.34183    1.8727595385E-01
   2.00769   4.37774    1.7377711691E-01
   1.93056   4.41230    1.6068018506E-01
   1.85282   4.44550    1.4800129365E-01
   1.77452   4.47733    1.3575606303E-01
   1.69567   4.50778    1.2395957926E-01
   1.61630   4.53685    1.1262637556E-01
   1.53643   4.56452    1.0177041437E-01
   1.45608   4.59078    9.1405070194E-02
   1.37529   4.61562    8.1543113090E-02
   1.29408   4.63905    7.2196692940E-02
   1.21246   4.66105    6.3377324492E-02
   1.13047   4.68161    5.5095873167E-02
   1.04814   4.70073    4.7362541675E-02
   0.96548   4.71840    4.0186857444E-02
   0.88252   4.73461    3.3577660884E-02
   0.79930   4.74937    2.7543094495E-02
   0.71582   4.76267    2.2090592836E-02
   0.63213   4.77450    1.7226873362E-02
   0.54824   4.78486    1.2957928154E-02
   0.46418   4.79374    9.2890165331E-03
   0.37998   4.80115    6.2246585807E-03
   0.29566   4.80708    3.7686295721E-03
   0.21125   4.81153    1.9239553236E-03
   0.12678   4.81449    6.9290846547E-04
   0.04226   4.81598    7.7005641668E-05
  -0.04226   4.81598    7.7005641668E-05
  -0.12678   4.81449    6.9290846547E-04
  -0.21125   4.81153    1.9239553236E-03
  -0.29566   4.80708    3.7686295721E-03
  -0.37998   4.80115    6.2246585807E-03
  -0.46418   4.79374    9.2890165331E-03
  -0.54824   4.78486    1.2957928154E-02
  -0.63213   4.77450    1.7226873362E-02
  -0.71582   4.76267    2.2090592836E-02
  -0.79930   4.74937    2.7543094495E-02
  -0.88252   4.73461    3.3577660884E-02
  -0.96548   4.71840    4.0186857444E-02
  -1.04814   4.70073    4.7362541675E-02
  -1.13047   4.68161    5.5095873167E-02
  -1.21246   4.66105    6.3377324492E-02
  -1.29408   4.63905    7.2196692940E-02
  -1.37529   4.61562    8.1543113090E-02
  -1.45608   4.59078    9.1405070194E-02
  -1.53643   4.56452    1.0177041437E-01
  -1.61630   4.53685    1.1262637556E-01
  -1.69567   4.50778    1.2395957926E-01
  -1.77452   4.47733    1.3575606303E-01
  -1.85282   4.44550    1.4800129365E-01
  -1.93056   4.41230    1.6068018506E-01
  -2.00769   4.37774    1.7377711691E-01
  -2.08421   4.34183    1.8727595385E-01
  -2.16009   4.30458    2.0116006537E-01
  -2.23530   4.26601    2.1541234632E-01
  -2.30983   4.22612    2.3001523794E-01
  -2.38364   4.18493    2.4495074954E-01
  -2.45672   4.14246    2.6020048064E-01
  -2.52904   4.09870    2.7574564365E-01
  -2.60058   4.05369    2.9156708699E-01
  -2.67132   4.00742    3.0764531871E-01
  -2.74124   3.95993    3.2396053052E-01
  -2.81031   3.91121    3.4049262214E-01
  -2.87852   3.86128    3.5722122611E-01
  -2.94584   3.81017    3.7412573288E-01
  -3.01226   3.75789    3.9118531616E-01
  -3.07775   3.70444    4.0837895863E-01
  -3.14228   3.64986    4.2568547781E-01
  -3.20585   3.59415    4.4308355213E-01
  -3.26844   3.53733    4.6055174725E-01
  -3.33001   3.47943    4.7806854244E-01
  -3.39057   3.42045    4.9561235708E-01
  -3.45007   3.36042    5.1316157728E-01
  -3.50852   3.29935    5.3069458247E-01
  -3.56588   3.23727    5.4818977208E-01
  -3.62214   3.17419    5.6562559212E-01
  -3.67729   3.11013    5.8298056172E-01
  -3.73131   3.04512    6.0023329966E-01
  -3.78417   2.97917    6.1736255064E-01
  -3.83588   2.91230    6.3434721149E-01
  -3.88640   2.84453    6.5116635720E-01
  -3.93572   2.77588    6.6779926665E-01
  -3.98383   2.70639    6.8422544818E-01
  -4.03071   2.63605    7.0042466481E-01
  -4.07635   2.56491    7.1637695918E-01
  -4.12074   2.49297    7.3206267813E-01
  -4.16386   2.42027    7.4746249693E-01
  -4.20569   2.34682    7.6255744307E-01
  -4.24623   2.27265    7.7732891966E-01
  -4.28546   2.19778    7.9175872829E-01
  -4.32337   2.12223    8.0582909152E-01
  -4.35995   2.04603    8.1952267472E-01
  -4.39519   1.96920    8.3282260745E-01
  -4.42907   1.89176    8.4571250427E-01
  -4.46159   1.81374    8.5817648488E-01
  -4.49273   1.73516    8.7019919371E-01
  -4.52249   1.65605    8.8176581883E-01
  -4.55086   1.57642    8.9286211024E-01
  -4.57782   1.49631    9.0347439733E-01
  -4.60338   1.41574    9.1358960582E-01
  -4.62752   1.33473    9.2319527383E-01
  -4.65023   1.25332    9.3227956721E-01
  -4.67151   1.17151    9.4083129416E-01
  -4.69135   1.08935    9.4883991899E-01
  -4.70974   1.00685    9.5629557511E-01
  -4.72669   0.92404    9.6318907718E-01
  -4.74218   0.84094    9.6951193245E-01
  -4.75620   0.75759    9.7525635117E-01
  -4.76877   0.67400    9.8041525627E-01
  -4.77986   0.59020    9.8498229199E-01
  -4.78948   0.50623    9.8895183176E-01
  -4.79763   0.42210    9.9231898512E-01
  -4.80430   0.33783    9.9507960377E-01
  -4.80949   0.25347    9.9723028663E-01
  -4.81319   0.16902    9.9876838406E-01
  -4.81542   0.08452    9.9969200115E-01
  -4.81616   0.00000    1.0000000000E+00

   4.87879   0.00000********************
   4.87804   0.08562    9.9969200115E-01
   4.87578   0.17122    9.9876838406E-01
   4.87203   0.25676    9.9723028663E-01
   4.86677   0.34223    9.9507960377E-01
   4.86001   0.42758    9.9231898512E-01
   4.85176   0.51281    9.8895183176E-01
   4.84202   0.59788    9.8498229199E-01
   4.83078   0.68276    9.8041525627E-01
   4.81805   0.76744    9.7525635117E-01
   4.80384   0.85188    9.6951193245E-01
   4.78815   0.93605    9.6318907718E-01
   4.77098   1.01994    9.5629557511E-01
   4.75235   1.10351    9.4883991899E-01
   4.73225   1.18675    9.4083129416E-01
   4.71070   1.26961    9.3227956721E-01
   4.68769   1.35209    9.2319527383E-01
   4.66324   1.43415    9.1358960582E-01
   4.63735   1.51577    9.0347439733E-01
   4.61003   1.59692    8.9286211024E-01
   4.58130   1.67758    8.8176581883E-01
   4.55115   1.75772    8.7019919371E-01
   4.51960   1.83733    8.5817648488E-01
   4.48666   1.91636    8.4571250427E-01
   4.45234   1.99481    8.3282260745E-01
   4.41664   2.07264    8.1952267472E-01
   4.37959   2.14983    8.0582909152E-01
   4.34119   2.22636    7.9175872829E-01
   4.30144   2.30220    7.7732891966E-01
   4.26038   2.37734    7.6255744307E-01
   4.21800   2.45174    7.4746249693E-01
   4.17432   2.52539    7.3206267813E-01
   4.12936   2.59826    7.1637695918E-01
   4.08312   2.67033    7.0042466481E-01
   4.03563   2.74158    6.8422544818E-01
   3.98690   2.81198    6.6779926665E-01
   3.93693   2.88152    6.5116635720E-01
   3.88576   2.95017    6.3434721149E-01
   3.83338   3.01791    6.1736255064E-01
   3.77983   3.08472    6.0023329966E-01
   3.72511   3.15058    5.8298056172E-01
   3.66924   3.21547    5.6562559212E-01
   3.61225   3.27937    5.4818977208E-01
   3.55414   3.34226    5.3069458247E-01
   3.49493   3.40412    5.1316157728E-01
   3.43465   3.46493    4.9561235708E-01
   3.37332   3.52467    4.7806854244E-01
   3.31094   3.58333    4.6055174725E-01
   3.24754   3.64088    4.4308355213E-01
   3.18314   3.69732    4.2568547781E-01
   3.11777   3.75261    4.0837895863E-01
   3.05143   3.80675    3.9118531616E-01
   2.98415   3.85972    3.7412573288E-01
   2.91595   3.91149    3.5722122611E-01
   2.84686   3.96207    3.4049262214E-01
   2.77689   4.01142    3.2396053052E-01
   2.70606   4.05953    3.0764531871E-01
   2.63440   4.10640    2.9156708699E-01
   2.56192   4.15200    2.7574564365E-01
   2.48866   4.19632    2.6020048064E-01
   2.41463   4.23935    2.4495074954E-01
   2.33986   4.28108    2.3001523794E-01
   2.26437   4.32148    2.1541234632E-01
   2.18818   4.36056    2.0116006537E-01
   2.11131   4.39829    1.8727595385E-01
   2.03380   4.43466    1.7377711691E-01
   1.95566   4.46967    1.6068018506E-01
   1.87692   4.50331    1.4800129365E-01
   1.79759   4.53555    1.3575606303E-01
   1.71772   4.56640    1.2395957926E-01
   1.63731   4.59584    1.1262637556E-01
   1.55641   4.62387    1.0177041437E-01
   1.47502   4.65047    9.1405070194E-02
   1.39317   4.67564    8.1543113090E-02
   1.31090   4.69937    7.2196692940E-02
   1.22823   4.72166    6.3377324492E-02
   1.14517   4.74248    5.5095873167E-02
   1.06177   4.76185    4.7362541675E-02
   0.97803   4.77975    4.0186857444E-02
   0.89400   4.79618    3.3577660884E-02
   0.80969   4.81113    2.7543094495E-02
   0.72513   4.82460    2.2090592836E-02
   0.64035   4.83658    1.7226873362E-02
   0.55537   4.84708    1.2957928154E-02
   0.47022   4.85608    9.2890165331E-03
   0.38492   4.86358    6.2246585807E-03
   0.29950   4.86959    3.7686295721E-03
   0.21400   4.87409    1.9239553236E-03
   0.12843   4.87710    6.9290846547E-04
   0.04281   4.87860    7.7005641668E-05
  -0.04281   4.87860    7.7005641668E-05
  -0.12843   4.87710    6.9290846547E-04
  -0.21400   4.87409    1.9239553236E-03
  -0.29950   4.86959    3.7686295721E-03
  -0.38492   4.86358    6.2246585807E-03
  -0.47022   4.85608    9.2890165331E-03
  -0.55537   4.84708    1.2957928154E-02
  -0.64035   4.83658    1.7226873362E-02
  -0.72513   4.82460    2.2090592836E-02
  -0.80969   4.81113    2.7543094495E-02
  -0.89400   4.79618    3.3577660884E-02
  -0.97803   4.77975    4.0186857444E-02
  -1.06177   4.76185    4.7362541675E-02
  -1.14517   4.74248    5.5095873167E-02
  -1.22823   4.72166    6.3377324492E-02
  -1.31090   4.69937    7.2196692940E-02
  -1.39317   4.67564    8.1543113090E-02
  -1.47502   4.65047    9.1405070194E-02
  -1.55641   4.62387    1.0177041437E-01
  -1.63731   4.59584    1.1262637556E-01
  -1.71772   4.56640    1.2395957926E-01
  -1.79759   4.53555    1.3575606303E-01
  -1.87692   4.50331    1.4800129365E-01
  -1.95566   4.46967    1.6068018506E-01
  -2.03380   4.43466    1.7377711691E-01
  -2.11131   4.39829    1.8727595385E-01
  -2.18818   4.36056    2.0116006537E-01
  -2.26437   4.32148    2.1541234632E-01
  -2.33986   4.28108    2.3001523794E-01
  -2.41463   4.23935    2.4495074954E-01
  -2.48866   4.19632    2.6020048064E-01
  -2.56192   4.15200    2.7574564365E-01
  -2.63440   4.10640    2.9156708699E-01
  -2.70606   4.05953    3.0764531871E-01
  -2.77689   4.01142    3.2396053052E-01
  -2.84686   3.96207    3.4049262214E-01
  -2.91595   3.91149    3.5722122611E-01
  -2.98415   3.85972    3.7412573288E-01
  -3.05143   3.80675    3.9118531616E-01
  -3.11777   3.75261    4.0837895863E-01
  -3.18314   3.69732    4.2568547781E-01
  -3.24754   3.64088    4.4308355213E-01
  -3.31094   3.58333    4.6055174725E-01
  -3.37332   3.52467    4.7806854244E-01
  -3.43465   3.46493    4.9561235708E-01
  -3.49493   3.40412    5.1316157728E-01
  -3.55414   3.34226    5.3069458247E-01
  -3.61225   3.27937    5.4818977208E-01
  -3.66924   3.21547    5.6562559212E-01
  -3.72511   3.15058    5.8298056172E-01
  -3.77983   3.08472    6.0023329966E-01
  -3.83338   3.01791    6.1736255064E-01
  -3.88576   2.95017    6.3434721149E-01
  -3.93693   2.88152    6.5116635720E-01
  -3.98690   2.81198    6.6779926665E-01
  -4.03563   2.74158    6.8422544818E-01
  -4.08312   2.67033    7.0042466481E-01
  -4.12936   2.59826    7.1637695918E-01
  -4.17432   2.52539    7.3206267813E-01
  -4.21800   2.45174    7.4746249693E-01
  -4.26038   2.37734    7.6255744307E-01
  -4.30144   2.30220    7.7732891966E-01
  -4.34119   2.22636    7.9175872829E-01
  -4.37959   2.14983    8.0582909152E-01
  -4.41664   2.07264    8.1952267472E-01
  -4.45234   1.99481    8.3282260745E-01
  -4.48666   1.91636    8.4571250427E-01
  -4.51960   1.83733    8.5817648488E-01
  -4.55115   1.75772    8.7019919371E-01
  -4.58130   1.67758    8.8176581883E-01
  -4.61003   1.59692    8.9286211024E-01
  -4.63735   1.51577    9.0347439733E-01
  -4.66324   1.43415    9.1358960582E-01
  -4.68769   1.35209    9.2319527383E-01
  -4.71070   1.26961    9.3227956721E-01
  -4.73225   1.18675    9.4083129416E-01
  -4.75235   1.10351    9.4883991899E-01
  -4.77098   1.01994    9.5629557511E-01
  -4.78815   0.93605    9.6318907718E-01
  -4.80384   0.85188    9.6951193245E-01
  -4.81805   0.76744    9.7525635117E-01
  -4.83078   0.68276    9.8041525627E-01
  -4.84202   0.59788    9.8498229199E-01
  -4.85176   0.51281    9.8895183176E-01
  -4.86001   0.42758    9.9231898512E-01
  -4.86677   0.34223    9.9507960377E-01
  -4.87203   0.25676    9.9723028663E-01
  -4.87578   0.17122    9.9876838406E-01
  -4.87804   0.08562    9.9969200115E-01
  -4.87879   0.00000    1.0000000000E+00

   4.94141   0.00000********************
   4.94065   0.08672    9.9969200115E-01
   4.93837   0.17342    9.9876838406E-01
   4.93457   0.26006    9.9723028663E-01
   4.92924   0.34662    9.9507960377E-01
   4.92240   0.43307    9.9231898512E-01
   4.91404   0.51939    9.8895183176E-01
   4.90417   0.60555    9.8498229199E-01
   4.89279   0.69153    9.8041525627E-01
   4.87990   0.77729    9.7525635117E-01
   4.86550   0.86281    9.6951193245E-01
   4.84961   0.94807    9.6318907718E-01
   4.83223   1.03303    9.5629557511E-01
   4.81335   1.11768    9.4883991899E-01
   4.79300   1.20198    9.4083129416E-01
   4.77116   1.28591    9.3227956721E-01
   4.74786   1.36945    9.2319527383E-01
   4.72310   1.45256    9.1358960582E-01
   4.69688   1.53523    9.0347439733E-01
   4.66921   1.61742    8.9286211024E-01
   4.64011   1.69912    8.8176581883E-01
   4.60957   1.78029    8.7019919371E-01
   4.57762   1.86091    8.5817648488E-01
   4.54425   1.94096    8.4571250427E-01
   4.50949   2.02041    8.3282260745E-01
   4.47334   2.09924    8.1952267472E-01
   4.43581   2.17743    8.0582909152E-01
   4.39691   2.25494    7.9175872829E-01
   4.35666   2.33176    7.7732891966E-01
   4.31507   2.40786    7.6255744307E-01
   4.27214   2.48321    7.4746249693E-01
   4.22791   2.55781    7.3206267813E-01
   4.18237   2.63161    7.1637695918E-01
   4.13554   2.70461    7.0042466481E-01
   4.08744   2.77677    6.8422544818E-01
   4.03807   2.84808    6.6779926665E-01
   3.98747   2.91850    6.5116635720E-01
   3.93563   2.98804    6.3434721149E-01
   3.88259   3.05664    6.1736255064E-01
   3.82835   3.12431    6.0023329966E-01
   3.77293   3.19102    5.8298056172E-01
   3.71634   3.25674    5.6562559212E-01
   3.65862   3.32146    5.4818977208E-01
   3.59976   3.38516    5.3069458247E-01
   3.53980   3.44781    5.1316157728E-01
   3.47874   3.50940    4.9561235708E-01
   3.41662   3.56992    4.7806854244E-01
   3.35344   3.62933    4.6055174725E-01
   3.28923   3.68762    4.4308355213E-01
   3.22400   3.74478    4.2568547781E-01
   3.15779   3.80078    4.0837895863E-01
   3.09060   3.85562    3.9118531616E-01
   3.02246   3.90926    3.7412573288E-01
   2.95338   3.96170    3.5722122611E-01
   2.88340   4.01293    3.4049262214E-01
   2.81253   4.06291    3.2396053052E-01
   2.74079   4.11164    3.0764531871E-01
   2.66821   4.15911    2.9156708699E-01
   2.59481   4.20530    2.7574564365E-01
   2.52061   4.25019    2.6020048064E-01
   2.44563   4.29377    2.4495074954E-01
   2.36990   4.33603    2.3001523794E-01
   2.29344   4.37695    2.1541234632E-01
   2.21627   4.41653    2.0116006537E-01
   2.13842   4.45474    1.8727595385E-01
   2.05991   4.49159    1.7377711691E-01
   1.98076   4.52705    1.6068018506E-01
   1.90101   4.56111    1.4800129365E-01
   1.82067   4.59377    1.3575606303E-01
   1.73977   4.62502    1.2395957926E-01
   1.65833   4.65484    1.1262637556E-01
   1.57638   4.68322    1.0177041437E-01
   1.49395   4.71017    9.1405070194E-02
   1.41106   4.73566    8.1543113090E-02
   1.32773   4.75970    7.2196692940E-02
   1.24399   4.78226    6.3377324492E-02
   1.15987   4.80336    5.5095873167E-02
   1.07540   4.82298    4.7362541675E-02
   0.99059   4.84111    4.0186857444E-02
   0.90548   4.85775    3.3577660884E-02
   0.82008   4.87289    2.7543094495E-02
   0.73444   4.88653    2.2090592836E-02
   0.64857   4.89867    1.7226873362E-02
   0.56250   4.90929    1.2957928154E-02
   0.47625   4.91841    9.2890165331E-03
   0.38986   4.92601    6.2246585807E-03
   0.30335   4.93209    3.7686295721E-03
   0.21674   4.93666    1.9239553236E-03
   0.13007   4.93970    6.9290846547E-04
   0.04336   4.94122    7.7005641668E-05
  -0.04336   4.94122    7.7005641668E-05
  -0.13007   4.93970    6.9290846547E-04
  -0.21674   4.93666    1.9239553236E-03
  -0.30335   4.93209    3.7686295721E-03
  -0.38986   4.92601    6.2246585807E-03
  -0.47625   4.91841    9.2890165331E-03
  -0.56250   4.90929    1.2957928154E-02
  -0.64857   4.89867    1.7226873362E-02
  -0.73444   4.88653    2.2090592836E-02
  -0.82008   4.87289    2.7543094495E-02
  -0.90548   4.85775    3.3577660884E-02
  -0.99059   4.84111    4.0186857444E-02
  -1.07540   4.82298    4.7362541675E-02
  -1.15987   4.80336    5.5095873167E-02
  -1.24399   4.78226    6.3377324492E-02
  -1.32773   4.75970    7.2196692940E-02
  -1.41106   4.73566    8.1543113090E-02
  -1.49395   4.71017    9.1405070194E-02
  -1.57638   4.68322    1.0177041437E-01
  -1.65833   4.65484    1.1262637556E-01
  -1.73977   4.62502    1.2395957926E-01
  -1.82067   4.59377    1.3575606303E-01
  -1.90101   4.56111    1.4800129365E-01
  -1.98076   4.52705    1.6068018506E-01
  -2.05991   4.49159    1.7377711691E-01
  -2.13842   4.45474    1.8727595385E-01
  -2.21627   4.41653    2.0116006537E-01
  -2.29344   4.37695    2.1541234632E-01
  -2.36990   4.33603    2.3001523794E-01
  -2.44563   4.29377    2.4495074954E-01
  -2.52061   4.25019    2.6020048064E-01
  -2.59481   4.20530    2.7574564365E-01
  -2.66821   4.15911    2.9156708699E-01
  -2.74079   4.11164    3.0764531871E-01
  -2.81253   4.06291    3.2396053052E-01
  -2.88340   4.01293    3.4049262214E-01
  -2.95338   3.96170    3.5722122611E-01
  -3.02246   3.90926    3.7412573288E-01
  -3.09060   3.85562    3.9118531616E-01
  -3.15779   3.80078    4.0837895863E-01
  -3.22400   3.74478    4.2568547781E-01
  -3.28923   3.68762    4.4308355213E-01
  -3.35344   3.62933    4.6055174725E-01
  -3.41662   3.56992    4.7806854244E-01
  -3.47874   3.50940    4.9561235708E-01
  -3.53980   3.44781    5.1316157728E-01
  -3.59976   3.38516    5.3069458247E-01
  -3.65862   3.32146    5.4818977208E-01
  -3.71634   3.25674    5.6562559212E-01
  -3.77293   3.19102    5.8298056172E-01
  -3.82835   3.12431    6.0023329966E-01
  -3.88259   3.05664    6.1736255064E-01
  -3.93563   2.98804    6.3434721149E-01
  -3.98747   2.91850    6.5116635720E-01
  -4.03807   2.84808    6.6779926665E-01
  -4.08744   2.77677    6.8422544818E-01
  -4.13554   2.70461    7.0042466481E-01
  -4.18237   2.63161    7.1637695918E-01
  -4.22791   2.55781    7.3206267813E-01
  -4.27214   2.48321    7.4746249693E-01
  -4.31507   2.40786    7.6255744307E-01
  -4.35666   2.33176    7.7732891966E-01
  -4.39691   2.25494    7.9175872829E-01
  -4.43581   2.17743    8.0582909152E-01
  -4.47334   2.09924    8.1952267472E-01
  -4.50949   2.02041    8.3282260745E-01
  -4.54425   1.94096    8.4571250427E-01
  -4.57762   1.86091    8.5817648488E-01
  -4.60957   1.78029    8.7019919371E-01
  -4.64011   1.69912    8.8176581883E-01
  -4.66921   1.61742    8.9286211024E-01
  -4.69688   1.53523    9.0347439733E-01
  -4.72310   1.45256    9.1358960582E-01
  -4.74786   1.36945    9.2319527383E-01
  -4.77116   1.28591    9.3227956721E-01
  -4.79300   1.20198    9.4083129416E-01
  -4.81335   1.11768    9.4883991899E-01
  -4.83223   1.03303    9.5629557511E-01
  -4.84961   0.94807    9.6318907718E-01
  -4.86550   0.86281    9.6951193245E-01
  -4.87990   0.77729    9.7525635117E-01
  -4.89279   0.69153    9.8041525627E-01
  -4.90417   0.60555    9.8498229199E-01
  -4.91404   0.51939    9.8895183176E-01
  -4.92240   0.43307    9.9231898512E-01
  -4.92924   0.34662    9.9507960377E-01
  -4.93457   0.26006    9.9723028663E-01
  -4.93837   0.17342    9.9876838406E-01
  -4.94065   0.08672    9.9969200115E-01
  -4.94141   0.00000    1.0000000000E+00

   5.00404   0.00000********************
   5.00327   0.08782    9.9969200115E-01
   5.00096   0.17561    9.9876838406E-01
   4.99711   0.26335    9.9723028663E-01
   4.99171   0.35101    9.9507960377E-01
   4.98479   0.43856    9.9231898512E-01
   4.97632   0.52598    9.8895183176E-01
   4.96632   0.61323    9.8498229199E-01
   4.95480   0.70029    9.8041525627E-01
   4.94174   0.78714    9.7525635117E-01
   4.92717   0.87375    9.6951193245E-01
   4.91108   0.96008    9.6318907718E-01
   4.89347   1.04612    9.5629557511E-01
   4.87436   1.13184    9.4883991899E-01
   4.85374   1.21721    9.4083129416E-01
   4.83163   1.30221    9.3227956721E-01
   4.80803   1.38680    9.2319527383E-01
   4.78296   1.47097    9.1358960582E-01
   4.75640   1.55468    9.0347439733E-01
   4.72839   1.63792    8.9286211024E-01
   4.69891   1.72065    8.8176581883E-01
   4.66799   1.80285    8.7019919371E-01
   4.63563   1.88449    8.5817648488E-01
   4.60185   1.96556    8.4571250427E-01
   4.56664   2.04602    8.3282260745E-01
   4.53003   2.12585    8.1952267472E-01
   4.49203   2.20502    8.0582909152E-01
   4.45264   2.28352    7.9175872829E-01
   4.41188   2.36131    7.7732891966E-01
   4.36976   2.43837    7.6255744307E-01
   4.32629   2.51469    7.4746249693E-01
   4.28149   2.59022    7.3206267813E-01
   4.23537   2.66497    7.1637695918E-01
   4.18795   2.73889    7.0042466481E-01
   4.13924   2.81196    6.8422544818E-01
   4.08925   2.88417    6.6779926665E-01
   4.03800   2.95549    6.5116635720E-01
   3.98551   3.02590    6.3434721149E-01
   3.93180   3.09538    6.1736255064E-01
   3.87687   3.16391    6.0023329966E-01
   3.82074   3.23146    5.8298056172E-01
   3.76344   3.29802    5.6562559212E-01
   3.70498   3.36356    5.4818977208E-01
   3.64538   3.42806    5.3069458247E-01
   3.58466   3.49151    5.1316157728E-01
   3.52283   3.55388    4.9561235708E-01
   3.45992   3.61516    4.7806854244E-01
   3.39594   3.67532    4.6055174725E-01
   3.33092   3.73436    4.4308355213E-01
   3.26486   3.79224    4.2568547781E-01
   3.19781   3.84895    4.0837895863E-01
   3.12977   3.90448    3.9118531616E-01
   3.06076   3.95881    3.7412573288E-01
   2.99081   4.01191    3.5722122611E-01
   2.91994   4.06378    3.4049262214E-01
   2.84818   4.11440    3.2396053052E-01
   2.77553   4.16375    3.0764531871E-01
   2.70203   4.21182    2.9156708699E-01
   2.62770   4.25860    2.7574564365E-01
   2.55255   4.30406    2.6020048064E-01
   2.47662   4.34819    2.4495074954E-01
   2.39993   4.39098    2.3001523794E-01
   2.32250   4.43243    2.1541234632E-01
   2.24436   4.47250    2.0116006537E-01
   2.16552   4.51120    1.8727595385E-01
   2.08601   4.54851    1.7377711691E-01
   2.00587   4.58442    1.6068018506E-01
   1.92510   4.61892    1.4800129365E-01
   1.84374   4.65199    1.3575606303E-01
   1.76182   4.68363    1.2395957926E-01
   1.67935   4.71383    1.1262637556E-01
   1.59636   4.74258    1.0177041437E-01
   1.51289   4.76986    9.1405070194E-02
   1.42894   4.79568    8.1543113090E-02
   1.34456   4.82002    7.2196692940E-02
   1.25976   4.84287    6.3377324492E-02
   1.17457   4.86424    5.5095873167E-02
   1.08903   4.88410    4.7362541675E-02
   1.00314   4.90246    4.0186857444E-02
   0.91695   4.91931    3.3577660884E-02
   0.83048   4.93465    2.7543094495E-02
   0.74375   4.94846    2.2090592836E-02
   0.65679   4.96075    1.7226873362E-02
   0.56962   4.97151    1.2957928154E-02
   0.48229   4.98074    9.2890165331E-03
   0.39480   4.98844    6.2246585807E-03
   0.30719   4.99460    3.7686295721E-03
   0.21949   4.99922    1.9239553236E-03
   0.13172   5.00231    6.9290846547E-04
   0.04391   5.00385    7.7005641668E-05
  -0.04391   5.00385    7.7005641668E-05
  -0.13172   5.00231    6.9290846547E-04
  -0.21949   4.99922    1.9239553236E-03
  -0.30719   4.99460    3.7686295721E-03
  -0.39480   4.98844    6.2246585807E-03
  -0.48229   4.98074    9.2890165331E-03
  -0.56962   4.97151    1.2957928154E-02
  -0.65679   4.96075    1.7226873362E-02
  -0.74375   4.94846    2.2090592836E-02
  -0.83048   4.93465    2.7543094495E-02
  -0.91695   4.91931    3.3577660884E-02
  -1.00314   4.90246    4.0186857444E-02
  -1.08903   4.88410    4.7362541675E-02
  -1.17457   4.86424    5.5095873167E-02
  -1.25976   4.84287    6.3377324492E-02
  -1.34456   4.82002    7.2196692940E-02
  -1.42894   4.79568    8.1543113090E-02
  -1.51289   4.76986    9.1405070194E-02
  -1.59636   4.74258    1.0177041437E-01
  -1.67935   4.71383    1.1262637556E-01
  -1.76182   4.68363    1.2395957926E-01
  -1.84374   4.65199    1.3575606303E-01
  -1.92510   4.61892    1.4800129365E-01
  -2.00587   4.58442    1.6068018506E-01
  -2.08601   4.54851    1.7377711691E-01
  -2.16552   4.51120    1.8727595385E-01
  -2.24436   4.47250    2.0116006537E-01
  -2.32250   4.43243    2.1541234632E-01
  -2.39993   4.39098    2.3001523794E-01
  -2.47662   4.34819    2.4495074954E-01
  -2.55255   4.30406    2.6020048064E-01
  -2.62770   4.25860    2.7574564365E-01
  -2.70203   4.21182    2.9156708699E-01
  -2.77553   4.16375    3.0764531871E-01
  -2.84818   4.11440    3.2396053052E-01
  -2.91994   4.06378    3.4049262214E-01
  -2.99081   4.01191    3.5722122611E-01
  -3.06076   3.95881    3.7412573288E-01
  -3.12977   3.90448    3.9118531616E-01
  -3.19781   3.84895    4.0837895863E-01
  -3.26486   3.79224    4.2568547781E-01
  -3.33092   3.73436    4.4308355213E-01
  -3.39594   3.67532    4.6055174725E-01
  -3.45992   3.61516    4.7806854244E-01
  -3.52283   3.55388    4.9561235708E-01
  -3.58466   3.49151    5.1316157728E-01
  -3.64538   3.42806    5.3069458247E-01
  -3.70498   3.36356    5.4818977208E-01
  -3.76344   3.29802    5.6562559212E-01
  -3.82074   3.23146    5.8298056172E-01
  -3.87687   3.16391    6.0023329966E-01
  -3.93180   3.09538    6.1736255064E-01
  -3.98551   3.02590    6.3434721149E-01
  -4.03800   2.95549    6.5116635720E-01
  -4.08925   2.88417    6.6779926665E-01
  -4.13924   2.81196    6.8422544818E-01
  -4.18795   2.73889    7.0042466481E-01
  -4.23537   2.66497    7.1637695918E-01
  -4.28149   2.59022    7.3206267813E-01
  -4.32629   2.51469    7.4746249693E-01
  -4.36976   2.43837    7.6255744307E-01
  -4.41188   2.36131    7.7732891966E-01
  -4.45264   2.28352    7.9175872829E-01
  -4.49203   2.20502    8.0582909152E-01
  -4.53003   2.12585    8.1952267472E-01
  -4.56664   2.04602    8.3282260745E-01
  -4.60185   1.96556    8.4571250427E-01
  -4.63563   1.88449    8.5817648488E-01
  -4.66799   1.80285    8.7019919371E-01
  -4.69891   1.72065    8.8176581883E-01
  -4.72839   1.63792    8.9286211024E-01
  -4.75640   1.55468    9.0347439733E-01
  -4.78296   1.47097    9.1358960582E-01
  -4.80803   1.38680    9.2319527383E-01
  -4.83163   1.30221    9.3227956721E-01
  -4.85374   1.21721    9.4083129416E-01
  -4.87436   1.13184    9.4883991899E-01
  -4.89347   1.04612    9.5629557511E-01
  -4.91108   0.96008    9.6318907718E-01
  -4.92717   0.87375    9.6951193245E-01
  -4.94174   0.78714    9.7525635117E-01
  -4.95480   0.70029    9.8041525627E-01
  -4.96632   0.61323    9.8498229199E-01
  -4.97632   0.52598    9.8895183176E-01
  -4.98479   0.43856    9.9231898512E-01
  -4.99171   0.35101    9.9507960377E-01
  -4.99711   0.26335    9.9723028663E-01
  -5.00096   0.17561    9.9876838406E-01
  -5.00327   0.08782    9.9969200115E-01
  -5.00404   0.00000    1.0000000000E+00

   5.06667   0.00000********************
   5.06589   0.08892    9.9969200115E-01
   5.06355   0.17781    9.9876838406E-01
   5.05965   0.26665    9.9723028663E-01
   5.05419   0.35540    9.9507960377E-01
   5.04717   0.44405    9.9231898512E-01
   5.03860   0.53256    9.8895183176E-01
   5.02848   0.62090    9.8498229199E-01
   5.01681   0.70906    9.8041525627E-01
   5.00359   0.79699    9.7525635117E-01
   4.98883   0.88468    9.6951193245E-01
   4.97254   0.97210    9.6318907718E-01
   4.95471   1.05922    9.5629557511E-01
   4.93536   1.14601    9.4883991899E-01
   4.91449   1.23245    9.4083129416E-01
   4.89210   1.31851    9.3227956721E-01
   4.86821   1.40416    9.2319527383E-01
   4.84282   1.48938    9.1358960582E-01
   4.81593   1.57414    9.0347439733E-01
   4.78756   1.65842    8.9286211024E-01
   4.75772   1.74218    8.8176581883E-01
   4.72641   1.82541    8.7019919371E-01
   4.69365   1.90808    8.5817648488E-01
   4.65944   1.99016    8.4571250427E-01
   4.62380   2.07162    8.3282260745E-01
   4.58673   2.15245    8.1952267472E-01
   4.54824   2.23262    8.0582909152E-01
   4.50836   2.31210    7.9175872829E-01
   4.46709   2.39086    7.7732891966E-01
   4.42444   2.46889    7.6255744307E-01
   4.38043   2.54616    7.4746249693E-01
   4.33507   2.62264    7.3206267813E-01
   4.28838   2.69832    7.1637695918E-01
   4.24036   2.77316    7.0042466481E-01
   4.19104   2.84715    6.8422544818E-01
   4.14043   2.92027    6.6779926665E-01
   4.08854   2.99248    6.5116635720E-01
   4.03539   3.06377    6.3434721149E-01
   3.98100   3.13412    6.1736255064E-01
   3.92539   3.20351    6.0023329966E-01
   3.86856   3.27190    5.8298056172E-01
   3.81054   3.33929    5.6562559212E-01
   3.75135   3.40565    5.4818977208E-01
   3.69101   3.47096    5.3069458247E-01
   3.62952   3.53521    5.1316157728E-01
   3.56692   3.59836    4.9561235708E-01
   3.50322   3.66040    4.7806854244E-01
   3.43844   3.72132    4.6055174725E-01
   3.37260   3.78109    4.4308355213E-01
   3.30573   3.83970    4.2568547781E-01
   3.23783   3.89712    4.0837895863E-01
   3.16894   3.95335    3.9118531616E-01
   3.09907   4.00835    3.7412573288E-01
   3.02824   4.06212    3.5722122611E-01
   2.95649   4.11464    3.4049262214E-01
   2.88382   4.16590    3.2396053052E-01
   2.81027   4.21586    3.0764531871E-01
   2.73585   4.26454    2.9156708699E-01
   2.66058   4.31189    2.7574564365E-01
   2.58450   4.35792    2.6020048064E-01
   2.50762   4.40261    2.4495074954E-01
   2.42997   4.44594    2.3001523794E-01
   2.35157   4.48790    2.1541234632E-01
   2.27244   4.52848    2.0116006537E-01
   2.19262   4.56766    1.8727595385E-01
   2.11212   4.60544    1.7377711691E-01
   2.03097   4.64180    1.6068018506E-01
   1.94919   4.67672    1.4800129365E-01
   1.86682   4.71021    1.3575606303E-01
   1.78387   4.74225    1.2395957926E-01
   1.70037   4.77283    1.1262637556E-01
   1.61634   4.80193    1.0177041437E-01
   1.53182   4.82956    9.1405070194E-02
   1.44682   4.85570    8.1543113090E-02
   1.36139   4.88034    7.2196692940E-02
   1.27553   4.90348    6.3377324492E-02
   1.18927   4.92511    5.5095873167E-02
   1.10266   4.94523    4.7362541675E-02
   1.01570   4.96382    4.0186857444E-02
   0.92843   4.98088    3.3577660884E-02
   0.84087   4.99640    2.7543094495E-02
   0.75305   5.01039    2.2090592836E-02
   0.66501   5.02284    1.7226873362E-02
   0.57675   5.03373    1.2957928154E-02
   0.48832   5.04308    9.2890165331E-03
   0.39974   5.05087    6.2246585807E-03
   0.31104   5.05711    3.7686295721E-03
   0.22224   5.06179    1.9239553236E-03
   0.13337   5.06491    6.9290846547E-04
   0.04446   5.06647    7.7005641668E-05
  -0.04446   5.06647    7.7005641668E-05
  -0.13337   5.06491    6.9290846547E-04
  -0.22224   5.06179    1.9239553236E-03
  -0.31104   5.05711    3.7686295721E-03
  -0.39974   5.05087    6.2246585807E-03
  -0.48832   5.04308    9.2890165331E-03
  -0.57675   5.03373    1.2957928154E-02
  -0.66501   5.02284    1.7226873362E-02
  -0.75305   5.01039    2.2090592836E-02
  -0.84087   4.99640    2.7543094495E-02
  -0.92843   4.98088    3.3577660884E-02
  -1.01570   4.96382    4.0186857444E-02
  -1.10266   4.94523    4.7362541675E-02
  -1.18927   4.92511    5.5095873167E-02
  -1.27553   4.90348    6.3377324492E-02
  -1.36139   4.88034    7.2196692940E-02
  -1.44682   4.85570    8.1543113090E-02
  -1.53182   4.82956    9.1405070194E-02
  -1.61634   4.80193    1.0177041437E-01
  -1.70037   4.77283    1.1262637556E-01
  -1.78387   4.74225    1.2395957926E-01
  -1.86682   4.71021    1.3575606303E-01
  -1.94919   4.67672    1.4800129365E-01
  -2.03097   4.64180    1.6068018506E-01
  -2.11212   4.60544    1.7377711691E-01
  -2.19262   4.56766    1.8727595385E-01
  -2.27244   4.52848    2.0116006537E-01
  -2.35157   4.48790    2.1541234632E-01
  -2.42997   4.44594    2.3001523794E-01
  -2.50762   4.40261    2.4495074954E-01
  -2.58450   4.35792    2.6020048064E-01
  -2.66058   4.31189    2.7574564365E-01
  -2.73585   4.26454    2.9156708699E-01
  -2.81027   4.21586    3.0764531871E-01
  -2.88382   4.16590    3.2396053052E-01
  -2.95649   4.11464    3.4049262214E-01
  -3.02824   4.06212    3.5722122611E-01
  -3.09907   4.00835    3.7412573288E-01
  -3.16894   3.95335    3.9118531616E-01
  -3.23783   3.89712    4.0837895863E-01
  -3.30573   3.83970    4.2568547781E-01
  -3.37260   3.78109    4.4308355213E-01
  -3.43844   3.72132    4.6055174725E-01
  -3.50322   3.66040    4.7806854244E-01
  -3.56692   3.59836    4.9561235708E-01
  -3.62952   3.53521    5.1316157728E-01
  -3.69101   3.47096    5.3069458247E-01
  -3.75135   3.40565    5.4818977208E-01
  -3.81054   3.33929    5.6562559212E-01
  -3.86856   3.27190    5.8298056172E-01
  -3.92539   3.20351    6.0023329966E-01
  -3.98100   3.13412    6.1736255064E-01
  -4.03539   3.06377    6.3434721149E-01
  -4.08854   2.99248    6.5116635720E-01
  -4.14043   2.92027    6.6779926665E-01
  -4.19104   2.84715    6.8422544818E-01
  -4.24036   2.77316    7.0042466481E-01
  -4.28838   2.69832    7.1637695918E-01
  -4.33507   2.62264    7.3206267813E-01
  -4.38043   2.54616    7.4746249693E-01
  -4.42444   2.46889    7.6255744307E-01
  -4.46709   2.39086    7.7732891966E-01
  -4.50836   2.31210    7.9175872829E-01
  -4.54824   2.23262    8.0582909152E-01
  -4.58673   2.15245    8.1952267472E-01
  -4.62380   2.07162    8.3282260745E-01
  -4.65944   1.99016    8.4571250427E-01
  -4.69365   1.90808    8.5817648488E-01
  -4.72641   1.82541    8.7019919371E-01
  -4.75772   1.74218    8.8176581883E-01
  -4.78756   1.65842    8.9286211024E-01
  -4.81593   1.57414    9.0347439733E-01
  -4.84282   1.48938    9.1358960582E-01
  -4.86821   1.40416    9.2319527383E-01
  -4.89210   1.31851    9.3227956721E-01
  -4.91449   1.23245    9.4083129416E-01
  -4.93536   1.14601    9.4883991899E-01
  -4.95471   1.05922    9.5629557511E-01
  -4.97254   0.97210    9.6318907718E-01
  -4.98883   0.88468    9.6951193245E-01
  -5.00359   0.79699    9.7525635117E-01
  -5.01681   0.70906    9.8041525627E-01
  -5.02848   0.62090    9.8498229199E-01
  -5.03860   0.53256    9.8895183176E-01
  -5.04717   0.44405    9.9231898512E-01
  -5.05419   0.35540    9.9507960377E-01
  -5.05965   0.26665    9.9723028663E-01
  -5.06355   0.17781    9.9876838406E-01
  -5.06589   0.08892    9.9969200115E-01
  -5.06667   0.00000    1.0000000000E+00

   5.12929   0.00000********************
   5.12850   0.09002    9.9969200115E-01
   5.12613   0.18001    9.9876838406E-01
   5.12218   0.26994    9.9723028663E-01
   5.11666   0.35980    9.9507960377E-01
   5.10956   0.44954    9.9231898512E-01
   5.10088   0.53914    9.8895183176E-01
   5.09063   0.62858    9.8498229199E-01
   5.07882   0.71782    9.8041525627E-01
   5.06544   0.80684    9.7525635117E-01
   5.05050   0.89562    9.6951193245E-01
   5.03400   0.98412    9.6318907718E-01
   5.01595   1.07231    9.5629557511E-01
   4.99636   1.16017    9.4883991899E-01
   4.97523   1.24768    9.4083129416E-01
   4.95257   1.33480    9.3227956721E-01
   4.92838   1.42152    9.2319527383E-01
   4.90267   1.50779    9.1358960582E-01
   4.87546   1.59360    9.0347439733E-01
   4.84674   1.67892    8.9286211024E-01
   4.81653   1.76372    8.8176581883E-01
   4.78483   1.84798    8.7019919371E-01
   4.75166   1.93166    8.5817648488E-01
   4.71703   2.01476    8.4571250427E-01
   4.68095   2.09723    8.3282260745E-01
   4.64342   2.17906    8.1952267472E-01
   4.60446   2.26021    8.0582909152E-01
   4.56409   2.34067    7.9175872829E-01
   4.52231   2.42041    7.7732891966E-01
   4.47913   2.49941    7.6255744307E-01
   4.43458   2.57763    7.4746249693E-01
   4.38866   2.65506    7.3206267813E-01
   4.34139   2.73167    7.1637695918E-01
   4.29278   2.80744    7.0042466481E-01
   4.24284   2.88235    6.8422544818E-01
   4.19161   2.95636    6.6779926665E-01
   4.13908   3.02947    6.5116635720E-01
   4.08527   3.10164    6.3434721149E-01
   4.03021   3.17286    6.1736255064E-01
   3.97391   3.24310    6.0023329966E-01
   3.91638   3.31235    5.8298056172E-01
   3.85764   3.38057    5.6562559212E-01
   3.79772   3.44775    5.4818977208E-01
   3.73663   3.51387    5.3069458247E-01
   3.67438   3.57890    5.1316157728E-01
   3.61101   3.64284    4.9561235708E-01
   3.54652   3.70565    4.7806854244E-01
   3.48094   3.76732    4.6055174725E-01
   3.41429   3.82783    4.4308355213E-01
   3.34659   3.88716    4.2568547781E-01
   3.27785   3.94529    4.0837895863E-01
   3.20811   4.00221    3.9118531616E-01
   3.13737   4.05790    3.7412573288E-01
   3.06568   4.11233    3.5722122611E-01
   2.99303   4.16550    3.4049262214E-01
   2.91947   4.21739    3.2396053052E-01
   2.84500   4.26797    3.0764531871E-01
   2.76966   4.31725    2.9156708699E-01
   2.69347   4.36519    2.7574564365E-01
   2.61644   4.41179    2.6020048064E-01
   2.53862   4.45703    2.4495074954E-01
   2.46000   4.50089    2.3001523794E-01
   2.38063   4.54337    2.1541234632E-01
   2.30053   4.58445    2.0116006537E-01
   2.21972   4.62412    1.8727595385E-01
   2.13823   4.66236    1.7377711691E-01
   2.05607   4.69917    1.6068018506E-01
   1.97329   4.73453    1.4800129365E-01
   1.88989   4.76843    1.3575606303E-01
   1.80592   4.80087    1.2395957926E-01
   1.72138   4.83182    1.1262637556E-01
   1.63632   4.86129    1.0177041437E-01
   1.55075   4.88925    9.1405070194E-02
   1.46471   4.91572    8.1543113090E-02
   1.37821   4.94067    7.2196692940E-02
   1.29129   4.96409    6.3377324492E-02
   1.20397   4.98599    5.5095873167E-02
   1.11628   5.00635    4.7362541675E-02
   1.02825   5.02517    4.0186857444E-02
   0.93990   5.04244    3.3577660884E-02
   0.85126   5.05816    2.7543094495E-02
   0.76236   5.07232    2.2090592836E-02
   0.67323   5.08492    1.7226873362E-02
   0.58388   5.09595    1.2957928154E-02
   0.49436   5.10541    9.2890165331E-03
   0.40468   5.11330    6.2246585807E-03
   0.31488   5.11962    3.7686295721E-03
   0.22499   5.12436    1.9239553236E-03
   0.13502   5.12752    6.9290846547E-04
   0.04501   5.12910    7.7005641668E-05
  -0.04501   5.12910    7.7005641668E-05
  -0.13502   5.12752    6.9290846547E-04
  -0.22499   5.12436    1.9239553236E-03
  -0.31488   5.11962    3.7686295721E-03
  -0.40468   5.11330    6.2246585807E-03
  -0.49436   5.10541    9.2890165331E-03
  -0.58388   5.09595    1.2957928154E-02
  -0.67323   5.08492    1.7226873362E-02
  -0.76236   5.07232    2.2090592836E-02
  -0.85126   5.05816    2.7543094495E-02
  -0.93990   5.04244    3.3577660884E-02
  -1.02825   5.02517    4.0186857444E-02
  -1.11628   5.00635    4.7362541675E-02
  -1.20397   4.98599    5.5095873167E-02
  -1.29129   4.96409    6.3377324492E-02
  -1.37821   4.94067    7.2196692940E-02
  -1.46471   4.91572    8.1543113090E-02
  -1.55075   4.88925    9.1405070194E-02
  -1.63632   4.86129    1.0177041437E-01
  -1.72138   4.83182    1.1262637556E-01
  -1.80592   4.80087    1.2395957926E-01
  -1.88989   4.76843    1.3575606303E-01
  -1.97329   4.73453    1.4800129365E-01
  -2.05607   4.69917    1.6068018506E-01
  -2.13823   4.66236    1.7377711691E-01
  -2.21972   4.62412    1.8727595385E-01
  -2.30053   4.58445    2.0116006537E-01
  -2.38063   4.54337    2.1541234632E-01
  -2.46000   4.50089    2.3001523794E-01
  -2.53862   4.45703    2.4495074954E-01
  -2.61644   4.41179    2.6020048064E-01
  -2.69347   4.36519    2.7574564365E-01
  -2.76966   4.31725    2.9156708699E-01
  -2.84500   4.26797    3.0764531871E-01
  -2.91947   4.21739    3.2396053052E-01
  -2.99303   4.16550    3.4049262214E-01
  -3.06568   4.11233    3.5722122611E-01
  -3.13737   4.05790    3.7412573288E-01
  -3.20811   4.00221    3.9118531616E-01
  -3.27785   3.94529    4.0837895863E-01
  -3.34659   3.88716    4.2568547781E-01
  -3.41429   3.82783    4.4308355213E-01
  -3.48094   3.76732    4.6055174725E-01
  -3.54652   3.70565    4.7806854244E-01
  -3.61101   3.64284    4.9561235708E-01
  -3.67438   3.57890    5.1316157728E-01
  -3.73663   3.51387    5.3069458247E-01
  -3.79772   3.44775    5.4818977208E-01
  -3.85764   3.38057    5.6562559212E-01
  -3.91638   3.31235    5.8298056172E-01
  -3.97391   3.24310    6.0023329966E-01
  -4.03021   3.17286    6.1736255064E-01
  -4.08527   3.10164    6.3434721149E-01
  -4.13908   3.02947    6.5116635720E-01
  -4.19161   2.95636    6.6779926665E-01
  -4.24284   2.88235    6.8422544818E-01
  -4.29278   2.80744    7.0042466481E-01
  -4.34139   2.73167    7.1637695918E-01
  -4.38866   2.65506    7.3206267813E-01
  -4.43458   2.57763    7.4746249693E-01
  -4.47913   2.49941    7.6255744307E-01
  -4.52231   2.42041    7.7732891966E-01
  -4.56409   2.34067    7.9175872829E-01
  -4.60446   2.26021    8.0582909152E-01
  -4.64342   2.17906    8.1952267472E-01
  -4.68095   2.09723    8.3282260745E-01
  -4.71703   2.01476    8.4571250427E-01
  -4.75166   1.93166    8.5817648488E-01
  -4.78483   1.84798    8.7019919371E-01
  -4.81653   1.76372    8.8176581883E-01
  -4.84674   1.67892    8.9286211024E-01
  -4.87546   1.59360    9.0347439733E-01
  -4.90267   1.50779    9.1358960582E-01
  -4.92838   1.42152    9.2319527383E-01
  -4.95257   1.33480    9.3227956721E-01
  -4.97523   1.24768    9.4083129416E-01
  -4.99636   1.16017    9.4883991899E-01
  -5.01595   1.07231    9.5629557511E-01
  -5.03400   0.98412    9.6318907718E-01
  -5.05050   0.89562    9.6951193245E-01
  -5.06544   0.80684    9.7525635117E-01
  -5.07882   0.71782    9.8041525627E-01
  -5.09063   0.62858    9.8498229199E-01
  -5.10088   0.53914    9.8895183176E-01
  -5.10956   0.44954    9.9231898512E-01
  -5.11666   0.35980    9.9507960377E-01
  -5.12218   0.26994    9.9723028663E-01
  -5.12613   0.18001    9.9876838406E-01
  -5.12850   0.09002    9.9969200115E-01
  -5.12929   0.00000    1.0000000000E+00

   5.19192   0.00000********************
   5.19112   0.09112    9.9969200115E-01
   5.18872   0.18221    9.9876838406E-01
   5.18472   0.27324    9.9723028663E-01
   5.17913   0.36419    9.9507960377E-01
   5.17194   0.45503    9.9231898512E-01
   5.16316   0.54572    9.8895183176E-01
   5.15279   0.63625    9.8498229199E-01
   5.14083   0.72659    9.8041525627E-01
   5.12728   0.81669    9.7525635117E-01
   5.11216   0.90655    9.6951193245E-01
   5.09546   0.99613    9.6318907718E-01
   5.07720   1.08540    9.5629557511E-01
   5.05737   1.17434    9.4883991899E-01
   5.03598   1.26291    9.4083129416E-01
   5.01304   1.35110    9.3227956721E-01
   4.98855   1.43887    9.2319527383E-01
   4.96253   1.52620    9.1358960582E-01
   4.93499   1.61306    9.0347439733E-01
   4.90592   1.69942    8.9286211024E-01
   4.87534   1.78525    8.8176581883E-01
   4.84325   1.87054    8.7019919371E-01
   4.80968   1.95525    8.5817648488E-01
   4.77463   2.03936    8.4571250427E-01
   4.73810   2.12284    8.3282260745E-01
   4.70011   2.20566    8.1952267472E-01
   4.66068   2.28781    8.0582909152E-01
   4.61981   2.36925    7.9175872829E-01
   4.57752   2.44996    7.7732891966E-01
   4.53382   2.52992    7.6255744307E-01
   4.48872   2.60910    7.4746249693E-01
   4.44224   2.68748    7.3206267813E-01
   4.39439   2.76502    7.1637695918E-01
   4.34519   2.84172    7.0042466481E-01
   4.29465   2.91754    6.8422544818E-01
   4.24278   2.99246    6.6779926665E-01
   4.18961   3.06646    6.5116635720E-01
   4.13515   3.13951    6.3434721149E-01
   4.07942   3.21160    6.1736255064E-01
   4.02243   3.28270    6.0023329966E-01
   3.96419   3.35279    5.8298056172E-01
   3.90474   3.42184    5.6562559212E-01
   3.84409   3.48984    5.4818977208E-01
   3.78225   3.55677    5.3069458247E-01
   3.71925   3.62260    5.1316157728E-01
   3.65510   3.68731    4.9561235708E-01
   3.58982   3.75089    4.7806854244E-01
   3.52344   3.81332    4.6055174725E-01
   3.45598   3.87456    4.4308355213E-01
   3.38745   3.93462    4.2568547781E-01
   3.31787   3.99346    4.0837895863E-01
   3.24728   4.05108    3.9118531616E-01
   3.17568   4.10744    3.7412573288E-01
   3.10311   4.16254    3.5722122611E-01
   3.02958   4.21636    3.4049262214E-01
   2.95511   4.26888    3.2396053052E-01
   2.87974   4.32008    3.0764531871E-01
   2.80348   4.36996    2.9156708699E-01
   2.72635   4.41849    2.7574564365E-01
   2.64839   4.46565    2.6020048064E-01
   2.56961   4.51144    2.4495074954E-01
   2.49004   4.55585    2.3001523794E-01
   2.40970   4.59884    2.1541234632E-01
   2.32862   4.64043    2.0116006537E-01
   2.24682   4.68058    1.8727595385E-01
   2.16433   4.71929    1.7377711691E-01
   2.08118   4.75655    1.6068018506E-01
   1.99738   4.79234    1.4800129365E-01
   1.91297   4.82665    1.3575606303E-01
   1.82797   4.85948    1.2395957926E-01
   1.74240   4.89081    1.1262637556E-01
   1.65630   4.92064    1.0177041437E-01
   1.56969   4.94895    9.1405070194E-02
   1.48259   4.97574    8.1543113090E-02
   1.39504   5.00099    7.2196692940E-02
   1.30706   5.02470    6.3377324492E-02
   1.21867   5.04687    5.5095873167E-02
   1.12991   5.06748    4.7362541675E-02
   1.04081   5.08653    4.0186857444E-02
   0.95138   5.10401    3.3577660884E-02
   0.86166   5.11992    2.7543094495E-02
   0.77167   5.13425    2.2090592836E-02
   0.68145   5.14700    1.7226873362E-02
   0.59101   5.15817    1.2957928154E-02
   0.50039   5.16775    9.2890165331E-03
   0.40962   5.17574    6.2246585807E-03
   0.31873   5.18213    3.7686295721E-03
   0.22773   5.18692    1.9239553236E-03
   0.13667   5.19012    6.9290846547E-04
   0.04556   5.19172    7.7005641668E-05
  -0.04556   5.19172    7.7005641668E-05
  -0.13667   5.19012    6.9290846547E-04
  -0.22773   5.18692    1.9239553236E-03
  -0.31873   5.18213    3.7686295721E-03
  -0.40962   5.17574    6.2246585807E-03
  -0.50039   5.16775    9.2890165331E-03
  -0.59101   5.15817    1.2957928154E-02
  -0.68145   5.14700    1.7226873362E-02
  -0.77167   5.13425    2.2090592836E-02
  -0.86166   5.11992    2.7543094495E-02
  -0.95138   5.10401    3.3577660884E-02
  -1.04081   5.08653    4.0186857444E-02
  -1.12991   5.06748    4.7362541675E-02
  -1.21867   5.04687    5.5095873167E-02
  -1.30706   5.02470    6.3377324492E-02
  -1.39504   5.00099    7.2196692940E-02
  -1.48259   4.97574    8.1543113090E-02
  -1.56969   4.94895    9.1405070194E-02
  -1.65630   4.92064    1.0177041437E-01
  -1.74240   4.89081    1.1262637556E-01
  -1.82797   4.85948    1.2395957926E-01
  -1.91297   4.82665    1.3575606303E-01
  -1.99738   4.79234    1.4800129365E-01
  -2.08118   4.75655    1.6068018506E-01
  -2.16433   4.71929    1.7377711691E-01
  -2.24682   4.68058    1.8727595385E-01
  -2.32862   4.64043    2.0116006537E-01
  -2.40970   4.59884    2.1541234632E-01
  -2.49004   4.55585    2.3001523794E-01
  -2.56961   4.51144    2.4495074954E-01
  -2.64839   4.46565    2.6020048064E-01
  -2.72635   4.41849    2.7574564365E-01
  -2.80348   4.36996    2.9156708699E-01
  -2.87974   4.32008    3.0764531871E-01
  -2.95511   4.26888    3.2396053052E-01
  -3.02958   4.21636    3.4049262214E-01
  -3.10311   4.16254    3.5722122611E-01
  -3.17568   4.10744    3.7412573288E-01
  -3.24728   4.05108    3.9118531616E-01
  -3.31787   3.99346    4.0837895863E-01
  -3.38745   3.93462    4.2568547781E-01
  -3.45598   3.87456    4.4308355213E-01
  -3.52344   3.81332    4.6055174725E-01
  -3.58982   3.75089    4.7806854244E-01
  -3.65510   3.68731    4.9561235708E-01
  -3.71925   3.62260    5.1316157728E-01
  -3.78225   3.55677    5.3069458247E-01
  -3.84409   3.48984    5.4818977208E-01
  -3.90474   3.42184    5.6562559212E-01
  -3.96419   3.35279    5.8298056172E-01
  -4.02243   3.28270    6.0023329966E-01
  -4.07942   3.21160    6.1736255064E-01
  -4.13515   3.13951    6.3434721149E-01
  -4.18961   3.06646    6.5116635720E-01
  -4.24278   2.99246    6.6779926665E-01
  -4.29465   2.91754    6.8422544818E-01
  -4.34519   2.84172    7.0042466481E-01
  -4.39439   2.76502    7.1637695918E-01
  -4.44224   2.68748    7.3206267813E-01
  -4.48872   2.60910    7.4746249693E-01
  -4.53382   2.52992    7.6255744307E-01
  -4.57752   2.44996    7.7732891966E-01
  -4.61981   2.36925    7.9175872829E-01
  -4.66068   2.28781    8.0582909152E-01
  -4.70011   2.20566    8.1952267472E-01
  -4.73810   2.12284    8.3282260745E-01
  -4.77463   2.03936    8.4571250427E-01
  -4.80968   1.95525    8.5817648488E-01
  -4.84325   1.87054    8.7019919371E-01
  -4.87534   1.78525    8.8176581883E-01
  -4.90592   1.69942    8.9286211024E-01
  -4.93499   1.61306    9.0347439733E-01
  -4.96253   1.52620    9.1358960582E-01
  -4.98855   1.43887    9.2319527383E-01
  -5.01304   1.35110    9.3227956721E-01
  -5.03598   1.26291    9.4083129416E-01
  -5.05737   1.17434    9.4883991899E-01
  -5.07720   1.08540    9.5629557511E-01
  -5.09546   0.99613    9.6318907718E-01
  -5.11216   0.90655    9.6951193245E-01
  -5.12728   0.81669    9.7525635117E-01
  -5.14083   0.72659    9.8041525627E-01
  -5.15279   0.63625    9.8498229199E-01
  -5.16316   0.54572    9.8895183176E-01
  -5.17194   0.45503    9.9231898512E-01
  -5.17913   0.36419    9.9507960377E-01
  -5.18472   0.27324    9.9723028663E-01
  -5.18872   0.18221    9.9876838406E-01
  -5.19112   0.09112    9.9969200115E-01
  -5.19192   0.00000    1.0000000000E+00

   5.25455   0.00000********************
   5.25374   0.09222    9.9969200115E-01
   5.25131   0.18441    9.9876838406E-01
   5.24726   0.27654    9.9723028663E-01
   5.24160   0.36858    9.9507960377E-01
   5.23433   0.46052    9.9231898512E-01
   5.22544   0.55231    9.8895183176E-01
   5.21494   0.64393    9.8498229199E-01
   5.20284   0.73535    9.8041525627E-01
   5.18913   0.82655    9.7525635117E-01
   5.17382   0.91749    9.6951193245E-01
   5.15693   1.00815    9.6318907718E-01
   5.13844   1.09849    9.5629557511E-01
   5.11837   1.18850    9.4883991899E-01
   5.09672   1.27815    9.4083129416E-01
   5.07351   1.36740    9.3227956721E-01
   5.04873   1.45623    9.2319527383E-01
   5.02239   1.54461    9.1358960582E-01
   4.99451   1.63251    9.0347439733E-01
   4.96509   1.71991    8.9286211024E-01
   4.93414   1.80679    8.8176581883E-01
   4.90167   1.89310    8.7019919371E-01
   4.86770   1.97883    8.5817648488E-01
   4.83222   2.06396    8.4571250427E-01
   4.79525   2.14844    8.3282260745E-01
   4.75681   2.23227    8.1952267472E-01
   4.71690   2.31541    8.0582909152E-01
   4.67554   2.39783    7.9175872829E-01
   4.63274   2.47952    7.7732891966E-01
   4.58851   2.56044    7.6255744307E-01
   4.54287   2.64057    7.4746249693E-01
   4.49582   2.71989    7.3206267813E-01
   4.44740   2.79837    7.1637695918E-01
   4.39760   2.87600    7.0042466481E-01
   4.34645   2.95273    6.8422544818E-01
   4.29396   3.02855    6.6779926665E-01
   4.24015   3.10345    6.5116635720E-01
   4.18503   3.17738    6.3434721149E-01
   4.12862   3.25034    6.1736255064E-01
   4.07094   3.32230    6.0023329966E-01
   4.01201   3.39323    5.8298056172E-01
   3.95184   3.46312    5.6562559212E-01
   3.89046   3.53194    5.4818977208E-01
   3.82787   3.59967    5.3069458247E-01
   3.76411   3.66630    5.1316157728E-01
   3.69919   3.73179    4.9561235708E-01
   3.63312   3.79614    4.7806854244E-01
   3.56594   3.85931    4.6055174725E-01
   3.49766   3.92130    4.4308355213E-01
   3.42831   3.98208    4.2568547781E-01
   3.35789   4.04163    4.0837895863E-01
   3.28645   4.09994    3.9118531616E-01
   3.21399   4.15699    3.7412573288E-01
   3.14054   4.21275    3.5722122611E-01
   3.06612   4.26722    3.4049262214E-01
   2.99076   4.32037    3.2396053052E-01
   2.91447   4.37219    3.0764531871E-01
   2.83729   4.42267    2.9156708699E-01
   2.75924   4.47178    2.7574564365E-01
   2.68034   4.51952    2.6020048064E-01
   2.60061   4.56586    2.4495074954E-01
   2.52007   4.61080    2.3001523794E-01
   2.43877   4.65432    2.1541234632E-01
   2.35671   4.69640    2.0116006537E-01
   2.27393   4.73704    1.8727595385E-01
   2.19044   4.77621    1.7377711691E-01
   2.10628   4.81392    1.6068018506E-01
   2.02147   4.85014    1.4800129365E-01
   1.93604   4.88487    1.3575606303E-01
   1.85001   4.91810    1.2395957926E-01
   1.76342   4.94981    1.1262637556E-01
   1.67628   4.97999    1.0177041437E-01
   1.58862   5.00865    9.1405070194E-02
   1.50048   5.03575    8.1543113090E-02
   1.41187   5.06131    7.2196692940E-02
   1.32282   5.08531    6.3377324492E-02
   1.23337   5.10774    5.5095873167E-02
   1.14354   5.12860    4.7362541675E-02
   1.05336   5.14788    4.0186857444E-02
   0.96285   5.16557    3.3577660884E-02
   0.87205   5.18168    2.7543094495E-02
   0.78098   5.19618    2.2090592836E-02
   0.68967   5.20909    1.7226873362E-02
   0.59814   5.22039    1.2957928154E-02
   0.50643   5.23008    9.2890165331E-03
   0.41457   5.23817    6.2246585807E-03
   0.32257   5.24463    3.7686295721E-03
   0.23048   5.24949    1.9239553236E-03
   0.13832   5.25272    6.9290846547E-04
   0.04611   5.25434    7.7005641668E-05
  -0.04611   5.25434    7.7005641668E-05
  -0.13832   5.25272    6.9290846547E-04
  -0.23048   5.24949    1.9239553236E-03
  -0.32257   5.24463    3.7686295721E-03
  -0.41457   5.23817    6.2246585807E-03
  -0.50643   5.23008    9.2890165331E-03
  -0.59814   5.22039    1.2957928154E-02
  -0.68967   5.20909    1.7226873362E-02
  -0.78098   5.19618    2.2090592836E-02
  -0.87205   5.18168    2.7543094495E-02
  -0.96285   5.16557    3.3577660884E-02
  -1.05336   5.14788    4.0186857444E-02
  -1.14354   5.12860    4.7362541675E-02
  -1.23337   5.10774    5.5095873167E-02
  -1.32282   5.08531    6.3377324492E-02
  -1.41187   5.06131    7.2196692940E-02
  -1.50048   5.03575    8.1543113090E-02
  -1.58862   5.00865    9.1405070194E-02
  -1.67628   4.97999    1.0177041437E-01
  -1.76342   4.94981    1.1262637556E-01
  -1.85001   4.91810    1.2395957926E-01
  -1.93604   4.88487    1.3575606303E-01
  -2.02147   4.85014    1.4800129365E-01
  -2.10628   4.81392    1.6068018506E-01
  -2.19044   4.77621    1.7377711691E-01
  -2.27393   4.73704    1.8727595385E-01
  -2.35671   4.69640    2.0116006537E-01
  -2.43877   4.65432    2.1541234632E-01
  -2.52007   4.61080    2.3001523794E-01
  -2.60061   4.56586    2.4495074954E-01
  -2.68034   4.51952    2.6020048064E-01
  -2.75924   4.47178    2.7574564365E-01
  -2.83729   4.42267    2.9156708699E-01
  -2.91447   4.37219    3.0764531871E-01
  -2.99076   4.32037    3.2396053052E-01
  -3.06612   4.26722    3.4049262214E-01
  -3.14054   4.21275    3.5722122611E-01
  -3.21399   4.15699    3.7412573288E-01
  -3.28645   4.09994    3.9118531616E-01
  -3.35789   4.04163    4.0837895863E-01
  -3.42831   3.98208    4.2568547781E-01
  -3.49766   3.92130    4.4308355213E-01
  -3.56594   3.85931    4.6055174725E-01
  -3.63312   3.79614    4.7806854244E-01
  -3.69919   3.73179    4.9561235708E-01
  -3.76411   3.66630    5.1316157728E-01
  -3.82787   3.59967    5.3069458247E-01
  -3.89046   3.53194    5.4818977208E-01
  -3.95184   3.46312    5.6562559212E-01
  -4.01201   3.39323    5.8298056172E-01
  -4.07094   3.32230    6.0023329966E-01
  -4.12862   3.25034    6.1736255064E-01
  -4.18503   3.17738    6.3434721149E-01
  -4.24015   3.10345    6.5116635720E-01
  -4.29396   3.02855    6.6779926665E-01
  -4.34645   2.95273    6.8422544818E-01
  -4.39760   2.87600    7.0042466481E-01
  -4.44740   2.79837    7.1637695918E-01
  -4.49582   2.71989    7.3206267813E-01
  -4.54287   2.64057    7.4746249693E-01
  -4.58851   2.56044    7.6255744307E-01
  -4.63274   2.47952    7.7732891966E-01
  -4.67554   2.39783    7.9175872829E-01
  -4.71690   2.31541    8.0582909152E-01
  -4.75681   2.23227    8.1952267472E-01
  -4.79525   2.14844    8.3282260745E-01
  -4.83222   2.06396    8.4571250427E-01
  -4.86770   1.97883    8.5817648488E-01
  -4.90167   1.89310    8.7019919371E-01
  -4.93414   1.80679    8.8176581883E-01
  -4.96509   1.71991    8.9286211024E-01
  -4.99451   1.63251    9.0347439733E-01
  -5.02239   1.54461    9.1358960582E-01
  -5.04873   1.45623    9.2319527383E-01
  -5.07351   1.36740    9.3227956721E-01
  -5.09672   1.27815    9.4083129416E-01
  -5.11837   1.18850    9.4883991899E-01
  -5.13844   1.09849    9.5629557511E-01
  -5.15693   1.00815    9.6318907718E-01
  -5.17382   0.91749    9.6951193245E-01
  -5.18913   0.82655    9.7525635117E-01
  -5.20284   0.73535    9.8041525627E-01
  -5.21494   0.64393    9.8498229199E-01
  -5.22544   0.55231    9.8895183176E-01
  -5.23433   0.46052    9.9231898512E-01
  -5.24160   0.36858    9.9507960377E-01
  -5.24726   0.27654    9.9723028663E-01
  -5.25131   0.18441    9.9876838406E-01
  -5.25374   0.09222    9.9969200115E-01
  -5.25455   0.00000    1.0000000000E+00

   5.31717   0.00000********************
   5.31635   0.09332    9.9969200115E-01
   5.31390   0.18660    9.9876838406E-01
   5.30980   0.27983    9.9723028663E-01
   5.30407   0.37298    9.9507960377E-01
   5.29671   0.46600    9.9231898512E-01
   5.28772   0.55889    9.8895183176E-01
   5.27709   0.65160    9.8498229199E-01
   5.26485   0.74411    9.8041525627E-01
   5.25098   0.83640    9.7525635117E-01
   5.23549   0.92842    9.6951193245E-01
   5.21839   1.02016    9.6318907718E-01
   5.19968   1.11159    9.5629557511E-01
   5.17937   1.20267    9.4883991899E-01
   5.15747   1.29338    9.4083129416E-01
   5.13398   1.38370    9.3227956721E-01
   5.10890   1.47358    9.2319527383E-01
   5.08225   1.56302    9.1358960582E-01
   5.05404   1.65197    9.0347439733E-01
   5.02427   1.74041    8.9286211024E-01
   4.99295   1.82832    8.8176581883E-01
   4.96010   1.91566    8.7019919371E-01
   4.92571   2.00242    8.5817648488E-01
   4.88981   2.08856    8.4571250427E-01
   4.85240   2.17405    8.3282260745E-01
   4.81350   2.25887    8.1952267472E-01
   4.77312   2.34300    8.0582909152E-01
   4.73126   2.42641    7.9175872829E-01
   4.68795   2.50907    7.7732891966E-01
   4.64320   2.59096    7.6255744307E-01
   4.59701   2.67204    7.4746249693E-01
   4.54941   2.75231    7.3206267813E-01
   4.50040   2.83173    7.1637695918E-01
   4.45001   2.91027    7.0042466481E-01
   4.39825   2.98792    6.8422544818E-01
   4.34514   3.06465    6.6779926665E-01
   4.29069   3.14044    6.5116635720E-01
   4.23491   3.21525    6.3434721149E-01
   4.17783   3.28908    6.1736255064E-01
   4.11946   3.36189    6.0023329966E-01
   4.05983   3.43367    5.8298056172E-01
   3.99894   3.50439    5.6562559212E-01
   3.93683   3.57403    5.4818977208E-01
   3.87350   3.64257    5.3069458247E-01
   3.80897   3.70999    5.1316157728E-01
   3.74328   3.77627    4.9561235708E-01
   3.67643   3.84138    4.7806854244E-01
   3.60844   3.90531    4.6055174725E-01
   3.53935   3.96804    4.4308355213E-01
   3.46917   4.02954    4.2568547781E-01
   3.39791   4.08980    4.0837895863E-01
   3.32561   4.14881    3.9118531616E-01
   3.25229   4.20653    3.7412573288E-01
   3.17797   4.26296    3.5722122611E-01
   3.10266   4.31808    3.4049262214E-01
   3.02640   4.37186    3.2396053052E-01
   2.94921   4.42430    3.0764531871E-01
   2.87111   4.47538    2.9156708699E-01
   2.79213   4.52508    2.7574564365E-01
   2.71228   4.57338    2.6020048064E-01
   2.63160   4.62028    2.4495074954E-01
   2.55011   4.66575    2.3001523794E-01
   2.46783   4.70979    2.1541234632E-01
   2.38480   4.75237    2.0116006537E-01
   2.30103   4.79349    1.8727595385E-01
   2.21655   4.83314    1.7377711691E-01
   2.13138   4.87129    1.6068018506E-01
   2.04557   4.90795    1.4800129365E-01
   1.95912   4.94309    1.3575606303E-01
   1.87206   4.97671    1.2395957926E-01
   1.78444   5.00880    1.1262637556E-01
   1.69626   5.03935    1.0177041437E-01
   1.60755   5.06834    9.1405070194E-02
   1.51836   5.09577    8.1543113090E-02
   1.42869   5.12164    7.2196692940E-02
   1.33859   5.14592    6.3377324492E-02
   1.24807   5.16862    5.5095873167E-02
   1.15717   5.18973    4.7362541675E-02
   1.06592   5.20924    4.0186857444E-02
   0.97433   5.22714    3.3577660884E-02
   0.88244   5.24343    2.7543094495E-02
   0.79029   5.25811    2.2090592836E-02
   0.69789   5.27117    1.7226873362E-02
   0.60527   5.28261    1.2957928154E-02
   0.51247   5.29242    9.2890165331E-03
   0.41951   5.30060    6.2246585807E-03
   0.32642   5.30714    3.7686295721E-03
   0.23323   5.31205    1.9239553236E-03
   0.13996   5.31533    6.9290846547E-04
   0.04666   5.31697    7.7005641668E-05
  -0.04666   5.31697    7.7005641668E-05
  -0.13996   5.31533    6.9290846547E-04
  -0.23323   5.31205    1.9239553236E-03
  -0.32642   5.30714    3.7686295721E-03
  -0.41951   5.30060    6.2246585807E-03
  -0.51247   5.29242    9.2890165331E-03
  -0.60527   5.28261    1.2957928154E-02
  -0.69789   5.27117    1.7226873362E-02
  -0.79029   5.25811    2.2090592836E-02
  -0.88244   5.24343    2.7543094495E-02
  -0.97433   5.22714    3.3577660884E-02
  -1.06592   5.20924    4.0186857444E-02
  -1.15717   5.18973    4.7362541675E-02
  -1.24807   5.16862    5.5095873167E-02
  -1.33859   5.14592    6.3377324492E-02
  -1.42869   5.12164    7.2196692940E-02
  -1.51836   5.09577    8.1543113090E-02
  -1.60755   5.06834    9.1405070194E-02
  -1.69626   5.03935    1.0177041437E-01
  -1.78444   5.00880    1.1262637556E-01
  -1.87206   4.97671    1.2395957926E-01
  -1.95912   4.94309    1.3575606303E-01
  -2.04557   4.90795    1.4800129365E-01
  -2.13138   4.87129    1.6068018506E-01
  -2.21655   4.83314    1.7377711691E-01
  -2.30103   4.79349    1.8727595385E-01
  -2.38480   4.75237    2.0116006537E-01
  -2.46783   4.70979    2.1541234632E-01
  -2.55011   4.66575    2.3001523794E-01
  -2.63160   4.62028    2.4495074954E-01
  -2.71228   4.57338    2.6020048064E-01
  -2.79213   4.52508    2.7574564365E-01
  -2.87111   4.47538    2.9156708699E-01
  -2.94921   4.42430    3.0764531871E-01
  -3.02640   4.37186    3.2396053052E-01
  -3.10266   4.31808    3.4049262214E-01
  -3.17797   4.26296    3.5722122611E-01
  -3.25229   4.20653    3.7412573288E-01
  -3.32561   4.14881    3.9118531616E-01
  -3.39791   4.08980    4.0837895863E-01
  -3.46917   4.02954    4.2568547781E-01
  -3.53935   3.96804    4.4308355213E-01
  -3.60844   3.90531    4.6055174725E-01
  -3.67643   3.84138    4.7806854244E-01
  -3.74328   3.77627    4.9561235708E-01
  -3.80897   3.70999    5.1316157728E-01
  -3.87350   3.64257    5.3069458247E-01
  -3.93683   3.57403    5.4818977208E-01
  -3.99894   3.50439    5.6562559212E-01
  -4.05983   3.43367    5.8298056172E-01
  -4.11946   3.36189    6.0023329966E-01
  -4.17783   3.28908    6.1736255064E-01
  -4.23491   3.21525    6.3434721149E-01
  -4.29069   3.14044    6.5116635720E-01
  -4.34514   3.06465    6.6779926665E-01
  -4.39825   2.98792    6.8422544818E-01
  -4.45001   2.91027    7.0042466481E-01
  -4.50040   2.83173    7.1637695918E-01
  -4.54941   2.75231    7.3206267813E-01
  -4.59701   2.67204    7.4746249693E-01
  -4.64320   2.59096    7.6255744307E-01
  -4.68795   2.50907    7.7732891966E-01
  -4.73126   2.42641    7.9175872829E-01
  -4.77312   2.34300    8.0582909152E-01
  -4.81350   2.25887    8.1952267472E-01
  -4.85240   2.17405    8.3282260745E-01
  -4.88981   2.08856    8.4571250427E-01
  -4.92571   2.00242    8.5817648488E-01
  -4.96010   1.91566    8.7019919371E-01
  -4.99295   1.82832    8.8176581883E-01
  -5.02427   1.74041    8.9286211024E-01
  -5.05404   1.65197    9.0347439733E-01
  -5.08225   1.56302    9.1358960582E-01
  -5.10890   1.47358    9.2319527383E-01
  -5.13398   1.38370    9.3227956721E-01
  -5.15747   1.29338    9.4083129416E-01
  -5.17937   1.20267    9.4883991899E-01
  -5.19968   1.11159    9.5629557511E-01
  -5.21839   1.02016    9.6318907718E-01
  -5.23549   0.92842    9.6951193245E-01
  -5.25098   0.83640    9.7525635117E-01
  -5.26485   0.74411    9.8041525627E-01
  -5.27709   0.65160    9.8498229199E-01
  -5.28772   0.55889    9.8895183176E-01
  -5.29671   0.46600    9.9231898512E-01
  -5.30407   0.37298    9.9507960377E-01
  -5.30980   0.27983    9.9723028663E-01
  -5.31390   0.18660    9.9876838406E-01
  -5.31635   0.09332    9.9969200115E-01
  -5.31717   0.00000    1.0000000000E+00

   5.37980   0.00000********************
   5.37897   0.09441    9.9969200115E-01
   5.37648   0.18880    9.9876838406E-01
   5.37234   0.28313    9.9723028663E-01
   5.36655   0.37737    9.9507960377E-01
   5.35910   0.47149    9.9231898512E-01
   5.35000   0.56547    9.8895183176E-01
   5.33925   0.65928    9.8498229199E-01
   5.32686   0.75288    9.8041525627E-01
   5.31282   0.84625    9.7525635117E-01
   5.29715   0.93936    9.6951193245E-01
   5.27985   1.03218    9.6318907718E-01
   5.26092   1.12468    9.5629557511E-01
   5.24038   1.21683    9.4883991899E-01
   5.21821   1.30862    9.4083129416E-01
   5.19444   1.39999    9.3227956721E-01
   5.16907   1.49094    9.2319527383E-01
   5.14211   1.58143    9.1358960582E-01
   5.11357   1.67143    9.0347439733E-01
   5.08345   1.76091    8.9286211024E-01
   5.05176   1.84985    8.8176581883E-01
   5.01852   1.93823    8.7019919371E-01
   4.98373   2.02600    8.5817648488E-01
   4.94740   2.11315    8.4571250427E-01
   4.90956   2.19966    8.3282260745E-01
   4.87020   2.28548    8.1952267472E-01
   4.82934   2.37060    8.0582909152E-01
   4.78699   2.45499    7.9175872829E-01
   4.74317   2.53862    7.7732891966E-01
   4.69788   2.62147    7.6255744307E-01
   4.65115   2.70352    7.4746249693E-01
   4.60299   2.78473    7.3206267813E-01
   4.55341   2.86508    7.1637695918E-01
   4.50243   2.94455    7.0042466481E-01
   4.45006   3.02311    6.8422544818E-01
   4.39632   3.10075    6.6779926665E-01
   4.34122   3.17742    6.5116635720E-01
   4.28479   3.25312    6.3434721149E-01
   4.22704   3.32782    6.1736255064E-01
   4.16798   3.40149    6.0023329966E-01
   4.10765   3.47411    5.8298056172E-01
   4.04604   3.54567    5.6562559212E-01
   3.98319   3.61613    5.4818977208E-01
   3.91912   3.68548    5.3069458247E-01
   3.85383   3.75369    5.1316157728E-01
   3.78736   3.82075    4.9561235708E-01
   3.71973   3.88663    4.7806854244E-01
   3.65094   3.95131    4.6055174725E-01
   3.58104   4.01477    4.4308355213E-01
   3.51003   4.07700    4.2568547781E-01
   3.43793   4.13797    4.0837895863E-01
   3.36478   4.19767    3.9118531616E-01
   3.29060   4.25608    3.7412573288E-01
   3.21540   4.31317    3.5722122611E-01
   3.13921   4.36894    3.4049262214E-01
   3.06205   4.42336    3.2396053052E-01
   2.98395   4.47641    3.0764531871E-01
   2.90493   4.52809    2.9156708699E-01
   2.82501   4.57838    2.7574564365E-01
   2.74423   4.62725    2.6020048064E-01
   2.66260   4.67470    2.4495074954E-01
   2.58015   4.72071    2.3001523794E-01
   2.49690   4.76526    2.1541234632E-01
   2.41289   4.80835    2.0116006537E-01
   2.32813   4.84995    1.8727595385E-01
   2.24265   4.89006    1.7377711691E-01
   2.15649   4.92867    1.6068018506E-01
   2.06966   4.96576    1.4800129365E-01
   1.98219   5.00131    1.3575606303E-01
   1.89411   5.03533    1.2395957926E-01
   1.80545   5.06780    1.1262637556E-01
   1.71623   5.09870    1.0177041437E-01
   1.62649   5.12804    9.1405070194E-02
   1.53624   5.15579    8.1543113090E-02
   1.44552   5.18196    7.2196692940E-02
   1.35436   5.20653    6.3377324492E-02
   1.26277   5.22950    5.5095873167E-02
   1.17080   5.25085    4.7362541675E-02
   1.07847   5.27059    4.0186857444E-02
   0.98581   5.28871    3.3577660884E-02
   0.89284   5.30519    2.7543094495E-02
   0.79959   5.32004    2.2090592836E-02
   0.70610   5.33326    1.7226873362E-02
   0.61240   5.34483    1.2957928154E-02
   0.51850   5.35475    9.2890165331E-03
   0.42445   5.36303    6.2246585807E-03
   0.33026   5.36965    3.7686295721E-03
   0.23597   5.37462    1.9239553236E-03
   0.14161   5.37793    6.9290846547E-04
   0.04721   5.37959    7.7005641668E-05
  -0.04721   5.37959    7.7005641668E-05
  -0.14161   5.37793    6.9290846547E-04
  -0.23597   5.37462    1.9239553236E-03
  -0.33026   5.36965    3.7686295721E-03
  -0.42445   5.36303    6.2246585807E-03
  -0.51850   5.35475    9.2890165331E-03
  -0.61240   5.34483    1.2957928154E-02
  -0.70610   5.33326    1.7226873362E-02
  -0.79959   5.32004    2.2090592836E-02
  -0.89284   5.30519    2.7543094495E-02
  -0.98581   5.28871    3.3577660884E-02
  -1.07847   5.27059    4.0186857444E-02
  -1.17080   5.25085    4.7362541675E-02
  -1.26277   5.22950    5.5095873167E-02
  -1.35436   5.20653    6.3377324492E-02
  -1.44552   5.18196    7.2196692940E-02
  -1.53624   5.15579    8.1543113090E-02
  -1.62649   5.12804    9.1405070194E-02
  -1.71623   5.09870    1.0177041437E-01
  -1.80545   5.06780    1.1262637556E-01
  -1.89411   5.03533    1.2395957926E-01
  -1.98219   5.00131    1.3575606303E-01
  -2.06966   4.96576    1.4800129365E-01
  -2.15649   4.92867    1.6068018506E-01
  -2.24265   4.89006    1.7377711691E-01
  -2.32813   4.84995    1.8727595385E-01
  -2.41289   4.80835    2.0116006537E-01
  -2.49690   4.76526    2.1541234632E-01
  -2.58015   4.72071    2.3001523794E-01
  -2.66260   4.67470    2.4495074954E-01
  -2.74423   4.62725    2.6020048064E-01
  -2.82501   4.57838    2.7574564365E-01
  -2.90493   4.52809    2.9156708699E-01
  -2.98395   4.47641    3.0764531871E-01
  -3.06205   4.42336    3.2396053052E-01
  -3.13921   4.36894    3.4049262214E-01
  -3.21540   4.31317    3.5722122611E-01
  -3.29060   4.25608    3.7412573288E-01
  -3.36478   4.19767    3.9118531616E-01
  -3.43793   4.13797    4.0837895863E-01
  -3.51003   4.07700    4.2568547781E-01
  -3.58104   4.01477    4.4308355213E-01
  -3.65094   3.95131    4.6055174725E-01
  -3.71973   3.88663    4.7806854244E-01
  -3.78736   3.82075    4.9561235708E-01
  -3.85383   3.75369    5.1316157728E-01
  -3.91912   3.68548    5.3069458247E-01
  -3.98319   3.61613    5.4818977208E-01
  -4.04604   3.54567    5.6562559212E-01
  -4.10765   3.47411    5.8298056172E-01
  -4.16798   3.40149    6.0023329966E-01
  -4.22704   3.32782    6.1736255064E-01
  -4.28479   3.25312    6.3434721149E-01
  -4.34122   3.17742    6.5116635720E-01
  -4.39632   3.10075    6.6779926665E-01
  -4.45006   3.02311    6.8422544818E-01
  -4.50243   2.94455    7.0042466481E-01
  -4.55341   2.86508    7.1637695918E-01
  -4.60299   2.78473    7.3206267813E-01
  -4.65115   2.70352    7.4746249693E-01
  -4.69788   2.62147    7.6255744307E-01
  -4.74317   2.53862    7.7732891966E-01
  -4.78699   2.45499    7.9175872829E-01
  -4.82934   2.37060    8.0582909152E-01
  -4.87020   2.28548    8.1952267472E-01
  -4.90956   2.19966    8.3282260745E-01
  -4.94740   2.11315    8.4571250427E-01
  -4.98373   2.02600    8.5817648488E-01
  -5.01852   1.93823    8.7019919371E-01
  -5.05176   1.84985    8.8176581883E-01
  -5.08345   1.76091    8.9286211024E-01
  -5.11357   1.67143    9.0347439733E-01
  -5.14211   1.58143    9.1358960582E-01
  -5.16907   1.49094    9.2319527383E-01
  -5.19444   1.39999    9.3227956721E-01
  -5.21821   1.30862    9.4083129416E-01
  -5.24038   1.21683    9.4883991899E-01
  -5.26092   1.12468    9.5629557511E-01
  -5.27985   1.03218    9.6318907718E-01
  -5.29715   0.93936    9.6951193245E-01
  -5.31282   0.84625    9.7525635117E-01
  -5.32686   0.75288    9.8041525627E-01
  -5.33925   0.65928    9.8498229199E-01
  -5.35000   0.56547    9.8895183176E-01
  -5.35910   0.47149    9.9231898512E-01
  -5.36655   0.37737    9.9507960377E-01
  -5.37234   0.28313    9.9723028663E-01
  -5.37648   0.18880    9.9876838406E-01
  -5.37897   0.09441    9.9969200115E-01
  -5.37980   0.00000    1.0000000000E+00

   5.44242   0.00000********************
   5.44159   0.09551    9.9969200115E-01
   5.43907   0.19100    9.9876838406E-01
   5.43488   0.28642    9.9723028663E-01
   5.42902   0.38176    9.9507960377E-01
   5.42148   0.47698    9.9231898512E-01
   5.41228   0.57205    9.8895183176E-01
   5.40140   0.66695    9.8498229199E-01
   5.38887   0.76164    9.8041525627E-01
   5.37467   0.85610    9.7525635117E-01
   5.35882   0.95029    9.6951193245E-01
   5.34131   1.04419    9.6318907718E-01
   5.32217   1.13777    9.5629557511E-01
   5.30138   1.23100    9.4883991899E-01
   5.27896   1.32385    9.4083129416E-01
   5.25491   1.41629    9.3227956721E-01
   5.22925   1.50830    9.2319527383E-01
   5.20197   1.59984    9.1358960582E-01
   5.17309   1.69088    9.0347439733E-01
   5.14262   1.78141    8.9286211024E-01
   5.11057   1.87139    8.8176581883E-01
   5.07694   1.96079    8.7019919371E-01
   5.04174   2.04959    8.5817648488E-01
   5.00500   2.13775    8.4571250427E-01
   4.96671   2.22526    8.3282260745E-01
   4.92689   2.31208    8.1952267472E-01
   4.88555   2.39819    8.0582909152E-01
   4.84271   2.48357    7.9175872829E-01
   4.79838   2.56817    7.7732891966E-01
   4.75257   2.65199    7.6255744307E-01
   4.70530   2.73499    7.4746249693E-01
   4.65657   2.81714    7.3206267813E-01
   4.60642   2.89843    7.1637695918E-01
   4.55484   2.97883    7.0042466481E-01
   4.50186   3.05831    6.8422544818E-01
   4.44749   3.13684    6.6779926665E-01
   4.39176   3.21441    6.5116635720E-01
   4.33467   3.29099    6.3434721149E-01
   4.27624   3.36656    6.1736255064E-01
   4.21650   3.44109    6.0023329966E-01
   4.15546   3.51456    5.8298056172E-01
   4.09314   3.58694    5.6562559212E-01
   4.02956   3.65823    5.4818977208E-01
   3.96474   3.72838    5.3069458247E-01
   3.89870   3.79739    5.1316157728E-01
   3.83145   3.86522    4.9561235708E-01
   3.76303   3.93187    4.7806854244E-01
   3.69344   3.99731    4.6055174725E-01
   3.62272   4.06151    4.4308355213E-01
   3.55089   4.12446    4.2568547781E-01
   3.47796   4.18614    4.0837895863E-01
   3.40395   4.24654    3.9118531616E-01
   3.32890   4.30562    3.7412573288E-01
   3.25283   4.36338    3.5722122611E-01
   3.17575   4.41980    3.4049262214E-01
   3.09769   4.47485    3.2396053052E-01
   3.01868   4.52852    3.0764531871E-01
   2.93874   4.58080    2.9156708699E-01
   2.85790   4.63167    2.7574564365E-01
   2.77617   4.68112    2.6020048064E-01
   2.69359   4.72912    2.4495074954E-01
   2.61018   4.77566    2.3001523794E-01
   2.52597   4.82073    2.1541234632E-01
   2.44097   4.86432    2.0116006537E-01
   2.35523   4.90641    1.8727595385E-01
   2.26876   4.94699    1.7377711691E-01
   2.18159   4.98604    1.6068018506E-01
   2.09375   5.02356    1.4800129365E-01
   2.00527   5.05953    1.3575606303E-01
   1.91616   5.09395    1.2395957926E-01
   1.82647   5.12679    1.1262637556E-01
   1.73621   5.15806    1.0177041437E-01
   1.64542   5.18773    9.1405070194E-02
   1.55413   5.21581    8.1543113090E-02
   1.46235   5.24228    7.2196692940E-02
   1.37012   5.26714    6.3377324492E-02
   1.27747   5.29037    5.5095873167E-02
   1.18443   5.31198    4.7362541675E-02
   1.09102   5.33195    4.0186857444E-02
   0.99728   5.35027    3.3577660884E-02
   0.90323   5.36695    2.7543094495E-02
   0.80890   5.38198    2.2090592836E-02
   0.71432   5.39534    1.7226873362E-02
   0.61953   5.40705    1.2957928154E-02
   0.52454   5.41709    9.2890165331E-03
   0.42939   5.42546    6.2246585807E-03
   0.33411   5.43216    3.7686295721E-03
   0.23872   5.43719    1.9239553236E-03
   0.14326   5.44054    6.9290846547E-04
   0.04776   5.44221    7.7005641668E-05
  -0.04776   5.44221    7.7005641668E-05
  -0.14326   5.44054    6.9290846547E-04
  -0.23872   5.43719    1.9239553236E-03
  -0.33411   5.43216    3.7686295721E-03
  -0.42939   5.42546    6.2246585807E-03
  -0.52454   5.41709    9.2890165331E-03
  -0.61953   5.40705    1.2957928154E-02
  -0.71432   5.39534    1.7226873362E-02
  -0.80890   5.38198    2.2090592836E-02
  -0.90323   5.36695    2.7543094495E-02
  -0.99728   5.35027    3.3577660884E-02
  -1.09102   5.33195    4.0186857444E-02
  -1.18443   5.31198    4.7362541675E-02
  -1.27747   5.29037    5.5095873167E-02
  -1.37012   5.26714    6.3377324492E-02
  -1.46235   5.24228    7.2196692940E-02
  -1.55413   5.21581    8.1543113090E-02
  -1.64542   5.18773    9.1405070194E-02
  -1.73621   5.15806    1.0177041437E-01
  -1.82647   5.12679    1.1262637556E-01
  -1.91616   5.09395    1.2395957926E-01
  -2.00527   5.05953    1.3575606303E-01
  -2.09375   5.02356    1.4800129365E-01
  -2.18159   4.98604    1.6068018506E-01
  -2.26876   4.94699    1.7377711691E-01
  -2.35523   4.90641    1.8727595385E-01
  -2.44097   4.86432    2.0116006537E-01
  -2.52597   4.82073    2.1541234632E-01
  -2.61018   4.77566    2.3001523794E-01
  -2.69359   4.72912    2.4495074954E-01
  -2.77617   4.68112    2.6020048064E-01
  -2.85790   4.63167    2.7574564365E-01
  -2.93874   4.58080    2.9156708699E-01
  -3.01868   4.52852    3.0764531871E-01
  -3.09769   4.47485    3.2396053052E-01
  -3.17575   4.41980    3.4049262214E-01
  -3.25283   4.36338    3.5722122611E-01
  -3.32890   4.30562    3.7412573288E-01
  -3.40395   4.24654    3.9118531616E-01
  -3.47796   4.18614    4.0837895863E-01
  -3.55089   4.12446    4.2568547781E-01
  -3.62272   4.06151    4.4308355213E-01
  -3.69344   3.99731    4.6055174725E-01
  -3.76303   3.93187    4.7806854244E-01
  -3.83145   3.86522    4.9561235708E-01
  -3.89870   3.79739    5.1316157728E-01
  -3.96474   3.72838    5.3069458247E-01
  -4.02956   3.65823    5.4818977208E-01
  -4.09314   3.58694    5.6562559212E-01
  -4.15546   3.51456    5.8298056172E-01
  -4.21650   3.44109    6.0023329966E-01
  -4.27624   3.36656    6.1736255064E-01
  -4.33467   3.29099    6.3434721149E-01
  -4.39176   3.21441    6.5116635720E-01
  -4.44749   3.13684    6.6779926665E-01
  -4.50186   3.05831    6.8422544818E-01
  -4.55484   2.97883    7.0042466481E-01
  -4.60642   2.89843    7.1637695918E-01
  -4.65657   2.81714    7.3206267813E-01
  -4.70530   2.73499    7.4746249693E-01
  -4.75257   2.65199    7.6255744307E-01
  -4.79838   2.56817    7.7732891966E-01
  -4.84271   2.48357    7.9175872829E-01
  -4.88555   2.39819    8.0582909152E-01
  -4.92689   2.31208    8.1952267472E-01
  -4.96671   2.22526    8.3282260745E-01
  -5.00500   2.13775    8.4571250427E-01
  -5.04174   2.04959    8.5817648488E-01
  -5.07694   1.96079    8.7019919371E-01
  -5.11057   1.87139    8.8176581883E-01
  -5.14262   1.78141    8.9286211024E-01
  -5.17309   1.69088    9.0347439733E-01
  -5.20197   1.59984    9.1358960582E-01
  -5.22925   1.50830    9.2319527383E-01
  -5.25491   1.41629    9.3227956721E-01
  -5.27896   1.32385    9.4083129416E-01
  -5.30138   1.23100    9.4883991899E-01
  -5.32217   1.13777    9.5629557511E-01
  -5.34131   1.04419    9.6318907718E-01
  -5.35882   0.95029    9.6951193245E-01
  -5.37467   0.85610    9.7525635117E-01
  -5.38887   0.76164    9.8041525627E-01
  -5.40140   0.66695    9.8498229199E-01
  -5.41228   0.57205    9.8895183176E-01
  -5.42148   0.47698    9.9231898512E-01
  -5.42902   0.38176    9.9507960377E-01
  -5.43488   0.28642    9.9723028663E-01
  -5.43907   0.19100    9.9876838406E-01
  -5.44159   0.09551    9.9969200115E-01
  -5.44242   0.00000    1.0000000000E+00

   5.50505   0.00000********************
   5.50420   0.09661    9.9969200115E-01
   5.50166   0.19320    9.9876838406E-01
   5.49742   0.28972    9.9723028663E-01
   5.49149   0.38615    9.9507960377E-01
   5.48387   0.48247    9.9231898512E-01
   5.47456   0.57864    9.8895183176E-01
   5.46356   0.67463    9.8498229199E-01
   5.45088   0.77041    9.8041525627E-01
   5.43652   0.86595    9.7525635117E-01
   5.42048   0.96123    9.6951193245E-01
   5.40278   1.05621    9.6318907718E-01
   5.38341   1.15086    9.5629557511E-01
   5.36238   1.24517    9.4883991899E-01
   5.33970   1.33908    9.4083129416E-01
   5.31538   1.43259    9.3227956721E-01
   5.28942   1.52565    9.2319527383E-01
   5.26183   1.61825    9.1358960582E-01
   5.23262   1.71034    9.0347439733E-01
   5.20180   1.80191    8.9286211024E-01
   5.16937   1.89292    8.8176581883E-01
   5.13536   1.98335    8.7019919371E-01
   5.09976   2.07317    8.5817648488E-01
   5.06259   2.16235    8.4571250427E-01
   5.02386   2.25087    8.3282260745E-01
   4.98358   2.33869    8.1952267472E-01
   4.94177   2.42579    8.0582909152E-01
   4.89844   2.51215    7.9175872829E-01
   4.85360   2.59773    7.7732891966E-01
   4.80726   2.68251    7.6255744307E-01
   4.75944   2.76646    7.4746249693E-01
   4.71016   2.84956    7.3206267813E-01
   4.65942   2.93178    7.1637695918E-01
   4.60725   3.01311    7.0042466481E-01
   4.55366   3.09350    6.8422544818E-01
   4.49867   3.17294    6.6779926665E-01
   4.44229   3.25140    6.5116635720E-01
   4.38455   3.32886    6.3434721149E-01
   4.32545   3.40530    6.1736255064E-01
   4.26502   3.48068    6.0023329966E-01
   4.20328   3.55500    5.8298056172E-01
   4.14024   3.62822    5.6562559212E-01
   4.07593   3.70032    5.4818977208E-01
   4.01036   3.77128    5.3069458247E-01
   3.94356   3.84108    5.1316157728E-01
   3.87554   3.90970    4.9561235708E-01
   3.80633   3.97711    4.7806854244E-01
   3.73595   4.04330    4.6055174725E-01
   3.66441   4.10824    4.4308355213E-01
   3.59175   4.17192    4.2568547781E-01
   3.51798   4.23431    4.0837895863E-01
   3.44312   4.29540    3.9118531616E-01
   3.36721   4.35517    3.7412573288E-01
   3.29026   4.41359    3.5722122611E-01
   3.21229   4.47065    3.4049262214E-01
   3.13334   4.52634    3.2396053052E-01
   3.05342   4.58063    3.0764531871E-01
   2.97256   4.63352    2.9156708699E-01
   2.89078   4.68497    2.7574564365E-01
   2.80812   4.73498    2.6020048064E-01
   2.72459   4.78353    2.4495074954E-01
   2.64022   4.83061    2.3001523794E-01
   2.55503   4.87621    2.1541234632E-01
   2.46906   4.92030    2.0116006537E-01
   2.38233   4.96287    1.8727595385E-01
   2.29487   5.00391    1.7377711691E-01
   2.20670   5.04342    1.6068018506E-01
   2.11784   5.08137    1.4800129365E-01
   2.02834   5.11775    1.3575606303E-01
   1.93821   5.15256    1.2395957926E-01
   1.84749   5.18579    1.1262637556E-01
   1.75619   5.21741    1.0177041437E-01
   1.66436   5.24743    9.1405070194E-02
   1.57201   5.27583    8.1543113090E-02
   1.47918   5.30260    7.2196692940E-02
   1.38589   5.32775    6.3377324492E-02
   1.29217   5.35125    5.5095873167E-02
   1.19806   5.37310    4.7362541675E-02
   1.10358   5.39330    4.0186857444E-02
   1.00876   5.41184    3.3577660884E-02
   0.91362   5.42871    2.7543094495E-02
   0.81821   5.44391    2.2090592836E-02
   0.72254   5.45743    1.7226873362E-02
   0.62666   5.46927    1.2957928154E-02
   0.53057   5.47942    9.2890165331E-03
   0.43433   5.48789    6.2246585807E-03
   0.33795   5.49467    3.7686295721E-03
   0.24147   5.49975    1.9239553236E-03
   0.14491   5.50314    6.9290846547E-04
   0.04831   5.50484    7.7005641668E-05
  -0.04831   5.50484    7.7005641668E-05
  -0.14491   5.50314    6.9290846547E-04
  -0.24147   5.49975    1.9239553236E-03
  -0.33795   5.49467    3.7686295721E-03
  -0.43433   5.48789    6.2246585807E-03
  -0.53057   5.47942    9.2890165331E-03
  -0.62666   5.46927    1.2957928154E-02
  -0.72254   5.45743    1.7226873362E-02
  -0.81821   5.44391    2.2090592836E-02
  -0.91362   5.42871    2.7543094495E-02
  -1.00876   5.41184    3.3577660884E-02
  -1.10358   5.39330    4.0186857444E-02
  -1.19806   5.37310    4.7362541675E-02
  -1.29217   5.35125    5.5095873167E-02
  -1.38589   5.32775    6.3377324492E-02
  -1.47918   5.30260    7.2196692940E-02
  -1.57201   5.27583    8.1543113090E-02
  -1.66436   5.24743    9.1405070194E-02
  -1.75619   5.21741    1.0177041437E-01
  -1.84749   5.18579    1.1262637556E-01
  -1.93821   5.15256    1.2395957926E-01
  -2.02834   5.11775    1.3575606303E-01
  -2.11784   5.08137    1.4800129365E-01
  -2.20670   5.04342    1.6068018506E-01
  -2.29487   5.00391    1.7377711691E-01
  -2.38233   4.96287    1.8727595385E-01
  -2.46906   4.92030    2.0116006537E-01
  -2.55503   4.87621    2.1541234632E-01
  -2.64022   4.83061    2.3001523794E-01
  -2.72459   4.78353    2.4495074954E-01
  -2.80812   4.73498    2.6020048064E-01
  -2.89078   4.68497    2.7574564365E-01
  -2.97256   4.63352    2.9156708699E-01
  -3.05342   4.58063    3.0764531871E-01
  -3.13334   4.52634    3.2396053052E-01
  -3.21229   4.47065    3.4049262214E-01
  -3.29026   4.41359    3.5722122611E-01
  -3.36721   4.35517    3.7412573288E-01
  -3.44312   4.29540    3.9118531616E-01
  -3.51798   4.23431    4.0837895863E-01
  -3.59175   4.17192    4.2568547781E-01
  -3.66441   4.10824    4.4308355213E-01
  -3.73595   4.04330    4.6055174725E-01
  -3.80633   3.97711    4.7806854244E-01
  -3.87554   3.90970    4.9561235708E-01
  -3.94356   3.84108    5.1316157728E-01
  -4.01036   3.77128    5.3069458247E-01
  -4.07593   3.70032    5.4818977208E-01
  -4.14024   3.62822    5.6562559212E-01
  -4.20328   3.55500    5.8298056172E-01
  -4.26502   3.48068    6.0023329966E-01
  -4.32545   3.40530    6.1736255064E-01
  -4.38455   3.32886    6.3434721149E-01
  -4.44229   3.25140    6.5116635720E-01
  -4.49867   3.17294    6.6779926665E-01
  -4.55366   3.09350    6.8422544818E-01
  -4.60725   3.01311    7.0042466481E-01
  -4.65942   2.93178    7.1637695918E-01
  -4.71016   2.84956    7.3206267813E-01
  -4.75944   2.76646    7.4746249693E-01
  -4.80726   2.68251    7.6255744307E-01
  -4.85360   2.59773    7.7732891966E-01
  -4.89844   2.51215    7.9175872829E-01
  -4.94177   2.42579    8.0582909152E-01
  -4.98358   2.33869    8.1952267472E-01
  -5.02386   2.25087    8.3282260745E-01
  -5.06259   2.16235    8.4571250427E-01
  -5.09976   2.07317    8.5817648488E-01
  -5.13536   1.98335    8.7019919371E-01
  -5.16937   1.89292    8.8176581883E-01
  -5.20180   1.80191    8.9286211024E-01
  -5.23262   1.71034    9.0347439733E-01
  -5.26183   1.61825    9.1358960582E-01
  -5.28942   1.52565    9.2319527383E-01
  -5.31538   1.43259    9.3227956721E-01
  -5.33970   1.33908    9.4083129416E-01
  -5.36238   1.24517    9.4883991899E-01
  -5.38341   1.15086    9.5629557511E-01
  -5.40278   1.05621    9.6318907718E-01
  -5.42048   0.96123    9.6951193245E-01
  -5.43652   0.86595    9.7525635117E-01
  -5.45088   0.77041    9.8041525627E-01
  -5.46356   0.67463    9.8498229199E-01
  -5.47456   0.57864    9.8895183176E-01
  -5.48387   0.48247    9.9231898512E-01
  -5.49149   0.38615    9.9507960377E-01
  -5.49742   0.28972    9.9723028663E-01
  -5.50166   0.19320    9.9876838406E-01
  -5.50420   0.09661    9.9969200115E-01
  -5.50505   0.00000    1.0000000000E+00

   5.56768   0.00000********************
   5.56682   0.09771    9.9969200115E-01
   5.56425   0.19539    9.9876838406E-01
   5.55996   0.29302    9.9723028663E-01
   5.55396   0.39055    9.9507960377E-01
   5.54625   0.48796    9.9231898512E-01
   5.53684   0.58522    9.8895183176E-01
   5.52571   0.68230    9.8498229199E-01
   5.51289   0.77917    9.8041525627E-01
   5.49836   0.87580    9.7525635117E-01
   5.48215   0.97216    9.6951193245E-01
   5.46424   1.06822    9.6318907718E-01
   5.44465   1.16396    9.5629557511E-01
   5.42339   1.25933    9.4883991899E-01
   5.40045   1.35432    9.4083129416E-01
   5.37585   1.44888    9.3227956721E-01
   5.34959   1.54301    9.2319527383E-01
   5.32169   1.63665    9.1358960582E-01
   5.29215   1.72980    9.0347439733E-01
   5.26097   1.82241    8.9286211024E-01
   5.22818   1.91446    8.8176581883E-01
   5.19378   2.00592    8.7019919371E-01
   5.15777   2.09676    8.5817648488E-01
   5.12018   2.18695    8.4571250427E-01
   5.08101   2.27647    8.3282260745E-01
   5.04028   2.36530    8.1952267472E-01
   4.99799   2.45339    8.0582909152E-01
   4.95416   2.54072    7.9175872829E-01
   4.90881   2.62728    7.7732891966E-01
   4.86195   2.71302    7.6255744307E-01
   4.81359   2.79793    7.4746249693E-01
   4.76374   2.88198    7.3206267813E-01
   4.71243   2.96514    7.1637695918E-01
   4.65967   3.04738    7.0042466481E-01
   4.60547   3.12869    6.8422544818E-01
   4.54985   3.20903    6.6779926665E-01
   4.49283   3.28839    6.5116635720E-01
   4.43443   3.36673    6.3434721149E-01
   4.37466   3.44404    6.1736255064E-01
   4.31354   3.52028    6.0023329966E-01
   4.25110   3.59544    5.8298056172E-01
   4.18734   3.66949    5.6562559212E-01
   4.12230   3.74242    5.4818977208E-01
   4.05599   3.81419    5.3069458247E-01
   3.98842   3.88478    5.1316157728E-01
   3.91963   3.95418    4.9561235708E-01
   3.84963   4.02236    4.7806854244E-01
   3.77845   4.08930    4.6055174725E-01
   3.70610   4.15498    4.4308355213E-01
   3.63261   4.21938    4.2568547781E-01
   3.55800   4.28248    4.0837895863E-01
   3.48229   4.34427    3.9118531616E-01
   3.40552   4.40471    3.7412573288E-01
   3.32769   4.46380    3.5722122611E-01
   3.24884   4.52151    3.4049262214E-01
   3.16898   4.57783    3.2396053052E-01
   3.08816   4.63274    3.0764531871E-01
   3.00638   4.68623    2.9156708699E-01
   2.92367   4.73827    2.7574564365E-01
   2.84006   4.78885    2.6020048064E-01
   2.75558   4.83795    2.4495074954E-01
   2.67025   4.88557    2.3001523794E-01
   2.58410   4.93168    2.1541234632E-01
   2.49715   4.97627    2.0116006537E-01
   2.40943   5.01933    1.8727595385E-01
   2.32097   5.06084    1.7377711691E-01
   2.23180   5.10079    1.6068018506E-01
   2.14194   5.13918    1.4800129365E-01
   2.05142   5.17598    1.3575606303E-01
   1.96026   5.21118    1.2395957926E-01
   1.86850   5.24478    1.1262637556E-01
   1.77617   5.27676    1.0177041437E-01
   1.68329   5.30712    9.1405070194E-02
   1.58989   5.33585    8.1543113090E-02
   1.49600   5.36293    7.2196692940E-02
   1.40165   5.38836    6.3377324492E-02
   1.30687   5.41213    5.5095873167E-02
   1.21169   5.43423    4.7362541675E-02
   1.11613   5.45466    4.0186857444E-02
   1.02023   5.47340    3.3577660884E-02
   0.92402   5.49047    2.7543094495E-02
   0.82752   5.50584    2.2090592836E-02
   0.73076   5.51951    1.7226873362E-02
   0.63378   5.53149    1.2957928154E-02
   0.53661   5.54176    9.2890165331E-03
   0.43927   5.55032    6.2246585807E-03
   0.34180   5.55718    3.7686295721E-03
   0.24421   5.56232    1.9239553236E-03
   0.14656   5.56575    6.9290846547E-04
   0.04886   5.56746    7.7005641668E-05
  -0.04886   5.56746    7.7005641668E-05
  -0.14656   5.56575    6.9290846547E-04
  -0.24421   5.56232    1.9239553236E-03
  -0.34180   5.55718    3.7686295721E-03
  -0.43927   5.55032    6.2246585807E-03
  -0.53661   5.54176    9.2890165331E-03
  -0.63378   5.53149    1.2957928154E-02
  -0.73076   5.51951    1.7226873362E-02
  -0.82752   5.50584    2.2090592836E-02
  -0.92402   5.49047    2.7543094495E-02
  -1.02023   5.47340    3.3577660884E-02
  -1.11613   5.45466    4.0186857444E-02
  -1.21169   5.43423    4.7362541675E-02
  -1.30687   5.41213    5.5095873167E-02
  -1.40165   5.38836    6.3377324492E-02
  -1.49600   5.36293    7.2196692940E-02
  -1.58989   5.33585    8.1543113090E-02
  -1.68329   5.30712    9.1405070194E-02
  -1.77617   5.27676    1.0177041437E-01
  -1.86850   5.24478    1.1262637556E-01
  -1.96026   5.21118    1.2395957926E-01
  -2.05142   5.17598    1.3575606303E-01
  -2.14194   5.13918    1.4800129365E-01
  -2.23180   5.10079    1.6068018506E-01
  -2.32097   5.06084    1.7377711691E-01
  -2.40943   5.01933    1.8727595385E-01
  -2.49715   4.97627    2.0116006537E-01
  -2.58410   4.93168    2.1541234632E-01
  -2.67025   4.88557    2.3001523794E-01
  -2.75558   4.83795    2.4495074954E-01
  -2.84006   4.78885    2.6020048064E-01
  -2.92367   4.73827    2.7574564365E-01
  -3.00638   4.68623    2.9156708699E-01
  -3.08816   4.63274    3.0764531871E-01
  -3.16898   4.57783    3.2396053052E-01
  -3.24884   4.52151    3.4049262214E-01
  -3.32769   4.46380    3.5722122611E-01
  -3.40552   4.40471    3.7412573288E-01
  -3.48229   4.34427    3.9118531616E-01
  -3.55800   4.28248    4.0837895863E-01
  -3.63261   4.21938    4.2568547781E-01
  -3.70610   4.15498    4.4308355213E-01
  -3.77845   4.08930    4.6055174725E-01
  -3.84963   4.02236    4.7806854244E-01
  -3.91963   3.95418    4.9561235708E-01
  -3.98842   3.88478    5.1316157728E-01
  -4.05599   3.81419    5.3069458247E-01
  -4.12230   3.74242    5.4818977208E-01
  -4.18734   3.66949    5.6562559212E-01
  -4.25110   3.59544    5.8298056172E-01
  -4.31354   3.52028    6.0023329966E-01
  -4.37466   3.44404    6.1736255064E-01
  -4.43443   3.36673    6.3434721149E-01
  -4.49283   3.28839    6.5116635720E-01
  -4.54985   3.20903    6.6779926665E-01
  -4.60547   3.12869    6.8422544818E-01
  -4.65967   3.04738    7.0042466481E-01
  -4.71243   2.96514    7.1637695918E-01
  -4.76374   2.88198    7.3206267813E-01
  -4.81359   2.79793    7.4746249693E-01
  -4.86195   2.71302    7.6255744307E-01
  -4.90881   2.62728    7.7732891966E-01
  -4.95416   2.54072    7.9175872829E-01
  -4.99799   2.45339    8.0582909152E-01
  -5.04028   2.36530    8.1952267472E-01
  -5.08101   2.27647    8.3282260745E-01
  -5.12018   2.18695    8.4571250427E-01
  -5.15777   2.09676    8.5817648488E-01
  -5.19378   2.00592    8.7019919371E-01
  -5.22818   1.91446    8.8176581883E-01
  -5.26097   1.82241    8.9286211024E-01
  -5.29215   1.72980    9.0347439733E-01
  -5.32169   1.63665    9.1358960582E-01
  -5.34959   1.54301    9.2319527383E-01
  -5.37585   1.44888    9.3227956721E-01
  -5.40045   1.35432    9.4083129416E-01
  -5.42339   1.25933    9.4883991899E-01
  -5.44465   1.16396    9.5629557511E-01
  -5.46424   1.06822    9.6318907718E-01
  -5.48215   0.97216    9.6951193245E-01
  -5.49836   0.87580    9.7525635117E-01
  -5.51289   0.77917    9.8041525627E-01
  -5.52571   0.68230    9.8498229199E-01
  -5.53684   0.58522    9.8895183176E-01
  -5.54625   0.48796    9.9231898512E-01
  -5.55396   0.39055    9.9507960377E-01
  -5.55996   0.29302    9.9723028663E-01
  -5.56425   0.19539    9.9876838406E-01
  -5.56682   0.09771    9.9969200115E-01
  -5.56768   0.00000    1.0000000000E+00

   5.63030   0.00000********************
   5.62944   0.09881    9.9969200115E-01
   5.62683   0.19759    9.9876838406E-01
   5.62250   0.29631    9.9723028663E-01
   5.61643   0.39494    9.9507960377E-01
   5.60864   0.49345    9.9231898512E-01
   5.59911   0.59180    9.8895183176E-01
   5.58787   0.68998    9.8498229199E-01
   5.57490   0.78794    9.8041525627E-01
   5.56021   0.88565    9.7525635117E-01
   5.54381   0.98310    9.6951193245E-01
   5.52570   1.08024    9.6318907718E-01
   5.50589   1.17705    9.5629557511E-01
   5.48439   1.27350    9.4883991899E-01
   5.46119   1.36955    9.4083129416E-01
   5.43632   1.46518    9.3227956721E-01
   5.40977   1.56036    9.2319527383E-01
   5.38155   1.65506    9.1358960582E-01
   5.35167   1.74925    9.0347439733E-01
   5.32015   1.84291    8.9286211024E-01
   5.28699   1.93599    8.8176581883E-01
   5.25220   2.02848    8.7019919371E-01
   5.21579   2.12034    8.5817648488E-01
   5.17777   2.21155    8.4571250427E-01
   5.13816   2.30208    8.3282260745E-01
   5.09697   2.39190    8.1952267472E-01
   5.05421   2.48098    8.0582909152E-01
   5.00989   2.56930    7.9175872829E-01
   4.96403   2.65683    7.7732891966E-01
   4.91664   2.74354    7.6255744307E-01
   4.86773   2.82940    7.4746249693E-01
   4.81732   2.91439    7.3206267813E-01
   4.76544   2.99849    7.1637695918E-01
   4.71208   3.08166    7.0042466481E-01
   4.65727   3.16388    6.8422544818E-01
   4.60103   3.24513    6.6779926665E-01
   4.54337   3.32538    6.5116635720E-01
   4.48431   3.40460    6.3434721149E-01
   4.42387   3.48278    6.1736255064E-01
   4.36206   3.55988    6.0023329966E-01
   4.29891   3.63588    5.8298056172E-01
   4.23444   3.71077    5.6562559212E-01
   4.16867   3.78451    5.4818977208E-01
   4.10161   3.85709    5.3069458247E-01
   4.03328   3.92848    5.1316157728E-01
   3.96372   3.99866    4.9561235708E-01
   3.89293   4.06760    4.7806854244E-01
   3.82095   4.13530    4.6055174725E-01
   3.74778   4.20172    4.4308355213E-01
   3.67347   4.26684    4.2568547781E-01
   3.59802   4.33065    4.0837895863E-01
   3.52146   4.39313    3.9118531616E-01
   3.44382   4.45426    3.7412573288E-01
   3.36512   4.51401    3.5722122611E-01
   3.28538   4.57237    3.4049262214E-01
   3.20463   4.62933    3.2396053052E-01
   3.12289   4.68485    3.0764531871E-01
   3.04019   4.73894    2.9156708699E-01
   2.95656   4.79156    2.7574564365E-01
   2.87201   4.84271    2.6020048064E-01
   2.78658   4.89237    2.4495074954E-01
   2.70029   4.94052    2.3001523794E-01
   2.61317   4.98715    2.1541234632E-01
   2.52524   5.03224    2.0116006537E-01
   2.43654   5.07579    1.8727595385E-01
   2.34708   5.11777    1.7377711691E-01
   2.25690   5.15817    1.6068018506E-01
   2.16603   5.19698    1.4800129365E-01
   2.07449   5.23420    1.3575606303E-01
   1.98231   5.26980    1.2395957926E-01
   1.88952   5.30377    1.1262637556E-01
   1.79615   5.33612    1.0177041437E-01
   1.70222   5.36682    9.1405070194E-02
   1.60778   5.39587    8.1543113090E-02
   1.51283   5.42325    7.2196692940E-02
   1.41742   5.44897    6.3377324492E-02
   1.32157   5.47300    5.5095873167E-02
   1.22532   5.49535    4.7362541675E-02
   1.12869   5.51601    4.0186857444E-02
   1.03171   5.53497    3.3577660884E-02
   0.93441   5.55222    2.7543094495E-02
   0.83683   5.56777    2.2090592836E-02
   0.73898   5.58160    1.7226873362E-02
   0.64091   5.59371    1.2957928154E-02
   0.54265   5.60409    9.2890165331E-03
   0.44421   5.61275    6.2246585807E-03
   0.34564   5.61968    3.7686295721E-03
   0.24696   5.62488    1.9239553236E-03
   0.14821   5.62835    6.9290846547E-04
   0.04941   5.63009    7.7005641668E-05
  -0.04941   5.63009    7.7005641668E-05
  -0.14821   5.62835    6.9290846547E-04
  -0.24696   5.62488    1.9239553236E-03
  -0.34564   5.61968    3.7686295721E-03
  -0.44421   5.61275    6.2246585807E-03
  -0.54265   5.60409    9.2890165331E-03
  -0.64091   5.59371    1.2957928154E-02
  -0.73898   5.58160    1.7226873362E-02
  -0.83683   5.56777    2.2090592836E-02
  -0.93441   5.55222    2.7543094495E-02
  -1.03171   5.53497    3.3577660884E-02
  -1.12869   5.51601    4.0186857444E-02
  -1.22532   5.49535    4.7362541675E-02
  -1.32157   5.47300    5.5095873167E-02
  -1.41742   5.44897    6.3377324492E-02
  -1.51283   5.42325    7.2196692940E-02
  -1.60778   5.39587    8.1543113090E-02
  -1.70222   5.36682    9.1405070194E-02
  -1.79615   5.33612    1.0177041437E-01
  -1.88952   5.30377    1.1262637556E-01
  -1.98231   5.26980    1.2395957926E-01
  -2.07449   5.23420    1.3575606303E-01
  -2.16603   5.19698    1.4800129365E-01
  -2.25690   5.15817    1.6068018506E-01
  -2.34708   5.11777    1.7377711691E-01
  -2.43654   5.07579    1.8727595385E-01
  -2.52524   5.03224    2.0116006537E-01
  -2.61317   4.98715    2.1541234632E-01
  -2.70029   4.94052    2.3001523794E-01
  -2.78658   4.89237    2.4495074954E-01
  -2.87201   4.84271    2.6020048064E-01
  -2.95656   4.79156    2.7574564365E-01
  -3.04019   4.73894    2.9156708699E-01
  -3.12289   4.68485    3.0764531871E-01
  -3.20463   4.62933    3.2396053052E-01
  -3.28538   4.57237    3.4049262214E-01
  -3.36512   4.51401    3.5722122611E-01
  -3.44382   4.45426    3.7412573288E-01
  -3.52146   4.39313    3.9118531616E-01
  -3.59802   4.33065    4.0837895863E-01
  -3.67347   4.26684    4.2568547781E-01
  -3.74778   4.20172    4.4308355213E-01
  -3.82095   4.13530    4.6055174725E-01
  -3.89293   4.06760    4.7806854244E-01
  -3.96372   3.99866    4.9561235708E-01
  -4.03328   3.92848    5.1316157728E-01
  -4.10161   3.85709    5.3069458247E-01
  -4.16867   3.78451    5.4818977208E-01
  -4.23444   3.71077    5.6562559212E-01
  -4.29891   3.63588    5.8298056172E-01
  -4.36206   3.55988    6.0023329966E-01
  -4.42387   3.48278    6.1736255064E-01
  -4.48431   3.40460    6.3434721149E-01
  -4.54337   3.32538    6.5116635720E-01
  -4.60103   3.24513    6.6779926665E-01
  -4.65727   3.16388    6.8422544818E-01
  -4.71208   3.08166    7.0042466481E-01
  -4.76544   2.99849    7.1637695918E-01
  -4.81732   2.91439    7.3206267813E-01
  -4.86773   2.82940    7.4746249693E-01
  -4.91664   2.74354    7.6255744307E-01
  -4.96403   2.65683    7.7732891966E-01
  -5.00989   2.56930    7.9175872829E-01
  -5.05421   2.48098    8.0582909152E-01
  -5.09697   2.39190    8.1952267472E-01
  -5.13816   2.30208    8.3282260745E-01
  -5.17777   2.21155    8.4571250427E-01
  -5.21579   2.12034    8.5817648488E-01
  -5.25220   2.02848    8.7019919371E-01
  -5.28699   1.93599    8.8176581883E-01
  -5.32015   1.84291    8.9286211024E-01
  -5.35167   1.74925    9.0347439733E-01
  -5.38155   1.65506    9.1358960582E-01
  -5.40977   1.56036    9.2319527383E-01
  -5.43632   1.46518    9.3227956721E-01
  -5.46119   1.36955    9.4083129416E-01
  -5.48439   1.27350    9.4883991899E-01
  -5.50589   1.17705    9.5629557511E-01
  -5.52570   1.08024    9.6318907718E-01
  -5.54381   0.98310    9.6951193245E-01
  -5.56021   0.88565    9.7525635117E-01
  -5.57490   0.78794    9.8041525627E-01
  -5.58787   0.68998    9.8498229199E-01
  -5.59911   0.59180    9.8895183176E-01
  -5.60864   0.49345    9.9231898512E-01
  -5.61643   0.39494    9.9507960377E-01
  -5.62250   0.29631    9.9723028663E-01
  -5.62683   0.19759    9.9876838406E-01
  -5.62944   0.09881    9.9969200115E-01
  -5.63030   0.00000    1.0000000000E+00

   5.69293   0.00000********************
   5.69205   0.09991    9.9969200115E-01
   5.68942   0.19979    9.9876838406E-01
   5.68504   0.29961    9.9723028663E-01
   5.67891   0.39933    9.9507960377E-01
   5.67102   0.49894    9.9231898512E-01
   5.66139   0.59839    9.8895183176E-01
   5.65002   0.69765    9.8498229199E-01
   5.63691   0.79670    9.8041525627E-01
   5.62206   0.89550    9.7525635117E-01
   5.60547   0.99403    9.6951193245E-01
   5.58717   1.09226    9.6318907718E-01
   5.56714   1.19014    9.5629557511E-01
   5.54539   1.28766    9.4883991899E-01
   5.52194   1.38478    9.4083129416E-01
   5.49679   1.48148    9.3227956721E-01
   5.46994   1.57772    9.2319527383E-01
   5.44141   1.67347    9.1358960582E-01
   5.41120   1.76871    9.0347439733E-01
   5.37933   1.86341    8.9286211024E-01
   5.34580   1.95752    8.8176581883E-01
   5.31062   2.05104    8.7019919371E-01
   5.27381   2.14393    8.5817648488E-01
   5.23537   2.23615    8.4571250427E-01
   5.19532   2.32769    8.3282260745E-01
   5.15367   2.41851    8.1952267472E-01
   5.11043   2.50858    8.0582909152E-01
   5.06562   2.59788    7.9175872829E-01
   5.01924   2.68638    7.7732891966E-01
   4.97132   2.77406    7.6255744307E-01
   4.92187   2.86087    7.4746249693E-01
   4.87091   2.94681    7.3206267813E-01
   4.81844   3.03184    7.1637695918E-01
   4.76449   3.11594    7.0042466481E-01
   4.70907   3.19907    6.8422544818E-01
   4.65220   3.28123    6.6779926665E-01
   4.59390   3.36237    6.5116635720E-01
   4.53419   3.44247    6.3434721149E-01
   4.47307   3.52151    6.1736255064E-01
   4.41058   3.59947    6.0023329966E-01
   4.34673   3.67633    5.8298056172E-01
   4.28154   3.75204    5.6562559212E-01
   4.21504   3.82661    5.4818977208E-01
   4.14723   3.89999    5.3069458247E-01
   4.07815   3.97217    5.1316157728E-01
   4.00781   4.04313    4.9561235708E-01
   3.93623   4.11285    4.7806854244E-01
   3.86345   4.18129    4.6055174725E-01
   3.78947   4.24845    4.4308355213E-01
   3.71433   4.31430    4.2568547781E-01
   3.63804   4.37883    4.0837895863E-01
   3.56063   4.44200    3.9118531616E-01
   3.48213   4.50380    3.7412573288E-01
   3.40255   4.56422    3.5722122611E-01
   3.32192   4.62323    3.4049262214E-01
   3.24027   4.68082    3.2396053052E-01
   3.15763   4.73696    3.0764531871E-01
   3.07401   4.79165    2.9156708699E-01
   2.98944   4.84486    2.7574564365E-01
   2.90395   4.89658    2.6020048064E-01
   2.81757   4.94679    2.4495074954E-01
   2.73032   4.99548    2.3001523794E-01
   2.64223   5.04262    2.1541234632E-01
   2.55333   5.08822    2.0116006537E-01
   2.46364   5.13224    1.8727595385E-01
   2.37319   5.17469    1.7377711691E-01
   2.28201   5.21554    1.6068018506E-01
   2.19012   5.25479    1.4800129365E-01
   2.09756   5.29242    1.3575606303E-01
   2.00436   5.32841    1.2395957926E-01
   1.91054   5.36277    1.1262637556E-01
   1.81613   5.39547    1.0177041437E-01
   1.72116   5.42651    9.1405070194E-02
   1.62566   5.45588    8.1543113090E-02
   1.52966   5.48357    7.2196692940E-02
   1.43319   5.50958    6.3377324492E-02
   1.33627   5.53388    5.5095873167E-02
   1.23895   5.55648    4.7362541675E-02
   1.14124   5.57737    4.0186857444E-02
   1.04318   5.59654    3.3577660884E-02
   0.94480   5.61398    2.7543094495E-02
   0.84613   5.62970    2.2090592836E-02
   0.74720   5.64368    1.7226873362E-02
   0.64804   5.65592    1.2957928154E-02
   0.54868   5.66643    9.2890165331E-03
   0.44915   5.67518    6.2246585807E-03
   0.34948   5.68219    3.7686295721E-03
   0.24971   5.68745    1.9239553236E-03
   0.14986   5.69096    6.9290846547E-04
   0.04996   5.69271    7.7005641668E-05
  -0.04996   5.69271    7.7005641668E-05
  -0.14986   5.69096    6.9290846547E-04
  -0.24971   5.68745    1.9239553236E-03
  -0.34948   5.68219    3.7686295721E-03
  -0.44915   5.67518    6.2246585807E-03
  -0.54868   5.66643    9.2890165331E-03
  -0.64804   5.65592    1.2957928154E-02
  -0.74720   5.64368    1.7226873362E-02
  -0.84613   5.62970    2.2090592836E-02
  -0.94480   5.61398    2.7543094495E-02
  -1.04318   5.59654    3.3577660884E-02
  -1.14124   5.57737    4.0186857444E-02
  -1.23895   5.55648    4.7362541675E-02
  -1.33627   5.53388    5.5095873167E-02
  -1.43319   5.50958    6.3377324492E-02
  -1.52966   5.48357    7.2196692940E-02
  -1.62566   5.45588    8.1543113090E-02
  -1.72116   5.42651    9.1405070194E-02
  -1.81613   5.39547    1.0177041437E-01
  -1.91054   5.36277    1.1262637556E-01
  -2.00436   5.32841    1.2395957926E-01
  -2.09756   5.29242    1.3575606303E-01
  -2.19012   5.25479    1.4800129365E-01
  -2.28201   5.21554    1.6068018506E-01
  -2.37319   5.17469    1.7377711691E-01
  -2.46364   5.13224    1.8727595385E-01
  -2.55333   5.08822    2.0116006537E-01
  -2.64223   5.04262    2.1541234632E-01
  -2.73032   4.99548    2.3001523794E-01
  -2.81757   4.94679    2.4495074954E-01
  -2.90395   4.89658    2.6020048064E-01
  -2.98944   4.84486    2.7574564365E-01
  -3.07401   4.79165    2.9156708699E-01
  -3.15763   4.73696    3.0764531871E-01
  -3.24027   4.68082    3.2396053052E-01
  -3.32192   4.62323    3.4049262214E-01
  -3.40255   4.56422    3.5722122611E-01
  -3.48213   4.50380    3.7412573288E-01
  -3.56063   4.44200    3.9118531616E-01
  -3.63804   4.37883    4.0837895863E-01
  -3.71433   4.31430    4.2568547781E-01
  -3.78947   4.24845    4.4308355213E-01
  -3.86345   4.18129    4.6055174725E-01
  -3.93623   4.11285    4.7806854244E-01
  -4.00781   4.04313    4.9561235708E-01
  -4.07815   3.97217    5.1316157728E-01
  -4.14723   3.89999    5.3069458247E-01
  -4.21504   3.82661    5.4818977208E-01
  -4.28154   3.75204    5.6562559212E-01
  -4.34673   3.67633    5.8298056172E-01
  -4.41058   3.59947    6.0023329966E-01
  -4.47307   3.52151    6.1736255064E-01
  -4.53419   3.44247    6.3434721149E-01
  -4.59390   3.36237    6.5116635720E-01
  -4.65220   3.28123    6.6779926665E-01
  -4.70907   3.19907    6.8422544818E-01
  -4.76449   3.11594    7.0042466481E-01
  -4.81844   3.03184    7.1637695918E-01
  -4.87091   2.94681    7.3206267813E-01
  -4.92187   2.86087    7.4746249693E-01
  -4.97132   2.77406    7.6255744307E-01
  -5.01924   2.68638    7.7732891966E-01
  -5.06562   2.59788    7.9175872829E-01
  -5.11043   2.50858    8.0582909152E-01
  -5.15367   2.41851    8.1952267472E-01
  -5.19532   2.32769    8.3282260745E-01
  -5.23537   2.23615    8.4571250427E-01
  -5.27381   2.14393    8.5817648488E-01
  -5.31062   2.05104    8.7019919371E-01
  -5.34580   1.95752    8.8176581883E-01
  -5.37933   1.86341    8.9286211024E-01
  -5.41120   1.76871    9.0347439733E-01
  -5.44141   1.67347    9.1358960582E-01
  -5.46994   1.57772    9.2319527383E-01
  -5.49679   1.48148    9.3227956721E-01
  -5.52194   1.38478    9.4083129416E-01
  -5.54539   1.28766    9.4883991899E-01
  -5.56714   1.19014    9.5629557511E-01
  -5.58717   1.09226    9.6318907718E-01
  -5.60547   0.99403    9.6951193245E-01
  -5.62206   0.89550    9.7525635117E-01
  -5.63691   0.79670    9.8041525627E-01
  -5.65002   0.69765    9.8498229199E-01
  -5.66139   0.59839    9.8895183176E-01
  -5.67102   0.49894    9.9231898512E-01
  -5.67891   0.39933    9.9507960377E-01
  -5.68504   0.29961    9.9723028663E-01
  -5.68942   0.19979    9.9876838406E-01
  -5.69205   0.09991    9.9969200115E-01
  -5.69293   0.00000    1.0000000000E+00

   5.75556   0.00000********************
   5.75467   0.10101    9.9969200115E-01
   5.75201   0.20199    9.9876838406E-01
   5.74758   0.30290    9.9723028663E-01
   5.74138   0.40373    9.9507960377E-01
   5.73341   0.50442    9.9231898512E-01
   5.72367   0.60497    9.8895183176E-01
   5.71217   0.70532    9.8498229199E-01
   5.69892   0.80546    9.8041525627E-01
   5.68390   0.90536    9.7525635117E-01
   5.66714   1.00497    9.6951193245E-01
   5.64863   1.10427    9.6318907718E-01
   5.62838   1.20323    9.5629557511E-01
   5.60640   1.30183    9.4883991899E-01
   5.58269   1.40002    9.4083129416E-01
   5.55726   1.49778    9.3227956721E-01
   5.53011   1.59508    9.2319527383E-01
   5.50127   1.69188    9.1358960582E-01
   5.47073   1.78817    9.0347439733E-01
   5.43850   1.88390    8.9286211024E-01
   5.40460   1.97906    8.8176581883E-01
   5.36904   2.07360    8.7019919371E-01
   5.33182   2.16751    8.5817648488E-01
   5.29296   2.26075    8.4571250427E-01
   5.25247   2.35329    8.3282260745E-01
   5.21036   2.44511    8.1952267472E-01
   5.16665   2.53618    8.0582909152E-01
   5.12134   2.62646    7.9175872829E-01
   5.07446   2.71593    7.7732891966E-01
   5.02601   2.80457    7.6255744307E-01
   4.97602   2.89235    7.4746249693E-01
   4.92449   2.97923    7.3206267813E-01
   4.87145   3.06519    7.1637695918E-01
   4.81690   3.15022    7.0042466481E-01
   4.76088   3.23427    6.8422544818E-01
   4.70338   3.31732    6.6779926665E-01
   4.64444   3.39935    6.5116635720E-01
   4.58407   3.48034    6.3434721149E-01
   4.52228   3.56025    6.1736255064E-01
   4.45910   3.63907    6.0023329966E-01
   4.39455   3.71677    5.8298056172E-01
   4.32864   3.79332    5.6562559212E-01
   4.26140   3.86870    5.4818977208E-01
   4.19285   3.94289    5.3069458247E-01
   4.12301   4.01587    5.1316157728E-01
   4.05190   4.08761    4.9561235708E-01
   3.97954   4.15809    4.7806854244E-01
   3.90595   4.22729    4.6055174725E-01
   3.83116   4.29519    4.4308355213E-01
   3.75519   4.36176    4.2568547781E-01
   3.67806   4.42700    4.0837895863E-01
   3.59980   4.49086    3.9118531616E-01
   3.52043   4.55335    3.7412573288E-01
   3.43998   4.61443    3.5722122611E-01
   3.35847   4.67409    3.4049262214E-01
   3.27592   4.73231    3.2396053052E-01
   3.19236   4.78907    3.0764531871E-01
   3.10782   4.84436    2.9156708699E-01
   3.02233   4.89816    2.7574564365E-01
   2.93590   4.95045    2.6020048064E-01
   2.84857   5.00121    2.4495074954E-01
   2.76036   5.05043    2.3001523794E-01
   2.67130   5.09810    2.1541234632E-01
   2.58142   5.14419    2.0116006537E-01
   2.49074   5.18870    1.8727595385E-01
   2.39929   5.23162    1.7377711691E-01
   2.30711   5.27292    1.6068018506E-01
   2.21422   5.31260    1.4800129365E-01
   2.12064   5.35064    1.3575606303E-01
   2.02641   5.38703    1.2395957926E-01
   1.93156   5.42176    1.1262637556E-01
   1.83611   5.45483    1.0177041437E-01
   1.74009   5.48621    9.1405070194E-02
   1.64354   5.51590    8.1543113090E-02
   1.54649   5.54390    7.2196692940E-02
   1.44895   5.57018    6.3377324492E-02
   1.35097   5.59476    5.5095873167E-02
   1.25258   5.61760    4.7362541675E-02
   1.15380   5.63872    4.0186857444E-02
   1.05466   5.65810    3.3577660884E-02
   0.95520   5.67574    2.7543094495E-02
   0.85544   5.69163    2.2090592836E-02
   0.75542   5.70577    1.7226873362E-02
   0.65517   5.71814    1.2957928154E-02
   0.55472   5.72876    9.2890165331E-03
   0.45409   5.73761    6.2246585807E-03
   0.35333   5.74470    3.7686295721E-03
   0.25246   5.75002    1.9239553236E-03
   0.15150   5.75356    6.9290846547E-04
   0.05051   5.75533    7.7005641668E-05
  -0.05051   5.75533    7.7005641668E-05
  -0.15150   5.75356    6.9290846547E-04
  -0.25246   5.75002    1.9239553236E-03
  -0.35333   5.74470    3.7686295721E-03
  -0.45409   5.73761    6.2246585807E-03
  -0.55472   5.72876    9.2890165331E-03
  -0.65517   5.71814    1.2957928154E-02
  -0.75542   5.70577    1.7226873362E-02
  -0.85544   5.69163    2.2090592836E-02
  -0.95520   5.67574    2.7543094495E-02
  -1.05466   5.65810    3.3577660884E-02
  -1.15380   5.63872    4.0186857444E-02
  -1.25258   5.61760    4.7362541675E-02
  -1.35097   5.59476    5.5095873167E-02
  -1.44895   5.57018    6.3377324492E-02
  -1.54649   5.54390    7.2196692940E-02
  -1.64354   5.51590    8.1543113090E-02
  -1.74009   5.48621    9.1405070194E-02
  -1.83611   5.45483    1.0177041437E-01
  -1.93156   5.42176    1.1262637556E-01
  -2.02641   5.38703    1.2395957926E-01
  -2.12064   5.35064    1.3575606303E-01
  -2.21422   5.31260    1.4800129365E-01
  -2.30711   5.27292    1.6068018506E-01
  -2.39929   5.23162    1.7377711691E-01
  -2.49074   5.18870    1.8727595385E-01
  -2.58142   5.14419    2.0116006537E-01
  -2.67130   5.09810    2.1541234632E-01
  -2.76036   5.05043    2.3001523794E-01
  -2.84857   5.00121    2.4495074954E-01
  -2.93590   4.95045    2.6020048064E-01
  -3.02233   4.89816    2.7574564365E-01
  -3.10782   4.84436    2.9156708699E-01
  -3.19236   4.78907    3.0764531871E-01
  -3.27592   4.73231    3.2396053052E-01
  -3.35847   4.67409    3.4049262214E-01
  -3.43998   4.61443    3.5722122611E-01
  -3.52043   4.55335    3.7412573288E-01
  -3.59980   4.49086    3.9118531616E-01
  -3.67806   4.42700    4.0837895863E-01
  -3.75519   4.36176    4.2568547781E-01
  -3.83116   4.29519    4.4308355213E-01
  -3.90595   4.22729    4.6055174725E-01
  -3.97954   4.15809    4.7806854244E-01
  -4.05190   4.08761    4.9561235708E-01
  -4.12301   4.01587    5.1316157728E-01
  -4.19285   3.94289    5.3069458247E-01
  -4.26140   3.86870    5.4818977208E-01
  -4.32864   3.79332    5.6562559212E-01
  -4.39455   3.71677    5.8298056172E-01
  -4.45910   3.63907    6.0023329966E-01
  -4.52228   3.56025    6.1736255064E-01
  -4.58407   3.48034    6.3434721149E-01
  -4.64444   3.39935    6.5116635720E-01
  -4.70338   3.31732    6.6779926665E-01
  -4.76088   3.23427    6.8422544818E-01
  -4.81690   3.15022    7.0042466481E-01
  -4.87145   3.06519    7.1637695918E-01
  -4.92449   2.97923    7.3206267813E-01
  -4.97602   2.89235    7.4746249693E-01
  -5.02601   2.80457    7.6255744307E-01
  -5.07446   2.71593    7.7732891966E-01
  -5.12134   2.62646    7.9175872829E-01
  -5.16665   2.53618    8.0582909152E-01
  -5.21036   2.44511    8.1952267472E-01
  -5.25247   2.35329    8.3282260745E-01
  -5.29296   2.26075    8.4571250427E-01
  -5.33182   2.16751    8.5817648488E-01
  -5.36904   2.07360    8.7019919371E-01
  -5.40460   1.97906    8.8176581883E-01
  -5.43850   1.88390    8.9286211024E-01
  -5.47073   1.78817    9.0347439733E-01
  -5.50127   1.69188    9.1358960582E-01
  -5.53011   1.59508    9.2319527383E-01
  -5.55726   1.49778    9.3227956721E-01
  -5.58269   1.40002    9.4083129416E-01
  -5.60640   1.30183    9.4883991899E-01
  -5.62838   1.20323    9.5629557511E-01
  -5.64863   1.10427    9.6318907718E-01
  -5.66714   1.00497    9.6951193245E-01
  -5.68390   0.90536    9.7525635117E-01
  -5.69892   0.80546    9.8041525627E-01
  -5.71217   0.70532    9.8498229199E-01
  -5.72367   0.60497    9.8895183176E-01
  -5.73341   0.50442    9.9231898512E-01
  -5.74138   0.40373    9.9507960377E-01
  -5.74758   0.30290    9.9723028663E-01
  -5.75201   0.20199    9.9876838406E-01
  -5.75467   0.10101    9.9969200115E-01
  -5.75556   0.00000    1.0000000000E+00

   5.81818   0.00000********************
   5.81729   0.10211    9.9969200115E-01
   5.81460   0.20419    9.9876838406E-01
   5.81012   0.30620    9.9723028663E-01
   5.80385   0.40812    9.9507960377E-01
   5.79579   0.50991    9.9231898512E-01
   5.78595   0.61155    9.8895183176E-01
   5.77433   0.71300    9.8498229199E-01
   5.76093   0.81423    9.8041525627E-01
   5.74575   0.91521    9.7525635117E-01
   5.72880   1.01590    9.6951193245E-01
   5.71009   1.11629    9.6318907718E-01
   5.68962   1.21633    9.5629557511E-01
   5.66740   1.31599    9.4883991899E-01
   5.64343   1.41525    9.4083129416E-01
   5.61772   1.51407    9.3227956721E-01
   5.59029   1.61243    9.2319527383E-01
   5.56113   1.71029    9.1358960582E-01
   5.53026   1.80763    9.0347439733E-01
   5.49768   1.90440    8.9286211024E-01
   5.46341   2.00059    8.8176581883E-01
   5.42746   2.09617    8.7019919371E-01
   5.38984   2.19110    8.5817648488E-01
   5.35055   2.28535    8.4571250427E-01
   5.30962   2.37890    8.3282260745E-01
   5.26705   2.47172    8.1952267472E-01
   5.22286   2.56377    8.0582909152E-01
   5.17707   2.65504    7.9175872829E-01
   5.12967   2.74549    7.7732891966E-01
   5.08070   2.83509    7.6255744307E-01
   5.03016   2.92382    7.4746249693E-01
   4.97807   3.01165    7.3206267813E-01
   4.92445   3.09855    7.1637695918E-01
   4.86932   3.18449    7.0042466481E-01
   4.81268   3.26946    6.8422544818E-01
   4.75456   3.35342    6.6779926665E-01
   4.69497   3.43634    6.5116635720E-01
   4.63394   3.51821    6.3434721149E-01
   4.57149   3.59899    6.1736255064E-01
   4.50762   3.67867    6.0023329966E-01
   4.44237   3.75721    5.8298056172E-01
   4.37574   3.83459    5.6562559212E-01
   4.30777   3.91080    5.4818977208E-01
   4.23847   3.98580    5.3069458247E-01
   4.16787   4.05957    5.1316157728E-01
   4.09598   4.13209    4.9561235708E-01
   4.02284   4.20334    4.7806854244E-01
   3.94845   4.27329    4.6055174725E-01
   3.87284   4.34192    4.4308355213E-01
   3.79605   4.40922    4.2568547781E-01
   3.71808   4.47517    4.0837895863E-01
   3.63897   4.53973    3.9118531616E-01
   3.55874   4.60289    3.7412573288E-01
   3.47741   4.66464    3.5722122611E-01
   3.39501   4.72495    3.4049262214E-01
   3.31157   4.78380    3.2396053052E-01
   3.22710   4.84118    3.0764531871E-01
   3.14164   4.89707    2.9156708699E-01
   3.05521   4.95146    2.7574564365E-01
   2.96785   5.00431    2.6020048064E-01
   2.87956   5.05563    2.4495074954E-01
   2.79039   5.10538    2.3001523794E-01
   2.70037   5.15357    2.1541234632E-01
   2.60951   5.20017    2.0116006537E-01
   2.51784   5.24516    1.8727595385E-01
   2.42540   5.28854    1.7377711691E-01
   2.33221   5.33029    1.6068018506E-01
   2.23831   5.37040    1.4800129365E-01
   2.14371   5.40886    1.3575606303E-01
   2.04846   5.44565    1.2395957926E-01
   1.95257   5.48076    1.1262637556E-01
   1.85609   5.51418    1.0177041437E-01
   1.75903   5.54591    9.1405070194E-02
   1.66143   5.57592    8.1543113090E-02
   1.56331   5.60422    7.2196692940E-02
   1.46472   5.63079    6.3377324492E-02
   1.36567   5.65563    5.5095873167E-02
   1.26621   5.67873    4.7362541675E-02
   1.16635   5.70008    4.0186857444E-02
   1.06614   5.71967    3.3577660884E-02
   0.96559   5.73750    2.7543094495E-02
   0.86475   5.75356    2.2090592836E-02
   0.76364   5.76785    1.7226873362E-02
   0.66230   5.78036    1.2957928154E-02
   0.56075   5.79110    9.2890165331E-03
   0.45903   5.80005    6.2246585807E-03
   0.35717   5.80721    3.7686295721E-03
   0.25520   5.81258    1.9239553236E-03
   0.15315   5.81617    6.9290846547E-04
   0.05106   5.81796    7.7005641668E-05
  -0.05106   5.81796    7.7005641668E-05
  -0.15315   5.81617    6.9290846547E-04
  -0.25520   5.81258    1.9239553236E-03
  -0.35717   5.80721    3.7686295721E-03
  -0.45903   5.80005    6.2246585807E-03
  -0.56075   5.79110    9.2890165331E-03
  -0.66230   5.78036    1.2957928154E-02
  -0.76364   5.76785    1.7226873362E-02
  -0.86475   5.75356    2.2090592836E-02
  -0.96559   5.73750    2.7543094495E-02
  -1.06614   5.71967    3.3577660884E-02
  -1.16635   5.70008    4.0186857444E-02
  -1.26621   5.67873    4.7362541675E-02
  -1.36567   5.65563    5.5095873167E-02
  -1.46472   5.63079    6.3377324492E-02
  -1.56331   5.60422    7.2196692940E-02
  -1.66143   5.57592    8.1543113090E-02
  -1.75903   5.54591    9.1405070194E-02
  -1.85609   5.51418    1.0177041437E-01
  -1.95257   5.48076    1.1262637556E-01
  -2.04846   5.44565    1.2395957926E-01
  -2.14371   5.40886    1.3575606303E-01
  -2.23831   5.37040    1.4800129365E-01
  -2.33221   5.33029    1.6068018506E-01
  -2.42540   5.28854    1.7377711691E-01
  -2.51784   5.24516    1.8727595385E-01
  -2.60951   5.20017    2.0116006537E-01
  -2.70037   5.15357    2.1541234632E-01
  -2.79039   5.10538    2.3001523794E-01
  -2.87956   5.05563    2.4495074954E-01
  -2.96785   5.00431    2.6020048064E-01
  -3.05521   4.95146    2.7574564365E-01
  -3.14164   4.89707    2.9156708699E-01
  -3.22710   4.84118    3.0764531871E-01
  -3.31157   4.78380    3.2396053052E-01
  -3.39501   4.72495    3.4049262214E-01
  -3.47741   4.66464    3.5722122611E-01
  -3.55874   4.60289    3.7412573288E-01
  -3.63897   4.53973    3.9118531616E-01
  -3.71808   4.47517    4.0837895863E-01
  -3.79605   4.40922    4.2568547781E-01
  -3.87284   4.34192    4.4308355213E-01
  -3.94845   4.27329    4.6055174725E-01
  -4.02284   4.20334    4.7806854244E-01
  -4.09598   4.13209    4.9561235708E-01
  -4.16787   4.05957    5.1316157728E-01
  -4.23847   3.98580    5.3069458247E-01
  -4.30777   3.91080    5.4818977208E-01
  -4.37574   3.83459    5.6562559212E-01
  -4.44237   3.75721    5.8298056172E-01
  -4.50762   3.67867    6.0023329966E-01
  -4.57149   3.59899    6.1736255064E-01
  -4.63394   3.51821    6.3434721149E-01
  -4.69497   3.43634    6.5116635720E-01
  -4.75456   3.35342    6.6779926665E-01
  -4.81268   3.26946    6.8422544818E-01
  -4.86932   3.18449    7.0042466481E-01
  -4.92445   3.09855    7.1637695918E-01
  -4.97807   3.01165    7.3206267813E-01
  -5.03016   2.92382    7.4746249693E-01
  -5.08070   2.83509    7.6255744307E-01
  -5.12967   2.74549    7.7732891966E-01
  -5.17707   2.65504    7.9175872829E-01
  -5.22286   2.56377    8.0582909152E-01
  -5.26705   2.47172    8.1952267472E-01
  -5.30962   2.37890    8.3282260745E-01
  -5.35055   2.28535    8.4571250427E-01
  -5.38984   2.19110    8.5817648488E-01
  -5.42746   2.09617    8.7019919371E-01
  -5.46341   2.00059    8.8176581883E-01
  -5.49768   1.90440    8.9286211024E-01
  -5.53026   1.80763    9.0347439733E-01
  -5.56113   1.71029    9.1358960582E-01
  -5.59029   1.61243    9.2319527383E-01
  -5.61772   1.51407    9.3227956721E-01
  -5.64343   1.41525    9.4083129416E-01
  -5.66740   1.31599    9.4883991899E-01
  -5.68962   1.21633    9.5629557511E-01
  -5.71009   1.11629    9.6318907718E-01
  -5.72880   1.01590    9.6951193245E-01
  -5.74575   0.91521    9.7525635117E-01
  -5.76093   0.81423    9.8041525627E-01
  -5.77433   0.71300    9.8498229199E-01
  -5.78595   0.61155    9.8895183176E-01
  -5.79579   0.50991    9.9231898512E-01
  -5.80385   0.40812    9.9507960377E-01
  -5.81012   0.30620    9.9723028663E-01
  -5.81460   0.20419    9.9876838406E-01
  -5.81729   0.10211    9.9969200115E-01
  -5.81818   0.00000    1.0000000000E+00

   5.88081   0.00000********************
   5.87990   0.10321    9.9969200115E-01
   5.87719   0.20638    9.9876838406E-01
   5.87266   0.30950    9.9723028663E-01
   5.86632   0.41251    9.9507960377E-01
   5.85818   0.51540    9.9231898512E-01
   5.84823   0.61813    9.8895183176E-01
   5.83648   0.72067    9.8498229199E-01
   5.82294   0.82299    9.8041525627E-01
   5.80760   0.92506    9.7525635117E-01
   5.79047   1.02684    9.6951193245E-01
   5.77155   1.12830    9.6318907718E-01
   5.75086   1.22942    9.5629557511E-01
   5.72840   1.33016    9.4883991899E-01
   5.70418   1.43048    9.4083129416E-01
   5.67819   1.53037    9.3227956721E-01
   5.65046   1.62979    9.2319527383E-01
   5.62099   1.72870    9.1358960582E-01
   5.58978   1.82708    9.0347439733E-01
   5.55686   1.92490    8.9286211024E-01
   5.52222   2.02213    8.8176581883E-01
   5.48588   2.11873    8.7019919371E-01
   5.44785   2.21468    8.5817648488E-01
   5.40815   2.30995    8.4571250427E-01
   5.36677   2.40451    8.3282260745E-01
   5.32375   2.49832    8.1952267472E-01
   5.27908   2.59137    8.0582909152E-01
   5.23279   2.68362    7.9175872829E-01
   5.18489   2.77504    7.7732891966E-01
   5.13539   2.86560    7.6255744307E-01
   5.08431   2.95529    7.4746249693E-01
   5.03166   3.04406    7.3206267813E-01
   4.97746   3.13190    7.1637695918E-01
   4.92173   3.21877    7.0042466481E-01
   4.86448   3.30465    6.8422544818E-01
   4.80574   3.38951    6.6779926665E-01
   4.74551   3.47333    6.5116635720E-01
   4.68382   3.55608    6.3434721149E-01
   4.62069   3.63773    6.1736255064E-01
   4.55614   3.71826    6.0023329966E-01
   4.49018   3.79765    5.8298056172E-01
   4.42284   3.87587    5.6562559212E-01
   4.35414   3.95289    5.4818977208E-01
   4.28410   4.02870    5.3069458247E-01
   4.21273   4.10326    5.1316157728E-01
   4.14007   4.17656    4.9561235708E-01
   4.06614   4.24858    4.7806854244E-01
   3.99095   4.31929    4.6055174725E-01
   3.91453   4.38866    4.4308355213E-01
   3.83691   4.45668    4.2568547781E-01
   3.75810   4.52334    4.0837895863E-01
   3.67814   4.58859    3.9118531616E-01
   3.59704   4.65244    3.7412573288E-01
   3.51484   4.71485    3.5722122611E-01
   3.43155   4.77581    3.4049262214E-01
   3.34721   4.83530    3.2396053052E-01
   3.26184   4.89329    3.0764531871E-01
   3.17546   4.94979    2.9156708699E-01
   3.08810   5.00475    2.7574564365E-01
   2.99979   5.05818    2.6020048064E-01
   2.91056   5.11004    2.4495074954E-01
   2.82043   5.16034    2.3001523794E-01
   2.72943   5.20904    2.1541234632E-01
   2.63759   5.25614    2.0116006537E-01
   2.54494   5.30162    1.8727595385E-01
   2.45151   5.34547    1.7377711691E-01
   2.35732   5.38767    1.6068018506E-01
   2.26240   5.42821    1.4800129365E-01
   2.16679   5.46708    1.3575606303E-01
   2.07051   5.50426    1.2395957926E-01
   1.97359   5.53975    1.1262637556E-01
   1.87606   5.57353    1.0177041437E-01
   1.77796   5.60560    9.1405070194E-02
   1.67931   5.63594    8.1543113090E-02
   1.58014   5.66454    7.2196692940E-02
   1.48048   5.69140    6.3377324492E-02
   1.38037   5.71651    5.5095873167E-02
   1.27984   5.73985    4.7362541675E-02
   1.17891   5.76143    4.0186857444E-02
   1.07761   5.78123    3.3577660884E-02
   0.97599   5.79925    2.7543094495E-02
   0.87406   5.81549    2.2090592836E-02
   0.77186   5.82993    1.7226873362E-02
   0.66943   5.84258    1.2957928154E-02
   0.56679   5.85343    9.2890165331E-03
   0.46398   5.86248    6.2246585807E-03
   0.36102   5.86972    3.7686295721E-03
   0.25795   5.87515    1.9239553236E-03
   0.15480   5.87877    6.9290846547E-04
   0.05161   5.88058    7.7005641668E-05
  -0.05161   5.88058    7.7005641668E-05
  -0.15480   5.87877    6.9290846547E-04
  -0.25795   5.87515    1.9239553236E-03
  -0.36102   5.86972    3.7686295721E-03
  -0.46398   5.86248    6.2246585807E-03
  -0.56679   5.85343    9.2890165331E-03
  -0.66943   5.84258    1.2957928154E-02
  -0.77186   5.82993    1.7226873362E-02
  -0.87406   5.81549    2.2090592836E-02
  -0.97599   5.79925    2.7543094495E-02
  -1.07761   5.78123    3.3577660884E-02
  -1.17891   5.76143    4.0186857444E-02
  -1.27984   5.73985    4.7362541675E-02
  -1.38037   5.71651    5.5095873167E-02
  -1.48048   5.69140    6.3377324492E-02
  -1.58014   5.66454    7.2196692940E-02
  -1.67931   5.63594    8.1543113090E-02
  -1.77796   5.60560    9.1405070194E-02
  -1.87606   5.57353    1.0177041437E-01
  -1.97359   5.53975    1.1262637556E-01
  -2.07051   5.50426    1.2395957926E-01
  -2.16679   5.46708    1.3575606303E-01
  -2.26240   5.42821    1.4800129365E-01
  -2.35732   5.38767    1.6068018506E-01
  -2.45151   5.34547    1.7377711691E-01
  -2.54494   5.30162    1.8727595385E-01
  -2.63759   5.25614    2.0116006537E-01
  -2.72943   5.20904    2.1541234632E-01
  -2.82043   5.16034    2.3001523794E-01
  -2.91056   5.11004    2.4495074954E-01
  -2.99979   5.05818    2.6020048064E-01
  -3.08810   5.00475    2.7574564365E-01
  -3.17546   4.94979    2.9156708699E-01
  -3.26184   4.89329    3.0764531871E-01
  -3.34721   4.83530    3.2396053052E-01
  -3.43155   4.77581    3.4049262214E-01
  -3.51484   4.71485    3.5722122611E-01
  -3.59704   4.65244    3.7412573288E-01
  -3.67814   4.58859    3.9118531616E-01
  -3.75810   4.52334    4.0837895863E-01
  -3.83691   4.45668    4.2568547781E-01
  -3.91453   4.38866    4.4308355213E-01
  -3.99095   4.31929    4.6055174725E-01
  -4.06614   4.24858    4.7806854244E-01
  -4.14007   4.17656    4.9561235708E-01
  -4.21273   4.10326    5.1316157728E-01
  -4.28410   4.02870    5.3069458247E-01
  -4.35414   3.95289    5.4818977208E-01
  -4.42284   3.87587    5.6562559212E-01
  -4.49018   3.79765    5.8298056172E-01
  -4.55614   3.71826    6.0023329966E-01
  -4.62069   3.63773    6.1736255064E-01
  -4.68382   3.55608    6.3434721149E-01
  -4.74551   3.47333    6.5116635720E-01
  -4.80574   3.38951    6.6779926665E-01
  -4.86448   3.30465    6.8422544818E-01
  -4.92173   3.21877    7.0042466481E-01
  -4.97746   3.13190    7.1637695918E-01
  -5.03166   3.04406    7.3206267813E-01
  -5.08431   2.95529    7.4746249693E-01
  -5.13539   2.86560    7.6255744307E-01
  -5.18489   2.77504    7.7732891966E-01
  -5.23279   2.68362    7.9175872829E-01
  -5.27908   2.59137    8.0582909152E-01
  -5.32375   2.49832    8.1952267472E-01
  -5.36677   2.40451    8.3282260745E-01
  -5.40815   2.30995    8.4571250427E-01
  -5.44785   2.21468    8.5817648488E-01
  -5.48588   2.11873    8.7019919371E-01
  -5.52222   2.02213    8.8176581883E-01
  -5.55686   1.92490    8.9286211024E-01
  -5.58978   1.82708    9.0347439733E-01
  -5.62099   1.72870    9.1358960582E-01
  -5.65046   1.62979    9.2319527383E-01
  -5.67819   1.53037    9.3227956721E-01
  -5.70418   1.43048    9.4083129416E-01
  -5.72840   1.33016    9.4883991899E-01
  -5.75086   1.22942    9.5629557511E-01
  -5.77155   1.12830    9.6318907718E-01
  -5.79047   1.02684    9.6951193245E-01
  -5.80760   0.92506    9.7525635117E-01
  -5.82294   0.82299    9.8041525627E-01
  -5.83648   0.72067    9.8498229199E-01
  -5.84823   0.61813    9.8895183176E-01
  -5.85818   0.51540    9.9231898512E-01
  -5.86632   0.41251    9.9507960377E-01
  -5.87266   0.30950    9.9723028663E-01
  -5.87719   0.20638    9.9876838406E-01
  -5.87990   0.10321    9.9969200115E-01
  -5.88081   0.00000    1.0000000000E+00

   5.94343   0.00000********************
   5.94252   0.10431    9.9969200115E-01
   5.93977   0.20858    9.9876838406E-01
   5.93520   0.31279    9.9723028663E-01
   5.92879   0.41691    9.9507960377E-01
   5.92056   0.52089    9.9231898512E-01
   5.91051   0.62472    9.8895183176E-01
   5.89864   0.72835    9.8498229199E-01
   5.88495   0.83176    9.8041525627E-01
   5.86944   0.93491    9.7525635117E-01
   5.85213   1.03777    9.6951193245E-01
   5.83302   1.14032    9.6318907718E-01
   5.81211   1.24251    9.5629557511E-01
   5.78941   1.34432    9.4883991899E-01
   5.76492   1.44572    9.4083129416E-01
   5.73866   1.54667    9.3227956721E-01
   5.71063   1.64714    9.2319527383E-01
   5.68085   1.74711    9.1358960582E-01
   5.64931   1.84654    9.0347439733E-01
   5.61603   1.94540    8.9286211024E-01
   5.58103   2.04366    8.8176581883E-01
   5.54430   2.14129    8.7019919371E-01
   5.50587   2.23827    8.5817648488E-01
   5.46574   2.33455    8.4571250427E-01
   5.42393   2.43011    8.3282260745E-01
   5.38044   2.52493    8.1952267472E-01
   5.33530   2.61896    8.0582909152E-01
   5.28852   2.71219    7.9175872829E-01
   5.24010   2.80459    7.7732891966E-01
   5.19008   2.89612    7.6255744307E-01
   5.13845   2.98676    7.4746249693E-01
   5.08524   3.07648    7.3206267813E-01
   5.03047   3.16525    7.1637695918E-01
   4.97414   3.25305    7.0042466481E-01
   4.91629   3.33984    6.8422544818E-01
   4.85691   3.42561    6.6779926665E-01
   4.79605   3.51032    6.5116635720E-01
   4.73370   3.59395    6.3434721149E-01
   4.66990   3.67647    6.1736255064E-01
   4.60466   3.75786    6.0023329966E-01
   4.53800   3.83809    5.8298056172E-01
   4.46994   3.91714    5.6562559212E-01
   4.40051   3.99499    5.4818977208E-01
   4.32972   4.07160    5.3069458247E-01
   4.25760   4.14696    5.1316157728E-01
   4.18416   4.22104    4.9561235708E-01
   4.10944   4.29382    4.7806854244E-01
   4.03345   4.36528    4.6055174725E-01
   3.95622   4.43540    4.4308355213E-01
   3.87777   4.50415    4.2568547781E-01
   3.79812   4.57151    4.0837895863E-01
   3.71731   4.63746    3.9118531616E-01
   3.63535   4.70198    3.7412573288E-01
   3.55227   4.76506    3.5722122611E-01
   3.46810   4.82667    3.4049262214E-01
   3.38286   4.88679    3.2396053052E-01
   3.29657   4.94540    3.0764531871E-01
   3.20927   5.00250    2.9156708699E-01
   3.12099   5.05805    2.7574564365E-01
   3.03174   5.11204    2.6020048064E-01
   2.94155   5.16446    2.4495074954E-01
   2.85047   5.21529    2.3001523794E-01
   2.75850   5.26451    2.1541234632E-01
   2.66568   5.31211    2.0116006537E-01
   2.57204   5.35808    1.8727595385E-01
   2.47761   5.40239    1.7377711691E-01
   2.38242   5.44504    1.6068018506E-01
   2.28649   5.48601    1.4800129365E-01
   2.18986   5.52530    1.3575606303E-01
   2.09256   5.56288    1.2395957926E-01
   1.99461   5.59875    1.1262637556E-01
   1.89604   5.63289    1.0177041437E-01
   1.79689   5.66530    9.1405070194E-02
   1.69719   5.69596    8.1543113090E-02
   1.59697   5.72487    7.2196692940E-02
   1.49625   5.75201    6.3377324492E-02
   1.39507   5.77739    5.5095873167E-02
   1.29347   5.80098    4.7362541675E-02
   1.19146   5.82279    4.0186857444E-02
   1.08909   5.84280    3.3577660884E-02
   0.98638   5.86101    2.7543094495E-02
   0.88337   5.87742    2.2090592836E-02
   0.78008   5.89202    1.7226873362E-02
   0.67656   5.90480    1.2957928154E-02
   0.57283   5.91577    9.2890165331E-03
   0.46892   5.92491    6.2246585807E-03
   0.36486   5.93222    3.7686295721E-03
   0.26070   5.93771    1.9239553236E-03
   0.15645   5.94137    6.9290846547E-04
   0.05216   5.94321    7.7005641668E-05
  -0.05216   5.94321    7.7005641668E-05
  -0.15645   5.94137    6.9290846547E-04
  -0.26070   5.93771    1.9239553236E-03
  -0.36486   5.93222    3.7686295721E-03
  -0.46892   5.92491    6.2246585807E-03
  -0.57283   5.91577    9.2890165331E-03
  -0.67656   5.90480    1.2957928154E-02
  -0.78008   5.89202    1.7226873362E-02
  -0.88337   5.87742    2.2090592836E-02
  -0.98638   5.86101    2.7543094495E-02
  -1.08909   5.84280    3.3577660884E-02
  -1.19146   5.82279    4.0186857444E-02
  -1.29347   5.80098    4.7362541675E-02
  -1.39507   5.77739    5.5095873167E-02
  -1.49625   5.75201    6.3377324492E-02
  -1.59697   5.72487    7.2196692940E-02
  -1.69719   5.69596    8.1543113090E-02
  -1.79689   5.66530    9.1405070194E-02
  -1.89604   5.63289    1.0177041437E-01
  -1.99461   5.59875    1.1262637556E-01
  -2.09256   5.56288    1.2395957926E-01
  -2.18986   5.52530    1.3575606303E-01
  -2.28649   5.48601    1.4800129365E-01
  -2.38242   5.44504    1.6068018506E-01
  -2.47761   5.40239    1.7377711691E-01
  -2.57204   5.35808    1.8727595385E-01
  -2.66568   5.31211    2.0116006537E-01
  -2.75850   5.26451    2.1541234632E-01
  -2.85047   5.21529    2.3001523794E-01
  -2.94155   5.16446    2.4495074954E-01
  -3.03174   5.11204    2.6020048064E-01
  -3.12099   5.05805    2.7574564365E-01
  -3.20927   5.00250    2.9156708699E-01
  -3.29657   4.94540    3.0764531871E-01
  -3.38286   4.88679    3.2396053052E-01
  -3.46810   4.82667    3.4049262214E-01
  -3.55227   4.76506    3.5722122611E-01
  -3.63535   4.70198    3.7412573288E-01
  -3.71731   4.63746    3.9118531616E-01
  -3.79812   4.57151    4.0837895863E-01
  -3.87777   4.50415    4.2568547781E-01
  -3.95622   4.43540    4.4308355213E-01
  -4.03345   4.36528    4.6055174725E-01
  -4.10944   4.29382    4.7806854244E-01
  -4.18416   4.22104    4.9561235708E-01
  -4.25760   4.14696    5.1316157728E-01
  -4.32972   4.07160    5.3069458247E-01
  -4.40051   3.99499    5.4818977208E-01
  -4.46994   3.91714    5.6562559212E-01
  -4.53800   3.83809    5.8298056172E-01
  -4.60466   3.75786    6.0023329966E-01
  -4.66990   3.67647    6.1736255064E-01
  -4.73370   3.59395    6.3434721149E-01
  -4.79605   3.51032    6.5116635720E-01
  -4.85691   3.42561    6.6779926665E-01
  -4.91629   3.33984    6.8422544818E-01
  -4.97414   3.25305    7.0042466481E-01
  -5.03047   3.16525    7.1637695918E-01
  -5.08524   3.07648    7.3206267813E-01
  -5.13845   2.98676    7.4746249693E-01
  -5.19008   2.89612    7.6255744307E-01
  -5.24010   2.80459    7.7732891966E-01
  -5.28852   2.71219    7.9175872829E-01
  -5.33530   2.61896    8.0582909152E-01
  -5.38044   2.52493    8.1952267472E-01
  -5.42393   2.43011    8.3282260745E-01
  -5.46574   2.33455    8.4571250427E-01
  -5.50587   2.23827    8.5817648488E-01
  -5.54430   2.14129    8.7019919371E-01
  -5.58103   2.04366    8.8176581883E-01
  -5.61603   1.94540    8.9286211024E-01
  -5.64931   1.84654    9.0347439733E-01
  -5.68085   1.74711    9.1358960582E-01
  -5.71063   1.64714    9.2319527383E-01
  -5.73866   1.54667    9.3227956721E-01
  -5.76492   1.44572    9.4083129416E-01
  -5.78941   1.34432    9.4883991899E-01
  -5.81211   1.24251    9.5629557511E-01
  -5.83302   1.14032    9.6318907718E-01
  -5.85213   1.03777    9.6951193245E-01
  -5.86944   0.93491    9.7525635117E-01
  -5.88495   0.83176    9.8041525627E-01
  -5.89864   0.72835    9.8498229199E-01
  -5.91051   0.62472    9.8895183176E-01
  -5.92056   0.52089    9.9231898512E-01
  -5.92879   0.41691    9.9507960377E-01
  -5.93520   0.31279    9.9723028663E-01
  -5.93977   0.20858    9.9876838406E-01
  -5.94252   0.10431    9.9969200115E-01
  -5.94343   0.00000    1.0000000000E+00

   6.00606   0.00000********************
   6.00514   0.10541    9.9969200115E-01
   6.00236   0.21078    9.9876838406E-01
   5.99774   0.31609    9.9723028663E-01
   5.99127   0.42130    9.9507960377E-01
   5.98295   0.52638    9.9231898512E-01
   5.97279   0.63130    9.8895183176E-01
   5.96079   0.73602    9.8498229199E-01
   5.94696   0.84052    9.8041525627E-01
   5.93129   0.94476    9.7525635117E-01
   5.91380   1.04871    9.6951193245E-01
   5.89448   1.15233    9.6318907718E-01
   5.87335   1.25560    9.5629557511E-01
   5.85041   1.35849    9.4883991899E-01
   5.82567   1.46095    9.4083129416E-01
   5.79913   1.56297    9.3227956721E-01
   5.77081   1.66450    9.2319527383E-01
   5.74071   1.76552    9.1358960582E-01
   5.70884   1.86600    9.0347439733E-01
   5.67521   1.96590    8.9286211024E-01
   5.63983   2.06520    8.8176581883E-01
   5.60272   2.16386    8.7019919371E-01
   5.56388   2.26185    8.5817648488E-01
   5.52333   2.35915    8.4571250427E-01
   5.48108   2.45572    8.3282260745E-01
   5.43714   2.55153    8.1952267472E-01
   5.39152   2.64656    8.0582909152E-01
   5.34424   2.74077    7.9175872829E-01
   5.29532   2.83414    7.7732891966E-01
   5.24476   2.92664    7.6255744307E-01
   5.19259   3.01823    7.4746249693E-01
   5.13883   3.10890    7.3206267813E-01
   5.08347   3.19860    7.1637695918E-01
   5.02655   3.28733    7.0042466481E-01
   4.96809   3.37503    6.8422544818E-01
   4.90809   3.46170    6.6779926665E-01
   4.84658   3.54731    6.5116635720E-01
   4.78358   3.63182    6.3434721149E-01
   4.71911   3.71521    6.1736255064E-01
   4.65318   3.79746    6.0023329966E-01
   4.58582   3.87854    5.8298056172E-01
   4.51704   3.95842    5.6562559212E-01
   4.44688   4.03708    5.4818977208E-01
   4.37534   4.11450    5.3069458247E-01
   4.30246   4.19066    5.1316157728E-01
   4.22825   4.26552    4.9561235708E-01
   4.15274   4.33907    4.7806854244E-01
   4.07595   4.41128    4.6055174725E-01
   3.99791   4.48213    4.4308355213E-01
   3.91863   4.55161    4.2568547781E-01
   3.83815   4.61968    4.0837895863E-01
   3.75648   4.68632    3.9118531616E-01
   3.67366   4.75153    3.7412573288E-01
   3.58970   4.81527    3.5722122611E-01
   3.50464   4.87753    3.4049262214E-01
   3.41850   4.93828    3.2396053052E-01
   3.33131   4.99751    3.0764531871E-01
   3.24309   5.05521    2.9156708699E-01
   3.15387   5.11135    2.7574564365E-01
   3.06368   5.16591    2.6020048064E-01
   2.97255   5.21888    2.4495074954E-01
   2.88050   5.27024    2.3001523794E-01
   2.78757   5.31999    2.1541234632E-01
   2.69377   5.36809    2.0116006537E-01
   2.59915   5.41454    1.8727595385E-01
   2.50372   5.45932    1.7377711691E-01
   2.40753   5.50242    1.6068018506E-01
   2.31059   5.54382    1.4800129365E-01
   2.21294   5.58352    1.3575606303E-01
   2.11461   5.62149    1.2395957926E-01
   2.01563   5.65774    1.1262637556E-01
   1.91602   5.69224    1.0177041437E-01
   1.81583   5.72499    9.1405070194E-02
   1.71508   5.75598    8.1543113090E-02
   1.61379   5.78519    7.2196692940E-02
   1.51202   5.81262    6.3377324492E-02
   1.40977   5.83826    5.5095873167E-02
   1.30710   5.86210    4.7362541675E-02
   1.20401   5.88414    4.0186857444E-02
   1.10056   5.90436    3.3577660884E-02
   0.99677   5.92277    2.7543094495E-02
   0.89268   5.93935    2.2090592836E-02
   0.78830   5.95410    1.7226873362E-02
   0.68369   5.96702    1.2957928154E-02
   0.57886   5.97810    9.2890165331E-03
   0.47386   5.98734    6.2246585807E-03
   0.36871   5.99473    3.7686295721E-03
   0.26344   6.00028    1.9239553236E-03
   0.15810   6.00398    6.9290846547E-04
   0.05270   6.00583    7.7005641668E-05
  -0.05270   6.00583    7.7005641668E-05
  -0.15810   6.00398    6.9290846547E-04
  -0.26344   6.00028    1.9239553236E-03
  -0.36871   5.99473    3.7686295721E-03
  -0.47386   5.98734    6.2246585807E-03
  -0.57886   5.97810    9.2890165331E-03
  -0.68369   5.96702    1.2957928154E-02
  -0.78830   5.95410    1.7226873362E-02
  -0.89268   5.93935    2.2090592836E-02
  -0.99677   5.92277    2.7543094495E-02
  -1.10056   5.90436    3.3577660884E-02
  -1.20401   5.88414    4.0186857444E-02
  -1.30710   5.86210    4.7362541675E-02
  -1.40977   5.83826    5.5095873167E-02
  -1.51202   5.81262    6.3377324492E-02
  -1.61379   5.78519    7.2196692940E-02
  -1.71508   5.75598    8.1543113090E-02
  -1.81583   5.72499    9.1405070194E-02
  -1.91602   5.69224    1.0177041437E-01
  -2.01563   5.65774    1.1262637556E-01
  -2.11461   5.62149    1.2395957926E-01
  -2.21294   5.58352    1.3575606303E-01
  -2.31059   5.54382    1.4800129365E-01
  -2.40753   5.50242    1.6068018506E-01
  -2.50372   5.45932    1.7377711691E-01
  -2.59915   5.41454    1.8727595385E-01
  -2.69377   5.36809    2.0116006537E-01
  -2.78757   5.31999    2.1541234632E-01
  -2.88050   5.27024    2.3001523794E-01
  -2.97255   5.21888    2.4495074954E-01
  -3.06368   5.16591    2.6020048064E-01
  -3.15387   5.11135    2.7574564365E-01
  -3.24309   5.05521    2.9156708699E-01
  -3.33131   4.99751    3.0764531871E-01
  -3.41850   4.93828    3.2396053052E-01
  -3.50464   4.87753    3.4049262214E-01
  -3.58970   4.81527    3.5722122611E-01
  -3.67366   4.75153    3.7412573288E-01
  -3.75648   4.68632    3.9118531616E-01
  -3.83815   4.61968    4.0837895863E-01
  -3.91863   4.55161    4.2568547781E-01
  -3.99791   4.48213    4.4308355213E-01
  -4.07595   4.41128    4.6055174725E-01
  -4.15274   4.33907    4.7806854244E-01
  -4.22825   4.26552    4.9561235708E-01
  -4.30246   4.19066    5.1316157728E-01
  -4.37534   4.11450    5.3069458247E-01
  -4.44688   4.03708    5.4818977208E-01
  -4.51704   3.95842    5.6562559212E-01
  -4.58582   3.87854    5.8298056172E-01
  -4.65318   3.79746    6.0023329966E-01
  -4.71911   3.71521    6.1736255064E-01
  -4.78358   3.63182    6.3434721149E-01
  -4.84658   3.54731    6.5116635720E-01
  -4.90809   3.46170    6.6779926665E-01
  -4.96809   3.37503    6.8422544818E-01
  -5.02655   3.28733    7.0042466481E-01
  -5.08347   3.19860    7.1637695918E-01
  -5.13883   3.10890    7.3206267813E-01
  -5.19259   3.01823    7.4746249693E-01
  -5.24476   2.92664    7.6255744307E-01
  -5.29532   2.83414    7.7732891966E-01
  -5.34424   2.74077    7.9175872829E-01
  -5.39152   2.64656    8.0582909152E-01
  -5.43714   2.55153    8.1952267472E-01
  -5.48108   2.45572    8.3282260745E-01
  -5.52333   2.35915    8.4571250427E-01
  -5.56388   2.26185    8.5817648488E-01
  -5.60272   2.16386    8.7019919371E-01
  -5.63983   2.06520    8.8176581883E-01
  -5.67521   1.96590    8.9286211024E-01
  -5.70884   1.86600    9.0347439733E-01
  -5.74071   1.76552    9.1358960582E-01
  -5.77081   1.66450    9.2319527383E-01
  -5.79913   1.56297    9.3227956721E-01
  -5.82567   1.46095    9.4083129416E-01
  -5.85041   1.35849    9.4883991899E-01
  -5.87335   1.25560    9.5629557511E-01
  -5.89448   1.15233    9.6318907718E-01
  -5.91380   1.04871    9.6951193245E-01
  -5.93129   0.94476    9.7525635117E-01
  -5.94696   0.84052    9.8041525627E-01
  -5.96079   0.73602    9.8498229199E-01
  -5.97279   0.63130    9.8895183176E-01
  -5.98295   0.52638    9.9231898512E-01
  -5.99127   0.42130    9.9507960377E-01
  -5.99774   0.31609    9.9723028663E-01
  -6.00236   0.21078    9.9876838406E-01
  -6.00514   0.10541    9.9969200115E-01
  -6.00606   0.00000    1.0000000000E+00

   6.06869   0.00000********************
   6.06775   0.10650    9.9969200115E-01
   6.06495   0.21298    9.9876838406E-01
   6.06028   0.31938    9.9723028663E-01
   6.05374   0.42569    9.9507960377E-01
   6.04534   0.53187    9.9231898512E-01
   6.03507   0.63788    9.8895183176E-01
   6.02295   0.74370    9.8498229199E-01
   6.00897   0.84929    9.8041525627E-01
   5.99314   0.95461    9.7525635117E-01
   5.97546   1.05964    9.6951193245E-01
   5.95594   1.16435    9.6318907718E-01
   5.93459   1.26870    9.5629557511E-01
   5.91141   1.37265    9.4883991899E-01
   5.88641   1.47618    9.4083129416E-01
   5.85960   1.57926    9.3227956721E-01
   5.83098   1.68186    9.2319527383E-01
   5.80057   1.78393    9.1358960582E-01
   5.76836   1.88545    9.0347439733E-01
   5.73439   1.98640    8.9286211024E-01
   5.69864   2.08673    8.8176581883E-01
   5.66114   2.18642    8.7019919371E-01
   5.62190   2.28543    8.5817648488E-01
   5.58092   2.38375    8.4571250427E-01
   5.53823   2.48132    8.3282260745E-01
   5.49383   2.57814    8.1952267472E-01
   5.44774   2.67416    8.0582909152E-01
   5.39997   2.76935    7.9175872829E-01
   5.35053   2.86369    7.7732891966E-01
   5.29945   2.95715    7.6255744307E-01
   5.24674   3.04970    7.4746249693E-01
   5.19241   3.14131    7.3206267813E-01
   5.13648   3.23196    7.1637695918E-01
   5.07897   3.32160    7.0042466481E-01
   5.01989   3.41023    6.8422544818E-01
   4.95927   3.49780    6.6779926665E-01
   4.89712   3.58430    6.5116635720E-01
   4.83346   3.66969    6.3434721149E-01
   4.76831   3.75395    6.1736255064E-01
   4.70170   3.83706    6.0023329966E-01
   4.63363   3.91898    5.8298056172E-01
   4.56414   3.99969    5.6562559212E-01
   4.49325   4.07918    5.4818977208E-01
   4.42096   4.15741    5.3069458247E-01
   4.34732   4.23435    5.1316157728E-01
   4.27234   4.31000    4.9561235708E-01
   4.19604   4.38431    4.7806854244E-01
   4.11845   4.45728    4.6055174725E-01
   4.03959   4.52887    4.4308355213E-01
   3.95949   4.59907    4.2568547781E-01
   3.87817   4.66785    4.0837895863E-01
   3.79565   4.73519    3.9118531616E-01
   3.71196   4.80107    3.7412573288E-01
   3.62713   4.86548    3.5722122611E-01
   3.54118   4.92838    3.4049262214E-01
   3.45415   4.98977    3.2396053052E-01
   3.36604   5.04962    3.0764531871E-01
   3.27691   5.10792    2.9156708699E-01
   3.18676   5.16464    2.7574564365E-01
   3.09563   5.21977    2.6020048064E-01
   3.00354   5.27330    2.4495074954E-01
   2.91054   5.32520    2.3001523794E-01
   2.81663   5.37546    2.1541234632E-01
   2.72186   5.42406    2.0116006537E-01
   2.62625   5.47099    1.8727595385E-01
   2.52983   5.51624    1.7377711691E-01
   2.43263   5.55979    1.6068018506E-01
   2.33468   5.60163    1.4800129365E-01
   2.23601   5.64174    1.3575606303E-01
   2.13666   5.68011    1.2395957926E-01
   2.03664   5.71673    1.1262637556E-01
   1.93600   5.75160    1.0177041437E-01
   1.83476   5.78469    9.1405070194E-02
   1.73296   5.81600    8.1543113090E-02
   1.63062   5.84551    7.2196692940E-02
   1.52778   5.87323    6.3377324492E-02
   1.42447   5.89914    5.5095873167E-02
   1.32072   5.92323    4.7362541675E-02
   1.21657   5.94550    4.0186857444E-02
   1.11204   5.96593    3.3577660884E-02
   1.00717   5.98453    2.7543094495E-02
   0.90198   6.00128    2.2090592836E-02
   0.79652   6.01619    1.7226873362E-02
   0.69082   6.02924    1.2957928154E-02
   0.58490   6.04044    9.2890165331E-03
   0.47880   6.04977    6.2246585807E-03
   0.37255   6.05724    3.7686295721E-03
   0.26619   6.06285    1.9239553236E-03
   0.15975   6.06658    6.9290846547E-04
   0.05325   6.06845    7.7005641668E-05
  -0.05325   6.06845    7.7005641668E-05
  -0.15975   6.06658    6.9290846547E-04
  -0.26619   6.06285    1.9239553236E-03
  -0.37255   6.05724    3.7686295721E-03
  -0.47880   6.04977    6.2246585807E-03
  -0.58490   6.04044    9.2890165331E-03
  -0.69082   6.02924    1.2957928154E-02
  -0.79652   6.01619    1.7226873362E-02
  -0.90198   6.00128    2.2090592836E-02
  -1.00717   5.98453    2.7543094495E-02
  -1.11204   5.96593    3.3577660884E-02
  -1.21657   5.94550    4.0186857444E-02
  -1.32072   5.92323    4.7362541675E-02
  -1.42447   5.89914    5.5095873167E-02
  -1.52778   5.87323    6.3377324492E-02
  -1.63062   5.84551    7.2196692940E-02
  -1.73296   5.81600    8.1543113090E-02
  -1.83476   5.78469    9.1405070194E-02
  -1.93600   5.75160    1.0177041437E-01
  -2.03664   5.71673    1.1262637556E-01
  -2.13666   5.68011    1.2395957926E-01
  -2.23601   5.64174    1.3575606303E-01
  -2.33468   5.60163    1.4800129365E-01
  -2.43263   5.55979    1.6068018506E-01
  -2.52983   5.51624    1.7377711691E-01
  -2.62625   5.47099    1.8727595385E-01
  -2.72186   5.42406    2.0116006537E-01
  -2.81663   5.37546    2.1541234632E-01
  -2.91054   5.32520    2.3001523794E-01
  -3.00354   5.27330    2.4495074954E-01
  -3.09563   5.21977    2.6020048064E-01
  -3.18676   5.16464    2.7574564365E-01
  -3.27691   5.10792    2.9156708699E-01
  -3.36604   5.04962    3.0764531871E-01
  -3.45415   4.98977    3.2396053052E-01
  -3.54118   4.92838    3.4049262214E-01
  -3.62713   4.86548    3.5722122611E-01
  -3.71196   4.80107    3.7412573288E-01
  -3.79565   4.73519    3.9118531616E-01
  -3.87817   4.66785    4.0837895863E-01
  -3.95949   4.59907    4.2568547781E-01
  -4.03959   4.52887    4.4308355213E-01
  -4.11845   4.45728    4.6055174725E-01
  -4.19604   4.38431    4.7806854244E-01
  -4.27234   4.31000    4.9561235708E-01
  -4.34732   4.23435    5.1316157728E-01
  -4.42096   4.15741    5.3069458247E-01
  -4.49325   4.07918    5.4818977208E-01
  -4.56414   3.99969    5.6562559212E-01
  -4.63363   3.91898    5.8298056172E-01
  -4.70170   3.83706    6.0023329966E-01
  -4.76831   3.75395    6.1736255064E-01
  -4.83346   3.66969    6.3434721149E-01
  -4.89712   3.58430    6.5116635720E-01
  -4.95927   3.49780    6.6779926665E-01
  -5.01989   3.41023    6.8422544818E-01
  -5.07897   3.32160    7.0042466481E-01
  -5.13648   3.23196    7.1637695918E-01
  -5.19241   3.14131    7.3206267813E-01
  -5.24674   3.04970    7.4746249693E-01
  -5.29945   2.95715    7.6255744307E-01
  -5.35053   2.86369    7.7732891966E-01
  -5.39997   2.76935    7.9175872829E-01
  -5.44774   2.67416    8.0582909152E-01
  -5.49383   2.57814    8.1952267472E-01
  -5.53823   2.48132    8.3282260745E-01
  -5.58092   2.38375    8.4571250427E-01
  -5.62190   2.28543    8.5817648488E-01
  -5.66114   2.18642    8.7019919371E-01
  -5.69864   2.08673    8.8176581883E-01
  -5.73439   1.98640    8.9286211024E-01
  -5.76836   1.88545    9.0347439733E-01
  -5.80057   1.78393    9.1358960582E-01
  -5.83098   1.68186    9.2319527383E-01
  -5.85960   1.57926    9.3227956721E-01
  -5.88641   1.47618    9.4083129416E-01
  -5.91141   1.37265    9.4883991899E-01
  -5.93459   1.26870    9.5629557511E-01
  -5.95594   1.16435    9.6318907718E-01
  -5.97546   1.05964    9.6951193245E-01
  -5.99314   0.95461    9.7525635117E-01
  -6.00897   0.84929    9.8041525627E-01
  -6.02295   0.74370    9.8498229199E-01
  -6.03507   0.63788    9.8895183176E-01
  -6.04534   0.53187    9.9231898512E-01
  -6.05374   0.42569    9.9507960377E-01
  -6.06028   0.31938    9.9723028663E-01
  -6.06495   0.21298    9.9876838406E-01
  -6.06775   0.10650    9.9969200115E-01
  -6.06869   0.00000    1.0000000000E+00

   6.13131   0.00000********************
   6.13037   0.10760    9.9969200115E-01
   6.12754   0.21517    9.9876838406E-01
   6.12282   0.32268    9.9723028663E-01
   6.11621   0.43008    9.9507960377E-01
   6.10772   0.53736    9.9231898512E-01
   6.09735   0.64446    9.8895183176E-01
   6.08510   0.75137    9.8498229199E-01
   6.07098   0.85805    9.8041525627E-01
   6.05498   0.96446    9.7525635117E-01
   6.03712   1.07058    9.6951193245E-01
   6.01741   1.17636    9.6318907718E-01
   5.99583   1.28179    9.5629557511E-01
   5.97241   1.38682    9.4883991899E-01
   5.94716   1.49142    9.4083129416E-01
   5.92007   1.59556    9.3227956721E-01
   5.89115   1.69921    9.2319527383E-01
   5.86042   1.80234    9.1358960582E-01
   5.82789   1.90491    9.0347439733E-01
   5.79356   2.00690    8.9286211024E-01
   5.75745   2.10826    8.8176581883E-01
   5.71956   2.20898    8.7019919371E-01
   5.67991   2.30902    8.5817648488E-01
   5.63852   2.40835    8.4571250427E-01
   5.59538   2.50693    8.3282260745E-01
   5.55052   2.60474    8.1952267472E-01
   5.50396   2.70175    8.0582909152E-01
   5.45569   2.79793    7.9175872829E-01
   5.40575   2.89325    7.7732891966E-01
   5.35414   2.98767    7.6255744307E-01
   5.30088   3.08118    7.4746249693E-01
   5.24599   3.17373    7.3206267813E-01
   5.18949   3.26531    7.1637695918E-01
   5.13138   3.35588    7.0042466481E-01
   5.07169   3.44542    6.8422544818E-01
   5.01045   3.53390    6.6779926665E-01
   4.94766   3.62128    6.5116635720E-01
   4.88334   3.70756    6.3434721149E-01
   4.81752   3.79269    6.1736255064E-01
   4.75022   3.87665    6.0023329966E-01
   4.68145   3.95942    5.8298056172E-01
   4.61124   4.04097    5.6562559212E-01
   4.53961   4.12127    5.4818977208E-01
   4.46659   4.20031    5.3069458247E-01
   4.39218   4.27805    5.1316157728E-01
   4.31643   4.35447    4.9561235708E-01
   4.23934   4.42956    4.7806854244E-01
   4.16095   4.50327    4.6055174725E-01
   4.08128   4.57560    4.4308355213E-01
   4.00035   4.64653    4.2568547781E-01
   3.91819   4.71602    4.0837895863E-01
   3.83482   4.78405    3.9118531616E-01
   3.75027   4.85062    3.7412573288E-01
   3.66456   4.91569    3.5722122611E-01
   3.57773   4.97924    3.4049262214E-01
   3.48979   5.04126    3.2396053052E-01
   3.40078   5.10173    3.0764531871E-01
   3.31072   5.16063    2.9156708699E-01
   3.21964   5.21794    2.7574564365E-01
   3.12757   5.27364    2.6020048064E-01
   3.03454   5.32772    2.4495074954E-01
   2.94057   5.38015    2.3001523794E-01
   2.84570   5.43093    2.1541234632E-01
   2.74995   5.48004    2.0116006537E-01
   2.65335   5.52745    1.8727595385E-01
   2.55593   5.57317    1.7377711691E-01
   2.45773   5.61717    1.6068018506E-01
   2.35877   5.65943    1.4800129365E-01
   2.25909   5.69996    1.3575606303E-01
   2.15871   5.73873    1.2395957926E-01
   2.05766   5.77573    1.1262637556E-01
   1.95598   5.81095    1.0177041437E-01
   1.85370   5.84438    9.1405070194E-02
   1.75084   5.87601    8.1543113090E-02
   1.64745   5.90584    7.2196692940E-02
   1.54355   5.93384    6.3377324492E-02
   1.43917   5.96002    5.5095873167E-02
   1.33435   5.98435    4.7362541675E-02
   1.22912   6.00685    4.0186857444E-02
   1.12351   6.02750    3.3577660884E-02
   1.01756   6.04629    2.7543094495E-02
   0.91129   6.06321    2.2090592836E-02
   0.80474   6.07827    1.7226873362E-02
   0.69795   6.09146    1.2957928154E-02
   0.59093   6.10277    9.2890165331E-03
   0.48374   6.11220    6.2246585807E-03
   0.37640   6.11975    3.7686295721E-03
   0.26894   6.12541    1.9239553236E-03
   0.16140   6.12919    6.9290846547E-04
   0.05380   6.13108    7.7005641668E-05
  -0.05380   6.13108    7.7005641668E-05
  -0.16140   6.12919    6.9290846547E-04
  -0.26894   6.12541    1.9239553236E-03
  -0.37640   6.11975    3.7686295721E-03
  -0.48374   6.11220    6.2246585807E-03
  -0.59093   6.10277    9.2890165331E-03
  -0.69795   6.09146    1.2957928154E-02
  -0.80474   6.07827    1.7226873362E-02
  -0.91129   6.06321    2.2090592836E-02
  -1.01756   6.04629    2.7543094495E-02
  -1.12351   6.02750    3.3577660884E-02
  -1.22912   6.00685    4.0186857444E-02
  -1.33435   5.98435    4.7362541675E-02
  -1.43917   5.96002    5.5095873167E-02
  -1.54355   5.93384    6.3377324492E-02
  -1.64745   5.90584    7.2196692940E-02
  -1.75084   5.87601    8.1543113090E-02
  -1.85370   5.84438    9.1405070194E-02
  -1.95598   5.81095    1.0177041437E-01
  -2.05766   5.77573    1.1262637556E-01
  -2.15871   5.73873    1.2395957926E-01
  -2.25909   5.69996    1.3575606303E-01
  -2.35877   5.65943    1.4800129365E-01
  -2.45773   5.61717    1.6068018506E-01
  -2.55593   5.57317    1.7377711691E-01
  -2.65335   5.52745    1.8727595385E-01
  -2.74995   5.48004    2.0116006537E-01
  -2.84570   5.43093    2.1541234632E-01
  -2.94057   5.38015    2.3001523794E-01
  -3.03454   5.32772    2.4495074954E-01
  -3.12757   5.27364    2.6020048064E-01
  -3.21964   5.21794    2.7574564365E-01
  -3.31072   5.16063    2.9156708699E-01
  -3.40078   5.10173    3.0764531871E-01
  -3.48979   5.04126    3.2396053052E-01
  -3.57773   4.97924    3.4049262214E-01
  -3.66456   4.91569    3.5722122611E-01
  -3.75027   4.85062    3.7412573288E-01
  -3.83482   4.78405    3.9118531616E-01
  -3.91819   4.71602    4.0837895863E-01
  -4.00035   4.64653    4.2568547781E-01
  -4.08128   4.57560    4.4308355213E-01
  -4.16095   4.50327    4.6055174725E-01
  -4.23934   4.42956    4.7806854244E-01
  -4.31643   4.35447    4.9561235708E-01
  -4.39218   4.27805    5.1316157728E-01
  -4.46659   4.20031    5.3069458247E-01
  -4.53961   4.12127    5.4818977208E-01
  -4.61124   4.04097    5.6562559212E-01
  -4.68145   3.95942    5.8298056172E-01
  -4.75022   3.87665    6.0023329966E-01
  -4.81752   3.79269    6.1736255064E-01
  -4.88334   3.70756    6.3434721149E-01
  -4.94766   3.62128    6.5116635720E-01
  -5.01045   3.53390    6.6779926665E-01
  -5.07169   3.44542    6.8422544818E-01
  -5.13138   3.35588    7.0042466481E-01
  -5.18949   3.26531    7.1637695918E-01
  -5.24599   3.17373    7.3206267813E-01
  -5.30088   3.08118    7.4746249693E-01
  -5.35414   2.98767    7.6255744307E-01
  -5.40575   2.89325    7.7732891966E-01
  -5.45569   2.79793    7.9175872829E-01
  -5.50396   2.70175    8.0582909152E-01
  -5.55052   2.60474    8.1952267472E-01
  -5.59538   2.50693    8.3282260745E-01
  -5.63852   2.40835    8.4571250427E-01
  -5.67991   2.30902    8.5817648488E-01
  -5.71956   2.20898    8.7019919371E-01
  -5.75745   2.10826    8.8176581883E-01
  -5.79356   2.00690    8.9286211024E-01
  -5.82789   1.90491    9.0347439733E-01
  -5.86042   1.80234    9.1358960582E-01
  -5.89115   1.69921    9.2319527383E-01
  -5.92007   1.59556    9.3227956721E-01
  -5.94716   1.49142    9.4083129416E-01
  -5.97241   1.38682    9.4883991899E-01
  -5.99583   1.28179    9.5629557511E-01
  -6.01741   1.17636    9.6318907718E-01
  -6.03712   1.07058    9.6951193245E-01
  -6.05498   0.96446    9.7525635117E-01
  -6.07098   0.85805    9.8041525627E-01
  -6.08510   0.75137    9.8498229199E-01
  -6.09735   0.64446    9.8895183176E-01
  -6.10772   0.53736    9.9231898512E-01
  -6.11621   0.43008    9.9507960377E-01
  -6.12282   0.32268    9.9723028663E-01
  -6.12754   0.21517    9.9876838406E-01
  -6.13037   0.10760    9.9969200115E-01
  -6.13131   0.00000    1.0000000000E+00

   6.19394   0.00000********************
   6.19299   0.10870    9.9969200115E-01
   6.19012   0.21737    9.9876838406E-01
   6.18536   0.32598    9.9723028663E-01
   6.17868   0.43448    9.9507960377E-01
   6.17011   0.54285    9.9231898512E-01
   6.15963   0.65105    9.8895183176E-01
   6.14725   0.75905    9.8498229199E-01
   6.13299   0.86681    9.8041525627E-01
   6.11683   0.97431    9.7525635117E-01
   6.09879   1.08151    9.6951193245E-01
   6.07887   1.18838    9.6318907718E-01
   6.05708   1.29488    9.5629557511E-01
   6.03342   1.40098    9.4883991899E-01
   6.00790   1.50665    9.4083129416E-01
   5.98053   1.61186    9.3227956721E-01
   5.95133   1.71657    9.2319527383E-01
   5.92028   1.82075    9.1358960582E-01
   5.88742   1.92437    9.0347439733E-01
   5.85274   2.02740    8.9286211024E-01
   5.81626   2.12980    8.8176581883E-01
   5.77798   2.23154    8.7019919371E-01
   5.73793   2.33260    8.5817648488E-01
   5.69611   2.43295    8.4571250427E-01
   5.65253   2.53254    8.3282260745E-01
   5.60722   2.63135    8.1952267472E-01
   5.56017   2.72935    8.0582909152E-01
   5.51142   2.82651    7.9175872829E-01
   5.46096   2.92280    7.7732891966E-01
   5.40883   3.01819    7.6255744307E-01
   5.35503   3.11265    7.4746249693E-01
   5.29958   3.20615    7.3206267813E-01
   5.24249   3.29866    7.1637695918E-01
   5.18379   3.39016    7.0042466481E-01
   5.12350   3.48061    6.8422544818E-01
   5.06162   3.56999    6.6779926665E-01
   4.99819   3.65827    6.5116635720E-01
   4.93322   3.74543    6.3434721149E-01
   4.86673   3.83143    6.1736255064E-01
   4.79874   3.91625    6.0023329966E-01
   4.72927   3.99986    5.8298056172E-01
   4.65834   4.08225    5.6562559212E-01
   4.58598   4.16337    5.4818977208E-01
   4.51221   4.24321    5.3069458247E-01
   4.43705   4.32175    5.1316157728E-01
   4.36052   4.39895    4.9561235708E-01
   4.28264   4.47480    4.7806854244E-01
   4.20345   4.54927    4.6055174725E-01
   4.12297   4.62234    4.4308355213E-01
   4.04121   4.69399    4.2568547781E-01
   3.95821   4.76419    4.0837895863E-01
   3.87399   4.83292    3.9118531616E-01
   3.78857   4.90016    3.7412573288E-01
   3.70199   4.96590    3.5722122611E-01
   3.61427   5.03010    3.4049262214E-01
   3.52544   5.09276    3.2396053052E-01
   3.43552   5.15384    3.0764531871E-01
   3.34454   5.21334    2.9156708699E-01
   3.25253   5.27124    2.7574564365E-01
   3.15952   5.32751    2.6020048064E-01
   3.06554   5.38214    2.4495074954E-01
   2.97061   5.43511    2.3001523794E-01
   2.87476   5.48640    2.1541234632E-01
   2.77804   5.53601    2.0116006537E-01
   2.68045   5.58391    1.8727595385E-01
   2.58204   5.63009    1.7377711691E-01
   2.48284   5.67454    1.6068018506E-01
   2.38287   5.71724    1.4800129365E-01
   2.28216   5.75818    1.3575606303E-01
   2.18076   5.79734    1.2395957926E-01
   2.07868   5.83472    1.1262637556E-01
   1.97596   5.87030    1.0177041437E-01
   1.87263   5.90408    9.1405070194E-02
   1.76873   5.93603    8.1543113090E-02
   1.66428   5.96616    7.2196692940E-02
   1.55932   5.99445    6.3377324492E-02
   1.45387   6.02089    5.5095873167E-02
   1.34798   6.04548    4.7362541675E-02
   1.24168   6.06821    4.0186857444E-02
   1.13499   6.08906    3.3577660884E-02
   1.02795   6.10804    2.7543094495E-02
   0.92060   6.12514    2.2090592836E-02
   0.81296   6.14036    1.7226873362E-02
   0.70507   6.15368    1.2957928154E-02
   0.59697   6.16510    9.2890165331E-03
   0.48868   6.17463    6.2246585807E-03
   0.38024   6.18226    3.7686295721E-03
   0.27168   6.18798    1.9239553236E-03
   0.16304   6.19179    6.9290846547E-04
   0.05435   6.19370    7.7005641668E-05
  -0.05435   6.19370    7.7005641668E-05
  -0.16304   6.19179    6.9290846547E-04
  -0.27168   6.18798    1.9239553236E-03
  -0.38024   6.18226    3.7686295721E-03
  -0.48868   6.17463    6.2246585807E-03
  -0.59697   6.16510    9.2890165331E-03
  -0.70507   6.15368    1.2957928154E-02
  -0.81296   6.14036    1.7226873362E-02
  -0.92060   6.12514    2.2090592836E-02
  -1.02795   6.10804    2.7543094495E-02
  -1.13499   6.08906    3.3577660884E-02
  -1.24168   6.06821    4.0186857444E-02
  -1.34798   6.04548    4.7362541675E-02
  -1.45387   6.02089    5.5095873167E-02
  -1.55932   5.99445    6.3377324492E-02
  -1.66428   5.96616    7.2196692940E-02
  -1.76873   5.93603    8.1543113090E-02
  -1.87263   5.90408    9.1405070194E-02
  -1.97596   5.87030    1.0177041437E-01
  -2.07868   5.83472    1.1262637556E-01
  -2.18076   5.79734    1.2395957926E-01
  -2.28216   5.75818    1.3575606303E-01
  -2.38287   5.71724    1.4800129365E-01
  -2.48284   5.67454    1.6068018506E-01
  -2.58204   5.63009    1.7377711691E-01
  -2.68045   5.58391    1.8727595385E-01
  -2.77804   5.53601    2.0116006537E-01
  -2.87476   5.48640    2.1541234632E-01
  -2.97061   5.43511    2.3001523794E-01
  -3.06554   5.38214    2.4495074954E-01
  -3.15952   5.32751    2.6020048064E-01
  -3.25253   5.27124    2.7574564365E-01
  -3.34454   5.21334    2.9156708699E-01
  -3.43552   5.15384    3.0764531871E-01
  -3.52544   5.09276    3.2396053052E-01
  -3.61427   5.03010    3.4049262214E-01
  -3.70199   4.96590    3.5722122611E-01
  -3.78857   4.90016    3.7412573288E-01
  -3.87399   4.83292    3.9118531616E-01
  -3.95821   4.76419    4.0837895863E-01
  -4.04121   4.69399    4.2568547781E-01
  -4.12297   4.62234    4.4308355213E-01
  -4.20345   4.54927    4.6055174725E-01
  -4.28264   4.47480    4.7806854244E-01
  -4.36052   4.39895    4.9561235708E-01
  -4.43705   4.32175    5.1316157728E-01
  -4.51221   4.24321    5.3069458247E-01
  -4.58598   4.16337    5.4818977208E-01
  -4.65834   4.08225    5.6562559212E-01
  -4.72927   3.99986    5.8298056172E-01
  -4.79874   3.91625    6.0023329966E-01
  -4.86673   3.83143    6.1736255064E-01
  -4.93322   3.74543    6.3434721149E-01
  -4.99819   3.65827    6.5116635720E-01
  -5.06162   3.56999    6.6779926665E-01
  -5.12350   3.48061    6.8422544818E-01
  -5.18379   3.39016    7.0042466481E-01
  -5.24249   3.29866    7.1637695918E-01
  -5.29958   3.20615    7.3206267813E-01
  -5.35503   3.11265    7.4746249693E-01
  -5.40883   3.01819    7.6255744307E-01
  -5.46096   2.92280    7.7732891966E-01
  -5.51142   2.82651    7.9175872829E-01
  -5.56017   2.72935    8.0582909152E-01
  -5.60722   2.63135    8.1952267472E-01
  -5.65253   2.53254    8.3282260745E-01
  -5.69611   2.43295    8.4571250427E-01
  -5.73793   2.33260    8.5817648488E-01
  -5.77798   2.23154    8.7019919371E-01
  -5.81626   2.12980    8.8176581883E-01
  -5.85274   2.02740    8.9286211024E-01
  -5.88742   1.92437    9.0347439733E-01
  -5.92028   1.82075    9.1358960582E-01
  -5.95133   1.71657    9.2319527383E-01
  -5.98053   1.61186    9.3227956721E-01
  -6.00790   1.50665    9.4083129416E-01
  -6.03342   1.40098    9.4883991899E-01
  -6.05708   1.29488    9.5629557511E-01
  -6.07887   1.18838    9.6318907718E-01
  -6.09879   1.08151    9.6951193245E-01
  -6.11683   0.97431    9.7525635117E-01
  -6.13299   0.86681    9.8041525627E-01
  -6.14725   0.75905    9.8498229199E-01
  -6.15963   0.65105    9.8895183176E-01
  -6.17011   0.54285    9.9231898512E-01
  -6.17868   0.43448    9.9507960377E-01
  -6.18536   0.32598    9.9723028663E-01
  -6.19012   0.21737    9.9876838406E-01
  -6.19299   0.10870    9.9969200115E-01
  -6.19394   0.00000    1.0000000000E+00

   6.25657   0.00000********************
   6.25560   0.10980    9.9969200115E-01
   6.25271   0.21957    9.9876838406E-01
   6.24790   0.32927    9.9723028663E-01
   6.24115   0.43887    9.9507960377E-01
   6.23249   0.54833    9.9231898512E-01
   6.22191   0.65763    9.8895183176E-01
   6.20941   0.76672    9.8498229199E-01
   6.19500   0.87558    9.8041525627E-01
   6.17868   0.98416    9.7525635117E-01
   6.16045   1.09245    9.6951193245E-01
   6.14033   1.20040    9.6318907718E-01
   6.11832   1.30797    9.5629557511E-01
   6.09442   1.41515    9.4883991899E-01
   6.06865   1.52189    9.4083129416E-01
   6.04100   1.62816    9.3227956721E-01
   6.01150   1.73392    9.2319527383E-01
   5.98014   1.83916    9.1358960582E-01
   5.94695   1.94383    9.0347439733E-01
   5.91192   2.04789    8.9286211024E-01
   5.87506   2.15133    8.8176581883E-01
   5.83640   2.25411    8.7019919371E-01
   5.79595   2.35619    8.5817648488E-01
   5.75370   2.45754    8.4571250427E-01
   5.70969   2.55814    8.3282260745E-01
   5.66391   2.65795    8.1952267472E-01
   5.61639   2.75694    8.0582909152E-01
   5.56714   2.85509    7.9175872829E-01
   5.51618   2.95235    7.7732891966E-01
   5.46352   3.04870    7.6255744307E-01
   5.40917   3.14412    7.4746249693E-01
   5.35316   3.23856    7.3206267813E-01
   5.29550   3.33201    7.1637695918E-01
   5.23621   3.42444    7.0042466481E-01
   5.17530   3.51580    6.8422544818E-01
   5.11280   3.60609    6.6779926665E-01
   5.04873   3.69526    6.5116635720E-01
   4.98310   3.78330    6.3434721149E-01
   4.91594   3.87017    6.1736255064E-01
   4.84726   3.95585    6.0023329966E-01
   4.77709   4.04031    5.8298056172E-01
   4.70544   4.12352    5.6562559212E-01
   4.63235   4.20547    5.4818977208E-01
   4.55783   4.28611    5.3069458247E-01
   4.48191   4.36544    5.1316157728E-01
   4.40461   4.44343    4.9561235708E-01
   4.32595   4.52004    4.7806854244E-01
   4.24595   4.59527    4.6055174725E-01
   4.16465   4.66908    4.4308355213E-01
   4.08207   4.74145    4.2568547781E-01
   3.99823   4.81236    4.0837895863E-01
   3.91316   4.88178    3.9118531616E-01
   3.82688   4.94971    3.7412573288E-01
   3.73942   5.01611    3.5722122611E-01
   3.65082   5.08096    3.4049262214E-01
   3.56108   5.14425    3.2396053052E-01
   3.47025   5.20595    3.0764531871E-01
   3.37835   5.26605    2.9156708699E-01
   3.28542   5.32453    2.7574564365E-01
   3.19146   5.38137    2.6020048064E-01
   3.09653   5.43655    2.4495074954E-01
   3.00064   5.49006    2.3001523794E-01
   2.90383   5.54188    2.1541234632E-01
   2.80612   5.59198    2.0116006537E-01
   2.70755   5.64037    1.8727595385E-01
   2.60815   5.68702    1.7377711691E-01
   2.50794   5.73192    1.6068018506E-01
   2.40696   5.77505    1.4800129365E-01
   2.30524   5.81640    1.3575606303E-01
   2.20280   5.85596    1.2395957926E-01
   2.09969   5.89372    1.1262637556E-01
   1.99594   5.92966    1.0177041437E-01
   1.89156   5.96377    9.1405070194E-02
   1.78661   5.99605    8.1543113090E-02
   1.68110   6.02648    7.2196692940E-02
   1.57508   6.05506    6.3377324492E-02
   1.46857   6.08177    5.5095873167E-02
   1.36161   6.10661    4.7362541675E-02
   1.25423   6.12956    4.0186857444E-02
   1.14647   6.15063    3.3577660884E-02
   1.03835   6.16980    2.7543094495E-02
   0.92991   6.18707    2.2090592836E-02
   0.82118   6.20244    1.7226873362E-02
   0.71220   6.21590    1.2957928154E-02
   0.60300   6.22744    9.2890165331E-03
   0.49362   6.23706    6.2246585807E-03
   0.38409   6.24477    3.7686295721E-03
   0.27443   6.25054    1.9239553236E-03
   0.16469   6.25440    6.9290846547E-04
   0.05490   6.25632    7.7005641668E-05
  -0.05490   6.25632    7.7005641668E-05
  -0.16469   6.25440    6.9290846547E-04
  -0.27443   6.25054    1.9239553236E-03
  -0.38409   6.24477    3.7686295721E-03
  -0.49362   6.23706    6.2246585807E-03
  -0.60300   6.22744    9.2890165331E-03
  -0.71220   6.21590    1.2957928154E-02
  -0.82118   6.20244    1.7226873362E-02
  -0.92991   6.18707    2.2090592836E-02
  -1.03835   6.16980    2.7543094495E-02
  -1.14647   6.15063    3.3577660884E-02
  -1.25423   6.12956    4.0186857444E-02
  -1.36161   6.10661    4.7362541675E-02
  -1.46857   6.08177    5.5095873167E-02
  -1.57508   6.05506    6.3377324492E-02
  -1.68110   6.02648    7.2196692940E-02
  -1.78661   5.99605    8.1543113090E-02
  -1.89156   5.96377    9.1405070194E-02
  -1.99594   5.92966    1.0177041437E-01
  -2.09969   5.89372    1.1262637556E-01
  -2.20280   5.85596    1.2395957926E-01
  -2.30524   5.81640    1.3575606303E-01
  -2.40696   5.77505    1.4800129365E-01
  -2.50794   5.73192    1.6068018506E-01
  -2.60815   5.68702    1.7377711691E-01
  -2.70755   5.64037    1.8727595385E-01
  -2.80612   5.59198    2.0116006537E-01
  -2.90383   5.54188    2.1541234632E-01
  -3.00064   5.49006    2.3001523794E-01
  -3.09653   5.43655    2.4495074954E-01
  -3.19146   5.38137    2.6020048064E-01
  -3.28542   5.32453    2.7574564365E-01
  -3.37835   5.26605    2.9156708699E-01
  -3.47025   5.20595    3.0764531871E-01
  -3.56108   5.14425    3.2396053052E-01
  -3.65082   5.08096    3.4049262214E-01
  -3.73942   5.01611    3.5722122611E-01
  -3.82688   4.94971    3.7412573288E-01
  -3.91316   4.88178    3.9118531616E-01
  -3.99823   4.81236    4.0837895863E-01
  -4.08207   4.74145    4.2568547781E-01
  -4.16465   4.66908    4.4308355213E-01
  -4.24595   4.59527    4.6055174725E-01
  -4.32595   4.52004    4.7806854244E-01
  -4.40461   4.44343    4.9561235708E-01
  -4.48191   4.36544    5.1316157728E-01
  -4.55783   4.28611    5.3069458247E-01
  -4.63235   4.20547    5.4818977208E-01
  -4.70544   4.12352    5.6562559212E-01
  -4.77709   4.04031    5.8298056172E-01
  -4.84726   3.95585    6.0023329966E-01
  -4.91594   3.87017    6.1736255064E-01
  -4.98310   3.78330    6.3434721149E-01
  -5.04873   3.69526    6.5116635720E-01
  -5.11280   3.60609    6.6779926665E-01
  -5.17530   3.51580    6.8422544818E-01
  -5.23621   3.42444    7.0042466481E-01
  -5.29550   3.33201    7.1637695918E-01
  -5.35316   3.23856    7.3206267813E-01
  -5.40917   3.14412    7.4746249693E-01
  -5.46352   3.04870    7.6255744307E-01
  -5.51618   2.95235    7.7732891966E-01
  -5.56714   2.85509    7.9175872829E-01
  -5.61639   2.75694    8.0582909152E-01
  -5.66391   2.65795    8.1952267472E-01
  -5.70969   2.55814    8.3282260745E-01
  -5.75370   2.45754    8.4571250427E-01
  -5.79595   2.35619    8.5817648488E-01
  -5.83640   2.25411    8.7019919371E-01
  -5.87506   2.15133    8.8176581883E-01
  -5.91192   2.04789    8.9286211024E-01
  -5.94695   1.94383    9.0347439733E-01
  -5.98014   1.83916    9.1358960582E-01
  -6.01150   1.73392    9.2319527383E-01
  -6.04100   1.62816    9.3227956721E-01
  -6.06865   1.52189    9.4083129416E-01
  -6.09442   1.41515    9.4883991899E-01
  -6.11832   1.30797    9.5629557511E-01
  -6.14033   1.20040    9.6318907718E-01
  -6.16045   1.09245    9.6951193245E-01
  -6.17868   0.98416    9.7525635117E-01
  -6.19500   0.87558    9.8041525627E-01
  -6.20941   0.76672    9.8498229199E-01
  -6.22191   0.65763    9.8895183176E-01
  -6.23249   0.54833    9.9231898512E-01
  -6.24115   0.43887    9.9507960377E-01
  -6.24790   0.32927    9.9723028663E-01
  -6.25271   0.21957    9.9876838406E-01
  -6.25560   0.10980    9.9969200115E-01
  -6.25657   0.00000    1.0000000000E+00

   6.31919   0.00000********************
   6.31822   0.11090    9.9969200115E-01
   6.31530   0.22177    9.9876838406E-01
   6.31043   0.33257    9.9723028663E-01
   6.30363   0.44326    9.9507960377E-01
   6.29488   0.55382    9.9231898512E-01
   6.28419   0.66421    9.8895183176E-01
   6.27156   0.77440    9.8498229199E-01
   6.25701   0.88434    9.8041525627E-01
   6.24052   0.99402    9.7525635117E-01
   6.22212   1.10338    9.6951193245E-01
   6.20179   1.21241    9.6318907718E-01
   6.17956   1.32107    9.5629557511E-01
   6.15542   1.42931    9.4883991899E-01
   6.12939   1.53712    9.4083129416E-01
   6.10147   1.64445    9.3227956721E-01
   6.07167   1.75128    9.2319527383E-01
   6.04000   1.85757    9.1358960582E-01
   6.00647   1.96328    9.0347439733E-01
   5.97109   2.06839    8.9286211024E-01
   5.93387   2.17287    8.8176581883E-01
   5.89482   2.27667    8.7019919371E-01
   5.85396   2.37977    8.5817648488E-01
   5.81129   2.48214    8.4571250427E-01
   5.76684   2.58375    8.3282260745E-01
   5.72061   2.68456    8.1952267472E-01
   5.67261   2.78454    8.0582909152E-01
   5.62287   2.88367    7.9175872829E-01
   5.57140   2.98190    7.7732891966E-01
   5.51820   3.07922    7.6255744307E-01
   5.46332   3.17559    7.4746249693E-01
   5.40674   3.27098    7.3206267813E-01
   5.34850   3.36537    7.1637695918E-01
   5.28862   3.45871    7.0042466481E-01
   5.22710   3.55100    6.8422544818E-01
   5.16398   3.64218    6.6779926665E-01
   5.09926   3.73225    6.5116635720E-01
   5.03298   3.82117    6.3434721149E-01
   4.96514   3.90891    6.1736255064E-01
   4.89578   3.99544    6.0023329966E-01
   4.82490   4.08075    5.8298056172E-01
   4.75254   4.16480    5.6562559212E-01
   4.67872   4.24756    5.4818977208E-01
   4.60345   4.32902    5.3069458247E-01
   4.52677   4.40914    5.1316157728E-01
   4.44869   4.48791    4.9561235708E-01
   4.36925   4.56529    4.7806854244E-01
   4.28845   4.64127    4.6055174725E-01
   4.20634   4.71581    4.4308355213E-01
   4.12293   4.78891    4.2568547781E-01
   4.03825   4.86053    4.0837895863E-01
   3.95233   4.93065    3.9118531616E-01
   3.86519   4.99925    3.7412573288E-01
   3.77685   5.06632    3.5722122611E-01
   3.68736   5.13182    3.4049262214E-01
   3.59673   5.19574    3.2396053052E-01
   3.50499   5.25806    3.0764531871E-01
   3.41217   5.31877    2.9156708699E-01
   3.31830   5.37783    2.7574564365E-01
   3.22341   5.43524    2.6020048064E-01
   3.12753   5.49097    2.4495074954E-01
   3.03068   5.54501    2.3001523794E-01
   2.93290   5.59735    2.1541234632E-01
   2.83421   5.64796    2.0116006537E-01
   2.73466   5.69683    1.8727595385E-01
   2.63426   5.74394    1.7377711691E-01
   2.53304   5.78929    1.6068018506E-01
   2.43105   5.83285    1.4800129365E-01
   2.32831   5.87462    1.3575606303E-01
   2.22485   5.91458    1.2395957926E-01
   2.12071   5.95271    1.1262637556E-01
   2.01592   5.98901    1.0177041437E-01
   1.91050   6.02347    9.1405070194E-02
   1.80449   6.05607    8.1543113090E-02
   1.69793   6.08681    7.2196692940E-02
   1.59085   6.11567    6.3377324492E-02
   1.48327   6.14265    5.5095873167E-02
   1.37524   6.16773    4.7362541675E-02
   1.26679   6.19092    4.0186857444E-02
   1.15794   6.21219    3.3577660884E-02
   1.04874   6.23156    2.7543094495E-02
   0.93922   6.24900    2.2090592836E-02
   0.82940   6.26453    1.7226873362E-02
   0.71933   6.27812    1.2957928154E-02
   0.60904   6.28977    9.2890165331E-03
   0.49856   6.29949    6.2246585807E-03
   0.38793   6.30727    3.7686295721E-03
   0.27718   6.31311    1.9239553236E-03
   0.16634   6.31700    6.9290846547E-04
   0.05545   6.31895    7.7005641668E-05
  -0.05545   6.31895    7.7005641668E-05
  -0.16634   6.31700    6.9290846547E-04
  -0.27718   6.31311    1.9239553236E-03
  -0.38793   6.30727    3.7686295721E-03
  -0.49856   6.29949    6.2246585807E-03
  -0.60904   6.28977    9.2890165331E-03
  -0.71933   6.27812    1.2957928154E-02
  -0.82940   6.26453    1.7226873362E-02
  -0.93922   6.24900    2.2090592836E-02
  -1.04874   6.23156    2.7543094495E-02
  -1.15794   6.21219    3.3577660884E-02
  -1.26679   6.19092    4.0186857444E-02
  -1.37524   6.16773    4.7362541675E-02
  -1.48327   6.14265    5.5095873167E-02
  -1.59085   6.11567    6.3377324492E-02
  -1.69793   6.08681    7.2196692940E-02
  -1.80449   6.05607    8.1543113090E-02
  -1.91050   6.02347    9.1405070194E-02
  -2.01592   5.98901    1.0177041437E-01
  -2.12071   5.95271    1.1262637556E-01
  -2.22485   5.91458    1.2395957926E-01
  -2.32831   5.87462    1.3575606303E-01
  -2.43105   5.83285    1.4800129365E-01
  -2.53304   5.78929    1.6068018506E-01
  -2.63426   5.74394    1.7377711691E-01
  -2.73466   5.69683    1.8727595385E-01
  -2.83421   5.64796    2.0116006537E-01
  -2.93290   5.59735    2.1541234632E-01
  -3.03068   5.54501    2.3001523794E-01
  -3.12753   5.49097    2.4495074954E-01
  -3.22341   5.43524    2.6020048064E-01
  -3.31830   5.37783    2.7574564365E-01
  -3.41217   5.31877    2.9156708699E-01
  -3.50499   5.25806    3.0764531871E-01
  -3.59673   5.19574    3.2396053052E-01
  -3.68736   5.13182    3.4049262214E-01
  -3.77685   5.06632    3.5722122611E-01
  -3.86519   4.99925    3.7412573288E-01
  -3.95233   4.93065    3.9118531616E-01
  -4.03825   4.86053    4.0837895863E-01
  -4.12293   4.78891    4.2568547781E-01
  -4.20634   4.71581    4.4308355213E-01
  -4.28845   4.64127    4.6055174725E-01
  -4.36925   4.56529    4.7806854244E-01
  -4.44869   4.48791    4.9561235708E-01
  -4.52677   4.40914    5.1316157728E-01
  -4.60345   4.32902    5.3069458247E-01
  -4.67872   4.24756    5.4818977208E-01
  -4.75254   4.16480    5.6562559212E-01
  -4.82490   4.08075    5.8298056172E-01
  -4.89578   3.99544    6.0023329966E-01
  -4.96514   3.90891    6.1736255064E-01
  -5.03298   3.82117    6.3434721149E-01
  -5.09926   3.73225    6.5116635720E-01
  -5.16398   3.64218    6.6779926665E-01
  -5.22710   3.55100    6.8422544818E-01
  -5.28862   3.45871    7.0042466481E-01
  -5.34850   3.36537    7.1637695918E-01
  -5.40674   3.27098    7.3206267813E-01
  -5.46332   3.17559    7.4746249693E-01
  -5.51820   3.07922    7.6255744307E-01
  -5.57140   2.98190    7.7732891966E-01
  -5.62287   2.88367    7.9175872829E-01
  -5.67261   2.78454    8.0582909152E-01
  -5.72061   2.68456    8.1952267472E-01
  -5.76684   2.58375    8.3282260745E-01
  -5.81129   2.48214    8.4571250427E-01
  -5.85396   2.37977    8.5817648488E-01
  -5.89482   2.27667    8.7019919371E-01
  -5.93387   2.17287    8.8176581883E-01
  -5.97109   2.06839    8.9286211024E-01
  -6.00647   1.96328    9.0347439733E-01
  -6.04000   1.85757    9.1358960582E-01
  -6.07167   1.75128    9.2319527383E-01
  -6.10147   1.64445    9.3227956721E-01
  -6.12939   1.53712    9.4083129416E-01
  -6.15542   1.42931    9.4883991899E-01
  -6.17956   1.32107    9.5629557511E-01
  -6.20179   1.21241    9.6318907718E-01
  -6.22212   1.10338    9.6951193245E-01
  -6.24052   0.99402    9.7525635117E-01
  -6.25701   0.88434    9.8041525627E-01
  -6.27156   0.77440    9.8498229199E-01
  -6.28419   0.66421    9.8895183176E-01
  -6.29488   0.55382    9.9231898512E-01
  -6.30363   0.44326    9.9507960377E-01
  -6.31043   0.33257    9.9723028663E-01
  -6.31530   0.22177    9.9876838406E-01
  -6.31822   0.11090    9.9969200115E-01
  -6.31919   0.00000    1.0000000000E+00

   6.38182   0.00000********************
   6.38084   0.11200    9.9969200115E-01
   6.37789   0.22397    9.9876838406E-01
   6.37297   0.33586    9.9723028663E-01
   6.36610   0.44766    9.9507960377E-01
   6.35726   0.55931    9.9231898512E-01
   6.34647   0.67079    9.8895183176E-01
   6.33372   0.78207    9.8498229199E-01
   6.31902   0.89311    9.8041525627E-01
   6.30237   1.00387    9.7525635117E-01
   6.28378   1.11432    9.6951193245E-01
   6.26326   1.22443    9.6318907718E-01
   6.24080   1.33416    9.5629557511E-01
   6.21643   1.44348    9.4883991899E-01
   6.19014   1.55235    9.4083129416E-01
   6.16194   1.66075    9.3227956721E-01
   6.13185   1.76864    9.2319527383E-01
   6.09986   1.87598    9.1358960582E-01
   6.06600   1.98274    9.0347439733E-01
   6.03027   2.08889    8.9286211024E-01
   5.99268   2.19440    8.8176581883E-01
   5.95325   2.29923    8.7019919371E-01
   5.91198   2.40336    8.5817648488E-01
   5.86889   2.50674    8.4571250427E-01
   5.82399   2.60936    8.3282260745E-01
   5.77730   2.71116    8.1952267472E-01
   5.72883   2.81214    8.0582909152E-01
   5.67859   2.91224    7.9175872829E-01
   5.62661   3.01145    7.7732891966E-01
   5.57289   3.10974    7.6255744307E-01
   5.51746   3.20706    7.4746249693E-01
   5.46033   3.30340    7.3206267813E-01
   5.40151   3.39872    7.1637695918E-01
   5.34103   3.49299    7.0042466481E-01
   5.27891   3.58619    6.8422544818E-01
   5.21516   3.67828    6.6779926665E-01
   5.14980   3.76924    6.5116635720E-01
   5.08286   3.85904    6.3434721149E-01
   5.01435   3.94765    6.1736255064E-01
   4.94430   4.03504    6.0023329966E-01
   4.87272   4.12119    5.8298056172E-01
   4.79964   4.20607    5.6562559212E-01
   4.72509   4.28966    5.4818977208E-01
   4.64908   4.37192    5.3069458247E-01
   4.57163   4.45284    5.1316157728E-01
   4.49278   4.53238    4.9561235708E-01
   4.41255   4.61053    4.7806854244E-01
   4.33095   4.68726    4.6055174725E-01
   4.24803   4.76255    4.4308355213E-01
   4.16379   4.83637    4.2568547781E-01
   4.07827   4.90870    4.0837895863E-01
   3.99150   4.97951    3.9118531616E-01
   3.90349   5.04880    3.7412573288E-01
   3.81428   5.11653    3.5722122611E-01
   3.72390   5.18268    3.4049262214E-01
   3.63237   5.24723    3.2396053052E-01
   3.53973   5.31017    3.0764531871E-01
   3.44599   5.37148    2.9156708699E-01
   3.35119   5.43113    2.7574564365E-01
   3.25536   5.48910    2.6020048064E-01
   3.15852   5.54539    2.4495074954E-01
   3.06071   5.59997    2.3001523794E-01
   2.96196   5.65282    2.1541234632E-01
   2.86230   5.70393    2.0116006537E-01
   2.76176   5.75329    1.8727595385E-01
   2.66036   5.80087    1.7377711691E-01
   2.55815   5.84666    1.6068018506E-01
   2.45515   5.89066    1.4800129365E-01
   2.35139   5.93284    1.3575606303E-01
   2.24690   5.97319    1.2395957926E-01
   2.14173   6.01171    1.1262637556E-01
   2.03589   6.04837    1.0177041437E-01
   1.92943   6.08316    9.1405070194E-02
   1.82238   6.11609    8.1543113090E-02
   1.71476   6.14713    7.2196692940E-02
   1.60661   6.17628    6.3377324492E-02
   1.49797   6.20352    5.5095873167E-02
   1.38887   6.22886    4.7362541675E-02
   1.27934   6.25227    4.0186857444E-02
   1.16942   6.27376    3.3577660884E-02
   1.05913   6.29332    2.7543094495E-02
   0.94852   6.31094    2.2090592836E-02
   0.83762   6.32661    1.7226873362E-02
   0.72646   6.34034    1.2957928154E-02
   0.61508   6.35211    9.2890165331E-03
   0.50350   6.36192    6.2246585807E-03
   0.39177   6.36978    3.7686295721E-03
   0.27993   6.37568    1.9239553236E-03
   0.16799   6.37961    6.9290846547E-04
   0.05600   6.38157    7.7005641668E-05
  -0.05600   6.38157    7.7005641668E-05
  -0.16799   6.37961    6.9290846547E-04
  -0.27993   6.37568    1.9239553236E-03
  -0.39177   6.36978    3.7686295721E-03
  -0.50350   6.36192    6.2246585807E-03
  -0.61508   6.35211    9.2890165331E-03
  -0.72646   6.34034    1.2957928154E-02
  -0.83762   6.32661    1.7226873362E-02
  -0.94852   6.31094    2.2090592836E-02
  -1.05913   6.29332    2.7543094495E-02
  -1.16942   6.27376    3.3577660884E-02
  -1.27934   6.25227    4.0186857444E-02
  -1.38887   6.22886    4.7362541675E-02
  -1.49797   6.20352    5.5095873167E-02
  -1.60661   6.17628    6.3377324492E-02
  -1.71476   6.14713    7.2196692940E-02
  -1.82238   6.11609    8.1543113090E-02
  -1.92943   6.08316    9.1405070194E-02
  -2.03589   6.04837    1.0177041437E-01
  -2.14173   6.01171    1.1262637556E-01
  -2.24690   5.97319    1.2395957926E-01
  -2.35139   5.93284    1.3575606303E-01
  -2.45515   5.89066    1.4800129365E-01
  -2.55815   5.84666    1.6068018506E-01
  -2.66036   5.80087    1.7377711691E-01
  -2.76176   5.75329    1.8727595385E-01
  -2.86230   5.70393    2.0116006537E-01
  -2.96196   5.65282    2.1541234632E-01
  -3.06071   5.59997    2.3001523794E-01
  -3.15852   5.54539    2.4495074954E-01
  -3.25536   5.48910    2.6020048064E-01
  -3.35119   5.43113    2.7574564365E-01
  -3.44599   5.37148    2.9156708699E-01
  -3.53973   5.31017    3.0764531871E-01
  -3.63237   5.24723    3.2396053052E-01
  -3.72390   5.18268    3.4049262214E-01
  -3.81428   5.11653    3.5722122611E-01
  -3.90349   5.04880    3.7412573288E-01
  -3.99150   4.97951    3.9118531616E-01
  -4.07827   4.90870    4.0837895863E-01
  -4.16379   4.83637    4.2568547781E-01
  -4.24803   4.76255    4.4308355213E-01
  -4.33095   4.68726    4.6055174725E-01
  -4.41255   4.61053    4.7806854244E-01
  -4.49278   4.53238    4.9561235708E-01
  -4.57163   4.45284    5.1316157728E-01
  -4.64908   4.37192    5.3069458247E-01
  -4.72509   4.28966    5.4818977208E-01
  -4.79964   4.20607    5.6562559212E-01
  -4.87272   4.12119    5.8298056172E-01
  -4.94430   4.03504    6.0023329966E-01
  -5.01435   3.94765    6.1736255064E-01
  -5.08286   3.85904    6.3434721149E-01
  -5.14980   3.76924    6.5116635720E-01
  -5.21516   3.67828    6.6779926665E-01
  -5.27891   3.58619    6.8422544818E-01
  -5.34103   3.49299    7.0042466481E-01
  -5.40151   3.39872    7.1637695918E-01
  -5.46033   3.30340    7.3206267813E-01
  -5.51746   3.20706    7.4746249693E-01
  -5.57289   3.10974    7.6255744307E-01
  -5.62661   3.01145    7.7732891966E-01
  -5.67859   2.91224    7.9175872829E-01
  -5.72883   2.81214    8.0582909152E-01
  -5.77730   2.71116    8.1952267472E-01
  -5.82399   2.60936    8.3282260745E-01
  -5.86889   2.50674    8.4571250427E-01
  -5.91198   2.40336    8.5817648488E-01
  -5.95325   2.29923    8.7019919371E-01
  -5.99268   2.19440    8.8176581883E-01
  -6.03027   2.08889    8.9286211024E-01
  -6.06600   1.98274    9.0347439733E-01
  -6.09986   1.87598    9.1358960582E-01
  -6.13185   1.76864    9.2319527383E-01
  -6.16194   1.66075    9.3227956721E-01
  -6.19014   1.55235    9.4083129416E-01
  -6.21643   1.44348    9.4883991899E-01
  -6.24080   1.33416    9.5629557511E-01
  -6.26326   1.22443    9.6318907718E-01
  -6.28378   1.11432    9.6951193245E-01
  -6.30237   1.00387    9.7525635117E-01
  -6.31902   0.89311    9.8041525627E-01
  -6.33372   0.78207    9.8498229199E-01
  -6.34647   0.67079    9.8895183176E-01
  -6.35726   0.55931    9.9231898512E-01
  -6.36610   0.44766    9.9507960377E-01
  -6.37297   0.33586    9.9723028663E-01
  -6.37789   0.22397    9.9876838406E-01
  -6.38084   0.11200    9.9969200115E-01
  -6.38182   0.00000    1.0000000000E+00

   6.44444   0.00000********************
   6.44345   0.11310    9.9969200115E-01
   6.44047   0.22616    9.9876838406E-01
   6.43551   0.33916    9.9723028663E-01
   6.42857   0.45205    9.9507960377E-01
   6.41965   0.56480    9.9231898512E-01
   6.40875   0.67738    9.8895183176E-01
   6.39587   0.78975    9.8498229199E-01
   6.38103   0.90187    9.8041525627E-01
   6.36422   1.01372    9.7525635117E-01
   6.34544   1.12525    9.6951193245E-01
   6.32472   1.23644    9.6318907718E-01
   6.30205   1.34725    9.5629557511E-01
   6.27743   1.45764    9.4883991899E-01
   6.25088   1.56759    9.4083129416E-01
   6.22241   1.67705    9.3227956721E-01
   6.19202   1.78599    9.2319527383E-01
   6.15972   1.89439    9.1358960582E-01
   6.12553   2.00220    9.0347439733E-01
   6.08944   2.10939    8.9286211024E-01
   6.05149   2.21593    8.8176581883E-01
   6.01167   2.32180    8.7019919371E-01
   5.96999   2.42694    8.5817648488E-01
   5.92648   2.53134    8.4571250427E-01
   5.88114   2.63496    8.3282260745E-01
   5.83399   2.73777    8.1952267472E-01
   5.78505   2.83973    8.0582909152E-01
   5.73432   2.94082    7.9175872829E-01
   5.68183   3.04101    7.7732891966E-01
   5.62758   3.14025    7.6255744307E-01
   5.57160   3.23853    7.4746249693E-01
   5.51391   3.33582    7.3206267813E-01
   5.45452   3.43207    7.1637695918E-01
   5.39344   3.52727    7.0042466481E-01
   5.33071   3.62138    6.8422544818E-01
   5.26633   3.71438    6.6779926665E-01
   5.20034   3.80623    6.5116635720E-01
   5.13274   3.89691    6.3434721149E-01
   5.06356   3.98638    6.1736255064E-01
   4.99282   4.07464    6.0023329966E-01
   4.92054   4.16163    5.8298056172E-01
   4.84674   4.24735    5.6562559212E-01
   4.77146   4.33175    5.4818977208E-01
   4.69470   4.41482    5.3069458247E-01
   4.61650   4.49653    5.1316157728E-01
   4.53687   4.57686    4.9561235708E-01
   4.45585   4.65578    4.7806854244E-01
   4.37346   4.73326    4.6055174725E-01
   4.28971   4.80928    4.4308355213E-01
   4.20465   4.88383    4.2568547781E-01
   4.11829   4.95687    4.0837895863E-01
   4.03067   5.02838    3.9118531616E-01
   3.94180   5.09834    3.7412573288E-01
   3.85171   5.16674    3.5722122611E-01
   3.76045   5.23354    3.4049262214E-01
   3.66802   5.29873    3.2396053052E-01
   3.57446   5.36228    3.0764531871E-01
   3.47980   5.42419    2.9156708699E-01
   3.38407   5.48442    2.7574564365E-01
   3.28730   5.54297    2.6020048064E-01
   3.18952   5.59981    2.4495074954E-01
   3.09075   5.65492    2.3001523794E-01
   2.99103   5.70829    2.1541234632E-01
   2.89039   5.75991    2.0116006537E-01
   2.78886   5.80974    1.8727595385E-01
   2.68647   5.85779    1.7377711691E-01
   2.58325   5.90404    1.6068018506E-01
   2.47924   5.94847    1.4800129365E-01
   2.37446   5.99106    1.3575606303E-01
   2.26895   6.03181    1.2395957926E-01
   2.16275   6.07070    1.1262637556E-01
   2.05587   6.10772    1.0177041437E-01
   1.94837   6.14286    9.1405070194E-02
   1.84026   6.17611    8.1543113090E-02
   1.73159   6.20745    7.2196692940E-02
   1.62238   6.23689    6.3377324492E-02
   1.51267   6.26440    5.5095873167E-02
   1.40250   6.28998    4.7362541675E-02
   1.29190   6.31363    4.0186857444E-02
   1.18089   6.33533    3.3577660884E-02
   1.06953   6.35507    2.7543094495E-02
   0.95783   6.37287    2.2090592836E-02
   0.84584   6.38869    1.7226873362E-02
   0.73359   6.40255    1.2957928154E-02
   0.62111   6.41444    9.2890165331E-03
   0.50844   6.42436    6.2246585807E-03
   0.39562   6.43229    3.7686295721E-03
   0.28267   6.43824    1.9239553236E-03
   0.16964   6.44221    6.9290846547E-04
   0.05655   6.44420    7.7005641668E-05
  -0.05655   6.44420    7.7005641668E-05
  -0.16964   6.44221    6.9290846547E-04
  -0.28267   6.43824    1.9239553236E-03
  -0.39562   6.43229    3.7686295721E-03
  -0.50844   6.42436    6.2246585807E-03
  -0.62111   6.41444    9.2890165331E-03
  -0.73359   6.40255    1.2957928154E-02
  -0.84584   6.38869    1.7226873362E-02
  -0.95783   6.37287    2.2090592836E-02
  -1.06953   6.35507    2.7543094495E-02
  -1.18089   6.33533    3.3577660884E-02
  -1.29190   6.31363    4.0186857444E-02
  -1.40250   6.28998    4.7362541675E-02
  -1.51267   6.26440    5.5095873167E-02
  -1.62238   6.23689    6.3377324492E-02
  -1.73159   6.20745    7.2196692940E-02
  -1.84026   6.17611    8.1543113090E-02
  -1.94837   6.14286    9.1405070194E-02
  -2.05587   6.10772    1.0177041437E-01
  -2.16275   6.07070    1.1262637556E-01
  -2.26895   6.03181    1.2395957926E-01
  -2.37446   5.99106    1.3575606303E-01
  -2.47924   5.94847    1.4800129365E-01
  -2.58325   5.90404    1.6068018506E-01
  -2.68647   5.85779    1.7377711691E-01
  -2.78886   5.80974    1.8727595385E-01
  -2.89039   5.75991    2.0116006537E-01
  -2.99103   5.70829    2.1541234632E-01
  -3.09075   5.65492    2.3001523794E-01
  -3.18952   5.59981    2.4495074954E-01
  -3.28730   5.54297    2.6020048064E-01
  -3.38407   5.48442    2.7574564365E-01
  -3.47980   5.42419    2.9156708699E-01
  -3.57446   5.36228    3.0764531871E-01
  -3.66802   5.29873    3.2396053052E-01
  -3.76045   5.23354    3.4049262214E-01
  -3.85171   5.16674    3.5722122611E-01
  -3.94180   5.09834    3.7412573288E-01
  -4.03067   5.02838    3.9118531616E-01
  -4.11829   4.95687    4.0837895863E-01
  -4.20465   4.88383    4.2568547781E-01
  -4.28971   4.80928    4.4308355213E-01
  -4.37346   4.73326    4.6055174725E-01
  -4.45585   4.65578    4.7806854244E-01
  -4.53687   4.57686    4.9561235708E-01
  -4.61650   4.49653    5.1316157728E-01
  -4.69470   4.41482    5.3069458247E-01
  -4.77146   4.33175    5.4818977208E-01
  -4.84674   4.24735    5.6562559212E-01
  -4.92054   4.16163    5.8298056172E-01
  -4.99282   4.07464    6.0023329966E-01
  -5.06356   3.98638    6.1736255064E-01
  -5.13274   3.89691    6.3434721149E-01
  -5.20034   3.80623    6.5116635720E-01
  -5.26633   3.71438    6.6779926665E-01
  -5.33071   3.62138    6.8422544818E-01
  -5.39344   3.52727    7.0042466481E-01
  -5.45452   3.43207    7.1637695918E-01
  -5.51391   3.33582    7.3206267813E-01
  -5.57160   3.23853    7.4746249693E-01
  -5.62758   3.14025    7.6255744307E-01
  -5.68183   3.04101    7.7732891966E-01
  -5.73432   2.94082    7.9175872829E-01
  -5.78505   2.83973    8.0582909152E-01
  -5.83399   2.73777    8.1952267472E-01
  -5.88114   2.63496    8.3282260745E-01
  -5.92648   2.53134    8.4571250427E-01
  -5.96999   2.42694    8.5817648488E-01
  -6.01167   2.32180    8.7019919371E-01
  -6.05149   2.21593    8.8176581883E-01
  -6.08944   2.10939    8.9286211024E-01
  -6.12553   2.00220    9.0347439733E-01
  -6.15972   1.89439    9.1358960582E-01
  -6.19202   1.78599    9.2319527383E-01
  -6.22241   1.67705    9.3227956721E-01
  -6.25088   1.56759    9.4083129416E-01
  -6.27743   1.45764    9.4883991899E-01
  -6.30205   1.34725    9.5629557511E-01
  -6.32472   1.23644    9.6318907718E-01
  -6.34544   1.12525    9.6951193245E-01
  -6.36422   1.01372    9.7525635117E-01
  -6.38103   0.90187    9.8041525627E-01
  -6.39587   0.78975    9.8498229199E-01
  -6.40875   0.67738    9.8895183176E-01
  -6.41965   0.56480    9.9231898512E-01
  -6.42857   0.45205    9.9507960377E-01
  -6.43551   0.33916    9.9723028663E-01
  -6.44047   0.22616    9.9876838406E-01
  -6.44345   0.11310    9.9969200115E-01
  -6.44444   0.00000    1.0000000000E+00

   6.50707   0.00000********************
   6.50607   0.11420    9.9969200115E-01
   6.50306   0.22836    9.9876838406E-01
   6.49805   0.34245    9.9723028663E-01
   6.49104   0.45644    9.9507960377E-01
   6.48203   0.57029    9.9231898512E-01
   6.47103   0.68396    9.8895183176E-01
   6.45803   0.79742    9.8498229199E-01
   6.44304   0.91064    9.8041525627E-01
   6.42606   1.02357    9.7525635117E-01
   6.40711   1.13619    9.6951193245E-01
   6.38618   1.24846    9.6318907718E-01
   6.36329   1.36034    9.5629557511E-01
   6.33843   1.47181    9.4883991899E-01
   6.31163   1.58282    9.4083129416E-01
   6.28288   1.69334    9.3227956721E-01
   6.25219   1.80335    9.2319527383E-01
   6.21958   1.91280    9.1358960582E-01
   6.18505   2.02165    9.0347439733E-01
   6.14862   2.12989    8.9286211024E-01
   6.11029   2.23747    8.8176581883E-01
   6.07009   2.34436    8.7019919371E-01
   6.02801   2.45053    8.5817648488E-01
   5.98407   2.55594    8.4571250427E-01
   5.93830   2.66057    8.3282260745E-01
   5.89069   2.76437    8.1952267472E-01
   5.84127   2.86733    8.0582909152E-01
   5.79005   2.96940    7.9175872829E-01
   5.73704   3.07056    7.7732891966E-01
   5.68227   3.17077    7.6255744307E-01
   5.62575   3.27001    7.4746249693E-01
   5.56749   3.36823    7.3206267813E-01
   5.50752   3.46542    7.1637695918E-01
   5.44586   3.56155    7.0042466481E-01
   5.38251   3.65657    6.8422544818E-01
   5.31751   3.75047    6.6779926665E-01
   5.25087   3.84322    6.5116635720E-01
   5.18262   3.93478    6.3434721149E-01
   5.11276   4.02512    6.1736255064E-01
   5.04134   4.11423    6.0023329966E-01
   4.96835   4.20207    5.8298056172E-01
   4.89384   4.28862    5.6562559212E-01
   4.81782   4.37385    5.4818977208E-01
   4.74032   4.45773    5.3069458247E-01
   4.66136   4.54023    5.1316157728E-01
   4.58096   4.62134    4.9561235708E-01
   4.49915   4.70102    4.7806854244E-01
   4.41596   4.77926    4.6055174725E-01
   4.33140   4.85602    4.4308355213E-01
   4.24551   4.93129    4.2568547781E-01
   4.15831   5.00504    4.0837895863E-01
   4.06983   5.07724    3.9118531616E-01
   3.98010   5.14789    3.7412573288E-01
   3.88915   5.21695    3.5722122611E-01
   3.79699   5.28440    3.4049262214E-01
   3.70366   5.35022    3.2396053052E-01
   3.60920   5.41439    3.0764531871E-01
   3.51362   5.47690    2.9156708699E-01
   3.41696   5.53772    2.7574564365E-01
   3.31925   5.59684    2.6020048064E-01
   3.22051   5.65423    2.4495074954E-01
   3.12078   5.70987    2.3001523794E-01
   3.02010   5.76376    2.1541234632E-01
   2.91848   5.81588    2.0116006537E-01
   2.81596   5.86620    1.8727595385E-01
   2.71258   5.91472    1.7377711691E-01
   2.60835   5.96141    1.6068018506E-01
   2.50333   6.00627    1.4800129365E-01
   2.39754   6.04928    1.3575606303E-01
   2.29100   6.09042    1.2395957926E-01
   2.18376   6.12969    1.1262637556E-01
   2.07585   6.16707    1.0177041437E-01
   1.96730   6.20256    9.1405070194E-02
   1.85814   6.23613    8.1543113090E-02
   1.74841   6.26778    7.2196692940E-02
   1.63815   6.29750    6.3377324492E-02
   1.52737   6.32527    5.5095873167E-02
   1.41613   6.35111    4.7362541675E-02
   1.30445   6.37498    4.0186857444E-02
   1.19237   6.39689    3.3577660884E-02
   1.07992   6.41683    2.7543094495E-02
   0.96714   6.43480    2.2090592836E-02
   0.85406   6.45078    1.7226873362E-02
   0.74072   6.46477    1.2957928154E-02
   0.62715   6.47678    9.2890165331E-03
   0.51339   6.48679    6.2246585807E-03
   0.39946   6.49480    3.7686295721E-03
   0.28542   6.50081    1.9239553236E-03
   0.17129   6.50482    6.9290846547E-04
   0.05710   6.50682    7.7005641668E-05
  -0.05710   6.50682    7.7005641668E-05
  -0.17129   6.50482    6.9290846547E-04
  -0.28542   6.50081    1.9239553236E-03
  -0.39946   6.49480    3.7686295721E-03
  -0.51339   6.48679    6.2246585807E-03
  -0.62715   6.47678    9.2890165331E-03
  -0.74072   6.46477    1.2957928154E-02
  -0.85406   6.45078    1.7226873362E-02
  -0.96714   6.43480    2.2090592836E-02
  -1.07992   6.41683    2.7543094495E-02
  -1.19237   6.39689    3.3577660884E-02
  -1.30445   6.37498    4.0186857444E-02
  -1.41613   6.35111    4.7362541675E-02
  -1.52737   6.32527    5.5095873167E-02
  -1.63815   6.29750    6.3377324492E-02
  -1.74841   6.26778    7.2196692940E-02
  -1.85814   6.23613    8.1543113090E-02
  -1.96730   6.20256    9.1405070194E-02
  -2.07585   6.16707    1.0177041437E-01
  -2.18376   6.12969    1.1262637556E-01
  -2.29100   6.09042    1.2395957926E-01
  -2.39754   6.04928    1.3575606303E-01
  -2.50333   6.00627    1.4800129365E-01
  -2.60835   5.96141    1.6068018506E-01
  -2.71258   5.91472    1.7377711691E-01
  -2.81596   5.86620    1.8727595385E-01
  -2.91848   5.81588    2.0116006537E-01
  -3.02010   5.76376    2.1541234632E-01
  -3.12078   5.70987    2.3001523794E-01
  -3.22051   5.65423    2.4495074954E-01
  -3.31925   5.59684    2.6020048064E-01
  -3.41696   5.53772    2.7574564365E-01
  -3.51362   5.47690    2.9156708699E-01
  -3.60920   5.41439    3.0764531871E-01
  -3.70366   5.35022    3.2396053052E-01
  -3.79699   5.28440    3.4049262214E-01
  -3.88915   5.21695    3.5722122611E-01
  -3.98010   5.14789    3.7412573288E-01
  -4.06983   5.07724    3.9118531616E-01
  -4.15831   5.00504    4.0837895863E-01
  -4.24551   4.93129    4.2568547781E-01
  -4.33140   4.85602    4.4308355213E-01
  -4.41596   4.77926    4.6055174725E-01
  -4.49915   4.70102    4.7806854244E-01
  -4.58096   4.62134    4.9561235708E-01
  -4.66136   4.54023    5.1316157728E-01
  -4.74032   4.45773    5.3069458247E-01
  -4.81782   4.37385    5.4818977208E-01
  -4.89384   4.28862    5.6562559212E-01
  -4.96835   4.20207    5.8298056172E-01
  -5.04134   4.11423    6.0023329966E-01
  -5.11276   4.02512    6.1736255064E-01
  -5.18262   3.93478    6.3434721149E-01
  -5.25087   3.84322    6.5116635720E-01
  -5.31751   3.75047    6.6779926665E-01
  -5.38251   3.65657    6.8422544818E-01
  -5.44586   3.56155    7.0042466481E-01
  -5.50752   3.46542    7.1637695918E-01
  -5.56749   3.36823    7.3206267813E-01
  -5.62575   3.27001    7.4746249693E-01
  -5.68227   3.17077    7.6255744307E-01
  -5.73704   3.07056    7.7732891966E-01
  -5.79005   2.96940    7.9175872829E-01
  -5.84127   2.86733    8.0582909152E-01
  -5.89069   2.76437    8.1952267472E-01
  -5.93830   2.66057    8.3282260745E-01
  -5.98407   2.55594    8.4571250427E-01
  -6.02801   2.45053    8.5817648488E-01
  -6.07009   2.34436    8.7019919371E-01
  -6.11029   2.23747    8.8176581883E-01
  -6.14862   2.12989    8.9286211024E-01
  -6.18505   2.02165    9.0347439733E-01
  -6.21958   1.91280    9.1358960582E-01
  -6.25219   1.80335    9.2319527383E-01
  -6.28288   1.69334    9.3227956721E-01
  -6.31163   1.58282    9.4083129416E-01
  -6.33843   1.47181    9.4883991899E-01
  -6.36329   1.36034    9.5629557511E-01
  -6.38618   1.24846    9.6318907718E-01
  -6.40711   1.13619    9.6951193245E-01
  -6.42606   1.02357    9.7525635117E-01
  -6.44304   0.91064    9.8041525627E-01
  -6.45803   0.79742    9.8498229199E-01
  -6.47103   0.68396    9.8895183176E-01
  -6.48203   0.57029    9.9231898512E-01
  -6.49104   0.45644    9.9507960377E-01
  -6.49805   0.34245    9.9723028663E-01
  -6.50306   0.22836    9.9876838406E-01
  -6.50607   0.11420    9.9969200115E-01
  -6.50707   0.00000    1.0000000000E+00

   6.56970   0.00000********************
   6.56869   0.11530    9.9969200115E-01
   6.56565   0.23056    9.9876838406E-01
   6.56059   0.34575    9.9723028663E-01
   6.55351   0.46083    9.9507960377E-01
   6.54442   0.57578    9.9231898512E-01
   6.53330   0.69054    9.8895183176E-01
   6.52018   0.80510    9.8498229199E-01
   6.50505   0.91940    9.8041525627E-01
   6.48791   1.03342    9.7525635117E-01
   6.46877   1.14712    9.6951193245E-01
   6.44764   1.26047    9.6318907718E-01
   6.42453   1.37343    9.5629557511E-01
   6.39944   1.48597    9.4883991899E-01
   6.37237   1.59805    9.4083129416E-01
   6.34335   1.70964    9.3227956721E-01
   6.31237   1.82070    9.2319527383E-01
   6.27944   1.93120    9.1358960582E-01
   6.24458   2.04111    9.0347439733E-01
   6.20780   2.15039    8.9286211024E-01
   6.16910   2.25900    8.8176581883E-01
   6.12851   2.36692    8.7019919371E-01
   6.08602   2.47411    8.5817648488E-01
   6.04167   2.58054    8.4571250427E-01
   5.99545   2.68617    8.3282260745E-01
   5.94738   2.79098    8.1952267472E-01
   5.89748   2.89493    8.0582909152E-01
   5.84577   2.99798    7.9175872829E-01
   5.79226   3.10011    7.7732891966E-01
   5.73696   3.20129    7.6255744307E-01
   5.67989   3.30148    7.4746249693E-01
   5.62108   3.40065    7.3206267813E-01
   5.56053   3.49878    7.1637695918E-01
   5.49827   3.59582    7.0042466481E-01
   5.43432   3.69176    6.8422544818E-01
   5.36869   3.78657    6.6779926665E-01
   5.30141   3.88020    6.5116635720E-01
   5.23250   3.97265    6.3434721149E-01
   5.16197   4.06386    6.1736255064E-01
   5.08985   4.15383    6.0023329966E-01
   5.01617   4.24252    5.8298056172E-01
   4.94094   4.32990    5.6562559212E-01
   4.86419   4.41594    5.4818977208E-01
   4.78594   4.50063    5.3069458247E-01
   4.70622   4.58393    5.1316157728E-01
   4.62505   4.66582    4.9561235708E-01
   4.54245   4.74627    4.7806854244E-01
   4.45846   4.82525    4.6055174725E-01
   4.37309   4.90276    4.4308355213E-01
   4.28637   4.97875    4.2568547781E-01
   4.19833   5.05321    4.0837895863E-01
   4.10900   5.12611    3.9118531616E-01
   4.01841   5.19743    3.7412573288E-01
   3.92658   5.26716    3.5722122611E-01
   3.83353   5.33525    3.4049262214E-01
   3.73931   5.40171    3.2396053052E-01
   3.64393   5.46650    3.0764531871E-01
   3.54744   5.52961    2.9156708699E-01
   3.44985   5.59102    2.7574564365E-01
   3.35119   5.65070    2.6020048064E-01
   3.25151   5.70864    2.4495074954E-01
   3.15082   5.76483    2.3001523794E-01
   3.04916   5.81924    2.1541234632E-01
   2.94657   5.87185    2.0116006537E-01
   2.84306   5.92266    1.8727595385E-01
   2.73868   5.97164    1.7377711691E-01
   2.63346   6.01879    1.6068018506E-01
   2.52742   6.06408    1.4800129365E-01
   2.42061   6.10750    1.3575606303E-01
   2.31305   6.14904    1.2395957926E-01
   2.20478   6.18869    1.1262637556E-01
   2.09583   6.22643    1.0177041437E-01
   1.98623   6.26225    9.1405070194E-02
   1.87603   6.29615    8.1543113090E-02
   1.76524   6.32810    7.2196692940E-02
   1.65391   6.35810    6.3377324492E-02
   1.54207   6.38615    5.5095873167E-02
   1.42976   6.41223    4.7362541675E-02
   1.31700   6.43634    4.0186857444E-02
   1.20384   6.45846    3.3577660884E-02
   1.09031   6.47859    2.7543094495E-02
   0.97645   6.49673    2.2090592836E-02
   0.86228   6.51286    1.7226873362E-02
   0.74785   6.52699    1.2957928154E-02
   0.63318   6.53911    9.2890165331E-03
   0.51833   6.54922    6.2246585807E-03
   0.40331   6.55731    3.7686295721E-03
   0.28817   6.56337    1.9239553236E-03
   0.17294   6.56742    6.9290846547E-04
   0.05765   6.56944    7.7005641668E-05
  -0.05765   6.56944    7.7005641668E-05
  -0.17294   6.56742    6.9290846547E-04
  -0.28817   6.56337    1.9239553236E-03
  -0.40331   6.55731    3.7686295721E-03
  -0.51833   6.54922    6.2246585807E-03
  -0.63318   6.53911    9.2890165331E-03
  -0.74785   6.52699    1.2957928154E-02
  -0.86228   6.51286    1.7226873362E-02
  -0.97645   6.49673    2.2090592836E-02
  -1.09031   6.47859    2.7543094495E-02
  -1.20384   6.45846    3.3577660884E-02
  -1.31700   6.43634    4.0186857444E-02
  -1.42976   6.41223    4.7362541675E-02
  -1.54207   6.38615    5.5095873167E-02
  -1.65391   6.35810    6.3377324492E-02
  -1.76524   6.32810    7.2196692940E-02
  -1.87603   6.29615    8.1543113090E-02
  -1.98623   6.26225    9.1405070194E-02
  -2.09583   6.22643    1.0177041437E-01
  -2.20478   6.18869    1.1262637556E-01
  -2.31305   6.14904    1.2395957926E-01
  -2.42061   6.10750    1.3575606303E-01
  -2.52742   6.06408    1.4800129365E-01
  -2.63346   6.01879    1.6068018506E-01
  -2.73868   5.97164    1.7377711691E-01
  -2.84306   5.92266    1.8727595385E-01
  -2.94657   5.87185    2.0116006537E-01
  -3.04916   5.81924    2.1541234632E-01
  -3.15082   5.76483    2.3001523794E-01
  -3.25151   5.70864    2.4495074954E-01
  -3.35119   5.65070    2.6020048064E-01
  -3.44985   5.59102    2.7574564365E-01
  -3.54744   5.52961    2.9156708699E-01
  -3.64393   5.46650    3.0764531871E-01
  -3.73931   5.40171    3.2396053052E-01
  -3.83353   5.33525    3.4049262214E-01
  -3.92658   5.26716    3.5722122611E-01
  -4.01841   5.19743    3.7412573288E-01
  -4.10900   5.12611    3.9118531616E-01
  -4.19833   5.05321    4.0837895863E-01
  -4.28637   4.97875    4.2568547781E-01
  -4.37309   4.90276    4.4308355213E-01
  -4.45846   4.82525    4.6055174725E-01
  -4.54245   4.74627    4.7806854244E-01
  -4.62505   4.66582    4.9561235708E-01
  -4.70622   4.58393    5.1316157728E-01
  -4.78594   4.50063    5.3069458247E-01
  -4.86419   4.41594    5.4818977208E-01
  -4.94094   4.32990    5.6562559212E-01
  -5.01617   4.24252    5.8298056172E-01
  -5.08985   4.15383    6.0023329966E-01
  -5.16197   4.06386    6.1736255064E-01
  -5.23250   3.97265    6.3434721149E-01
  -5.30141   3.88020    6.5116635720E-01
  -5.36869   3.78657    6.6779926665E-01
  -5.43432   3.69176    6.8422544818E-01
  -5.49827   3.59582    7.0042466481E-01
  -5.56053   3.49878    7.1637695918E-01
  -5.62108   3.40065    7.3206267813E-01
  -5.67989   3.30148    7.4746249693E-01
  -5.73696   3.20129    7.6255744307E-01
  -5.79226   3.10011    7.7732891966E-01
  -5.84577   2.99798    7.9175872829E-01
  -5.89748   2.89493    8.0582909152E-01
  -5.94738   2.79098    8.1952267472E-01
  -5.99545   2.68617    8.3282260745E-01
  -6.04167   2.58054    8.4571250427E-01
  -6.08602   2.47411    8.5817648488E-01
  -6.12851   2.36692    8.7019919371E-01
  -6.16910   2.25900    8.8176581883E-01
  -6.20780   2.15039    8.9286211024E-01
  -6.24458   2.04111    9.0347439733E-01
  -6.27944   1.93120    9.1358960582E-01
  -6.31237   1.82070    9.2319527383E-01
  -6.34335   1.70964    9.3227956721E-01
  -6.37237   1.59805    9.4083129416E-01
  -6.39944   1.48597    9.4883991899E-01
  -6.42453   1.37343    9.5629557511E-01
  -6.44764   1.26047    9.6318907718E-01
  -6.46877   1.14712    9.6951193245E-01
  -6.48791   1.03342    9.7525635117E-01
  -6.50505   0.91940    9.8041525627E-01
  -6.52018   0.80510    9.8498229199E-01
  -6.53330   0.69054    9.8895183176E-01
  -6.54442   0.57578    9.9231898512E-01
  -6.55351   0.46083    9.9507960377E-01
  -6.56059   0.34575    9.9723028663E-01
  -6.56565   0.23056    9.9876838406E-01
  -6.56869   0.11530    9.9969200115E-01
  -6.56970   0.00000    1.0000000000E+00

   6.63232   0.00000********************
   6.63130   0.11640    9.9969200115E-01
   6.62824   0.23276    9.9876838406E-01
   6.62313   0.34905    9.9723028663E-01
   6.61599   0.46523    9.9507960377E-01
   6.60680   0.58127    9.9231898512E-01
   6.59558   0.69713    9.8895183176E-01
   6.58233   0.81277    9.8498229199E-01
   6.56706   0.92816    9.8041525627E-01
   6.54976   1.04327    9.7525635117E-01
   6.53044   1.15806    9.6951193245E-01
   6.50911   1.27249    9.6318907718E-01
   6.48577   1.38653    9.5629557511E-01
   6.46044   1.50014    9.4883991899E-01
   6.43312   1.61329    9.4083129416E-01
   6.40381   1.72594    9.3227956721E-01
   6.37254   1.83806    9.2319527383E-01
   6.33930   1.94961    9.1358960582E-01
   6.30411   2.06057    9.0347439733E-01
   6.26697   2.17089    8.9286211024E-01
   6.22791   2.28054    8.8176581883E-01
   6.18693   2.38949    8.7019919371E-01
   6.14404   2.49770    8.5817648488E-01
   6.09926   2.60514    8.4571250427E-01
   6.05260   2.71178    8.3282260745E-01
   6.00408   2.81758    8.1952267472E-01
   5.95370   2.92252    8.0582909152E-01
   5.90150   3.02656    7.9175872829E-01
   5.84747   3.12966    7.7732891966E-01
   5.79165   3.23180    7.6255744307E-01
   5.73404   3.33295    7.4746249693E-01
   5.67466   3.43307    7.3206267813E-01
   5.61354   3.53213    7.1637695918E-01
   5.55068   3.63010    7.0042466481E-01
   5.48612   3.72696    6.8422544818E-01
   5.41987   3.82266    6.6779926665E-01
   5.35195   3.91719    6.5116635720E-01
   5.28237   4.01051    6.3434721149E-01
   5.21118   4.10260    6.1736255064E-01
   5.13837   4.19343    6.0023329966E-01
   5.06399   4.28296    5.8298056172E-01
   4.98804   4.37117    5.6562559212E-01
   4.91056   4.45804    5.4818977208E-01
   4.83157   4.54353    5.3069458247E-01
   4.75108   4.62762    5.1316157728E-01
   4.66914   4.71029    4.9561235708E-01
   4.58575   4.79151    4.7806854244E-01
   4.50096   4.87125    4.6055174725E-01
   4.41477   4.94949    4.4308355213E-01
   4.32723   5.02621    4.2568547781E-01
   4.23836   5.10138    4.0837895863E-01
   4.14817   5.17497    3.9118531616E-01
   4.05671   5.24698    3.7412573288E-01
   3.96401   5.31736    3.5722122611E-01
   3.87008   5.38611    3.4049262214E-01
   3.77495   5.45320    3.2396053052E-01
   3.67867   5.51861    3.0764531871E-01
   3.58125   5.58232    2.9156708699E-01
   3.48273   5.64431    2.7574564365E-01
   3.38314   5.70457    2.6020048064E-01
   3.28250   5.76306    2.4495074954E-01
   3.18086   5.81978    2.3001523794E-01
   3.07823   5.87471    2.1541234632E-01
   2.97465   5.92783    2.0116006537E-01
   2.87016   5.97912    1.8727595385E-01
   2.76479   6.02857    1.7377711691E-01
   2.65856   6.07616    1.6068018506E-01
   2.55152   6.12188    1.4800129365E-01
   2.44369   6.16572    1.3575606303E-01
   2.33510   6.20766    1.2395957926E-01
   2.22580   6.24768    1.1262637556E-01
   2.11581   6.28578    1.0177041437E-01
   2.00517   6.32195    9.1405070194E-02
   1.89391   6.35616    8.1543113090E-02
   1.78207   6.38842    7.2196692940E-02
   1.66968   6.41871    6.3377324492E-02
   1.55677   6.44703    5.5095873167E-02
   1.44339   6.47336    4.7362541675E-02
   1.32956   6.49769    4.0186857444E-02
   1.21532   6.52002    3.3577660884E-02
   1.10071   6.54035    2.7543094495E-02
   0.98576   6.55866    2.2090592836E-02
   0.87050   6.57495    1.7226873362E-02
   0.75498   6.58921    1.2957928154E-02
   0.63922   6.60145    9.2890165331E-03
   0.52327   6.61165    6.2246585807E-03
   0.40715   6.61981    3.7686295721E-03
   0.29091   6.62594    1.9239553236E-03
   0.17458   6.63003    6.9290846547E-04
   0.05820   6.63207    7.7005641668E-05
  -0.05820   6.63207    7.7005641668E-05
  -0.17458   6.63003    6.9290846547E-04
  -0.29091   6.62594    1.9239553236E-03
  -0.40715   6.61981    3.7686295721E-03
  -0.52327   6.61165    6.2246585807E-03
  -0.63922   6.60145    9.2890165331E-03
  -0.75498   6.58921    1.2957928154E-02
  -0.87050   6.57495    1.7226873362E-02
  -0.98576   6.55866    2.2090592836E-02
  -1.10071   6.54035    2.7543094495E-02
  -1.21532   6.52002    3.3577660884E-02
  -1.32956   6.49769    4.0186857444E-02
  -1.44339   6.47336    4.7362541675E-02
  -1.55677   6.44703    5.5095873167E-02
  -1.66968   6.41871    6.3377324492E-02
  -1.78207   6.38842    7.2196692940E-02
  -1.89391   6.35616    8.1543113090E-02
  -2.00517   6.32195    9.1405070194E-02
  -2.11581   6.28578    1.0177041437E-01
  -2.22580   6.24768    1.1262637556E-01
  -2.33510   6.20766    1.2395957926E-01
  -2.44369   6.16572    1.3575606303E-01
  -2.55152   6.12188    1.4800129365E-01
  -2.65856   6.07616    1.6068018506E-01
  -2.76479   6.02857    1.7377711691E-01
  -2.87016   5.97912    1.8727595385E-01
  -2.97465   5.92783    2.0116006537E-01
  -3.07823   5.87471    2.1541234632E-01
  -3.18086   5.81978    2.3001523794E-01
  -3.28250   5.76306    2.4495074954E-01
  -3.38314   5.70457    2.6020048064E-01
  -3.48273   5.64431    2.7574564365E-01
  -3.58125   5.58232    2.9156708699E-01
  -3.67867   5.51861    3.0764531871E-01
  -3.77495   5.45320    3.2396053052E-01
  -3.87008   5.38611    3.4049262214E-01
  -3.96401   5.31736    3.5722122611E-01
  -4.05671   5.24698    3.7412573288E-01
  -4.14817   5.17497    3.9118531616E-01
  -4.23836   5.10138    4.0837895863E-01
  -4.32723   5.02621    4.2568547781E-01
  -4.41477   4.94949    4.4308355213E-01
  -4.50096   4.87125    4.6055174725E-01
  -4.58575   4.79151    4.7806854244E-01
  -4.66914   4.71029    4.9561235708E-01
  -4.75108   4.62762    5.1316157728E-01
  -4.83157   4.54353    5.3069458247E-01
  -4.91056   4.45804    5.4818977208E-01
  -4.98804   4.37117    5.6562559212E-01
  -5.06399   4.28296    5.8298056172E-01
  -5.13837   4.19343    6.0023329966E-01
  -5.21118   4.10260    6.1736255064E-01
  -5.28237   4.01051    6.3434721149E-01
  -5.35195   3.91719    6.5116635720E-01
  -5.41987   3.82266    6.6779926665E-01
  -5.48612   3.72696    6.8422544818E-01
  -5.55068   3.63010    7.0042466481E-01
  -5.61354   3.53213    7.1637695918E-01
  -5.67466   3.43307    7.3206267813E-01
  -5.73404   3.33295    7.4746249693E-01
  -5.79165   3.23180    7.6255744307E-01
  -5.84747   3.12966    7.7732891966E-01
  -5.90150   3.02656    7.9175872829E-01
  -5.95370   2.92252    8.0582909152E-01
  -6.00408   2.81758    8.1952267472E-01
  -6.05260   2.71178    8.3282260745E-01
  -6.09926   2.60514    8.4571250427E-01
  -6.14404   2.49770    8.5817648488E-01
  -6.18693   2.38949    8.7019919371E-01
  -6.22791   2.28054    8.8176581883E-01
  -6.26697   2.17089    8.9286211024E-01
  -6.30411   2.06057    9.0347439733E-01
  -6.33930   1.94961    9.1358960582E-01
  -6.37254   1.83806    9.2319527383E-01
  -6.40381   1.72594    9.3227956721E-01
  -6.43312   1.61329    9.4083129416E-01
  -6.46044   1.50014    9.4883991899E-01
  -6.48577   1.38653    9.5629557511E-01
  -6.50911   1.27249    9.6318907718E-01
  -6.53044   1.15806    9.6951193245E-01
  -6.54976   1.04327    9.7525635117E-01
  -6.56706   0.92816    9.8041525627E-01
  -6.58233   0.81277    9.8498229199E-01
  -6.59558   0.69713    9.8895183176E-01
  -6.60680   0.58127    9.9231898512E-01
  -6.61599   0.46523    9.9507960377E-01
  -6.62313   0.34905    9.9723028663E-01
  -6.62824   0.23276    9.9876838406E-01
  -6.63130   0.11640    9.9969200115E-01
  -6.63232   0.00000    1.0000000000E+00

   6.69495   0.00000********************
   6.69392   0.11750    9.9969200115E-01
   6.69083   0.23496    9.9876838406E-01
   6.68567   0.35234    9.9723028663E-01
   6.67846   0.46962    9.9507960377E-01
   6.66919   0.58675    9.9231898512E-01
   6.65786   0.70371    9.8895183176E-01
   6.64449   0.82044    9.8498229199E-01
   6.62907   0.93693    9.8041525627E-01
   6.61160   1.05312    9.7525635117E-01
   6.59210   1.16899    9.6951193245E-01
   6.57057   1.28450    9.6318907718E-01
   6.54702   1.39962    9.5629557511E-01
   6.52144   1.51430    9.4883991899E-01
   6.49386   1.62852    9.4083129416E-01
   6.46428   1.74224    9.3227956721E-01
   6.43271   1.85542    9.2319527383E-01
   6.39916   1.96802    9.1358960582E-01
   6.36363   2.08003    9.0347439733E-01
   6.32615   2.19139    8.9286211024E-01
   6.28672   2.30207    8.8176581883E-01
   6.24535   2.41205    8.7019919371E-01
   6.20205   2.52128    8.5817648488E-01
   6.15685   2.62974    8.4571250427E-01
   6.10975   2.73739    8.3282260745E-01
   6.06077   2.84419    8.1952267472E-01
   6.00992   2.95012    8.0582909152E-01
   5.95722   3.05514    7.9175872829E-01
   5.90269   3.15922    7.7732891966E-01
   5.84633   3.26232    7.6255744307E-01
   5.78818   3.36442    7.4746249693E-01
   5.72824   3.46548    7.3206267813E-01
   5.66654   3.56548    7.1637695918E-01
   5.60310   3.66438    7.0042466481E-01
   5.53792   3.76215    6.8422544818E-01
   5.47104   3.85876    6.6779926665E-01
   5.40248   3.95418    6.5116635720E-01
   5.33225   4.04838    6.3434721149E-01
   5.26038   4.14134    6.1736255064E-01
   5.18689   4.23302    6.0023329966E-01
   5.11181   4.32340    5.8298056172E-01
   5.03514   4.41245    5.6562559212E-01
   4.95693   4.50013    5.4818977208E-01
   4.87719   4.58643    5.3069458247E-01
   4.79595   4.67132    5.1316157728E-01
   4.71323   4.75477    4.9561235708E-01
   4.62906   4.83675    4.7806854244E-01
   4.54346   4.91725    4.6055174725E-01
   4.45646   4.99623    4.4308355213E-01
   4.36809   5.07367    4.2568547781E-01
   4.27838   5.14955    4.0837895863E-01
   4.18734   5.22384    3.9118531616E-01
   4.09502   5.29652    3.7412573288E-01
   4.00144   5.36757    3.5722122611E-01
   3.90662   5.43697    3.4049262214E-01
   3.81060   5.50470    3.2396053052E-01
   3.71341   5.57072    3.0764531871E-01
   3.61507   5.63504    2.9156708699E-01
   3.51562   5.69761    2.7574564365E-01
   3.41508   5.75843    2.6020048064E-01
   3.31350   5.81748    2.4495074954E-01
   3.21089   5.87474    2.3001523794E-01
   3.10730   5.93018    2.1541234632E-01
   3.00274   5.98380    2.0116006537E-01
   2.89727   6.03558    1.8727595385E-01
   2.79090   6.08550    1.7377711691E-01
   2.68367   6.13354    1.6068018506E-01
   2.57561   6.17969    1.4800129365E-01
   2.46676   6.22394    1.3575606303E-01
   2.35715   6.26627    1.2395957926E-01
   2.24682   6.30668    1.1262637556E-01
   2.13579   6.34514    1.0177041437E-01
   2.02410   6.38164    9.1405070194E-02
   1.91179   6.41618    8.1543113090E-02
   1.79890   6.44875    7.2196692940E-02
   1.68544   6.47932    6.3377324492E-02
   1.57147   6.50790    5.5095873167E-02
   1.45702   6.53448    4.7362541675E-02
   1.34211   6.55905    4.0186857444E-02
   1.22680   6.58159    3.3577660884E-02
   1.11110   6.60211    2.7543094495E-02
   0.99506   6.62059    2.2090592836E-02
   0.87872   6.63703    1.7226873362E-02
   0.76211   6.65143    1.2957928154E-02
   0.64526   6.66378    9.2890165331E-03
   0.52821   6.67408    6.2246585807E-03
   0.41100   6.68232    3.7686295721E-03
   0.29366   6.68851    1.9239553236E-03
   0.17623   6.69263    6.9290846547E-04
   0.05875   6.69469    7.7005641668E-05
  -0.05875   6.69469    7.7005641668E-05
  -0.17623   6.69263    6.9290846547E-04
  -0.29366   6.68851    1.9239553236E-03
  -0.41100   6.68232    3.7686295721E-03
  -0.52821   6.67408    6.2246585807E-03
  -0.64526   6.66378    9.2890165331E-03
  -0.76211   6.65143    1.2957928154E-02
  -0.87872   6.63703    1.7226873362E-02
  -0.99506   6.62059    2.2090592836E-02
  -1.11110   6.60211    2.7543094495E-02
  -1.22680   6.58159    3.3577660884E-02
  -1.34211   6.55905    4.0186857444E-02
  -1.45702   6.53448    4.7362541675E-02
  -1.57147   6.50790    5.5095873167E-02
  -1.68544   6.47932    6.3377324492E-02
  -1.79890   6.44875    7.2196692940E-02
  -1.91179   6.41618    8.1543113090E-02
  -2.02410   6.38164    9.1405070194E-02
  -2.13579   6.34514    1.0177041437E-01
  -2.24682   6.30668    1.1262637556E-01
  -2.35715   6.26627    1.2395957926E-01
  -2.46676   6.22394    1.3575606303E-01
  -2.57561   6.17969    1.4800129365E-01
  -2.68367   6.13354    1.6068018506E-01
  -2.79090   6.08550    1.7377711691E-01
  -2.89727   6.03558    1.8727595385E-01
  -3.00274   5.98380    2.0116006537E-01
  -3.10730   5.93018    2.1541234632E-01
  -3.21089   5.87474    2.3001523794E-01
  -3.31350   5.81748    2.4495074954E-01
  -3.41508   5.75843    2.6020048064E-01
  -3.51562   5.69761    2.7574564365E-01
  -3.61507   5.63504    2.9156708699E-01
  -3.71341   5.57072    3.0764531871E-01
  -3.81060   5.50470    3.2396053052E-01
  -3.90662   5.43697    3.4049262214E-01
  -4.00144   5.36757    3.5722122611E-01
  -4.09502   5.29652    3.7412573288E-01
  -4.18734   5.22384    3.9118531616E-01
  -4.27838   5.14955    4.0837895863E-01
  -4.36809   5.07367    4.2568547781E-01
  -4.45646   4.99623    4.4308355213E-01
  -4.54346   4.91725    4.6055174725E-01
  -4.62906   4.83675    4.7806854244E-01
  -4.71323   4.75477    4.9561235708E-01
  -4.79595   4.67132    5.1316157728E-01
  -4.87719   4.58643    5.3069458247E-01
  -4.95693   4.50013    5.4818977208E-01
  -5.03514   4.41245    5.6562559212E-01
  -5.11181   4.32340    5.8298056172E-01
  -5.18689   4.23302    6.0023329966E-01
  -5.26038   4.14134    6.1736255064E-01
  -5.33225   4.04838    6.3434721149E-01
  -5.40248   3.95418    6.5116635720E-01
  -5.47104   3.85876    6.6779926665E-01
  -5.53792   3.76215    6.8422544818E-01
  -5.60310   3.66438    7.0042466481E-01
  -5.66654   3.56548    7.1637695918E-01
  -5.72824   3.46548    7.3206267813E-01
  -5.78818   3.36442    7.4746249693E-01
  -5.84633   3.26232    7.6255744307E-01
  -5.90269   3.15922    7.7732891966E-01
  -5.95722   3.05514    7.9175872829E-01
  -6.00992   2.95012    8.0582909152E-01
  -6.06077   2.84419    8.1952267472E-01
  -6.10975   2.73739    8.3282260745E-01
  -6.15685   2.62974    8.4571250427E-01
  -6.20205   2.52128    8.5817648488E-01
  -6.24535   2.41205    8.7019919371E-01
  -6.28672   2.30207    8.8176581883E-01
  -6.32615   2.19139    8.9286211024E-01
  -6.36363   2.08003    9.0347439733E-01
  -6.39916   1.96802    9.1358960582E-01
  -6.43271   1.85542    9.2319527383E-01
  -6.46428   1.74224    9.3227956721E-01
  -6.49386   1.62852    9.4083129416E-01
  -6.52144   1.51430    9.4883991899E-01
  -6.54702   1.39962    9.5629557511E-01
  -6.57057   1.28450    9.6318907718E-01
  -6.59210   1.16899    9.6951193245E-01
  -6.61160   1.05312    9.7525635117E-01
  -6.62907   0.93693    9.8041525627E-01
  -6.64449   0.82044    9.8498229199E-01
  -6.65786   0.70371    9.8895183176E-01
  -6.66919   0.58675    9.9231898512E-01
  -6.67846   0.46962    9.9507960377E-01
  -6.68567   0.35234    9.9723028663E-01
  -6.69083   0.23496    9.9876838406E-01
  -6.69392   0.11750    9.9969200115E-01
  -6.69495   0.00000    1.0000000000E+00

   6.75758   0.00000********************
   6.75654   0.11859    9.9969200115E-01
   6.75341   0.23715    9.9876838406E-01
   6.74821   0.35564    9.9723028663E-01
   6.74093   0.47401    9.9507960377E-01
   6.73157   0.59224    9.9231898512E-01
   6.72014   0.71029    9.8895183176E-01
   6.70664   0.82812    9.8498229199E-01
   6.69108   0.94569    9.8041525627E-01
   6.67345   1.06297    9.7525635117E-01
   6.65377   1.17993    9.6951193245E-01
   6.63203   1.29652    9.6318907718E-01
   6.60826   1.41271    9.5629557511E-01
   6.58245   1.52847    9.4883991899E-01
   6.55461   1.64375    9.4083129416E-01
   6.52475   1.75853    9.3227956721E-01
   6.49288   1.87277    9.2319527383E-01
   6.45902   1.98643    9.1358960582E-01
   6.42316   2.09948    9.0347439733E-01
   6.38533   2.21188    8.9286211024E-01
   6.34552   2.32361    8.8176581883E-01
   6.30377   2.43461    8.7019919371E-01
   6.26007   2.54487    8.5817648488E-01
   6.21444   2.65434    8.4571250427E-01
   6.16690   2.76299    8.3282260745E-01
   6.11746   2.87080    8.1952267472E-01
   6.06614   2.97771    8.0582909152E-01
   6.01295   3.08372    7.9175872829E-01
   5.95790   3.18877    7.7732891966E-01
   5.90102   3.29284    7.6255744307E-01
   5.84232   3.39589    7.4746249693E-01
   5.78183   3.49790    7.3206267813E-01
   5.71955   3.59883    7.1637695918E-01
   5.65551   3.69866    7.0042466481E-01
   5.58973   3.79734    6.8422544818E-01
   5.52222   3.89485    6.6779926665E-01
   5.45302   3.99117    6.5116635720E-01
   5.38213   4.08625    6.3434721149E-01
   5.30959   4.18008    6.1736255064E-01
   5.23541   4.27262    6.0023329966E-01
   5.15962   4.36384    5.8298056172E-01
   5.08224   4.45372    5.6562559212E-01
   5.00330   4.54223    5.4818977208E-01
   4.92281   4.62934    5.3069458247E-01
   4.84081   4.71502    5.1316157728E-01
   4.75732   4.79925    4.9561235708E-01
   4.67236   4.88200    4.7806854244E-01
   4.58596   4.96325    4.6055174725E-01
   4.49815   5.04296    4.4308355213E-01
   4.40895   5.12113    4.2568547781E-01
   4.31840   5.19772    4.0837895863E-01
   4.22651   5.27271    3.9118531616E-01
   4.13333   5.34607    3.7412573288E-01
   4.03887   5.41778    3.5722122611E-01
   3.94316   5.48783    3.4049262214E-01
   3.84625   5.55619    3.2396053052E-01
   3.74814   5.62283    3.0764531871E-01
   3.64888   5.68775    2.9156708699E-01
   3.54850   5.75091    2.7574564365E-01
   3.44703   5.81230    2.6020048064E-01
   3.34449   5.87190    2.4495074954E-01
   3.24093   5.92969    2.3001523794E-01
   3.13636   5.98565    2.1541234632E-01
   3.03083   6.03978    2.0116006537E-01
   2.92437   6.09204    1.8727595385E-01
   2.81700   6.14242    1.7377711691E-01
   2.70877   6.19091    1.6068018506E-01
   2.59970   6.23750    1.4800129365E-01
   2.48983   6.28216    1.3575606303E-01
   2.37920   6.32489    1.2395957926E-01
   2.26783   6.36567    1.1262637556E-01
   2.15577   6.40449    1.0177041437E-01
   2.04304   6.44134    9.1405070194E-02
   1.92968   6.47620    8.1543113090E-02
   1.81572   6.50907    7.2196692940E-02
   1.70121   6.53993    6.3377324492E-02
   1.58617   6.56878    5.5095873167E-02
   1.47065   6.59561    4.7362541675E-02
   1.35467   6.62040    4.0186857444E-02
   1.23827   6.64316    3.3577660884E-02
   1.12149   6.66386    2.7543094495E-02
   1.00437   6.68252    2.2090592836E-02
   0.88694   6.69912    1.7226873362E-02
   0.76923   6.71365    1.2957928154E-02
   0.65129   6.72612    9.2890165331E-03
   0.53315   6.73651    6.2246585807E-03
   0.41484   6.74483    3.7686295721E-03
   0.29641   6.75107    1.9239553236E-03
   0.17788   6.75523    6.9290846547E-04
   0.05930   6.75732    7.7005641668E-05
  -0.05930   6.75732    7.7005641668E-05
  -0.17788   6.75523    6.9290846547E-04
  -0.29641   6.75107    1.9239553236E-03
  -0.41484   6.74483    3.7686295721E-03
  -0.53315   6.73651    6.2246585807E-03
  -0.65129   6.72612    9.2890165331E-03
  -0.76923   6.71365    1.2957928154E-02
  -0.88694   6.69912    1.7226873362E-02
  -1.00437   6.68252    2.2090592836E-02
  -1.12149   6.66386    2.7543094495E-02
  -1.23827   6.64316    3.3577660884E-02
  -1.35467   6.62040    4.0186857444E-02
  -1.47065   6.59561    4.7362541675E-02
  -1.58617   6.56878    5.5095873167E-02
  -1.70121   6.53993    6.3377324492E-02
  -1.81572   6.50907    7.2196692940E-02
  -1.92968   6.47620    8.1543113090E-02
  -2.04304   6.44134    9.1405070194E-02
  -2.15577   6.40449    1.0177041437E-01
  -2.26783   6.36567    1.1262637556E-01
  -2.37920   6.32489    1.2395957926E-01
  -2.48983   6.28216    1.3575606303E-01
  -2.59970   6.23750    1.4800129365E-01
  -2.70877   6.19091    1.6068018506E-01
  -2.81700   6.14242    1.7377711691E-01
  -2.92437   6.09204    1.8727595385E-01
  -3.03083   6.03978    2.0116006537E-01
  -3.13636   5.98565    2.1541234632E-01
  -3.24093   5.92969    2.3001523794E-01
  -3.34449   5.87190    2.4495074954E-01
  -3.44703   5.81230    2.6020048064E-01
  -3.54850   5.75091    2.7574564365E-01
  -3.64888   5.68775    2.9156708699E-01
  -3.74814   5.62283    3.0764531871E-01
  -3.84625   5.55619    3.2396053052E-01
  -3.94316   5.48783    3.4049262214E-01
  -4.03887   5.41778    3.5722122611E-01
  -4.13333   5.34607    3.7412573288E-01
  -4.22651   5.27271    3.9118531616E-01
  -4.31840   5.19772    4.0837895863E-01
  -4.40895   5.12113    4.2568547781E-01
  -4.49815   5.04296    4.4308355213E-01
  -4.58596   4.96325    4.6055174725E-01
  -4.67236   4.88200    4.7806854244E-01
  -4.75732   4.79925    4.9561235708E-01
  -4.84081   4.71502    5.1316157728E-01
  -4.92281   4.62934    5.3069458247E-01
  -5.00330   4.54223    5.4818977208E-01
  -5.08224   4.45372    5.6562559212E-01
  -5.15962   4.36384    5.8298056172E-01
  -5.23541   4.27262    6.0023329966E-01
  -5.30959   4.18008    6.1736255064E-01
  -5.38213   4.08625    6.3434721149E-01
  -5.45302   3.99117    6.5116635720E-01
  -5.52222   3.89485    6.6779926665E-01
  -5.58973   3.79734    6.8422544818E-01
  -5.65551   3.69866    7.0042466481E-01
  -5.71955   3.59883    7.1637695918E-01
  -5.78183   3.49790    7.3206267813E-01
  -5.84232   3.39589    7.4746249693E-01
  -5.90102   3.29284    7.6255744307E-01
  -5.95790   3.18877    7.7732891966E-01
  -6.01295   3.08372    7.9175872829E-01
  -6.06614   2.97771    8.0582909152E-01
  -6.11746   2.87080    8.1952267472E-01
  -6.16690   2.76299    8.3282260745E-01
  -6.21444   2.65434    8.4571250427E-01
  -6.26007   2.54487    8.5817648488E-01
  -6.30377   2.43461    8.7019919371E-01
  -6.34552   2.32361    8.8176581883E-01
  -6.38533   2.21188    8.9286211024E-01
  -6.42316   2.09948    9.0347439733E-01
  -6.45902   1.98643    9.1358960582E-01
  -6.49288   1.87277    9.2319527383E-01
  -6.52475   1.75853    9.3227956721E-01
  -6.55461   1.64375    9.4083129416E-01
  -6.58245   1.52847    9.4883991899E-01
  -6.60826   1.41271    9.5629557511E-01
  -6.63203   1.29652    9.6318907718E-01
  -6.65377   1.17993    9.6951193245E-01
  -6.67345   1.06297    9.7525635117E-01
  -6.69108   0.94569    9.8041525627E-01
  -6.70664   0.82812    9.8498229199E-01
  -6.72014   0.71029    9.8895183176E-01
  -6.73157   0.59224    9.9231898512E-01
  -6.74093   0.47401    9.9507960377E-01
  -6.74821   0.35564    9.9723028663E-01
  -6.75341   0.23715    9.9876838406E-01
  -6.75654   0.11859    9.9969200115E-01
  -6.75758   0.00000    1.0000000000E+00

   6.82020   0.00000********************
   6.81915   0.11969    9.9969200115E-01
   6.81600   0.23935    9.9876838406E-01
   6.81075   0.35893    9.9723028663E-01
   6.80340   0.47841    9.9507960377E-01
   6.79396   0.59773    9.9231898512E-01
   6.78242   0.71687    9.8895183176E-01
   6.76880   0.83579    9.8498229199E-01
   6.75309   0.95446    9.8041525627E-01
   6.73530   1.07283    9.7525635117E-01
   6.71543   1.19086    9.6951193245E-01
   6.69350   1.30854    9.6318907718E-01
   6.66950   1.42580    9.5629557511E-01
   6.64345   1.54263    9.4883991899E-01
   6.61535   1.65899    9.4083129416E-01
   6.58522   1.77483    9.3227956721E-01
   6.55306   1.89013    9.2319527383E-01
   6.51888   2.00484    9.1358960582E-01
   6.48269   2.11894    9.0347439733E-01
   6.44450   2.23238    8.9286211024E-01
   6.40433   2.34514    8.8176581883E-01
   6.36219   2.45717    8.7019919371E-01
   6.31809   2.56845    8.5817648488E-01
   6.27204   2.67894    8.4571250427E-01
   6.22406   2.78860    8.3282260745E-01
   6.17416   2.89740    8.1952267472E-01
   6.12236   3.00531    8.0582909152E-01
   6.06867   3.11229    7.9175872829E-01
   6.01312   3.21832    7.7732891966E-01
   5.95571   3.32335    7.6255744307E-01
   5.89647   3.42736    7.4746249693E-01
   5.83541   3.53032    7.3206267813E-01
   5.77255   3.63219    7.1637695918E-01
   5.70792   3.73293    7.0042466481E-01
   5.64153   3.83253    6.8422544818E-01
   5.57340   3.93095    6.6779926665E-01
   5.50355   4.02816    6.5116635720E-01
   5.43201   4.12412    6.3434721149E-01
   5.35880   4.21882    6.1736255064E-01
   5.28393   4.31222    6.0023329966E-01
   5.20744   4.40428    5.8298056172E-01
   5.12934   4.49500    5.6562559212E-01
   5.04967   4.58432    5.4818977208E-01
   4.96843   4.67224    5.3069458247E-01
   4.88567   4.75871    5.1316157728E-01
   4.80140   4.84372    4.9561235708E-01
   4.71566   4.92724    4.7806854244E-01
   4.62846   5.00924    4.6055174725E-01
   4.53983   5.08970    4.4308355213E-01
   4.44981   5.16859    4.2568547781E-01
   4.35842   5.24589    4.0837895863E-01
   4.26568   5.32157    3.9118531616E-01
   4.17163   5.39561    3.7412573288E-01
   4.07630   5.46799    3.5722122611E-01
   3.97971   5.53869    3.4049262214E-01
   3.88189   5.60768    3.2396053052E-01
   3.78288   5.67494    3.0764531871E-01
   3.68270   5.74046    2.9156708699E-01
   3.58139   5.80421    2.7574564365E-01
   3.47897   5.86616    2.6020048064E-01
   3.37549   5.92632    2.4495074954E-01
   3.27096   5.98464    2.3001523794E-01
   3.16543   6.04113    2.1541234632E-01
   3.05892   6.09575    2.0116006537E-01
   2.95147   6.14849    1.8727595385E-01
   2.84311   6.19935    1.7377711691E-01
   2.73387   6.24829    1.6068018506E-01
   2.62380   6.29530    1.4800129365E-01
   2.51291   6.34038    1.3575606303E-01
   2.40125   6.38351    1.2395957926E-01
   2.28885   6.42467    1.1262637556E-01
   2.17575   6.46384    1.0177041437E-01
   2.06197   6.50103    9.1405070194E-02
   1.94756   6.53622    8.1543113090E-02
   1.83255   6.56939    7.2196692940E-02
   1.71698   6.60054    6.3377324492E-02
   1.60087   6.62966    5.5095873167E-02
   1.48428   6.65673    4.7362541675E-02
   1.36722   6.68176    4.0186857444E-02
   1.24975   6.70472    3.3577660884E-02
   1.13189   6.72562    2.7543094495E-02
   1.01368   6.74445    2.2090592836E-02
   0.89516   6.76120    1.7226873362E-02
   0.77636   6.77587    1.2957928154E-02
   0.65733   6.78845    9.2890165331E-03
   0.53809   6.79894    6.2246585807E-03
   0.41869   6.80734    3.7686295721E-03
   0.29915   6.81364    1.9239553236E-03
   0.17953   6.81784    6.9290846547E-04
   0.05985   6.81994    7.7005641668E-05
  -0.05985   6.81994    7.7005641668E-05
  -0.17953   6.81784    6.9290846547E-04
  -0.29915   6.81364    1.9239553236E-03
  -0.41869   6.80734    3.7686295721E-03
  -0.53809   6.79894    6.2246585807E-03
  -0.65733   6.78845    9.2890165331E-03
  -0.77636   6.77587    1.2957928154E-02
  -0.89516   6.76120    1.7226873362E-02
  -1.01368   6.74445    2.2090592836E-02
  -1.13189   6.72562    2.7543094495E-02
  -1.24975   6.70472    3.3577660884E-02
  -1.36722   6.68176    4.0186857444E-02
  -1.48428   6.65673    4.7362541675E-02
  -1.60087   6.62966    5.5095873167E-02
  -1.71698   6.60054    6.3377324492E-02
  -1.83255   6.56939    7.2196692940E-02
  -1.94756   6.53622    8.1543113090E-02
  -2.06197   6.50103    9.1405070194E-02
  -2.17575   6.46384    1.0177041437E-01
  -2.28885   6.42467    1.1262637556E-01
  -2.40125   6.38351    1.2395957926E-01
  -2.51291   6.34038    1.3575606303E-01
  -2.62380   6.29530    1.4800129365E-01
  -2.73387   6.24829    1.6068018506E-01
  -2.84311   6.19935    1.7377711691E-01
  -2.95147   6.14849    1.8727595385E-01
  -3.05892   6.09575    2.0116006537E-01
  -3.16543   6.04113    2.1541234632E-01
  -3.27096   5.98464    2.3001523794E-01
  -3.37549   5.92632    2.4495074954E-01
  -3.47897   5.86616    2.6020048064E-01
  -3.58139   5.80421    2.7574564365E-01
  -3.68270   5.74046    2.9156708699E-01
  -3.78288   5.67494    3.0764531871E-01
  -3.88189   5.60768    3.2396053052E-01
  -3.97971   5.53869    3.4049262214E-01
  -4.07630   5.46799    3.5722122611E-01
  -4.17163   5.39561    3.7412573288E-01
  -4.26568   5.32157    3.9118531616E-01
  -4.35842   5.24589    4.0837895863E-01
  -4.44981   5.16859    4.2568547781E-01
  -4.53983   5.08970    4.4308355213E-01
  -4.62846   5.00924    4.6055174725E-01
  -4.71566   4.92724    4.7806854244E-01
  -4.80140   4.84372    4.9561235708E-01
  -4.88567   4.75871    5.1316157728E-01
  -4.96843   4.67224    5.3069458247E-01
  -5.04967   4.58432    5.4818977208E-01
  -5.12934   4.49500    5.6562559212E-01
  -5.20744   4.40428    5.8298056172E-01
  -5.28393   4.31222    6.0023329966E-01
  -5.35880   4.21882    6.1736255064E-01
  -5.43201   4.12412    6.3434721149E-01
  -5.50355   4.02816    6.5116635720E-01
  -5.57340   3.93095    6.6779926665E-01
  -5.64153   3.83253    6.8422544818E-01
  -5.70792   3.73293    7.0042466481E-01
  -5.77255   3.63219    7.1637695918E-01
  -5.83541   3.53032    7.3206267813E-01
  -5.89647   3.42736    7.4746249693E-01
  -5.95571   3.32335    7.6255744307E-01
  -6.01312   3.21832    7.7732891966E-01
  -6.06867   3.11229    7.9175872829E-01
  -6.12236   3.00531    8.0582909152E-01
  -6.17416   2.89740    8.1952267472E-01
  -6.22406   2.78860    8.3282260745E-01
  -6.27204   2.67894    8.4571250427E-01
  -6.31809   2.56845    8.5817648488E-01
  -6.36219   2.45717    8.7019919371E-01
  -6.40433   2.34514    8.8176581883E-01
  -6.44450   2.23238    8.9286211024E-01
  -6.48269   2.11894    9.0347439733E-01
  -6.51888   2.00484    9.1358960582E-01
  -6.55306   1.89013    9.2319527383E-01
  -6.58522   1.77483    9.3227956721E-01
  -6.61535   1.65899    9.4083129416E-01
  -6.64345   1.54263    9.4883991899E-01
  -6.66950   1.42580    9.5629557511E-01
  -6.69350   1.30854    9.6318907718E-01
  -6.71543   1.19086    9.6951193245E-01
  -6.73530   1.07283    9.7525635117E-01
  -6.75309   0.95446    9.8041525627E-01
  -6.76880   0.83579    9.8498229199E-01
  -6.78242   0.71687    9.8895183176E-01
  -6.79396   0.59773    9.9231898512E-01
  -6.80340   0.47841    9.9507960377E-01
  -6.81075   0.35893    9.9723028663E-01
  -6.81600   0.23935    9.9876838406E-01
  -6.81915   0.11969    9.9969200115E-01
  -6.82020   0.00000    1.0000000000E+00

   6.88283   0.00000********************
   6.88177   0.12079    9.9969200115E-01
   6.87859   0.24155    9.9876838406E-01
   6.87329   0.36223    9.9723028663E-01
   6.86587   0.48280    9.9507960377E-01
   6.85634   0.60322    9.9231898512E-01
   6.84470   0.72346    9.8895183176E-01
   6.83095   0.84347    9.8498229199E-01
   6.81510   0.96322    9.8041525627E-01
   6.79714   1.08268    9.7525635117E-01
   6.77709   1.20180    9.6951193245E-01
   6.75496   1.32055    9.6318907718E-01
   6.73074   1.43890    9.5629557511E-01
   6.70445   1.55680    9.4883991899E-01
   6.67610   1.67422    9.4083129416E-01
   6.64569   1.79113    9.3227956721E-01
   6.61323   1.90748    9.2319527383E-01
   6.57874   2.02325    9.1358960582E-01
   6.54222   2.13840    9.0347439733E-01
   6.50368   2.25288    8.9286211024E-01
   6.46314   2.36667    8.8176581883E-01
   6.42061   2.47974    8.7019919371E-01
   6.37610   2.59204    8.5817648488E-01
   6.32963   2.70354    8.4571250427E-01
   6.28121   2.81420    8.3282260745E-01
   6.23085   2.92401    8.1952267472E-01
   6.17858   3.03291    8.0582909152E-01
   6.12440   3.14087    7.9175872829E-01
   6.06833   3.24787    7.7732891966E-01
   6.01040   3.35387    7.6255744307E-01
   5.95061   3.45884    7.4746249693E-01
   5.88899   3.56274    7.3206267813E-01
   5.82556   3.66554    7.1637695918E-01
   5.76033   3.76721    7.0042466481E-01
   5.69333   3.86772    6.8422544818E-01
   5.62458   3.96705    6.6779926665E-01
   5.55409   4.06515    6.5116635720E-01
   5.48189   4.16199    6.3434721149E-01
   5.40800   4.25756    6.1736255064E-01
   5.33245   4.35181    6.0023329966E-01
   5.25526   4.44473    5.8298056172E-01
   5.17644   4.53627    5.6562559212E-01
   5.09603   4.62642    5.4818977208E-01
   5.01406   4.71514    5.3069458247E-01
   4.93053   4.80241    5.1316157728E-01
   4.84549   4.88820    4.9561235708E-01
   4.75896   4.97249    4.7806854244E-01
   4.67096   5.05524    4.6055174725E-01
   4.58152   5.13644    4.4308355213E-01
   4.49067   5.21605    4.2568547781E-01
   4.39844   5.29406    4.0837895863E-01
   4.30485   5.37044    3.9118531616E-01
   4.20994   5.44516    3.7412573288E-01
   4.11373   5.51820    3.5722122611E-01
   4.01625   5.58955    3.4049262214E-01
   3.91754   5.65917    3.2396053052E-01
   3.81761   5.72705    3.0764531871E-01
   3.71652   5.79317    2.9156708699E-01
   3.61428   5.85750    2.7574564365E-01
   3.51092   5.92003    2.6020048064E-01
   3.40648   5.98074    2.4495074954E-01
   3.30100   6.03960    2.3001523794E-01
   3.19450   6.09660    2.1541234632E-01
   3.08701   6.15172    2.0116006537E-01
   2.97857   6.20495    1.8727595385E-01
   2.86922   6.25627    1.7377711691E-01
   2.75898   6.30566    1.6068018506E-01
   2.64789   6.35311    1.4800129365E-01
   2.53598   6.39860    1.3575606303E-01
   2.42330   6.44212    1.2395957926E-01
   2.30987   6.48366    1.1262637556E-01
   2.19572   6.52320    1.0177041437E-01
   2.08090   6.56073    9.1405070194E-02
   1.96544   6.59624    8.1543113090E-02
   1.84938   6.62972    7.2196692940E-02
   1.73274   6.66115    6.3377324492E-02
   1.61557   6.69053    5.5095873167E-02
   1.49791   6.71786    4.7362541675E-02
   1.37978   6.74311    4.0186857444E-02
   1.26122   6.76629    3.3577660884E-02
   1.14228   6.78738    2.7543094495E-02
   1.02299   6.80638    2.2090592836E-02
   0.90338   6.82329    1.7226873362E-02
   0.78349   6.83809    1.2957928154E-02
   0.66336   6.85079    9.2890165331E-03
   0.54303   6.86137    6.2246585807E-03
   0.42253   6.86985    3.7686295721E-03
   0.30190   6.87620    1.9239553236E-03
   0.18118   6.88044    6.9290846547E-04
   0.06040   6.88256    7.7005641668E-05
  -0.06040   6.88256    7.7005641668E-05
  -0.18118   6.88044    6.9290846547E-04
  -0.30190   6.87620    1.9239553236E-03
  -0.42253   6.86985    3.7686295721E-03
  -0.54303   6.86137    6.2246585807E-03
  -0.66336   6.85079    9.2890165331E-03
  -0.78349   6.83809    1.2957928154E-02
  -0.90338   6.82329    1.7226873362E-02
  -1.02299   6.80638    2.2090592836E-02
  -1.14228   6.78738    2.7543094495E-02
  -1.26122   6.76629    3.3577660884E-02
  -1.37978   6.74311    4.0186857444E-02
  -1.49791   6.71786    4.7362541675E-02
  -1.61557   6.69053    5.5095873167E-02
  -1.73274   6.66115    6.3377324492E-02
  -1.84938   6.62972    7.2196692940E-02
  -1.96544   6.59624    8.1543113090E-02
  -2.08090   6.56073    9.1405070194E-02
  -2.19572   6.52320    1.0177041437E-01
  -2.30987   6.48366    1.1262637556E-01
  -2.42330   6.44212    1.2395957926E-01
  -2.53598   6.39860    1.3575606303E-01
  -2.64789   6.35311    1.4800129365E-01
  -2.75898   6.30566    1.6068018506E-01
  -2.86922   6.25627    1.7377711691E-01
  -2.97857   6.20495    1.8727595385E-01
  -3.08701   6.15172    2.0116006537E-01
  -3.19450   6.09660    2.1541234632E-01
  -3.30100   6.03960    2.3001523794E-01
  -3.40648   5.98074    2.4495074954E-01
  -3.51092   5.92003    2.6020048064E-01
  -3.61428   5.85750    2.7574564365E-01
  -3.71652   5.79317    2.9156708699E-01
  -3.81761   5.72705    3.0764531871E-01
  -3.91754   5.65917    3.2396053052E-01
  -4.01625   5.58955    3.4049262214E-01
  -4.11373   5.51820    3.5722122611E-01
  -4.20994   5.44516    3.7412573288E-01
  -4.30485   5.37044    3.9118531616E-01
  -4.39844   5.29406    4.0837895863E-01
  -4.49067   5.21605    4.2568547781E-01
  -4.58152   5.13644    4.4308355213E-01
  -4.67096   5.05524    4.6055174725E-01
  -4.75896   4.97249    4.7806854244E-01
  -4.84549   4.88820    4.9561235708E-01
  -4.93053   4.80241    5.1316157728E-01
  -5.01406   4.71514    5.3069458247E-01
  -5.09603   4.62642    5.4818977208E-01
  -5.17644   4.53627    5.6562559212E-01
  -5.25526   4.44473    5.8298056172E-01
  -5.33245   4.35181    6.0023329966E-01
  -5.40800   4.25756    6.1736255064E-01
  -5.48189   4.16199    6.3434721149E-01
  -5.55409   4.06515    6.5116635720E-01
  -5.62458   3.96705    6.6779926665E-01
  -5.69333   3.86772    6.8422544818E-01
  -5.76033   3.76721    7.0042466481E-01
  -5.82556   3.66554    7.1637695918E-01
  -5.88899   3.56274    7.3206267813E-01
  -5.95061   3.45884    7.4746249693E-01
  -6.01040   3.35387    7.6255744307E-01
  -6.06833   3.24787    7.7732891966E-01
  -6.12440   3.14087    7.9175872829E-01
  -6.17858   3.03291    8.0582909152E-01
  -6.23085   2.92401    8.1952267472E-01
  -6.28121   2.81420    8.3282260745E-01
  -6.32963   2.70354    8.4571250427E-01
  -6.37610   2.59204    8.5817648488E-01
  -6.42061   2.47974    8.7019919371E-01
  -6.46314   2.36667    8.8176581883E-01
  -6.50368   2.25288    8.9286211024E-01
  -6.54222   2.13840    9.0347439733E-01
  -6.57874   2.02325    9.1358960582E-01
  -6.61323   1.90748    9.2319527383E-01
  -6.64569   1.79113    9.3227956721E-01
  -6.67610   1.67422    9.4083129416E-01
  -6.70445   1.55680    9.4883991899E-01
  -6.73074   1.43890    9.5629557511E-01
  -6.75496   1.32055    9.6318907718E-01
  -6.77709   1.20180    9.6951193245E-01
  -6.79714   1.08268    9.7525635117E-01
  -6.81510   0.96322    9.8041525627E-01
  -6.83095   0.84347    9.8498229199E-01
  -6.84470   0.72346    9.8895183176E-01
  -6.85634   0.60322    9.9231898512E-01
  -6.86587   0.48280    9.9507960377E-01
  -6.87329   0.36223    9.9723028663E-01
  -6.87859   0.24155    9.9876838406E-01
  -6.88177   0.12079    9.9969200115E-01
  -6.88283   0.00000    1.0000000000E+00

   6.94545   0.00000********************
   6.94438   0.12189    9.9969200115E-01
   6.94118   0.24375    9.9876838406E-01
   6.93583   0.36553    9.9723028663E-01
   6.92835   0.48719    9.9507960377E-01
   6.91873   0.60871    9.9231898512E-01
   6.90698   0.73004    9.8895183176E-01
   6.89310   0.85114    9.8498229199E-01
   6.87711   0.97199    9.8041525627E-01
   6.85899   1.09253    9.7525635117E-01
   6.83876   1.21273    9.6951193245E-01
   6.81642   1.33257    9.6318907718E-01
   6.79199   1.45199    9.5629557511E-01
   6.76546   1.57096    9.4883991899E-01
   6.73684   1.68946    9.4083129416E-01
   6.70616   1.80743    9.3227956721E-01
   6.67340   1.92484    9.2319527383E-01
   6.63860   2.04166    9.1358960582E-01
   6.60174   2.15785    9.0347439733E-01
   6.56286   2.27338    8.9286211024E-01
   6.52195   2.38821    8.8176581883E-01
   6.47903   2.50230    8.7019919371E-01
   6.43412   2.61562    8.5817648488E-01
   6.38722   2.72814    8.4571250427E-01
   6.33836   2.83981    8.3282260745E-01
   6.28755   2.95061    8.1952267472E-01
   6.23479   3.06050    8.0582909152E-01
   6.18012   3.16945    7.9175872829E-01
   6.12355   3.27742    7.7732891966E-01
   6.06509   3.38439    7.6255744307E-01
   6.00476   3.49031    7.4746249693E-01
   5.94258   3.59515    7.3206267813E-01
   5.87857   3.69889    7.1637695918E-01
   5.81275   3.80149    7.0042466481E-01
   5.74514   3.90292    6.8422544818E-01
   5.67576   4.00314    6.6779926665E-01
   5.60463   4.10213    6.5116635720E-01
   5.53177   4.19986    6.3434721149E-01
   5.45721   4.29630    6.1736255064E-01
   5.38097   4.39141    6.0023329966E-01
   5.30307   4.48517    5.8298056172E-01
   5.22354   4.57755    5.6562559212E-01
   5.14240   4.66851    5.4818977208E-01
   5.05968   4.75804    5.3069458247E-01
   4.97540   4.84611    5.1316157728E-01
   4.88958   4.93268    4.9561235708E-01
   4.80226   5.01773    4.7806854244E-01
   4.71346   5.10124    4.6055174725E-01
   4.62321   5.18317    4.4308355213E-01
   4.53153   5.26351    4.2568547781E-01
   4.43846   5.34223    4.0837895863E-01
   4.34402   5.41930    3.9118531616E-01
   4.24824   5.49470    3.7412573288E-01
   4.15116   5.56841    3.5722122611E-01
   4.05279   5.64041    3.4049262214E-01
   3.95318   5.71067    3.2396053052E-01
   3.85235   5.77916    3.0764531871E-01
   3.75033   5.84588    2.9156708699E-01
   3.64716   5.91080    2.7574564365E-01
   3.54287   5.97390    2.6020048064E-01
   3.43748   6.03515    2.4495074954E-01
   3.33103   6.09455    2.3001523794E-01
   3.22356   6.15207    2.1541234632E-01
   3.11510   6.20770    2.0116006537E-01
   3.00567   6.26141    1.8727595385E-01
   2.89532   6.31320    1.7377711691E-01
   2.78408   6.36304    1.6068018506E-01
   2.67198   6.41092    1.4800129365E-01
   2.55906   6.45682    1.3575606303E-01
   2.44535   6.50074    1.2395957926E-01
   2.33088   6.54265    1.1262637556E-01
   2.21570   6.58255    1.0177041437E-01
   2.09984   6.62042    9.1405070194E-02
   1.98333   6.65626    8.1543113090E-02
   1.86620   6.69004    7.2196692940E-02
   1.74851   6.72176    6.3377324492E-02
   1.63027   6.75141    5.5095873167E-02
   1.51153   6.77898    4.7362541675E-02
   1.39233   6.80447    4.0186857444E-02
   1.27270   6.82785    3.3577660884E-02
   1.15268   6.84914    2.7543094495E-02
   1.03230   6.86831    2.2090592836E-02
   0.91160   6.88537    1.7226873362E-02
   0.79062   6.90031    1.2957928154E-02
   0.66940   6.91312    9.2890165331E-03
   0.54797   6.92380    6.2246585807E-03
   0.42638   6.93235    3.7686295721E-03
   0.30465   6.93877    1.9239553236E-03
   0.18283   6.94305    6.9290846547E-04
   0.06095   6.94519    7.7005641668E-05
  -0.06095   6.94519    7.7005641668E-05
  -0.18283   6.94305    6.9290846547E-04
  -0.30465   6.93877    1.9239553236E-03
  -0.42638   6.93235    3.7686295721E-03
  -0.54797   6.92380    6.2246585807E-03
  -0.66940   6.91312    9.2890165331E-03
  -0.79062   6.90031    1.2957928154E-02
  -0.91160   6.88537    1.7226873362E-02
  -1.03230   6.86831    2.2090592836E-02
  -1.15268   6.84914    2.7543094495E-02
  -1.27270   6.82785    3.3577660884E-02
  -1.39233   6.80447    4.0186857444E-02
  -1.51153   6.77898    4.7362541675E-02
  -1.63027   6.75141    5.5095873167E-02
  -1.74851   6.72176    6.3377324492E-02
  -1.86620   6.69004    7.2196692940E-02
  -1.98333   6.65626    8.1543113090E-02
  -2.09984   6.62042    9.1405070194E-02
  -2.21570   6.58255    1.0177041437E-01
  -2.33088   6.54265    1.1262637556E-01
  -2.44535   6.50074    1.2395957926E-01
  -2.55906   6.45682    1.3575606303E-01
  -2.67198   6.41092    1.4800129365E-01
  -2.78408   6.36304    1.6068018506E-01
  -2.89532   6.31320    1.7377711691E-01
  -3.00567   6.26141    1.8727595385E-01
  -3.11510   6.20770    2.0116006537E-01
  -3.22356   6.15207    2.1541234632E-01
  -3.33103   6.09455    2.3001523794E-01
  -3.43748   6.03515    2.4495074954E-01
  -3.54287   5.97390    2.6020048064E-01
  -3.64716   5.91080    2.7574564365E-01
  -3.75033   5.84588    2.9156708699E-01
  -3.85235   5.77916    3.0764531871E-01
  -3.95318   5.71067    3.2396053052E-01
  -4.05279   5.64041    3.4049262214E-01
  -4.15116   5.56841    3.5722122611E-01
  -4.24824   5.49470    3.7412573288E-01
  -4.34402   5.41930    3.9118531616E-01
  -4.43846   5.34223    4.0837895863E-01
  -4.53153   5.26351    4.2568547781E-01
  -4.62321   5.18317    4.4308355213E-01
  -4.71346   5.10124    4.6055174725E-01
  -4.80226   5.01773    4.7806854244E-01
  -4.88958   4.93268    4.9561235708E-01
  -4.97540   4.84611    5.1316157728E-01
  -5.05968   4.75804    5.3069458247E-01
  -5.14240   4.66851    5.4818977208E-01
  -5.22354   4.57755    5.6562559212E-01
  -5.30307   4.48517    5.8298056172E-01
  -5.38097   4.39141    6.0023329966E-01
  -5.45721   4.29630    6.1736255064E-01
  -5.53177   4.19986    6.3434721149E-01
  -5.60463   4.10213    6.5116635720E-01
  -5.67576   4.00314    6.6779926665E-01
  -5.74514   3.90292    6.8422544818E-01
  -5.81275   3.80149    7.0042466481E-01
  -5.87857   3.69889    7.1637695918E-01
  -5.94258   3.59515    7.3206267813E-01
  -6.00476   3.49031    7.4746249693E-01
  -6.06509   3.38439    7.6255744307E-01
  -6.12355   3.27742    7.7732891966E-01
  -6.18012   3.16945    7.9175872829E-01
  -6.23479   3.06050    8.0582909152E-01
  -6.28755   2.95061    8.1952267472E-01
  -6.33836   2.83981    8.3282260745E-01
  -6.38722   2.72814    8.4571250427E-01
  -6.43412   2.61562    8.5817648488E-01
  -6.47903   2.50230    8.7019919371E-01
  -6.52195   2.38821    8.8176581883E-01
  -6.56286   2.27338    8.9286211024E-01
  -6.60174   2.15785    9.0347439733E-01
  -6.63860   2.04166    9.1358960582E-01
  -6.67340   1.92484    9.2319527383E-01
  -6.70616   1.80743    9.3227956721E-01
  -6.73684   1.68946    9.4083129416E-01
  -6.76546   1.57096    9.4883991899E-01
  -6.79199   1.45199    9.5629557511E-01
  -6.81642   1.33257    9.6318907718E-01
  -6.83876   1.21273    9.6951193245E-01
  -6.85899   1.09253    9.7525635117E-01
  -6.87711   0.97199    9.8041525627E-01
  -6.89310   0.85114    9.8498229199E-01
  -6.90698   0.73004    9.8895183176E-01
  -6.91873   0.60871    9.9231898512E-01
  -6.92835   0.48719    9.9507960377E-01
  -6.93583   0.36553    9.9723028663E-01
  -6.94118   0.24375    9.9876838406E-01
  -6.94438   0.12189    9.9969200115E-01
  -6.94545   0.00000    1.0000000000E+00

   7.00808   0.00000********************
   7.00700   0.12299    9.9969200115E-01
   7.00376   0.24594    9.9876838406E-01
   6.99837   0.36882    9.9723028663E-01
   6.99082   0.49159    9.9507960377E-01
   6.98111   0.61420    9.9231898512E-01
   6.96926   0.73662    9.8895183176E-01
   6.95526   0.85882    9.8498229199E-01
   6.93912   0.98075    9.8041525627E-01
   6.92083   1.10238    9.7525635117E-01
   6.90042   1.22367    9.6951193245E-01
   6.87788   1.34458    9.6318907718E-01
   6.85323   1.46508    9.5629557511E-01
   6.82646   1.58513    9.4883991899E-01
   6.79759   1.70469    9.4083129416E-01
   6.76663   1.82372    9.3227956721E-01
   6.73358   1.94220    9.2319527383E-01
   6.69846   2.06007    9.1358960582E-01
   6.66127   2.17731    9.0347439733E-01
   6.62203   2.29388    8.9286211024E-01
   6.58076   2.40974    8.8176581883E-01
   6.53745   2.52486    8.7019919371E-01
   6.49213   2.63921    8.5817648488E-01
   6.44482   2.75274    8.4571250427E-01
   6.39551   2.86542    8.3282260745E-01
   6.34424   2.97722    8.1952267472E-01
   6.29101   3.08810    8.0582909152E-01
   6.23585   3.19803    7.9175872829E-01
   6.17876   3.30698    7.7732891966E-01
   6.11977   3.41490    7.6255744307E-01
   6.05890   3.52178    7.4746249693E-01
   5.99616   3.62757    7.3206267813E-01
   5.93157   3.73224    7.1637695918E-01
   5.86516   3.83577    7.0042466481E-01
   5.79694   3.93811    6.8422544818E-01
   5.72693   4.03924    6.6779926665E-01
   5.65516   4.13912    6.5116635720E-01
   5.58165   4.23773    6.3434721149E-01
   5.50642   4.33504    6.1736255064E-01
   5.42949   4.43101    6.0023329966E-01
   5.35089   4.52561    5.8298056172E-01
   5.27064   4.61882    5.6562559212E-01
   5.18877   4.71061    5.4818977208E-01
   5.10530   4.80095    5.3069458247E-01
   5.02026   4.88980    5.1316157728E-01
   4.93367   4.97716    4.9561235708E-01
   4.84556   5.06298    4.7806854244E-01
   4.75596   5.14723    4.6055174725E-01
   4.66490   5.22991    4.4308355213E-01
   4.57239   5.31097    4.2568547781E-01
   4.47848   5.39040    4.0837895863E-01
   4.38319   5.46817    3.9118531616E-01
   4.28655   5.54425    3.7412573288E-01
   4.18859   5.61862    3.5722122611E-01
   4.08934   5.69127    3.4049262214E-01
   3.98883   5.76216    3.2396053052E-01
   3.88709   5.83127    3.0764531871E-01
   3.78415   5.89859    2.9156708699E-01
   3.68005   5.96410    2.7574564365E-01
   3.57481   6.02776    2.6020048064E-01
   3.46847   6.08957    2.4495074954E-01
   3.36107   6.14951    2.3001523794E-01
   3.25263   6.20754    2.1541234632E-01
   3.14319   6.26367    2.0116006537E-01
   3.03277   6.31787    1.8727595385E-01
   2.92143   6.37012    1.7377711691E-01
   2.80918   6.42041    1.6068018506E-01
   2.69607   6.46872    1.4800129365E-01
   2.58213   6.51504    1.3575606303E-01
   2.46740   6.55936    1.2395957926E-01
   2.35190   6.60165    1.1262637556E-01
   2.23568   6.64191    1.0177041437E-01
   2.11877   6.68012    9.1405070194E-02
   2.00121   6.71628    8.1543113090E-02
   1.88303   6.75036    7.2196692940E-02
   1.76427   6.78237    6.3377324492E-02
   1.64497   6.81229    5.5095873167E-02
   1.52516   6.84011    4.7362541675E-02
   1.40489   6.86582    4.0186857444E-02
   1.28418   6.88942    3.3577660884E-02
   1.16307   6.91089    2.7543094495E-02
   1.04160   6.93024    2.2090592836E-02
   0.91982   6.94745    1.7226873362E-02
   0.79775   6.96253    1.2957928154E-02
   0.67544   6.97546    9.2890165331E-03
   0.55291   6.98624    6.2246585807E-03
   0.43022   6.99486    3.7686295721E-03
   0.30739   7.00134    1.9239553236E-03
   0.18447   7.00565    6.9290846547E-04
   0.06150   7.00781    7.7005641668E-05
  -0.06150   7.00781    7.7005641668E-05
  -0.18447   7.00565    6.9290846547E-04
  -0.30739   7.00134    1.9239553236E-03
  -0.43022   6.99486    3.7686295721E-03
  -0.55291   6.98624    6.2246585807E-03
  -0.67544   6.97546    9.2890165331E-03
  -0.79775   6.96253    1.2957928154E-02
  -0.91982   6.94745    1.7226873362E-02
  -1.04160   6.93024    2.2090592836E-02
  -1.16307   6.91089    2.7543094495E-02
  -1.28418   6.88942    3.3577660884E-02
  -1.40489   6.86582    4.0186857444E-02
  -1.52516   6.84011    4.7362541675E-02
  -1.64497   6.81229    5.5095873167E-02
  -1.76427   6.78237    6.3377324492E-02
  -1.88303   6.75036    7.2196692940E-02
  -2.00121   6.71628    8.1543113090E-02
  -2.11877   6.68012    9.1405070194E-02
  -2.23568   6.64191    1.0177041437E-01
  -2.35190   6.60165    1.1262637556E-01
  -2.46740   6.55936    1.2395957926E-01
  -2.58213   6.51504    1.3575606303E-01
  -2.69607   6.46872    1.4800129365E-01
  -2.80918   6.42041    1.6068018506E-01
  -2.92143   6.37012    1.7377711691E-01
  -3.03277   6.31787    1.8727595385E-01
  -3.14319   6.26367    2.0116006537E-01
  -3.25263   6.20754    2.1541234632E-01
  -3.36107   6.14951    2.3001523794E-01
  -3.46847   6.08957    2.4495074954E-01
  -3.57481   6.02776    2.6020048064E-01
  -3.68005   5.96410    2.7574564365E-01
  -3.78415   5.89859    2.9156708699E-01
  -3.88709   5.83127    3.0764531871E-01
  -3.98883   5.76216    3.2396053052E-01
  -4.08934   5.69127    3.4049262214E-01
  -4.18859   5.61862    3.5722122611E-01
  -4.28655   5.54425    3.7412573288E-01
  -4.38319   5.46817    3.9118531616E-01
  -4.47848   5.39040    4.0837895863E-01
  -4.57239   5.31097    4.2568547781E-01
  -4.66490   5.22991    4.4308355213E-01
  -4.75596   5.14723    4.6055174725E-01
  -4.84556   5.06298    4.7806854244E-01
  -4.93367   4.97716    4.9561235708E-01
  -5.02026   4.88980    5.1316157728E-01
  -5.10530   4.80095    5.3069458247E-01
  -5.18877   4.71061    5.4818977208E-01
  -5.27064   4.61882    5.6562559212E-01
  -5.35089   4.52561    5.8298056172E-01
  -5.42949   4.43101    6.0023329966E-01
  -5.50642   4.33504    6.1736255064E-01
  -5.58165   4.23773    6.3434721149E-01
  -5.65516   4.13912    6.5116635720E-01
  -5.72693   4.03924    6.6779926665E-01
  -5.79694   3.93811    6.8422544818E-01
  -5.86516   3.83577    7.0042466481E-01
  -5.93157   3.73224    7.1637695918E-01
  -5.99616   3.62757    7.3206267813E-01
  -6.05890   3.52178    7.4746249693E-01
  -6.11977   3.41490    7.6255744307E-01
  -6.17876   3.30698    7.7732891966E-01
  -6.23585   3.19803    7.9175872829E-01
  -6.29101   3.08810    8.0582909152E-01
  -6.34424   2.97722    8.1952267472E-01
  -6.39551   2.86542    8.3282260745E-01
  -6.44482   2.75274    8.4571250427E-01
  -6.49213   2.63921    8.5817648488E-01
  -6.53745   2.52486    8.7019919371E-01
  -6.58076   2.40974    8.8176581883E-01
  -6.62203   2.29388    8.9286211024E-01
  -6.66127   2.17731    9.0347439733E-01
  -6.69846   2.06007    9.1358960582E-01
  -6.73358   1.94220    9.2319527383E-01
  -6.76663   1.82372    9.3227956721E-01
  -6.79759   1.70469    9.4083129416E-01
  -6.82646   1.58513    9.4883991899E-01
  -6.85323   1.46508    9.5629557511E-01
  -6.87788   1.34458    9.6318907718E-01
  -6.90042   1.22367    9.6951193245E-01
  -6.92083   1.10238    9.7525635117E-01
  -6.93912   0.98075    9.8041525627E-01
  -6.95526   0.85882    9.8498229199E-01
  -6.96926   0.73662    9.8895183176E-01
  -6.98111   0.61420    9.9231898512E-01
  -6.99082   0.49159    9.9507960377E-01
  -6.99837   0.36882    9.9723028663E-01
  -7.00376   0.24594    9.9876838406E-01
  -7.00700   0.12299    9.9969200115E-01
  -7.00808   0.00000    1.0000000000E+00

   7.07071   0.00000********************
   7.06962   0.12409    9.9969200115E-01
   7.06635   0.24814    9.9876838406E-01
   7.06091   0.37212    9.9723028663E-01
   7.05329   0.49598    9.9507960377E-01
   7.04350   0.61969    9.9231898512E-01
   7.03154   0.74320    9.8895183176E-01
   7.01741   0.86649    9.8498229199E-01
   7.00113   0.98951    9.8041525627E-01
   6.98268   1.11223    9.7525635117E-01
   6.96209   1.23460    9.6951193245E-01
   6.93935   1.35660    9.6318907718E-01
   6.91447   1.47817    9.5629557511E-01
   6.88746   1.59929    9.4883991899E-01
   6.85834   1.71992    9.4083129416E-01
   6.82709   1.84002    9.3227956721E-01
   6.79375   1.95955    9.2319527383E-01
   6.75831   2.07848    9.1358960582E-01
   6.72080   2.19677    9.0347439733E-01
   6.68121   2.31438    8.9286211024E-01
   6.63956   2.43128    8.8176581883E-01
   6.59587   2.54743    8.7019919371E-01
   6.55015   2.66279    8.5817648488E-01
   6.50241   2.77733    8.4571250427E-01
   6.45266   2.89102    8.3282260745E-01
   6.40093   3.00382    8.1952267472E-01
   6.34723   3.11569    8.0582909152E-01
   6.29157   3.22661    7.9175872829E-01
   6.23398   3.33653    7.7732891966E-01
   6.17446   3.44542    7.6255744307E-01
   6.11304   3.55325    7.4746249693E-01
   6.04974   3.65999    7.3206267813E-01
   5.98458   3.76559    7.1637695918E-01
   5.91757   3.87004    7.0042466481E-01
   5.84874   3.97330    6.8422544818E-01
   5.77811   4.07533    6.6779926665E-01
   5.70570   4.17611    6.5116635720E-01
   5.63153   4.27560    6.3434721149E-01
   5.55563   4.37378    6.1736255064E-01
   5.47801   4.47060    6.0023329966E-01
   5.39871   4.56605    5.8298056172E-01
   5.31774   4.66010    5.6562559212E-01
   5.23514   4.75271    5.4818977208E-01
   5.15092   4.84385    5.3069458247E-01
   5.06512   4.93350    5.1316157728E-01
   4.97776   5.02163    4.9561235708E-01
   4.88886   5.10822    4.7806854244E-01
   4.79846   5.19323    4.6055174725E-01
   4.70658   5.27664    4.4308355213E-01
   4.61325   5.35843    4.2568547781E-01
   4.51850   5.43857    4.0837895863E-01
   4.42236   5.51703    3.9118531616E-01
   4.32486   5.59379    3.7412573288E-01
   4.22602   5.66883    3.5722122611E-01
   4.12588   5.74213    3.4049262214E-01
   4.02447   5.81365    3.2396053052E-01
   3.92182   5.88338    3.0764531871E-01
   3.81797   5.95131    2.9156708699E-01
   3.71293   6.01739    2.7574564365E-01
   3.60676   6.08163    2.6020048064E-01
   3.49947   6.14399    2.4495074954E-01
   3.39110   6.20446    2.3001523794E-01
   3.28169   6.26302    2.1541234632E-01
   3.17127   6.31965    2.0116006537E-01
   3.05988   6.37433    1.8727595385E-01
   2.94754   6.42705    1.7377711691E-01
   2.83429   6.47779    1.6068018506E-01
   2.72017   6.52653    1.4800129365E-01
   2.60521   6.57326    1.3575606303E-01
   2.48945   6.61797    1.2395957926E-01
   2.37292   6.66064    1.1262637556E-01
   2.25566   6.70126    1.0177041437E-01
   2.13771   6.73982    9.1405070194E-02
   2.01909   6.77629    8.1543113090E-02
   1.89986   6.81069    7.2196692940E-02
   1.78004   6.84298    6.3377324492E-02
   1.65967   6.87316    5.5095873167E-02
   1.53879   6.90123    4.7362541675E-02
   1.41744   6.92718    4.0186857444E-02
   1.29565   6.95098    3.3577660884E-02
   1.17346   6.97265    2.7543094495E-02
   1.05091   6.99217    2.2090592836E-02
   0.92804   7.00954    1.7226873362E-02
   0.80488   7.02475    1.2957928154E-02
   0.68147   7.03779    9.2890165331E-03
   0.55785   7.04867    6.2246585807E-03
   0.43406   7.05737    3.7686295721E-03
   0.31014   7.06390    1.9239553236E-03
   0.18612   7.06826    6.9290846547E-04
   0.06205   7.07043    7.7005641668E-05
  -0.06205   7.07043    7.7005641668E-05
  -0.18612   7.06826    6.9290846547E-04
  -0.31014   7.06390    1.9239553236E-03
  -0.43406   7.05737    3.7686295721E-03
  -0.55785   7.04867    6.2246585807E-03
  -0.68147   7.03779    9.2890165331E-03
  -0.80488   7.02475    1.2957928154E-02
  -0.92804   7.00954    1.7226873362E-02
  -1.05091   6.99217    2.2090592836E-02
  -1.17346   6.97265    2.7543094495E-02
  -1.29565   6.95098    3.3577660884E-02
  -1.41744   6.92718    4.0186857444E-02
  -1.53879   6.90123    4.7362541675E-02
  -1.65967   6.87316    5.5095873167E-02
  -1.78004   6.84298    6.3377324492E-02
  -1.89986   6.81069    7.2196692940E-02
  -2.01909   6.77629    8.1543113090E-02
  -2.13771   6.73982    9.1405070194E-02
  -2.25566   6.70126    1.0177041437E-01
  -2.37292   6.66064    1.1262637556E-01
  -2.48945   6.61797    1.2395957926E-01
  -2.60521   6.57326    1.3575606303E-01
  -2.72017   6.52653    1.4800129365E-01
  -2.83429   6.47779    1.6068018506E-01
  -2.94754   6.42705    1.7377711691E-01
  -3.05988   6.37433    1.8727595385E-01
  -3.17127   6.31965    2.0116006537E-01
  -3.28169   6.26302    2.1541234632E-01
  -3.39110   6.20446    2.3001523794E-01
  -3.49947   6.14399    2.4495074954E-01
  -3.60676   6.08163    2.6020048064E-01
  -3.71293   6.01739    2.7574564365E-01
  -3.81797   5.95131    2.9156708699E-01
  -3.92182   5.88338    3.0764531871E-01
  -4.02447   5.81365    3.2396053052E-01
  -4.12588   5.74213    3.4049262214E-01
  -4.22602   5.66883    3.5722122611E-01
  -4.32486   5.59379    3.7412573288E-01
  -4.42236   5.51703    3.9118531616E-01
  -4.51850   5.43857    4.0837895863E-01
  -4.61325   5.35843    4.2568547781E-01
  -4.70658   5.27664    4.4308355213E-01
  -4.79846   5.19323    4.6055174725E-01
  -4.88886   5.10822    4.7806854244E-01
  -4.97776   5.02163    4.9561235708E-01
  -5.06512   4.93350    5.1316157728E-01
  -5.15092   4.84385    5.3069458247E-01
  -5.23514   4.75271    5.4818977208E-01
  -5.31774   4.66010    5.6562559212E-01
  -5.39871   4.56605    5.8298056172E-01
  -5.47801   4.47060    6.0023329966E-01
  -5.55563   4.37378    6.1736255064E-01
  -5.63153   4.27560    6.3434721149E-01
  -5.70570   4.17611    6.5116635720E-01
  -5.77811   4.07533    6.6779926665E-01
  -5.84874   3.97330    6.8422544818E-01
  -5.91757   3.87004    7.0042466481E-01
  -5.98458   3.76559    7.1637695918E-01
  -6.04974   3.65999    7.3206267813E-01
  -6.11304   3.55325    7.4746249693E-01
  -6.17446   3.44542    7.6255744307E-01
  -6.23398   3.33653    7.7732891966E-01
  -6.29157   3.22661    7.9175872829E-01
  -6.34723   3.11569    8.0582909152E-01
  -6.40093   3.00382    8.1952267472E-01
  -6.45266   2.89102    8.3282260745E-01
  -6.50241   2.77733    8.4571250427E-01
  -6.55015   2.66279    8.5817648488E-01
  -6.59587   2.54743    8.7019919371E-01
  -6.63956   2.43128    8.8176581883E-01
  -6.68121   2.31438    8.9286211024E-01
  -6.72080   2.19677    9.0347439733E-01
  -6.75831   2.07848    9.1358960582E-01
  -6.79375   1.95955    9.2319527383E-01
  -6.82709   1.84002    9.3227956721E-01
  -6.85834   1.71992    9.4083129416E-01
  -6.88746   1.59929    9.4883991899E-01
  -6.91447   1.47817    9.5629557511E-01
  -6.93935   1.35660    9.6318907718E-01
  -6.96209   1.23460    9.6951193245E-01
  -6.98268   1.11223    9.7525635117E-01
  -7.00113   0.98951    9.8041525627E-01
  -7.01741   0.86649    9.8498229199E-01
  -7.03154   0.74320    9.8895183176E-01
  -7.04350   0.61969    9.9231898512E-01
  -7.05329   0.49598    9.9507960377E-01
  -7.06091   0.37212    9.9723028663E-01
  -7.06635   0.24814    9.9876838406E-01
  -7.06962   0.12409    9.9969200115E-01
  -7.07071   0.00000    1.0000000000E+00

   7.13333   0.00000********************
   7.13223   0.12519    9.9969200115E-01
   7.12894   0.25034    9.9876838406E-01
   7.12345   0.37541    9.9723028663E-01
   7.11576   0.50037    9.9507960377E-01
   7.10588   0.62518    9.9231898512E-01
   7.09382   0.74979    9.8895183176E-01
   7.07957   0.87417    9.8498229199E-01
   7.06314   0.99828    9.8041525627E-01
   7.04453   1.12208    9.7525635117E-01
   7.02375   1.24554    9.6951193245E-01
   7.00081   1.36861    9.6318907718E-01
   6.97571   1.49127    9.5629557511E-01
   6.94847   1.61346    9.4883991899E-01
   6.91908   1.73516    9.4083129416E-01
   6.88756   1.85632    9.3227956721E-01
   6.85392   1.97691    9.2319527383E-01
   6.81817   2.09689    9.1358960582E-01
   6.78032   2.21622    9.0347439733E-01
   6.74039   2.33488    8.9286211024E-01
   6.69837   2.45281    8.8176581883E-01
   6.65429   2.56999    8.7019919371E-01
   6.60816   2.68638    8.5817648488E-01
   6.56000   2.80193    8.4571250427E-01
   6.50982   2.91663    8.3282260745E-01
   6.45763   3.03043    8.1952267472E-01
   6.40345   3.14329    8.0582909152E-01
   6.34730   3.25519    7.9175872829E-01
   6.28919   3.36608    7.7732891966E-01
   6.22915   3.47594    7.6255744307E-01
   6.16719   3.58472    7.4746249693E-01
   6.10333   3.69240    7.3206267813E-01
   6.03759   3.79895    7.1637695918E-01
   5.96998   3.90432    7.0042466481E-01
   5.90055   4.00849    6.8422544818E-01
   5.82929   4.11143    6.6779926665E-01
   5.75623   4.21310    6.5116635720E-01
   5.68141   4.31347    6.3434721149E-01
   5.60483   4.41252    6.1736255064E-01
   5.52653   4.51020    6.0023329966E-01
   5.44653   4.60650    5.8298056172E-01
   5.36484   4.70137    5.6562559212E-01
   5.28151   4.79480    5.4818977208E-01
   5.19655   4.88675    5.3069458247E-01
   5.10998   4.97720    5.1316157728E-01
   5.02185   5.06611    4.9561235708E-01
   4.93217   5.15346    4.7806854244E-01
   4.84096   5.23923    4.6055174725E-01
   4.74827   5.32338    4.4308355213E-01
   4.65411   5.40589    4.2568547781E-01
   4.55852   5.48674    4.0837895863E-01
   4.46153   5.56590    3.9118531616E-01
   4.36316   5.64334    3.7412573288E-01
   4.26345   5.71904    3.5722122611E-01
   4.16242   5.79298    3.4049262214E-01
   4.06012   5.86514    3.2396053052E-01
   3.95656   5.93549    3.0764531871E-01
   3.85178   6.00402    2.9156708699E-01
   3.74582   6.07069    2.7574564365E-01
   3.63870   6.13549    2.6020048064E-01
   3.53046   6.19841    2.4495074954E-01
   3.42114   6.25941    2.3001523794E-01
   3.31076   6.31849    2.1541234632E-01
   3.19936   6.37562    2.0116006537E-01
   3.08698   6.43079    1.8727595385E-01
   2.97364   6.48397    1.7377711691E-01
   2.85939   6.53516    1.6068018506E-01
   2.74426   6.58434    1.4800129365E-01
   2.62828   6.63148    1.3575606303E-01
   2.51150   6.67659    1.2395957926E-01
   2.39394   6.71964    1.1262637556E-01
   2.27564   6.76061    1.0177041437E-01
   2.15664   6.79951    9.1405070194E-02
   2.03698   6.83631    8.1543113090E-02
   1.91669   6.87101    7.2196692940E-02
   1.79581   6.90359    6.3377324492E-02
   1.67437   6.93404    5.5095873167E-02
   1.55242   6.96236    4.7362541675E-02
   1.43000   6.98853    4.0186857444E-02
   1.30713   7.01255    3.3577660884E-02
   1.18386   7.03441    2.7543094495E-02
   1.06022   7.05410    2.2090592836E-02
   0.93626   7.07162    1.7226873362E-02
   0.81201   7.08697    1.2957928154E-02
   0.68751   7.10013    9.2890165331E-03
   0.56280   7.11110    6.2246585807E-03
   0.43791   7.11988    3.7686295721E-03
   0.31289   7.12647    1.9239553236E-03
   0.18777   7.13086    6.9290846547E-04
   0.06260   7.13306    7.7005641668E-05
  -0.06260   7.13306    7.7005641668E-05
  -0.18777   7.13086    6.9290846547E-04
  -0.31289   7.12647    1.9239553236E-03
  -0.43791   7.11988    3.7686295721E-03
  -0.56280   7.11110    6.2246585807E-03
  -0.68751   7.10013    9.2890165331E-03
  -0.81201   7.08697    1.2957928154E-02
  -0.93626   7.07162    1.7226873362E-02
  -1.06022   7.05410    2.2090592836E-02
  -1.18386   7.03441    2.7543094495E-02
  -1.30713   7.01255    3.3577660884E-02
  -1.43000   6.98853    4.0186857444E-02
  -1.55242   6.96236    4.7362541675E-02
  -1.67437   6.93404    5.5095873167E-02
  -1.79581   6.90359    6.3377324492E-02
  -1.91669   6.87101    7.2196692940E-02
  -2.03698   6.83631    8.1543113090E-02
  -2.15664   6.79951    9.1405070194E-02
  -2.27564   6.76061    1.0177041437E-01
  -2.39394   6.71964    1.1262637556E-01
  -2.51150   6.67659    1.2395957926E-01
  -2.62828   6.63148    1.3575606303E-01
  -2.74426   6.58434    1.4800129365E-01
  -2.85939   6.53516    1.6068018506E-01
  -2.97364   6.48397    1.7377711691E-01
  -3.08698   6.43079    1.8727595385E-01
  -3.19936   6.37562    2.0116006537E-01
  -3.31076   6.31849    2.1541234632E-01
  -3.42114   6.25941    2.3001523794E-01
  -3.53046   6.19841    2.4495074954E-01
  -3.63870   6.13549    2.6020048064E-01
  -3.74582   6.07069    2.7574564365E-01
  -3.85178   6.00402    2.9156708699E-01
  -3.95656   5.93549    3.0764531871E-01
  -4.06012   5.86514    3.2396053052E-01
  -4.16242   5.79298    3.4049262214E-01
  -4.26345   5.71904    3.5722122611E-01
  -4.36316   5.64334    3.7412573288E-01
  -4.46153   5.56590    3.9118531616E-01
  -4.55852   5.48674    4.0837895863E-01
  -4.65411   5.40589    4.2568547781E-01
  -4.74827   5.32338    4.4308355213E-01
  -4.84096   5.23923    4.6055174725E-01
  -4.93217   5.15346    4.7806854244E-01
  -5.02185   5.06611    4.9561235708E-01
  -5.10998   4.97720    5.1316157728E-01
  -5.19655   4.88675    5.3069458247E-01
  -5.28151   4.79480    5.4818977208E-01
  -5.36484   4.70137    5.6562559212E-01
  -5.44653   4.60650    5.8298056172E-01
  -5.52653   4.51020    6.0023329966E-01
  -5.60483   4.41252    6.1736255064E-01
  -5.68141   4.31347    6.3434721149E-01
  -5.75623   4.21310    6.5116635720E-01
  -5.82929   4.11143    6.6779926665E-01
  -5.90055   4.00849    6.8422544818E-01
  -5.96998   3.90432    7.0042466481E-01
  -6.03759   3.79895    7.1637695918E-01
  -6.10333   3.69240    7.3206267813E-01
  -6.16719   3.58472    7.4746249693E-01
  -6.22915   3.47594    7.6255744307E-01
  -6.28919   3.36608    7.7732891966E-01
  -6.34730   3.25519    7.9175872829E-01
  -6.40345   3.14329    8.0582909152E-01
  -6.45763   3.03043    8.1952267472E-01
  -6.50982   2.91663    8.3282260745E-01
  -6.56000   2.80193    8.4571250427E-01
  -6.60816   2.68638    8.5817648488E-01
  -6.65429   2.56999    8.7019919371E-01
  -6.69837   2.45281    8.8176581883E-01
  -6.74039   2.33488    8.9286211024E-01
  -6.78032   2.21622    9.0347439733E-01
  -6.81817   2.09689    9.1358960582E-01
  -6.85392   1.97691    9.2319527383E-01
  -6.88756   1.85632    9.3227956721E-01
  -6.91908   1.73516    9.4083129416E-01
  -6.94847   1.61346    9.4883991899E-01
  -6.97571   1.49127    9.5629557511E-01
  -7.00081   1.36861    9.6318907718E-01
  -7.02375   1.24554    9.6951193245E-01
  -7.04453   1.12208    9.7525635117E-01
  -7.06314   0.99828    9.8041525627E-01
  -7.07957   0.87417    9.8498229199E-01
  -7.09382   0.74979    9.8895183176E-01
  -7.10588   0.62518    9.9231898512E-01
  -7.11576   0.50037    9.9507960377E-01
  -7.12345   0.37541    9.9723028663E-01
  -7.12894   0.25034    9.9876838406E-01
  -7.13223   0.12519    9.9969200115E-01
  -7.13333   0.00000    1.0000000000E+00

   7.19596   0.00000********************
   7.19485   0.12629    9.9969200115E-01
   7.19153   0.25254    9.9876838406E-01
   7.18599   0.37871    9.9723028663E-01
   7.17823   0.50476    9.9507960377E-01
   7.16827   0.63066    9.9231898512E-01
   7.15610   0.75637    9.8895183176E-01
   7.14172   0.88184    9.8498229199E-01
   7.12515   1.00704    9.8041525627E-01
   7.10637   1.13193    9.7525635117E-01
   7.08542   1.25647    9.6951193245E-01
   7.06227   1.38063    9.6318907718E-01
   7.03696   1.50436    9.5629557511E-01
   7.00947   1.62762    9.4883991899E-01
   6.97983   1.75039    9.4083129416E-01
   6.94803   1.87262    9.3227956721E-01
   6.91410   1.99426    9.2319527383E-01
   6.87803   2.11530    9.1358960582E-01
   6.83985   2.23568    9.0347439733E-01
   6.79956   2.35538    8.9286211024E-01
   6.75718   2.47434    8.8176581883E-01
   6.71271   2.59255    8.7019919371E-01
   6.66618   2.70996    8.5817648488E-01
   6.61759   2.82653    8.4571250427E-01
   6.56697   2.94224    8.3282260745E-01
   6.51432   3.05703    8.1952267472E-01
   6.45967   3.17089    8.0582909152E-01
   6.40302   3.28377    7.9175872829E-01
   6.34441   3.39563    7.7732891966E-01
   6.28384   3.50645    7.6255744307E-01
   6.22133   3.61619    7.4746249693E-01
   6.15691   3.72482    7.3206267813E-01
   6.09059   3.83230    7.1637695918E-01
   6.02240   3.93860    7.0042466481E-01
   5.95235   4.04368    6.8422544818E-01
   5.88047   4.14752    6.6779926665E-01
   5.80677   4.25009    6.5116635720E-01
   5.73129   4.35134    6.3434721149E-01
   5.65404   4.45125    6.1736255064E-01
   5.57505   4.54980    6.0023329966E-01
   5.49434   4.64694    5.8298056172E-01
   5.41194   4.74265    5.6562559212E-01
   5.32788   4.83690    5.4818977208E-01
   5.24217   4.92965    5.3069458247E-01
   5.15485   5.02090    5.1316157728E-01
   5.06594   5.11059    4.9561235708E-01
   4.97547   5.19871    4.7806854244E-01
   4.88346   5.28523    4.6055174725E-01
   4.78996   5.37012    4.4308355213E-01
   4.69497   5.45335    4.2568547781E-01
   4.59854   5.53491    4.0837895863E-01
   4.50070   5.61476    3.9118531616E-01
   4.40147   5.69288    3.7412573288E-01
   4.30088   5.76925    3.5722122611E-01
   4.19897   5.84384    3.4049262214E-01
   4.09576   5.91663    3.2396053052E-01
   3.99130   5.98760    3.0764531871E-01
   3.88560   6.05673    2.9156708699E-01
   3.77871   6.12399    2.7574564365E-01
   3.67065   6.18936    2.6020048064E-01
   3.56146   6.25283    2.4495074954E-01
   3.45118   6.31437    2.3001523794E-01
   3.33983   6.37396    2.1541234632E-01
   3.22745   6.43159    2.0116006537E-01
   3.11408   6.48724    1.8727595385E-01
   2.99975   6.54090    1.7377711691E-01
   2.88450   6.59254    1.6068018506E-01
   2.76835   6.64214    1.4800129365E-01
   2.65136   6.68970    1.3575606303E-01
   2.53355   6.73520    1.2395957926E-01
   2.41495   6.77863    1.1262637556E-01
   2.29562   6.81997    1.0177041437E-01
   2.17557   6.85921    9.1405070194E-02
   2.05486   6.89633    8.1543113090E-02
   1.93351   6.93133    7.2196692940E-02
   1.81157   6.96420    6.3377324492E-02
   1.68907   6.99492    5.5095873167E-02
   1.56605   7.02348    4.7362541675E-02
   1.44255   7.04989    4.0186857444E-02
   1.31860   7.07412    3.3577660884E-02
   1.19425   7.09617    2.7543094495E-02
   1.06953   7.11603    2.2090592836E-02
   0.94448   7.13371    1.7226873362E-02
   0.81914   7.14919    1.2957928154E-02
   0.69354   7.16246    9.2890165331E-03
   0.56774   7.17353    6.2246585807E-03
   0.44175   7.18239    3.7686295721E-03
   0.31564   7.18903    1.9239553236E-03
   0.18942   7.19347    6.9290846547E-04
   0.06315   7.19568    7.7005641668E-05
  -0.06315   7.19568    7.7005641668E-05
  -0.18942   7.19347    6.9290846547E-04
  -0.31564   7.18903    1.9239553236E-03
  -0.44175   7.18239    3.7686295721E-03
  -0.56774   7.17353    6.2246585807E-03
  -0.69354   7.16246    9.2890165331E-03
  -0.81914   7.14919    1.2957928154E-02
  -0.94448   7.13371    1.7226873362E-02
  -1.06953   7.11603    2.2090592836E-02
  -1.19425   7.09617    2.7543094495E-02
  -1.31860   7.07412    3.3577660884E-02
  -1.44255   7.04989    4.0186857444E-02
  -1.56605   7.02348    4.7362541675E-02
  -1.68907   6.99492    5.5095873167E-02
  -1.81157   6.96420    6.3377324492E-02
  -1.93351   6.93133    7.2196692940E-02
  -2.05486   6.89633    8.1543113090E-02
  -2.17557   6.85921    9.1405070194E-02
  -2.29562   6.81997    1.0177041437E-01
  -2.41495   6.77863    1.1262637556E-01
  -2.53355   6.73520    1.2395957926E-01
  -2.65136   6.68970    1.3575606303E-01
  -2.76835   6.64214    1.4800129365E-01
  -2.88450   6.59254    1.6068018506E-01
  -2.99975   6.54090    1.7377711691E-01
  -3.11408   6.48724    1.8727595385E-01
  -3.22745   6.43159    2.0116006537E-01
  -3.33983   6.37396    2.1541234632E-01
  -3.45118   6.31437    2.3001523794E-01
  -3.56146   6.25283    2.4495074954E-01
  -3.67065   6.18936    2.6020048064E-01
  -3.77871   6.12399    2.7574564365E-01
  -3.88560   6.05673    2.9156708699E-01
  -3.99130   5.98760    3.0764531871E-01
  -4.09576   5.91663    3.2396053052E-01
  -4.19897   5.84384    3.4049262214E-01
  -4.30088   5.76925    3.5722122611E-01
  -4.40147   5.69288    3.7412573288E-01
  -4.50070   5.61476    3.9118531616E-01
  -4.59854   5.53491    4.0837895863E-01
  -4.69497   5.45335    4.2568547781E-01
  -4.78996   5.37012    4.4308355213E-01
  -4.88346   5.28523    4.6055174725E-01
  -4.97547   5.19871    4.7806854244E-01
  -5.06594   5.11059    4.9561235708E-01
  -5.15485   5.02090    5.1316157728E-01
  -5.24217   4.92965    5.3069458247E-01
  -5.32788   4.83690    5.4818977208E-01
  -5.41194   4.74265    5.6562559212E-01
  -5.49434   4.64694    5.8298056172E-01
  -5.57505   4.54980    6.0023329966E-01
  -5.65404   4.45125    6.1736255064E-01
  -5.73129   4.35134    6.3434721149E-01
  -5.80677   4.25009    6.5116635720E-01
  -5.88047   4.14752    6.6779926665E-01
  -5.95235   4.04368    6.8422544818E-01
  -6.02240   3.93860    7.0042466481E-01
  -6.09059   3.83230    7.1637695918E-01
  -6.15691   3.72482    7.3206267813E-01
  -6.22133   3.61619    7.4746249693E-01
  -6.28384   3.50645    7.6255744307E-01
  -6.34441   3.39563    7.7732891966E-01
  -6.40302   3.28377    7.9175872829E-01
  -6.45967   3.17089    8.0582909152E-01
  -6.51432   3.05703    8.1952267472E-01
  -6.56697   2.94224    8.3282260745E-01
  -6.61759   2.82653    8.4571250427E-01
  -6.66618   2.70996    8.5817648488E-01
  -6.71271   2.59255    8.7019919371E-01
  -6.75718   2.47434    8.8176581883E-01
  -6.79956   2.35538    8.9286211024E-01
  -6.83985   2.23568    9.0347439733E-01
  -6.87803   2.11530    9.1358960582E-01
  -6.91410   1.99426    9.2319527383E-01
  -6.94803   1.87262    9.3227956721E-01
  -6.97983   1.75039    9.4083129416E-01
  -7.00947   1.62762    9.4883991899E-01
  -7.03696   1.50436    9.5629557511E-01
  -7.06227   1.38063    9.6318907718E-01
  -7.08542   1.25647    9.6951193245E-01
  -7.10637   1.13193    9.7525635117E-01
  -7.12515   1.00704    9.8041525627E-01
  -7.14172   0.88184    9.8498229199E-01
  -7.15610   0.75637    9.8895183176E-01
  -7.16827   0.63066    9.9231898512E-01
  -7.17823   0.50476    9.9507960377E-01
  -7.18599   0.37871    9.9723028663E-01
  -7.19153   0.25254    9.9876838406E-01
  -7.19485   0.12629    9.9969200115E-01
  -7.19596   0.00000    1.0000000000E+00

   7.25859   0.00000********************
   7.25747   0.12739    9.9969200115E-01
   7.25411   0.25474    9.9876838406E-01
   7.24853   0.38201    9.9723028663E-01
   7.24071   0.50916    9.9507960377E-01
   7.23066   0.63615    9.9231898512E-01
   7.21838   0.76295    9.8895183176E-01
   7.20388   0.88952    9.8498229199E-01
   7.18716   1.01581    9.8041525627E-01
   7.16822   1.14178    9.7525635117E-01
   7.14708   1.26741    9.6951193245E-01
   7.12374   1.39264    9.6318907718E-01
   7.09820   1.51745    9.5629557511E-01
   7.07047   1.64179    9.4883991899E-01
   7.04057   1.76562    9.4083129416E-01
   7.00850   1.88891    9.3227956721E-01
   6.97427   2.01162    9.2319527383E-01
   6.93789   2.13371    9.1358960582E-01
   6.89938   2.25514    9.0347439733E-01
   6.85874   2.37587    8.9286211024E-01
   6.81599   2.49588    8.8176581883E-01
   6.77113   2.61511    8.7019919371E-01
   6.72420   2.73354    8.5817648488E-01
   6.67519   2.85113    8.4571250427E-01
   6.62412   2.96784    8.3282260745E-01
   6.57102   3.08364    8.1952267472E-01
   6.51589   3.19848    8.0582909152E-01
   6.45875   3.31234    7.9175872829E-01
   6.39962   3.42518    7.7732891966E-01
   6.33853   3.53697    7.6255744307E-01
   6.27548   3.64767    7.4746249693E-01
   6.21049   3.75724    7.3206267813E-01
   6.14360   3.86565    7.1637695918E-01
   6.07481   3.97288    7.0042466481E-01
   6.00415   4.07888    6.8422544818E-01
   5.93164   4.18362    6.6779926665E-01
   5.85731   4.28708    6.5116635720E-01
   5.78117   4.38921    6.3434721149E-01
   5.70325   4.48999    6.1736255064E-01
   5.62357   4.58939    6.0023329966E-01
   5.54216   4.68738    5.8298056172E-01
   5.45904   4.78392    5.6562559212E-01
   5.37425   4.87899    5.4818977208E-01
   5.28779   4.97256    5.3069458247E-01
   5.19971   5.06459    5.1316157728E-01
   5.11003   5.15507    4.9561235708E-01
   5.01877   5.24395    4.7806854244E-01
   4.92596   5.33122    4.6055174725E-01
   4.83164   5.41685    4.4308355213E-01
   4.73583   5.50081    4.2568547781E-01
   4.63857   5.58308    4.0837895863E-01
   4.53987   5.66363    3.9118531616E-01
   4.43977   5.74243    3.7412573288E-01
   4.33831   5.81946    3.5722122611E-01
   4.23551   5.89470    3.4049262214E-01
   4.13141   5.96813    3.2396053052E-01
   4.02603   6.03971    3.0764531871E-01
   3.91942   6.10944    2.9156708699E-01
   3.81159   6.17728    2.7574564365E-01
   3.70259   6.24323    2.6020048064E-01
   3.59246   6.30724    2.4495074954E-01
   3.48121   6.36932    2.3001523794E-01
   3.36889   6.42943    2.1541234632E-01
   3.25554   6.48757    2.0116006537E-01
   3.14118   6.54370    1.8727595385E-01
   3.02586   6.59782    1.7377711691E-01
   2.90960   6.64991    1.6068018506E-01
   2.79245   6.69995    1.4800129365E-01
   2.67443   6.74792    1.3575606303E-01
   2.55560   6.79382    1.2395957926E-01
   2.43597   6.83762    1.1262637556E-01
   2.31560   6.87932    1.0177041437E-01
   2.19451   6.91890    9.1405070194E-02
   2.07274   6.95635    8.1543113090E-02
   1.95034   6.99165    7.2196692940E-02
   1.82734   7.02481    6.3377324492E-02
   1.70377   7.05579    5.5095873167E-02
   1.57968   7.08461    4.7362541675E-02
   1.45510   7.11124    4.0186857444E-02
   1.33008   7.13568    3.3577660884E-02
   1.20464   7.15793    2.7543094495E-02
   1.07884   7.17796    2.2090592836E-02
   0.95270   7.19579    1.7226873362E-02
   0.82627   7.21140    1.2957928154E-02
   0.69958   7.22479    9.2890165331E-03
   0.57268   7.23596    6.2246585807E-03
   0.44560   7.24490    3.7686295721E-03
   0.31838   7.25160    1.9239553236E-03
   0.19107   7.25607    6.9290846547E-04
   0.06370   7.25831    7.7005641668E-05
  -0.06370   7.25831    7.7005641668E-05
  -0.19107   7.25607    6.9290846547E-04
  -0.31838   7.25160    1.9239553236E-03
  -0.44560   7.24490    3.7686295721E-03
  -0.57268   7.23596    6.2246585807E-03
  -0.69958   7.22479    9.2890165331E-03
  -0.82627   7.21140    1.2957928154E-02
  -0.95270   7.19579    1.7226873362E-02
  -1.07884   7.17796    2.2090592836E-02
  -1.20464   7.15793    2.7543094495E-02
  -1.33008   7.13568    3.3577660884E-02
  -1.45510   7.11124    4.0186857444E-02
  -1.57968   7.08461    4.7362541675E-02
  -1.70377   7.05579    5.5095873167E-02
  -1.82734   7.02481    6.3377324492E-02
  -1.95034   6.99165    7.2196692940E-02
  -2.07274   6.95635    8.1543113090E-02
  -2.19451   6.91890    9.1405070194E-02
  -2.31560   6.87932    1.0177041437E-01
  -2.43597   6.83762    1.1262637556E-01
  -2.55560   6.79382    1.2395957926E-01
  -2.67443   6.74792    1.3575606303E-01
  -2.79245   6.69995    1.4800129365E-01
  -2.90960   6.64991    1.6068018506E-01
  -3.02586   6.59782    1.7377711691E-01
  -3.14118   6.54370    1.8727595385E-01
  -3.25554   6.48757    2.0116006537E-01
  -3.36889   6.42943    2.1541234632E-01
  -3.48121   6.36932    2.3001523794E-01
  -3.59246   6.30724    2.4495074954E-01
  -3.70259   6.24323    2.6020048064E-01
  -3.81159   6.17728    2.7574564365E-01
  -3.91942   6.10944    2.9156708699E-01
  -4.02603   6.03971    3.0764531871E-01
  -4.13141   5.96813    3.2396053052E-01
  -4.23551   5.89470    3.4049262214E-01
  -4.33831   5.81946    3.5722122611E-01
  -4.43977   5.74243    3.7412573288E-01
  -4.53987   5.66363    3.9118531616E-01
  -4.63857   5.58308    4.0837895863E-01
  -4.73583   5.50081    4.2568547781E-01
  -4.83164   5.41685    4.4308355213E-01
  -4.92596   5.33122    4.6055174725E-01
  -5.01877   5.24395    4.7806854244E-01
  -5.11003   5.15507    4.9561235708E-01
  -5.19971   5.06459    5.1316157728E-01
  -5.28779   4.97256    5.3069458247E-01
  -5.37425   4.87899    5.4818977208E-01
  -5.45904   4.78392    5.6562559212E-01
  -5.54216   4.68738    5.8298056172E-01
  -5.62357   4.58939    6.0023329966E-01
  -5.70325   4.48999    6.1736255064E-01
  -5.78117   4.38921    6.3434721149E-01
  -5.85731   4.28708    6.5116635720E-01
  -5.93164   4.18362    6.6779926665E-01
  -6.00415   4.07888    6.8422544818E-01
  -6.07481   3.97288    7.0042466481E-01
  -6.14360   3.86565    7.1637695918E-01
  -6.21049   3.75724    7.3206267813E-01
  -6.27548   3.64767    7.4746249693E-01
  -6.33853   3.53697    7.6255744307E-01
  -6.39962   3.42518    7.7732891966E-01
  -6.45875   3.31234    7.9175872829E-01
  -6.51589   3.19848    8.0582909152E-01
  -6.57102   3.08364    8.1952267472E-01
  -6.62412   2.96784    8.3282260745E-01
  -6.67519   2.85113    8.4571250427E-01
  -6.72420   2.73354    8.5817648488E-01
  -6.77113   2.61511    8.7019919371E-01
  -6.81599   2.49588    8.8176581883E-01
  -6.85874   2.37587    8.9286211024E-01
  -6.89938   2.25514    9.0347439733E-01
  -6.93789   2.13371    9.1358960582E-01
  -6.97427   2.01162    9.2319527383E-01
  -7.00850   1.88891    9.3227956721E-01
  -7.04057   1.76562    9.4083129416E-01
  -7.07047   1.64179    9.4883991899E-01
  -7.09820   1.51745    9.5629557511E-01
  -7.12374   1.39264    9.6318907718E-01
  -7.14708   1.26741    9.6951193245E-01
  -7.16822   1.14178    9.7525635117E-01
  -7.18716   1.01581    9.8041525627E-01
  -7.20388   0.88952    9.8498229199E-01
  -7.21838   0.76295    9.8895183176E-01
  -7.23066   0.63615    9.9231898512E-01
  -7.24071   0.50916    9.9507960377E-01
  -7.24853   0.38201    9.9723028663E-01
  -7.25411   0.25474    9.9876838406E-01
  -7.25747   0.12739    9.9969200115E-01
  -7.25859   0.00000    1.0000000000E+00

   7.32121   0.00000********************
   7.32008   0.12849    9.9969200115E-01
   7.31670   0.25693    9.9876838406E-01
   7.31107   0.38530    9.9723028663E-01
   7.30318   0.51355    9.9507960377E-01
   7.29304   0.64164    9.9231898512E-01
   7.28066   0.76953    9.8895183176E-01
   7.26603   0.89719    9.8498229199E-01
   7.24917   1.02457    9.8041525627E-01
   7.23007   1.15164    9.7525635117E-01
   7.20874   1.27834    9.6951193245E-01
   7.18520   1.40466    9.6318907718E-01
   7.15944   1.53054    9.5629557511E-01
   7.13148   1.65596    9.4883991899E-01
   7.10132   1.78086    9.4083129416E-01
   7.06897   1.90521    9.3227956721E-01
   7.03444   2.02898    9.2319527383E-01
   6.99775   2.15212    9.1358960582E-01
   6.95891   2.27460    9.0347439733E-01
   6.91791   2.39637    8.9286211024E-01
   6.87479   2.51741    8.8176581883E-01
   6.82955   2.63768    8.7019919371E-01
   6.78221   2.75713    8.5817648488E-01
   6.73278   2.87573    8.4571250427E-01
   6.68127   2.99345    8.3282260745E-01
   6.62771   3.11024    8.1952267472E-01
   6.57210   3.22608    8.0582909152E-01
   6.51447   3.34092    7.9175872829E-01
   6.45484   3.45474    7.7732891966E-01
   6.39321   3.56749    7.6255744307E-01
   6.32962   3.67914    7.4746249693E-01
   6.26408   3.78965    7.3206267813E-01
   6.19660   3.89900    7.1637695918E-01
   6.12722   4.00715    7.0042466481E-01
   6.05595   4.11407    6.8422544818E-01
   5.98282   4.21972    6.6779926665E-01
   5.90784   4.32406    6.5116635720E-01
   5.83105   4.42708    6.3434721149E-01
   5.75245   4.52873    6.1736255064E-01
   5.67209   4.62899    6.0023329966E-01
   5.58998   4.72782    5.8298056172E-01
   5.50614   4.82520    5.6562559212E-01
   5.42061   4.92109    5.4818977208E-01
   5.33341   5.01546    5.3069458247E-01
   5.24457   5.10829    5.1316157728E-01
   5.15411   5.19954    4.9561235708E-01
   5.06207   5.28920    4.7806854244E-01
   4.96846   5.37722    4.6055174725E-01
   4.87333   5.46359    4.4308355213E-01
   4.77669   5.54827    4.2568547781E-01
   4.67859   5.63125    4.0837895863E-01
   4.57904   5.71249    3.9118531616E-01
   4.47808   5.79197    3.7412573288E-01
   4.37574   5.86967    3.5722122611E-01
   4.27206   5.94556    3.4049262214E-01
   4.16705   6.01962    3.2396053052E-01
   4.06077   6.09182    3.0764531871E-01
   3.95323   6.16215    2.9156708699E-01
   3.84448   6.23058    2.7574564365E-01
   3.73454   6.29709    2.6020048064E-01
   3.62345   6.36166    2.4495074954E-01
   3.51125   6.42427    2.3001523794E-01
   3.39796   6.48491    2.1541234632E-01
   3.28363   6.54354    2.0116006537E-01
   3.16828   6.60016    1.8727595385E-01
   3.05196   6.65475    1.7377711691E-01
   2.93470   6.70728    1.6068018506E-01
   2.81654   6.75776    1.4800129365E-01
   2.69751   6.80614    1.3575606303E-01
   2.57764   6.85244    1.2395957926E-01
   2.45699   6.89662    1.1262637556E-01
   2.33557   6.93868    1.0177041437E-01
   2.21344   6.97860    9.1405070194E-02
   2.09063   7.01637    8.1543113090E-02
   1.96717   7.05198    7.2196692940E-02
   1.84310   7.08542    6.3377324492E-02
   1.71847   7.11667    5.5095873167E-02
   1.59331   7.14573    4.7362541675E-02
   1.46766   7.17260    4.0186857444E-02
   1.34155   7.19725    3.3577660884E-02
   1.21504   7.21968    2.7543094495E-02
   1.08814   7.23990    2.2090592836E-02
   0.96092   7.25788    1.7226873362E-02
   0.83339   7.27362    1.2957928154E-02
   0.70562   7.28713    9.2890165331E-03
   0.57762   7.29839    6.2246585807E-03
   0.44944   7.30740    3.7686295721E-03
   0.32113   7.31417    1.9239553236E-03
   0.19272   7.31868    6.9290846547E-04
   0.06425   7.32093    7.7005641668E-05
  -0.06425   7.32093    7.7005641668E-05
  -0.19272   7.31868    6.9290846547E-04
  -0.32113   7.31417    1.9239553236E-03
  -0.44944   7.30740    3.7686295721E-03
  -0.57762   7.29839    6.2246585807E-03
  -0.70562   7.28713    9.2890165331E-03
  -0.83339   7.27362    1.2957928154E-02
  -0.96092   7.25788    1.7226873362E-02
  -1.08814   7.23990    2.2090592836E-02
  -1.21504   7.21968    2.7543094495E-02
  -1.34155   7.19725    3.3577660884E-02
  -1.46766   7.17260    4.0186857444E-02
  -1.59331   7.14573    4.7362541675E-02
  -1.71847   7.11667    5.5095873167E-02
  -1.84310   7.08542    6.3377324492E-02
  -1.96717   7.05198    7.2196692940E-02
  -2.09063   7.01637    8.1543113090E-02
  -2.21344   6.97860    9.1405070194E-02
  -2.33557   6.93868    1.0177041437E-01
  -2.45699   6.89662    1.1262637556E-01
  -2.57764   6.85244    1.2395957926E-01
  -2.69751   6.80614    1.3575606303E-01
  -2.81654   6.75776    1.4800129365E-01
  -2.93470   6.70728    1.6068018506E-01
  -3.05196   6.65475    1.7377711691E-01
  -3.16828   6.60016    1.8727595385E-01
  -3.28363   6.54354    2.0116006537E-01
  -3.39796   6.48491    2.1541234632E-01
  -3.51125   6.42427    2.3001523794E-01
  -3.62345   6.36166    2.4495074954E-01
  -3.73454   6.29709    2.6020048064E-01
  -3.84448   6.23058    2.7574564365E-01
  -3.95323   6.16215    2.9156708699E-01
  -4.06077   6.09182    3.0764531871E-01
  -4.16705   6.01962    3.2396053052E-01
  -4.27206   5.94556    3.4049262214E-01
  -4.37574   5.86967    3.5722122611E-01
  -4.47808   5.79197    3.7412573288E-01
  -4.57904   5.71249    3.9118531616E-01
  -4.67859   5.63125    4.0837895863E-01
  -4.77669   5.54827    4.2568547781E-01
  -4.87333   5.46359    4.4308355213E-01
  -4.96846   5.37722    4.6055174725E-01
  -5.06207   5.28920    4.7806854244E-01
  -5.15411   5.19954    4.9561235708E-01
  -5.24457   5.10829    5.1316157728E-01
  -5.33341   5.01546    5.3069458247E-01
  -5.42061   4.92109    5.4818977208E-01
  -5.50614   4.82520    5.6562559212E-01
  -5.58998   4.72782    5.8298056172E-01
  -5.67209   4.62899    6.0023329966E-01
  -5.75245   4.52873    6.1736255064E-01
  -5.83105   4.42708    6.3434721149E-01
  -5.90784   4.32406    6.5116635720E-01
  -5.98282   4.21972    6.6779926665E-01
  -6.05595   4.11407    6.8422544818E-01
  -6.12722   4.00715    7.0042466481E-01
  -6.19660   3.89900    7.1637695918E-01
  -6.26408   3.78965    7.3206267813E-01
  -6.32962   3.67914    7.4746249693E-01
  -6.39321   3.56749    7.6255744307E-01
  -6.45484   3.45474    7.7732891966E-01
  -6.51447   3.34092    7.9175872829E-01
  -6.57210   3.22608    8.0582909152E-01
  -6.62771   3.11024    8.1952267472E-01
  -6.68127   2.99345    8.3282260745E-01
  -6.73278   2.87573    8.4571250427E-01
  -6.78221   2.75713    8.5817648488E-01
  -6.82955   2.63768    8.7019919371E-01
  -6.87479   2.51741    8.8176581883E-01
  -6.91791   2.39637    8.9286211024E-01
  -6.95891   2.27460    9.0347439733E-01
  -6.99775   2.15212    9.1358960582E-01
  -7.03444   2.02898    9.2319527383E-01
  -7.06897   1.90521    9.3227956721E-01
  -7.10132   1.78086    9.4083129416E-01
  -7.13148   1.65596    9.4883991899E-01
  -7.15944   1.53054    9.5629557511E-01
  -7.18520   1.40466    9.6318907718E-01
  -7.20874   1.27834    9.6951193245E-01
  -7.23007   1.15164    9.7525635117E-01
  -7.24917   1.02457    9.8041525627E-01
  -7.26603   0.89719    9.8498229199E-01
  -7.28066   0.76953    9.8895183176E-01
  -7.29304   0.64164    9.9231898512E-01
  -7.30318   0.51355    9.9507960377E-01
  -7.31107   0.38530    9.9723028663E-01
  -7.31670   0.25693    9.9876838406E-01
  -7.32008   0.12849    9.9969200115E-01
  -7.32121   0.00000    1.0000000000E+00

   7.38384   0.00000********************
   7.38270   0.12959    9.9969200115E-01
   7.37929   0.25913    9.9876838406E-01
   7.37361   0.38860    9.9723028663E-01
   7.36565   0.51794    9.9507960377E-01
   7.35543   0.64713    9.9231898512E-01
   7.34294   0.77612    9.8895183176E-01
   7.32818   0.90487    9.8498229199E-01
   7.31118   1.03333    9.8041525627E-01
   7.29191   1.16149    9.7525635117E-01
   7.27041   1.28928    9.6951193245E-01
   7.24666   1.41668    9.6318907718E-01
   7.22068   1.54364    9.5629557511E-01
   7.19248   1.67012    9.4883991899E-01
   7.16206   1.79609    9.4083129416E-01
   7.12944   1.92151    9.3227956721E-01
   7.09462   2.04633    9.2319527383E-01
   7.05761   2.17053    9.1358960582E-01
   7.01843   2.29405    9.0347439733E-01
   6.97709   2.41687    8.9286211024E-01
   6.93360   2.53895    8.8176581883E-01
   6.88797   2.66024    8.7019919371E-01
   6.84023   2.78071    8.5817648488E-01
   6.79037   2.90033    8.4571250427E-01
   6.73843   3.01905    8.3282260745E-01
   6.68440   3.13685    8.1952267472E-01
   6.62832   3.25368    8.0582909152E-01
   6.57020   3.36950    7.9175872829E-01
   6.51005   3.48429    7.7732891966E-01
   6.44790   3.59800    7.6255744307E-01
   6.38376   3.71061    7.4746249693E-01
   6.31766   3.82207    7.3206267813E-01
   6.24961   3.93236    7.1637695918E-01
   6.17964   4.04143    7.0042466481E-01
   6.10776   4.14926    6.8422544818E-01
   6.03400   4.25581    6.6779926665E-01
   5.95838   4.36105    6.5116635720E-01
   5.88093   4.46495    6.3434721149E-01
   5.80166   4.56747    6.1736255064E-01
   5.72061   4.66859    6.0023329966E-01
   5.63779   4.76826    5.8298056172E-01
   5.55324   4.86647    5.6562559212E-01
   5.46698   4.96318    5.4818977208E-01
   5.37904   5.05836    5.3069458247E-01
   5.28943   5.15199    5.1316157728E-01
   5.19820   5.24402    4.9561235708E-01
   5.10537   5.33444    4.7806854244E-01
   5.01097   5.42322    4.6055174725E-01
   4.91502   5.51032    4.4308355213E-01
   4.81755   5.59573    4.2568547781E-01
   4.71861   5.67942    4.0837895863E-01
   4.61821   5.76136    3.9118531616E-01
   4.51639   5.84152    3.7412573288E-01
   4.41317   5.91988    3.5722122611E-01
   4.30860   5.99642    3.4049262214E-01
   4.20270   6.07111    3.2396053052E-01
   4.09550   6.14393    3.0764531871E-01
   3.98705   6.21486    2.9156708699E-01
   3.87736   6.28388    2.7574564365E-01
   3.76648   6.35096    2.6020048064E-01
   3.65445   6.41608    2.4495074954E-01
   3.54128   6.47923    2.3001523794E-01
   3.42703   6.54038    2.1541234632E-01
   3.31172   6.59952    2.0116006537E-01
   3.19538   6.65662    1.8727595385E-01
   3.07807   6.71167    1.7377711691E-01
   2.95981   6.76466    1.6068018506E-01
   2.84063   6.81556    1.4800129365E-01
   2.72058   6.86436    1.3575606303E-01
   2.59969   6.91105    1.2395957926E-01
   2.47801   6.95561    1.1262637556E-01
   2.35555   6.99803    1.0177041437E-01
   2.23238   7.03829    9.1405070194E-02
   2.10851   7.07639    8.1543113090E-02
   1.98400   7.11230    7.2196692940E-02
   1.85887   7.14602    6.3377324492E-02
   1.73317   7.17755    5.5095873167E-02
   1.60694   7.20686    4.7362541675E-02
   1.48021   7.23395    4.0186857444E-02
   1.35303   7.25881    3.3577660884E-02
   1.22543   7.28144    2.7543094495E-02
   1.09745   7.30183    2.2090592836E-02
   0.96914   7.31996    1.7226873362E-02
   0.84052   7.33584    1.2957928154E-02
   0.71165   7.34946    9.2890165331E-03
   0.58256   7.36082    6.2246585807E-03
   0.45329   7.36991    3.7686295721E-03
   0.32388   7.37673    1.9239553236E-03
   0.19437   7.38128    6.9290846547E-04
   0.06480   7.38355    7.7005641668E-05
  -0.06480   7.38355    7.7005641668E-05
  -0.19437   7.38128    6.9290846547E-04
  -0.32388   7.37673    1.9239553236E-03
  -0.45329   7.36991    3.7686295721E-03
  -0.58256   7.36082    6.2246585807E-03
  -0.71165   7.34946    9.2890165331E-03
  -0.84052   7.33584    1.2957928154E-02
  -0.96914   7.31996    1.7226873362E-02
  -1.09745   7.30183    2.2090592836E-02
  -1.22543   7.28144    2.7543094495E-02
  -1.35303   7.25881    3.3577660884E-02
  -1.48021   7.23395    4.0186857444E-02
  -1.60694   7.20686    4.7362541675E-02
  -1.73317   7.17755    5.5095873167E-02
  -1.85887   7.14602    6.3377324492E-02
  -1.98400   7.11230    7.2196692940E-02
  -2.10851   7.07639    8.1543113090E-02
  -2.23238   7.03829    9.1405070194E-02
  -2.35555   6.99803    1.0177041437E-01
  -2.47801   6.95561    1.1262637556E-01
  -2.59969   6.91105    1.2395957926E-01
  -2.72058   6.86436    1.3575606303E-01
  -2.84063   6.81556    1.4800129365E-01
  -2.95981   6.76466    1.6068018506E-01
  -3.07807   6.71167    1.7377711691E-01
  -3.19538   6.65662    1.8727595385E-01
  -3.31172   6.59952    2.0116006537E-01
  -3.42703   6.54038    2.1541234632E-01
  -3.54128   6.47923    2.3001523794E-01
  -3.65445   6.41608    2.4495074954E-01
  -3.76648   6.35096    2.6020048064E-01
  -3.87736   6.28388    2.7574564365E-01
  -3.98705   6.21486    2.9156708699E-01
  -4.09550   6.14393    3.0764531871E-01
  -4.20270   6.07111    3.2396053052E-01
  -4.30860   5.99642    3.4049262214E-01
  -4.41317   5.91988    3.5722122611E-01
  -4.51639   5.84152    3.7412573288E-01
  -4.61821   5.76136    3.9118531616E-01
  -4.71861   5.67942    4.0837895863E-01
  -4.81755   5.59573    4.2568547781E-01
  -4.91502   5.51032    4.4308355213E-01
  -5.01097   5.42322    4.6055174725E-01
  -5.10537   5.33444    4.7806854244E-01
  -5.19820   5.24402    4.9561235708E-01
  -5.28943   5.15199    5.1316157728E-01
  -5.37904   5.05836    5.3069458247E-01
  -5.46698   4.96318    5.4818977208E-01
  -5.55324   4.86647    5.6562559212E-01
  -5.63779   4.76826    5.8298056172E-01
  -5.72061   4.66859    6.0023329966E-01
  -5.80166   4.56747    6.1736255064E-01
  -5.88093   4.46495    6.3434721149E-01
  -5.95838   4.36105    6.5116635720E-01
  -6.03400   4.25581    6.6779926665E-01
  -6.10776   4.14926    6.8422544818E-01
  -6.17964   4.04143    7.0042466481E-01
  -6.24961   3.93236    7.1637695918E-01
  -6.31766   3.82207    7.3206267813E-01
  -6.38376   3.71061    7.4746249693E-01
  -6.44790   3.59800    7.6255744307E-01
  -6.51005   3.48429    7.7732891966E-01
  -6.57020   3.36950    7.9175872829E-01
  -6.62832   3.25368    8.0582909152E-01
  -6.68440   3.13685    8.1952267472E-01
  -6.73843   3.01905    8.3282260745E-01
  -6.79037   2.90033    8.4571250427E-01
  -6.84023   2.78071    8.5817648488E-01
  -6.88797   2.66024    8.7019919371E-01
  -6.93360   2.53895    8.8176581883E-01
  -6.97709   2.41687    8.9286211024E-01
  -7.01843   2.29405    9.0347439733E-01
  -7.05761   2.17053    9.1358960582E-01
  -7.09462   2.04633    9.2319527383E-01
  -7.12944   1.92151    9.3227956721E-01
  -7.16206   1.79609    9.4083129416E-01
  -7.19248   1.67012    9.4883991899E-01
  -7.22068   1.54364    9.5629557511E-01
  -7.24666   1.41668    9.6318907718E-01
  -7.27041   1.28928    9.6951193245E-01
  -7.29191   1.16149    9.7525635117E-01
  -7.31118   1.03333    9.8041525627E-01
  -7.32818   0.90487    9.8498229199E-01
  -7.34294   0.77612    9.8895183176E-01
  -7.35543   0.64713    9.9231898512E-01
  -7.36565   0.51794    9.9507960377E-01
  -7.37361   0.38860    9.9723028663E-01
  -7.37929   0.25913    9.9876838406E-01
  -7.38270   0.12959    9.9969200115E-01
  -7.38384   0.00000    1.0000000000E+00

   7.44646   0.00000********************
   7.44532   0.13068    9.9969200115E-01
   7.44188   0.26133    9.9876838406E-01
   7.43615   0.39189    9.9723028663E-01
   7.42812   0.52234    9.9507960377E-01
   7.41781   0.65262    9.9231898512E-01
   7.40522   0.78270    9.8895183176E-01
   7.39034   0.91254    9.8498229199E-01
   7.37319   1.04210    9.8041525627E-01
   7.35376   1.17134    9.7525635117E-01
   7.33207   1.30021    9.6951193245E-01
   7.30812   1.42869    9.6318907718E-01
   7.28193   1.55673    9.5629557511E-01
   7.25348   1.68429    9.4883991899E-01
   7.22281   1.81132    9.4083129416E-01
   7.18991   1.93780    9.3227956721E-01
   7.15479   2.06369    9.2319527383E-01
   7.11747   2.18894    9.1358960582E-01
   7.07796   2.31351    9.0347439733E-01
   7.03627   2.43737    8.9286211024E-01
   6.99241   2.56048    8.8176581883E-01
   6.94639   2.68280    8.7019919371E-01
   6.89824   2.80430    8.5817648488E-01
   6.84796   2.92493    8.4571250427E-01
   6.79558   3.04466    8.3282260745E-01
   6.74110   3.16345    8.1952267472E-01
   6.68454   3.28127    8.0582909152E-01
   6.62593   3.39808    7.9175872829E-01
   6.56527   3.51384    7.7732891966E-01
   6.50259   3.62852    7.6255744307E-01
   6.43791   3.74208    7.4746249693E-01
   6.37124   3.85449    7.3206267813E-01
   6.30262   3.96571    7.1637695918E-01
   6.23205   4.07571    7.0042466481E-01
   6.15956   4.18445    6.8422544818E-01
   6.08518   4.29191    6.6779926665E-01
   6.00892   4.39804    6.5116635720E-01
   5.93081   4.50282    6.3434721149E-01
   5.85087   4.60621    6.1736255064E-01
   5.76913   4.70818    6.0023329966E-01
   5.68561   4.80871    5.8298056172E-01
   5.60034   4.90775    5.6562559212E-01
   5.51335   5.00528    5.4818977208E-01
   5.42466   5.10127    5.3069458247E-01
   5.33430   5.19568    5.1316157728E-01
   5.24229   5.28850    4.9561235708E-01
   5.14867   5.37969    4.7806854244E-01
   5.05347   5.46922    4.6055174725E-01
   4.95670   5.55706    4.4308355213E-01
   4.85841   5.64319    4.2568547781E-01
   4.75863   5.72759    4.0837895863E-01
   4.65738   5.81022    3.9118531616E-01
   4.55469   5.89106    3.7412573288E-01
   4.45060   5.97009    3.5722122611E-01
   4.34514   6.04728    3.4049262214E-01
   4.23834   6.12260    3.2396053052E-01
   4.13024   6.19604    3.0764531871E-01
   4.02086   6.26757    2.9156708699E-01
   3.91025   6.33717    2.7574564365E-01
   3.79843   6.40482    2.6020048064E-01
   3.68544   6.47050    2.4495074954E-01
   3.57132   6.53418    2.3001523794E-01
   3.45609   6.59585    2.1541234632E-01
   3.33980   6.65549    2.0116006537E-01
   3.22249   6.71308    1.8727595385E-01
   3.10418   6.76860    1.7377711691E-01
   2.98491   6.82203    1.6068018506E-01
   2.86472   6.87337    1.4800129365E-01
   2.74366   6.92259    1.3575606303E-01
   2.62174   6.96967    1.2395957926E-01
   2.49902   7.01461    1.1262637556E-01
   2.37553   7.05738    1.0177041437E-01
   2.25131   7.09799    9.1405070194E-02
   2.12639   7.13641    8.1543113090E-02
   2.00082   7.17262    7.2196692940E-02
   1.87464   7.20663    6.3377324492E-02
   1.74787   7.23842    5.5095873167E-02
   1.62057   7.26798    4.7362541675E-02
   1.49277   7.29531    4.0186857444E-02
   1.36451   7.32038    3.3577660884E-02
   1.23582   7.34320    2.7543094495E-02
   1.10676   7.36376    2.2090592836E-02
   0.97736   7.38205    1.7226873362E-02
   0.84765   7.39806    1.2957928154E-02
   0.71769   7.41180    9.2890165331E-03
   0.58750   7.42325    6.2246585807E-03
   0.45713   7.43242    3.7686295721E-03
   0.32662   7.43930    1.9239553236E-03
   0.19601   7.44388    6.9290846547E-04
   0.06534   7.44618    7.7005641668E-05
  -0.06534   7.44618    7.7005641668E-05
  -0.19601   7.44388    6.9290846547E-04
  -0.32662   7.43930    1.9239553236E-03
  -0.45713   7.43242    3.7686295721E-03
  -0.58750   7.42325    6.2246585807E-03
  -0.71769   7.41180    9.2890165331E-03
  -0.84765   7.39806    1.2957928154E-02
  -0.97736   7.38205    1.7226873362E-02
  -1.10676   7.36376    2.2090592836E-02
  -1.23582   7.34320    2.7543094495E-02
  -1.36451   7.32038    3.3577660884E-02
  -1.49277   7.29531    4.0186857444E-02
  -1.62057   7.26798    4.7362541675E-02
  -1.74787   7.23842    5.5095873167E-02
  -1.87464   7.20663    6.3377324492E-02
  -2.00082   7.17262    7.2196692940E-02
  -2.12639   7.13641    8.1543113090E-02
  -2.25131   7.09799    9.1405070194E-02
  -2.37553   7.05738    1.0177041437E-01
  -2.49902   7.01461    1.1262637556E-01
  -2.62174   6.96967    1.2395957926E-01
  -2.74366   6.92259    1.3575606303E-01
  -2.86472   6.87337    1.4800129365E-01
  -2.98491   6.82203    1.6068018506E-01
  -3.10418   6.76860    1.7377711691E-01
  -3.22249   6.71308    1.8727595385E-01
  -3.33980   6.65549    2.0116006537E-01
  -3.45609   6.59585    2.1541234632E-01
  -3.57132   6.53418    2.3001523794E-01
  -3.68544   6.47050    2.4495074954E-01
  -3.79843   6.40482    2.6020048064E-01
  -3.91025   6.33717    2.7574564365E-01
  -4.02086   6.26757    2.9156708699E-01
  -4.13024   6.19604    3.0764531871E-01
  -4.23834   6.12260    3.2396053052E-01
  -4.34514   6.04728    3.4049262214E-01
  -4.45060   5.97009    3.5722122611E-01
  -4.55469   5.89106    3.7412573288E-01
  -4.65738   5.81022    3.9118531616E-01
  -4.75863   5.72759    4.0837895863E-01
  -4.85841   5.64319    4.2568547781E-01
  -4.95670   5.55706    4.4308355213E-01
  -5.05347   5.46922    4.6055174725E-01
  -5.14867   5.37969    4.7806854244E-01
  -5.24229   5.28850    4.9561235708E-01
  -5.33430   5.19568    5.1316157728E-01
  -5.42466   5.10127    5.3069458247E-01
  -5.51335   5.00528    5.4818977208E-01
  -5.60034   4.90775    5.6562559212E-01
  -5.68561   4.80871    5.8298056172E-01
  -5.76913   4.70818    6.0023329966E-01
  -5.85087   4.60621    6.1736255064E-01
  -5.93081   4.50282    6.3434721149E-01
  -6.00892   4.39804    6.5116635720E-01
  -6.08518   4.29191    6.6779926665E-01
  -6.15956   4.18445    6.8422544818E-01
  -6.23205   4.07571    7.0042466481E-01
  -6.30262   3.96571    7.1637695918E-01
  -6.37124   3.85449    7.3206267813E-01
  -6.43791   3.74208    7.4746249693E-01
  -6.50259   3.62852    7.6255744307E-01
  -6.56527   3.51384    7.7732891966E-01
  -6.62593   3.39808    7.9175872829E-01
  -6.68454   3.28127    8.0582909152E-01
  -6.74110   3.16345    8.1952267472E-01
  -6.79558   3.04466    8.3282260745E-01
  -6.84796   2.92493    8.4571250427E-01
  -6.89824   2.80430    8.5817648488E-01
  -6.94639   2.68280    8.7019919371E-01
  -6.99241   2.56048    8.8176581883E-01
  -7.03627   2.43737    8.9286211024E-01
  -7.07796   2.31351    9.0347439733E-01
  -7.11747   2.18894    9.1358960582E-01
  -7.15479   2.06369    9.2319527383E-01
  -7.18991   1.93780    9.3227956721E-01
  -7.22281   1.81132    9.4083129416E-01
  -7.25348   1.68429    9.4883991899E-01
  -7.28193   1.55673    9.5629557511E-01
  -7.30812   1.42869    9.6318907718E-01
  -7.33207   1.30021    9.6951193245E-01
  -7.35376   1.17134    9.7525635117E-01
  -7.37319   1.04210    9.8041525627E-01
  -7.39034   0.91254    9.8498229199E-01
  -7.40522   0.78270    9.8895183176E-01
  -7.41781   0.65262    9.9231898512E-01
  -7.42812   0.52234    9.9507960377E-01
  -7.43615   0.39189    9.9723028663E-01
  -7.44188   0.26133    9.9876838406E-01
  -7.44532   0.13068    9.9969200115E-01
  -7.44646   0.00000    1.0000000000E+00

   7.50909   0.00000********************
   7.50793   0.13178    9.9969200115E-01
   7.50447   0.26353    9.9876838406E-01
   7.49868   0.39519    9.9723028663E-01
   7.49059   0.52673    9.9507960377E-01
   7.48020   0.65811    9.9231898512E-01
   7.46749   0.78928    9.8895183176E-01
   7.45249   0.92021    9.8498229199E-01
   7.43520   1.05086    9.8041525627E-01
   7.41561   1.18119    9.7525635117E-01
   7.39374   1.31115    9.6951193245E-01
   7.36959   1.44071    9.6318907718E-01
   7.34317   1.56982    9.5629557511E-01
   7.31449   1.69845    9.4883991899E-01
   7.28355   1.82656    9.4083129416E-01
   7.25037   1.95410    9.3227956721E-01
   7.21496   2.08104    9.2319527383E-01
   7.17733   2.20735    9.1358960582E-01
   7.13749   2.33297    9.0347439733E-01
   7.09544   2.45787    8.9286211024E-01
   7.05122   2.58202    8.8176581883E-01
   7.00482   2.70537    8.7019919371E-01
   6.95626   2.82788    8.5817648488E-01
   6.90556   2.94953    8.4571250427E-01
   6.85273   3.07027    8.3282260745E-01
   6.79779   3.19006    8.1952267472E-01
   6.74076   3.30887    8.0582909152E-01
   6.68165   3.42666    7.9175872829E-01
   6.62048   3.54339    7.7732891966E-01
   6.55728   3.65904    7.6255744307E-01
   6.49205   3.77355    7.4746249693E-01
   6.42483   3.88691    7.3206267813E-01
   6.35562   3.99906    7.1637695918E-01
   6.28446   4.10999    7.0042466481E-01
   6.21136   4.21965    6.8422544818E-01
   6.13635   4.32800    6.6779926665E-01
   6.05945   4.43503    6.5116635720E-01
   5.98068   4.54069    6.3434721149E-01
   5.90007   4.64495    6.1736255064E-01
   5.81765   4.74778    6.0023329966E-01
   5.73343   4.84915    5.8298056172E-01
   5.64744   4.94902    5.6562559212E-01
   5.55972   5.04737    5.4818977208E-01
   5.47028   5.14417    5.3069458247E-01
   5.37916   5.23938    5.1316157728E-01
   5.28638   5.33298    4.9561235708E-01
   5.19197   5.42493    4.7806854244E-01
   5.09597   5.51521    4.6055174725E-01
   4.99839   5.60380    4.4308355213E-01
   4.89927   5.69066    4.2568547781E-01
   4.79865   5.77576    4.0837895863E-01
   4.69655   5.85909    3.9118531616E-01
   4.59300   5.94061    3.7412573288E-01
   4.48803   6.02030    3.5722122611E-01
   4.38169   6.09814    3.4049262214E-01
   4.27399   6.17410    3.2396053052E-01
   4.16498   6.24815    3.0764531871E-01
   4.05468   6.32029    2.9156708699E-01
   3.94314   6.39047    2.7574564365E-01
   3.83038   6.45869    2.6020048064E-01
   3.71644   6.52492    2.4495074954E-01
   3.60135   6.58914    2.3001523794E-01
   3.48516   6.65132    2.1541234632E-01
   3.36789   6.71146    2.0116006537E-01
   3.24959   6.76954    1.8727595385E-01
   3.13028   6.82552    1.7377711691E-01
   3.01001   6.87941    1.6068018506E-01
   2.88882   6.93117    1.4800129365E-01
   2.76673   6.98081    1.3575606303E-01
   2.64379   7.02829    1.2395957926E-01
   2.52004   7.07360    1.1262637556E-01
   2.39551   7.11674    1.0177041437E-01
   2.27024   7.15768    9.1405070194E-02
   2.14428   7.19642    8.1543113090E-02
   2.01765   7.23295    7.2196692940E-02
   1.89040   7.26724    6.3377324492E-02
   1.76257   7.29930    5.5095873167E-02
   1.63420   7.32911    4.7362541675E-02
   1.50532   7.35666    4.0186857444E-02
   1.37598   7.38195    3.3577660884E-02
   1.24622   7.40496    2.7543094495E-02
   1.11607   7.42569    2.2090592836E-02
   0.98558   7.44413    1.7226873362E-02
   0.85478   7.46028    1.2957928154E-02
   0.72372   7.47413    9.2890165331E-03
   0.59244   7.48568    6.2246585807E-03
   0.46098   7.49493    3.7686295721E-03
   0.32937   7.50186    1.9239553236E-03
   0.19766   7.50649    6.9290846547E-04
   0.06589   7.50880    7.7005641668E-05
  -0.06589   7.50880    7.7005641668E-05
  -0.19766   7.50649    6.9290846547E-04
  -0.32937   7.50186    1.9239553236E-03
  -0.46098   7.49493    3.7686295721E-03
  -0.59244   7.48568    6.2246585807E-03
  -0.72372   7.47413    9.2890165331E-03
  -0.85478   7.46028    1.2957928154E-02
  -0.98558   7.44413    1.7226873362E-02
  -1.11607   7.42569    2.2090592836E-02
  -1.24622   7.40496    2.7543094495E-02
  -1.37598   7.38195    3.3577660884E-02
  -1.50532   7.35666    4.0186857444E-02
  -1.63420   7.32911    4.7362541675E-02
  -1.76257   7.29930    5.5095873167E-02
  -1.89040   7.26724    6.3377324492E-02
  -2.01765   7.23295    7.2196692940E-02
  -2.14428   7.19642    8.1543113090E-02
  -2.27024   7.15768    9.1405070194E-02
  -2.39551   7.11674    1.0177041437E-01
  -2.52004   7.07360    1.1262637556E-01
  -2.64379   7.02829    1.2395957926E-01
  -2.76673   6.98081    1.3575606303E-01
  -2.88882   6.93117    1.4800129365E-01
  -3.01001   6.87941    1.6068018506E-01
  -3.13028   6.82552    1.7377711691E-01
  -3.24959   6.76954    1.8727595385E-01
  -3.36789   6.71146    2.0116006537E-01
  -3.48516   6.65132    2.1541234632E-01
  -3.60135   6.58914    2.3001523794E-01
  -3.71644   6.52492    2.4495074954E-01
  -3.83038   6.45869    2.6020048064E-01
  -3.94314   6.39047    2.7574564365E-01
  -4.05468   6.32029    2.9156708699E-01
  -4.16498   6.24815    3.0764531871E-01
  -4.27399   6.17410    3.2396053052E-01
  -4.38169   6.09814    3.4049262214E-01
  -4.48803   6.02030    3.5722122611E-01
  -4.59300   5.94061    3.7412573288E-01
  -4.69655   5.85909    3.9118531616E-01
  -4.79865   5.77576    4.0837895863E-01
  -4.89927   5.69066    4.2568547781E-01
  -4.99839   5.60380    4.4308355213E-01
  -5.09597   5.51521    4.6055174725E-01
  -5.19197   5.42493    4.7806854244E-01
  -5.28638   5.33298    4.9561235708E-01
  -5.37916   5.23938    5.1316157728E-01
  -5.47028   5.14417    5.3069458247E-01
  -5.55972   5.04737    5.4818977208E-01
  -5.64744   4.94902    5.6562559212E-01
  -5.73343   4.84915    5.8298056172E-01
  -5.81765   4.74778    6.0023329966E-01
  -5.90007   4.64495    6.1736255064E-01
  -5.98068   4.54069    6.3434721149E-01
  -6.05945   4.43503    6.5116635720E-01
  -6.13635   4.32800    6.6779926665E-01
  -6.21136   4.21965    6.8422544818E-01
  -6.28446   4.10999    7.0042466481E-01
  -6.35562   3.99906    7.1637695918E-01
  -6.42483   3.88691    7.3206267813E-01
  -6.49205   3.77355    7.4746249693E-01
  -6.55728   3.65904    7.6255744307E-01
  -6.62048   3.54339    7.7732891966E-01
  -6.68165   3.42666    7.9175872829E-01
  -6.74076   3.30887    8.0582909152E-01
  -6.79779   3.19006    8.1952267472E-01
  -6.85273   3.07027    8.3282260745E-01
  -6.90556   2.94953    8.4571250427E-01
  -6.95626   2.82788    8.5817648488E-01
  -7.00482   2.70537    8.7019919371E-01
  -7.05122   2.58202    8.8176581883E-01
  -7.09544   2.45787    8.9286211024E-01
  -7.13749   2.33297    9.0347439733E-01
  -7.17733   2.20735    9.1358960582E-01
  -7.21496   2.08104    9.2319527383E-01
  -7.25037   1.95410    9.3227956721E-01
  -7.28355   1.82656    9.4083129416E-01
  -7.31449   1.69845    9.4883991899E-01
  -7.34317   1.56982    9.5629557511E-01
  -7.36959   1.44071    9.6318907718E-01
  -7.39374   1.31115    9.6951193245E-01
  -7.41561   1.18119    9.7525635117E-01
  -7.43520   1.05086    9.8041525627E-01
  -7.45249   0.92021    9.8498229199E-01
  -7.46749   0.78928    9.8895183176E-01
  -7.48020   0.65811    9.9231898512E-01
  -7.49059   0.52673    9.9507960377E-01
  -7.49868   0.39519    9.9723028663E-01
  -7.50447   0.26353    9.9876838406E-01
  -7.50793   0.13178    9.9969200115E-01
  -7.50909   0.00000    1.0000000000E+00

   7.57172   0.00000********************
   7.57055   0.13288    9.9969200115E-01
   7.56705   0.26572    9.9876838406E-01
   7.56122   0.39848    9.9723028663E-01
   7.55307   0.53112    9.9507960377E-01
   7.54258   0.66360    9.9231898512E-01
   7.52977   0.79587    9.8895183176E-01
   7.51465   0.92789    9.8498229199E-01
   7.49721   1.05963    9.8041525627E-01
   7.47745   1.19104    9.7525635117E-01
   7.45540   1.32208    9.6951193245E-01
   7.43105   1.45272    9.6318907718E-01
   7.40441   1.58291    9.5629557511E-01
   7.37549   1.71262    9.4883991899E-01
   7.34430   1.84179    9.4083129416E-01
   7.31084   1.97040    9.3227956721E-01
   7.27514   2.09840    9.2319527383E-01
   7.23719   2.22576    9.1358960582E-01
   7.19701   2.35242    9.0347439733E-01
   7.15462   2.47837    8.9286211024E-01
   7.11002   2.60355    8.8176581883E-01
   7.06324   2.72793    8.7019919371E-01
   7.01427   2.85147    8.5817648488E-01
   6.96315   2.97413    8.4571250427E-01
   6.90988   3.09587    8.3282260745E-01
   6.85449   3.21666    8.1952267472E-01
   6.79698   3.33646    8.0582909152E-01
   6.73738   3.45524    7.9175872829E-01
   6.67570   3.57294    7.7732891966E-01
   6.61197   3.68955    7.6255744307E-01
   6.54620   3.80502    7.4746249693E-01
   6.47841   3.91932    7.3206267813E-01
   6.40863   4.03241    7.1637695918E-01
   6.33687   4.14426    7.0042466481E-01
   6.26317   4.25484    6.8422544818E-01
   6.18753   4.36410    6.6779926665E-01
   6.10999   4.47202    6.5116635720E-01
   6.03056   4.57856    6.3434721149E-01
   5.94928   4.68369    6.1736255064E-01
   5.86617   4.78738    6.0023329966E-01
   5.78125   4.88959    5.8298056172E-01
   5.69454   4.99030    5.6562559212E-01
   5.60609   5.08947    5.4818977208E-01
   5.51590   5.18707    5.3069458247E-01
   5.42402   5.28308    5.1316157728E-01
   5.33047   5.37745    4.9561235708E-01
   5.23527   5.47017    4.7806854244E-01
   5.13847   5.56121    4.6055174725E-01
   5.04008   5.65053    4.4308355213E-01
   4.94013   5.73812    4.2568547781E-01
   4.83867   5.82393    4.0837895863E-01
   4.73572   5.90795    3.9118531616E-01
   4.63130   5.99015    3.7412573288E-01
   4.52546   6.07051    3.5722122611E-01
   4.41823   6.14900    3.4049262214E-01
   4.30963   6.22559    3.2396053052E-01
   4.19971   6.30026    3.0764531871E-01
   4.08850   6.37300    2.9156708699E-01
   3.97602   6.44377    2.7574564365E-01
   3.86232   6.51256    2.6020048064E-01
   3.74743   6.57934    2.4495074954E-01
   3.63139   6.64409    2.3001523794E-01
   3.51423   6.70680    2.1541234632E-01
   3.39598   6.76744    2.0116006537E-01
   3.27669   6.82599    1.8727595385E-01
   3.15639   6.88245    1.7377711691E-01
   3.03512   6.93678    1.6068018506E-01
   2.91291   6.98898    1.4800129365E-01
   2.78981   7.03903    1.3575606303E-01
   2.66584   7.08690    1.2395957926E-01
   2.54106   7.13260    1.1262637556E-01
   2.41549   7.17609    1.0177041437E-01
   2.28918   7.21738    9.1405070194E-02
   2.16216   7.25644    8.1543113090E-02
   2.03448   7.29327    7.2196692940E-02
   1.90617   7.32785    6.3377324492E-02
   1.77727   7.36018    5.5095873167E-02
   1.64783   7.39023    4.7362541675E-02
   1.51788   7.41802    4.0186857444E-02
   1.38746   7.44351    3.3577660884E-02
   1.25661   7.46671    2.7543094495E-02
   1.12538   7.48762    2.2090592836E-02
   0.99380   7.50622    1.7226873362E-02
   0.86191   7.52250    1.2957928154E-02
   0.72976   7.53647    9.2890165331E-03
   0.59738   7.54811    6.2246585807E-03
   0.46482   7.55744    3.7686295721E-03
   0.33212   7.56443    1.9239553236E-03
   0.19931   7.56909    6.9290846547E-04
   0.06644   7.57143    7.7005641668E-05
  -0.06644   7.57143    7.7005641668E-05
  -0.19931   7.56909    6.9290846547E-04
  -0.33212   7.56443    1.9239553236E-03
  -0.46482   7.55744    3.7686295721E-03
  -0.59738   7.54811    6.2246585807E-03
  -0.72976   7.53647    9.2890165331E-03
  -0.86191   7.52250    1.2957928154E-02
  -0.99380   7.50622    1.7226873362E-02
  -1.12538   7.48762    2.2090592836E-02
  -1.25661   7.46671    2.7543094495E-02
  -1.38746   7.44351    3.3577660884E-02
  -1.51788   7.41802    4.0186857444E-02
  -1.64783   7.39023    4.7362541675E-02
  -1.77727   7.36018    5.5095873167E-02
  -1.90617   7.32785    6.3377324492E-02
  -2.03448   7.29327    7.2196692940E-02
  -2.16216   7.25644    8.1543113090E-02
  -2.28918   7.21738    9.1405070194E-02
  -2.41549   7.17609    1.0177041437E-01
  -2.54106   7.13260    1.1262637556E-01
  -2.66584   7.08690    1.2395957926E-01
  -2.78981   7.03903    1.3575606303E-01
  -2.91291   6.98898    1.4800129365E-01
  -3.03512   6.93678    1.6068018506E-01
  -3.15639   6.88245    1.7377711691E-01
  -3.27669   6.82599    1.8727595385E-01
  -3.39598   6.76744    2.0116006537E-01
  -3.51423   6.70680    2.1541234632E-01
  -3.63139   6.64409    2.3001523794E-01
  -3.74743   6.57934    2.4495074954E-01
  -3.86232   6.51256    2.6020048064E-01
  -3.97602   6.44377    2.7574564365E-01
  -4.08850   6.37300    2.9156708699E-01
  -4.19971   6.30026    3.0764531871E-01
  -4.30963   6.22559    3.2396053052E-01
  -4.41823   6.14900    3.4049262214E-01
  -4.52546   6.07051    3.5722122611E-01
  -4.63130   5.99015    3.7412573288E-01
  -4.73572   5.90795    3.9118531616E-01
  -4.83867   5.82393    4.0837895863E-01
  -4.94013   5.73812    4.2568547781E-01
  -5.04008   5.65053    4.4308355213E-01
  -5.13847   5.56121    4.6055174725E-01
  -5.23527   5.47017    4.7806854244E-01
  -5.33047   5.37745    4.9561235708E-01
  -5.42402   5.28308    5.1316157728E-01
  -5.51590   5.18707    5.3069458247E-01
  -5.60609   5.08947    5.4818977208E-01
  -5.69454   4.99030    5.6562559212E-01
  -5.78125   4.88959    5.8298056172E-01
  -5.86617   4.78738    6.0023329966E-01
  -5.94928   4.68369    6.1736255064E-01
  -6.03056   4.57856    6.3434721149E-01
  -6.10999   4.47202    6.5116635720E-01
  -6.18753   4.36410    6.6779926665E-01
  -6.26317   4.25484    6.8422544818E-01
  -6.33687   4.14426    7.0042466481E-01
  -6.40863   4.03241    7.1637695918E-01
  -6.47841   3.91932    7.3206267813E-01
  -6.54620   3.80502    7.4746249693E-01
  -6.61197   3.68955    7.6255744307E-01
  -6.67570   3.57294    7.7732891966E-01
  -6.73738   3.45524    7.9175872829E-01
  -6.79698   3.33646    8.0582909152E-01
  -6.85449   3.21666    8.1952267472E-01
  -6.90988   3.09587    8.3282260745E-01
  -6.96315   2.97413    8.4571250427E-01
  -7.01427   2.85147    8.5817648488E-01
  -7.06324   2.72793    8.7019919371E-01
  -7.11002   2.60355    8.8176581883E-01
  -7.15462   2.47837    8.9286211024E-01
  -7.19701   2.35242    9.0347439733E-01
  -7.23719   2.22576    9.1358960582E-01
  -7.27514   2.09840    9.2319527383E-01
  -7.31084   1.97040    9.3227956721E-01
  -7.34430   1.84179    9.4083129416E-01
  -7.37549   1.71262    9.4883991899E-01
  -7.40441   1.58291    9.5629557511E-01
  -7.43105   1.45272    9.6318907718E-01
  -7.45540   1.32208    9.6951193245E-01
  -7.47745   1.19104    9.7525635117E-01
  -7.49721   1.05963    9.8041525627E-01
  -7.51465   0.92789    9.8498229199E-01
  -7.52977   0.79587    9.8895183176E-01
  -7.54258   0.66360    9.9231898512E-01
  -7.55307   0.53112    9.9507960377E-01
  -7.56122   0.39848    9.9723028663E-01
  -7.56705   0.26572    9.9876838406E-01
  -7.57055   0.13288    9.9969200115E-01
  -7.57172   0.00000    1.0000000000E+00

   7.63434   0.00000********************
   7.63317   0.13398    9.9969200115E-01
   7.62964   0.26792    9.9876838406E-01
   7.62376   0.40178    9.9723028663E-01
   7.61554   0.53552    9.9507960377E-01
   7.60497   0.66908    9.9231898512E-01
   7.59205   0.80245    9.8895183176E-01
   7.57680   0.93556    9.8498229199E-01
   7.55922   1.06839    9.8041525627E-01
   7.53930   1.20089    9.7525635117E-01
   7.51706   1.33302    9.6951193245E-01
   7.49251   1.46474    9.6318907718E-01
   7.46565   1.59601    9.5629557511E-01
   7.43649   1.72678    9.4883991899E-01
   7.40504   1.85702    9.4083129416E-01
   7.37131   1.98670    9.3227956721E-01
   7.33531   2.11576    9.2319527383E-01
   7.29705   2.24416    9.1358960582E-01
   7.25654   2.37188    9.0347439733E-01
   7.21380   2.49887    8.9286211024E-01
   7.16883   2.62508    8.8176581883E-01
   7.12166   2.75049    8.7019919371E-01
   7.07229   2.87505    8.5817648488E-01
   7.02074   2.99873    8.4571250427E-01
   6.96703   3.12148    8.3282260745E-01
   6.91118   3.24327    8.1952267472E-01
   6.85320   3.36406    8.0582909152E-01
   6.79310   3.48382    7.9175872829E-01
   6.73091   3.60250    7.7732891966E-01
   6.66665   3.72007    7.6255744307E-01
   6.60034   3.83649    7.4746249693E-01
   6.53199   3.95174    7.3206267813E-01
   6.46164   4.06577    7.1637695918E-01
   6.38929   4.17854    7.0042466481E-01
   6.31497   4.29003    6.8422544818E-01
   6.23871   4.40020    6.6779926665E-01
   6.16052   4.50901    6.5116635720E-01
   6.08044   4.61643    6.3434721149E-01
   5.99849   4.72243    6.1736255064E-01
   5.91469   4.82697    6.0023329966E-01
   5.82906   4.93003    5.8298056172E-01
   5.74164   5.03157    5.6562559212E-01
   5.65246   5.13156    5.4818977208E-01
   5.56153   5.22997    5.3069458247E-01
   5.46888   5.32677    5.1316157728E-01
   5.37456   5.42193    4.9561235708E-01
   5.27858   5.51542    4.7806854244E-01
   5.18097   5.60721    4.6055174725E-01
   5.08176   5.69727    4.4308355213E-01
   4.98100   5.78558    4.2568547781E-01
   4.87869   5.87210    4.0837895863E-01
   4.77489   5.95682    3.9118531616E-01
   4.66961   6.03970    3.7412573288E-01
   4.56289   6.12072    3.5722122611E-01
   4.45477   6.19985    3.4049262214E-01
   4.34528   6.27708    3.2396053052E-01
   4.23445   6.35237    3.0764531871E-01
   4.12231   6.42571    2.9156708699E-01
   4.00891   6.49707    2.7574564365E-01
   3.89427   6.56642    2.6020048064E-01
   3.77843   6.63375    2.4495074954E-01
   3.66142   6.69904    2.3001523794E-01
   3.54329   6.76227    2.1541234632E-01
   3.42407   6.82341    2.0116006537E-01
   3.30379   6.88245    1.8727595385E-01
   3.18250   6.93937    1.7377711691E-01
   3.06022   6.99416    1.6068018506E-01
   2.93700   7.04679    1.4800129365E-01
   2.81288   7.09725    1.3575606303E-01
   2.68789   7.14552    1.2395957926E-01
   2.56207   7.19159    1.1262637556E-01
   2.43547   7.23545    1.0177041437E-01
   2.30811   7.27707    9.1405070194E-02
   2.18004   7.31646    8.1543113090E-02
   2.05131   7.35359    7.2196692940E-02
   1.92193   7.38846    6.3377324492E-02
   1.79197   7.42105    5.5095873167E-02
   1.66146   7.45136    4.7362541675E-02
   1.53043   7.47937    4.0186857444E-02
   1.39893   7.50508    3.3577660884E-02
   1.26700   7.52847    2.7543094495E-02
   1.13469   7.54955    2.2090592836E-02
   1.00202   7.56830    1.7226873362E-02
   0.86904   7.58472    1.2957928154E-02
   0.73579   7.59880    9.2890165331E-03
   0.60232   7.61055    6.2246585807E-03
   0.46867   7.61994    3.7686295721E-03
   0.33486   7.62700    1.9239553236E-03
   0.20096   7.63170    6.9290846547E-04
   0.06699   7.63405    7.7005641668E-05
  -0.06699   7.63405    7.7005641668E-05
  -0.20096   7.63170    6.9290846547E-04
  -0.33486   7.62700    1.9239553236E-03
  -0.46867   7.61994    3.7686295721E-03
  -0.60232   7.61055    6.2246585807E-03
  -0.73579   7.59880    9.2890165331E-03
  -0.86904   7.58472    1.2957928154E-02
  -1.00202   7.56830    1.7226873362E-02
  -1.13469   7.54955    2.2090592836E-02
  -1.26700   7.52847    2.7543094495E-02
  -1.39893   7.50508    3.3577660884E-02
  -1.53043   7.47937    4.0186857444E-02
  -1.66146   7.45136    4.7362541675E-02
  -1.79197   7.42105    5.5095873167E-02
  -1.92193   7.38846    6.3377324492E-02
  -2.05131   7.35359    7.2196692940E-02
  -2.18004   7.31646    8.1543113090E-02
  -2.30811   7.27707    9.1405070194E-02
  -2.43547   7.23545    1.0177041437E-01
  -2.56207   7.19159    1.1262637556E-01
  -2.68789   7.14552    1.2395957926E-01
  -2.81288   7.09725    1.3575606303E-01
  -2.93700   7.04679    1.4800129365E-01
  -3.06022   6.99416    1.6068018506E-01
  -3.18250   6.93937    1.7377711691E-01
  -3.30379   6.88245    1.8727595385E-01
  -3.42407   6.82341    2.0116006537E-01
  -3.54329   6.76227    2.1541234632E-01
  -3.66142   6.69904    2.3001523794E-01
  -3.77843   6.63375    2.4495074954E-01
  -3.89427   6.56642    2.6020048064E-01
  -4.00891   6.49707    2.7574564365E-01
  -4.12231   6.42571    2.9156708699E-01
  -4.23445   6.35237    3.0764531871E-01
  -4.34528   6.27708    3.2396053052E-01
  -4.45477   6.19985    3.4049262214E-01
  -4.56289   6.12072    3.5722122611E-01
  -4.66961   6.03970    3.7412573288E-01
  -4.77489   5.95682    3.9118531616E-01
  -4.87869   5.87210    4.0837895863E-01
  -4.98100   5.78558    4.2568547781E-01
  -5.08176   5.69727    4.4308355213E-01
  -5.18097   5.60721    4.6055174725E-01
  -5.27858   5.51542    4.7806854244E-01
  -5.37456   5.42193    4.9561235708E-01
  -5.46888   5.32677    5.1316157728E-01
  -5.56153   5.22997    5.3069458247E-01
  -5.65246   5.13156    5.4818977208E-01
  -5.74164   5.03157    5.6562559212E-01
  -5.82906   4.93003    5.8298056172E-01
  -5.91469   4.82697    6.0023329966E-01
  -5.99849   4.72243    6.1736255064E-01
  -6.08044   4.61643    6.3434721149E-01
  -6.16052   4.50901    6.5116635720E-01
  -6.23871   4.40020    6.6779926665E-01
  -6.31497   4.29003    6.8422544818E-01
  -6.38929   4.17854    7.0042466481E-01
  -6.46164   4.06577    7.1637695918E-01
  -6.53199   3.95174    7.3206267813E-01
  -6.60034   3.83649    7.4746249693E-01
  -6.66665   3.72007    7.6255744307E-01
  -6.73091   3.60250    7.7732891966E-01
  -6.79310   3.48382    7.9175872829E-01
  -6.85320   3.36406    8.0582909152E-01
  -6.91118   3.24327    8.1952267472E-01
  -6.96703   3.12148    8.3282260745E-01
  -7.02074   2.99873    8.4571250427E-01
  -7.07229   2.87505    8.5817648488E-01
  -7.12166   2.75049    8.7019919371E-01
  -7.16883   2.62508    8.8176581883E-01
  -7.21380   2.49887    8.9286211024E-01
  -7.25654   2.37188    9.0347439733E-01
  -7.29705   2.24416    9.1358960582E-01
  -7.33531   2.11576    9.2319527383E-01
  -7.37131   1.98670    9.3227956721E-01
  -7.40504   1.85702    9.4083129416E-01
  -7.43649   1.72678    9.4883991899E-01
  -7.46565   1.59601    9.5629557511E-01
  -7.49251   1.46474    9.6318907718E-01
  -7.51706   1.33302    9.6951193245E-01
  -7.53930   1.20089    9.7525635117E-01
  -7.55922   1.06839    9.8041525627E-01
  -7.57680   0.93556    9.8498229199E-01
  -7.59205   0.80245    9.8895183176E-01
  -7.60497   0.66908    9.9231898512E-01
  -7.61554   0.53552    9.9507960377E-01
  -7.62376   0.40178    9.9723028663E-01
  -7.62964   0.26792    9.9876838406E-01
  -7.63317   0.13398    9.9969200115E-01
  -7.63434   0.00000    1.0000000000E+00

   7.69697   0.00000********************
   7.69578   0.13508    9.9969200115E-01
   7.69223   0.27012    9.9876838406E-01
   7.68630   0.40508    9.9723028663E-01
   7.67801   0.53991    9.9507960377E-01
   7.66735   0.67457    9.9231898512E-01
   7.65433   0.80903    9.8895183176E-01
   7.63896   0.94324    9.8498229199E-01
   7.62123   1.07716    9.8041525627E-01
   7.60115   1.21074    9.7525635117E-01
   7.57873   1.34395    9.6951193245E-01
   7.55398   1.47675    9.6318907718E-01
   7.52689   1.60910    9.5629557511E-01
   7.49750   1.74095    9.4883991899E-01
   7.46579   1.87226    9.4083129416E-01
   7.43178   2.00299    9.3227956721E-01
   7.39548   2.13311    9.2319527383E-01
   7.35691   2.26257    9.1358960582E-01
   7.31607   2.39134    9.0347439733E-01
   7.27297   2.51937    8.9286211024E-01
   7.22764   2.64662    8.8176581883E-01
   7.18008   2.77305    8.7019919371E-01
   7.13030   2.89864    8.5817648488E-01
   7.07834   3.02333    8.4571250427E-01
   7.02419   3.14709    8.3282260745E-01
   6.96787   3.26987    8.1952267472E-01
   6.90941   3.39166    8.0582909152E-01
   6.84883   3.51239    7.9175872829E-01
   6.78613   3.63205    7.7732891966E-01
   6.72134   3.75059    7.6255744307E-01
   6.65449   3.86797    7.4746249693E-01
   6.58558   3.98416    7.3206267813E-01
   6.51464   4.09912    7.1637695918E-01
   6.44170   4.21282    7.0042466481E-01
   6.36677   4.32522    6.8422544818E-01
   6.28989   4.43629    6.6779926665E-01
   6.21106   4.54600    6.5116635720E-01
   6.13032   4.65430    6.3434721149E-01
   6.04770   4.76117    6.1736255064E-01
   5.96321   4.86657    6.0023329966E-01
   5.87688   4.97048    5.8298056172E-01
   5.78874   5.07285    5.6562559212E-01
   5.69882   5.17366    5.4818977208E-01
   5.60715   5.27288    5.3069458247E-01
   5.51375   5.37047    5.1316157728E-01
   5.41865   5.46641    4.9561235708E-01
   5.32188   5.56066    4.7806854244E-01
   5.22347   5.65320    4.6055174725E-01
   5.12345   5.74400    4.4308355213E-01
   5.02186   5.83304    4.2568547781E-01
   4.91871   5.92027    4.0837895863E-01
   4.81406   6.00568    3.9118531616E-01
   4.70791   6.08924    3.7412573288E-01
   4.60032   6.17093    3.5722122611E-01
   4.49132   6.25071    3.4049262214E-01
   4.38093   6.32857    3.2396053052E-01
   4.26918   6.40448    3.0764531871E-01
   4.15613   6.47842    2.9156708699E-01
   4.04179   6.55036    2.7574564365E-01
   3.92621   6.62029    2.6020048064E-01
   3.80942   6.68817    2.4495074954E-01
   3.69146   6.75400    2.3001523794E-01
   3.57236   6.81774    2.1541234632E-01
   3.45216   6.87939    2.0116006537E-01
   3.33089   6.93891    1.8727595385E-01
   3.20860   6.99630    1.7377711691E-01
   3.08533   7.05153    1.6068018506E-01
   2.96110   7.10459    1.4800129365E-01
   2.83596   7.15547    1.3575606303E-01
   2.70994   7.20414    1.2395957926E-01
   2.58309   7.25058    1.1262637556E-01
   2.45545   7.29480    1.0177041437E-01
   2.32705   7.33677    9.1405070194E-02
   2.19793   7.37648    8.1543113090E-02
   2.06813   7.41392    7.2196692940E-02
   1.93770   7.44907    6.3377324492E-02
   1.80667   7.48193    5.5095873167E-02
   1.67509   7.51248    4.7362541675E-02
   1.54299   7.54073    4.0186857444E-02
   1.41041   7.56664    3.3577660884E-02
   1.27740   7.59023    2.7543094495E-02
   1.14399   7.61148    2.2090592836E-02
   1.01024   7.63038    1.7226873362E-02
   0.87617   7.64694    1.2957928154E-02
   0.74183   7.66114    9.2890165331E-03
   0.60726   7.67298    6.2246585807E-03
   0.47251   7.68245    3.7686295721E-03
   0.33761   7.68956    1.9239553236E-03
   0.20261   7.69430    6.9290846547E-04
   0.06754   7.69667    7.7005641668E-05
  -0.06754   7.69667    7.7005641668E-05
  -0.20261   7.69430    6.9290846547E-04
  -0.33761   7.68956    1.9239553236E-03
  -0.47251   7.68245    3.7686295721E-03
  -0.60726   7.67298    6.2246585807E-03
  -0.74183   7.66114    9.2890165331E-03
  -0.87617   7.64694    1.2957928154E-02
  -1.01024   7.63038    1.7226873362E-02
  -1.14399   7.61148    2.2090592836E-02
  -1.27740   7.59023    2.7543094495E-02
  -1.41041   7.56664    3.3577660884E-02
  -1.54299   7.54073    4.0186857444E-02
  -1.67509   7.51248    4.7362541675E-02
  -1.80667   7.48193    5.5095873167E-02
  -1.93770   7.44907    6.3377324492E-02
  -2.06813   7.41392    7.2196692940E-02
  -2.19793   7.37648    8.1543113090E-02
  -2.32705   7.33677    9.1405070194E-02
  -2.45545   7.29480    1.0177041437E-01
  -2.58309   7.25058    1.1262637556E-01
  -2.70994   7.20414    1.2395957926E-01
  -2.83596   7.15547    1.3575606303E-01
  -2.96110   7.10459    1.4800129365E-01
  -3.08533   7.05153    1.6068018506E-01
  -3.20860   6.99630    1.7377711691E-01
  -3.33089   6.93891    1.8727595385E-01
  -3.45216   6.87939    2.0116006537E-01
  -3.57236   6.81774    2.1541234632E-01
  -3.69146   6.75400    2.3001523794E-01
  -3.80942   6.68817    2.4495074954E-01
  -3.92621   6.62029    2.6020048064E-01
  -4.04179   6.55036    2.7574564365E-01
  -4.15613   6.47842    2.9156708699E-01
  -4.26918   6.40448    3.0764531871E-01
  -4.38093   6.32857    3.2396053052E-01
  -4.49132   6.25071    3.4049262214E-01
  -4.60032   6.17093    3.5722122611E-01
  -4.70791   6.08924    3.7412573288E-01
  -4.81406   6.00568    3.9118531616E-01
  -4.91871   5.92027    4.0837895863E-01
  -5.02186   5.83304    4.2568547781E-01
  -5.12345   5.74400    4.4308355213E-01
  -5.22347   5.65320    4.6055174725E-01
  -5.32188   5.56066    4.7806854244E-01
  -5.41865   5.46641    4.9561235708E-01
  -5.51375   5.37047    5.1316157728E-01
  -5.60715   5.27288    5.3069458247E-01
  -5.69882   5.17366    5.4818977208E-01
  -5.78874   5.07285    5.6562559212E-01
  -5.87688   4.97048    5.8298056172E-01
  -5.96321   4.86657    6.0023329966E-01
  -6.04770   4.76117    6.1736255064E-01
  -6.13032   4.65430    6.3434721149E-01
  -6.21106   4.54600    6.5116635720E-01
  -6.28989   4.43629    6.6779926665E-01
  -6.36677   4.32522    6.8422544818E-01
  -6.44170   4.21282    7.0042466481E-01
  -6.51464   4.09912    7.1637695918E-01
  -6.58558   3.98416    7.3206267813E-01
  -6.65449   3.86797    7.4746249693E-01
  -6.72134   3.75059    7.6255744307E-01
  -6.78613   3.63205    7.7732891966E-01
  -6.84883   3.51239    7.9175872829E-01
  -6.90941   3.39166    8.0582909152E-01
  -6.96787   3.26987    8.1952267472E-01
  -7.02419   3.14709    8.3282260745E-01
  -7.07834   3.02333    8.4571250427E-01
  -7.13030   2.89864    8.5817648488E-01
  -7.18008   2.77305    8.7019919371E-01
  -7.22764   2.64662    8.8176581883E-01
  -7.27297   2.51937    8.9286211024E-01
  -7.31607   2.39134    9.0347439733E-01
  -7.35691   2.26257    9.1358960582E-01
  -7.39548   2.13311    9.2319527383E-01
  -7.43178   2.00299    9.3227956721E-01
  -7.46579   1.87226    9.4083129416E-01
  -7.49750   1.74095    9.4883991899E-01
  -7.52689   1.60910    9.5629557511E-01
  -7.55398   1.47675    9.6318907718E-01
  -7.57873   1.34395    9.6951193245E-01
  -7.60115   1.21074    9.7525635117E-01
  -7.62123   1.07716    9.8041525627E-01
  -7.63896   0.94324    9.8498229199E-01
  -7.65433   0.80903    9.8895183176E-01
  -7.66735   0.67457    9.9231898512E-01
  -7.67801   0.53991    9.9507960377E-01
  -7.68630   0.40508    9.9723028663E-01
  -7.69223   0.27012    9.9876838406E-01
  -7.69578   0.13508    9.9969200115E-01
  -7.69697   0.00000    1.0000000000E+00

   7.75960   0.00000********************
   7.75840   0.13618    9.9969200115E-01
   7.75482   0.27232    9.9876838406E-01
   7.74884   0.40837    9.9723028663E-01
   7.74048   0.54430    9.9507960377E-01
   7.72974   0.68006    9.9231898512E-01
   7.71661   0.81561    9.8895183176E-01
   7.70111   0.95091    9.8498229199E-01
   7.68324   1.08592    9.8041525627E-01
   7.66299   1.22059    9.7525635117E-01
   7.64039   1.35489    9.6951193245E-01
   7.61544   1.48877    9.6318907718E-01
   7.58814   1.62219    9.5629557511E-01
   7.55850   1.75511    9.4883991899E-01
   7.52653   1.88749    9.4083129416E-01
   7.49225   2.01929    9.3227956721E-01
   7.45566   2.15047    9.2319527383E-01
   7.41677   2.28098    9.1358960582E-01
   7.37559   2.41080    9.0347439733E-01
   7.33215   2.53987    8.9286211024E-01
   7.28645   2.66815    8.8176581883E-01
   7.23850   2.79562    8.7019919371E-01
   7.18832   2.92222    8.5817648488E-01
   7.13593   3.04793    8.4571250427E-01
   7.08134   3.17269    8.3282260745E-01
   7.02457   3.29648    8.1952267472E-01
   6.96563   3.41925    8.0582909152E-01
   6.90455   3.54097    7.9175872829E-01
   6.84135   3.66160    7.7732891966E-01
   6.77603   3.78110    7.6255744307E-01
   6.70863   3.89944    7.4746249693E-01
   6.63916   4.01657    7.3206267813E-01
   6.56765   4.13247    7.1637695918E-01
   6.49411   4.24710    7.0042466481E-01
   6.41858   4.36041    6.8422544818E-01
   6.34106   4.47239    6.6779926665E-01
   6.26160   4.58298    6.5116635720E-01
   6.18020   4.69217    6.3434721149E-01
   6.09690   4.79991    6.1736255064E-01
   6.01173   4.90617    6.0023329966E-01
   5.92470   5.01092    5.8298056172E-01
   5.83584   5.11412    5.6562559212E-01
   5.74519   5.21575    5.4818977208E-01
   5.65277   5.31578    5.3069458247E-01
   5.55861   5.41417    5.1316157728E-01
   5.46274   5.51088    4.9561235708E-01
   5.36518   5.60591    4.7806854244E-01
   5.26597   5.69920    4.6055174725E-01
   5.16514   5.79074    4.4308355213E-01
   5.06272   5.88050    4.2568547781E-01
   4.95873   5.96844    4.0837895863E-01
   4.85322   6.05455    3.9118531616E-01
   4.74622   6.13879    3.7412573288E-01
   4.63775   6.22114    3.5722122611E-01
   4.52786   6.30157    3.4049262214E-01
   4.41657   6.38007    3.2396053052E-01
   4.30392   6.45659    3.0764531871E-01
   4.18995   6.53113    2.9156708699E-01
   4.07468   6.60366    2.7574564365E-01
   3.95816   6.67415    2.6020048064E-01
   3.84042   6.74259    2.4495074954E-01
   3.72149   6.80895    2.3001523794E-01
   3.60143   6.87321    2.1541234632E-01
   3.48025   6.93536    2.0116006537E-01
   3.35800   6.99537    1.8727595385E-01
   3.23471   7.05322    1.7377711691E-01
   3.11043   7.10891    1.6068018506E-01
   2.98519   7.16240    1.4800129365E-01
   2.85903   7.21369    1.3575606303E-01
   2.73199   7.26275    1.2395957926E-01
   2.60411   7.30958    1.1262637556E-01
   2.47543   7.35416    1.0177041437E-01
   2.34598   7.39647    9.1405070194E-02
   2.21581   7.43650    8.1543113090E-02
   2.08496   7.47424    7.2196692940E-02
   1.95347   7.50968    6.3377324492E-02
   1.82137   7.54281    5.5095873167E-02
   1.68872   7.57361    4.7362541675E-02
   1.55554   7.60208    4.0186857444E-02
   1.42188   7.62821    3.3577660884E-02
   1.28779   7.65199    2.7543094495E-02
   1.15330   7.67341    2.2090592836E-02
   1.01846   7.69247    1.7226873362E-02
   0.88330   7.70916    1.2957928154E-02
   0.74787   7.72347    9.2890165331E-03
   0.61221   7.73541    6.2246585807E-03
   0.47636   7.74496    3.7686295721E-03
   0.34036   7.75213    1.9239553236E-03
   0.20426   7.75691    6.9290846547E-04
   0.06809   7.75930    7.7005641668E-05
  -0.06809   7.75930    7.7005641668E-05
  -0.20426   7.75691    6.9290846547E-04
  -0.34036   7.75213    1.9239553236E-03
  -0.47636   7.74496    3.7686295721E-03
  -0.61221   7.73541    6.2246585807E-03
  -0.74787   7.72347    9.2890165331E-03
  -0.88330   7.70916    1.2957928154E-02
  -1.01846   7.69247    1.7226873362E-02
  -1.15330   7.67341    2.2090592836E-02
  -1.28779   7.65199    2.7543094495E-02
  -1.42188   7.62821    3.3577660884E-02
  -1.55554   7.60208    4.0186857444E-02
  -1.68872   7.57361    4.7362541675E-02
  -1.82137   7.54281    5.5095873167E-02
  -1.95347   7.50968    6.3377324492E-02
  -2.08496   7.47424    7.2196692940E-02
  -2.21581   7.43650    8.1543113090E-02
  -2.34598   7.39647    9.1405070194E-02
  -2.47543   7.35416    1.0177041437E-01
  -2.60411   7.30958    1.1262637556E-01
  -2.73199   7.26275    1.2395957926E-01
  -2.85903   7.21369    1.3575606303E-01
  -2.98519   7.16240    1.4800129365E-01
  -3.11043   7.10891    1.6068018506E-01
  -3.23471   7.05322    1.7377711691E-01
  -3.35800   6.99537    1.8727595385E-01
  -3.48025   6.93536    2.0116006537E-01
  -3.60143   6.87321    2.1541234632E-01
  -3.72149   6.80895    2.3001523794E-01
  -3.84042   6.74259    2.4495074954E-01
  -3.95816   6.67415    2.6020048064E-01
  -4.07468   6.60366    2.7574564365E-01
  -4.18995   6.53113    2.9156708699E-01
  -4.30392   6.45659    3.0764531871E-01
  -4.41657   6.38007    3.2396053052E-01
  -4.52786   6.30157    3.4049262214E-01
  -4.63775   6.22114    3.5722122611E-01
  -4.74622   6.13879    3.7412573288E-01
  -4.85322   6.05455    3.9118531616E-01
  -4.95873   5.96844    4.0837895863E-01
  -5.06272   5.88050    4.2568547781E-01
  -5.16514   5.79074    4.4308355213E-01
  -5.26597   5.69920    4.6055174725E-01
  -5.36518   5.60591    4.7806854244E-01
  -5.46274   5.51088    4.9561235708E-01
  -5.55861   5.41417    5.1316157728E-01
  -5.65277   5.31578    5.3069458247E-01
  -5.74519   5.21575    5.4818977208E-01
  -5.83584   5.11412    5.6562559212E-01
  -5.92470   5.01092    5.8298056172E-01
  -6.01173   4.90617    6.0023329966E-01
  -6.09690   4.79991    6.1736255064E-01
  -6.18020   4.69217    6.3434721149E-01
  -6.26160   4.58298    6.5116635720E-01
  -6.34106   4.47239    6.6779926665E-01
  -6.41858   4.36041    6.8422544818E-01
  -6.49411   4.24710    7.0042466481E-01
  -6.56765   4.13247    7.1637695918E-01
  -6.63916   4.01657    7.3206267813E-01
  -6.70863   3.89944    7.4746249693E-01
  -6.77603   3.78110    7.6255744307E-01
  -6.84135   3.66160    7.7732891966E-01
  -6.90455   3.54097    7.9175872829E-01
  -6.96563   3.41925    8.0582909152E-01
  -7.02457   3.29648    8.1952267472E-01
  -7.08134   3.17269    8.3282260745E-01
  -7.13593   3.04793    8.4571250427E-01
  -7.18832   2.92222    8.5817648488E-01
  -7.23850   2.79562    8.7019919371E-01
  -7.28645   2.66815    8.8176581883E-01
  -7.33215   2.53987    8.9286211024E-01
  -7.37559   2.41080    9.0347439733E-01
  -7.41677   2.28098    9.1358960582E-01
  -7.45566   2.15047    9.2319527383E-01
  -7.49225   2.01929    9.3227956721E-01
  -7.52653   1.88749    9.4083129416E-01
  -7.55850   1.75511    9.4883991899E-01
  -7.58814   1.62219    9.5629557511E-01
  -7.61544   1.48877    9.6318907718E-01
  -7.64039   1.35489    9.6951193245E-01
  -7.66299   1.22059    9.7525635117E-01
  -7.68324   1.08592    9.8041525627E-01
  -7.70111   0.95091    9.8498229199E-01
  -7.71661   0.81561    9.8895183176E-01
  -7.72974   0.68006    9.9231898512E-01
  -7.74048   0.54430    9.9507960377E-01
  -7.74884   0.40837    9.9723028663E-01
  -7.75482   0.27232    9.9876838406E-01
  -7.75840   0.13618    9.9969200115E-01
  -7.75960   0.00000    1.0000000000E+00

   7.82222   0.00000********************
   7.82102   0.13728    9.9969200115E-01
   7.81740   0.27452    9.9876838406E-01
   7.81138   0.41167    9.9723028663E-01
   7.80295   0.54869    9.9507960377E-01
   7.79212   0.68555    9.9231898512E-01
   7.77889   0.82220    9.8895183176E-01
   7.76326   0.95859    9.8498229199E-01
   7.74525   1.09468    9.8041525627E-01
   7.72484   1.23044    9.7525635117E-01
   7.70206   1.36583    9.6951193245E-01
   7.67690   1.50079    9.6318907718E-01
   7.64938   1.63528    9.5629557511E-01
   7.61950   1.76928    9.4883991899E-01
   7.58728   1.90273    9.4083129416E-01
   7.55272   2.03559    9.3227956721E-01
   7.51583   2.16782    9.2319527383E-01
   7.47663   2.29939    9.1358960582E-01
   7.43512   2.43025    9.0347439733E-01
   7.39133   2.56036    8.9286211024E-01
   7.34525   2.68969    8.8176581883E-01
   7.29692   2.81818    8.7019919371E-01
   7.24634   2.94581    8.5817648488E-01
   7.19352   3.07253    8.4571250427E-01
   7.13849   3.19830    8.3282260745E-01
   7.08126   3.32309    8.1952267472E-01
   7.02185   3.44685    8.0582909152E-01
   6.96028   3.56955    7.9175872829E-01
   6.89656   3.69115    7.7732891966E-01
   6.83072   3.81162    7.6255744307E-01
   6.76277   3.93091    7.4746249693E-01
   6.69275   4.04899    7.3206267813E-01
   6.62065   4.16582    7.1637695918E-01
   6.54653   4.28137    7.0042466481E-01
   6.47038   4.39561    6.8422544818E-01
   6.39224   4.50848    6.6779926665E-01
   6.31213   4.61997    6.5116635720E-01
   6.23008   4.73004    6.3434721149E-01
   6.14611   4.83865    6.1736255064E-01
   6.06025   4.94576    6.0023329966E-01
   5.97251   5.05136    5.8298056172E-01
   5.88294   5.15540    5.6562559212E-01
   5.79156   5.25785    5.4818977208E-01
   5.69839   5.35868    5.3069458247E-01
   5.60347   5.45786    5.1316157728E-01
   5.50682   5.55536    4.9561235708E-01
   5.40848   5.65115    4.7806854244E-01
   5.30847   5.74520    4.6055174725E-01
   5.20682   5.83748    4.4308355213E-01
   5.10358   5.92796    4.2568547781E-01
   4.99875   6.01661    4.0837895863E-01
   4.89239   6.10341    3.9118531616E-01
   4.78453   6.18833    3.7412573288E-01
   4.67518   6.27135    3.5722122611E-01
   4.56440   6.35243    3.4049262214E-01
   4.45222   6.43156    3.2396053052E-01
   4.33866   6.50870    3.0764531871E-01
   4.22376   6.58384    2.9156708699E-01
   4.10757   6.65696    2.7574564365E-01
   3.99010   6.72802    2.6020048064E-01
   3.87141   6.79701    2.4495074954E-01
   3.75153   6.86390    2.3001523794E-01
   3.63049   6.92869    2.1541234632E-01
   3.50833   6.99133    2.0116006537E-01
   3.38510   7.05183    1.8727595385E-01
   3.26082   7.11015    1.7377711691E-01
   3.13553   7.16628    1.6068018506E-01
   3.00928   7.22021    1.4800129365E-01
   2.88210   7.27191    1.3575606303E-01
   2.75404   7.32137    1.2395957926E-01
   2.62513   7.36857    1.1262637556E-01
   2.49540   7.41351    1.0177041437E-01
   2.36491   7.45616    9.1405070194E-02
   2.23369   7.49652    8.1543113090E-02
   2.10179   7.53456    7.2196692940E-02
   1.96923   7.57029    6.3377324492E-02
   1.83607   7.60368    5.5095873167E-02
   1.70235   7.63474    4.7362541675E-02
   1.56809   7.66344    4.0186857444E-02
   1.43336   7.68977    3.3577660884E-02
   1.29818   7.71375    2.7543094495E-02
   1.16261   7.73534    2.2090592836E-02
   1.02668   7.75455    1.7226873362E-02
   0.89043   7.77138    1.2957928154E-02
   0.75390   7.78581    9.2890165331E-03
   0.61715   7.79784    6.2246585807E-03
   0.48020   7.80747    3.7686295721E-03
   0.34311   7.81469    1.9239553236E-03
   0.20591   7.81951    6.9290846547E-04
   0.06864   7.82192    7.7005641668E-05
  -0.06864   7.82192    7.7005641668E-05
  -0.20591   7.81951    6.9290846547E-04
  -0.34311   7.81469    1.9239553236E-03
  -0.48020   7.80747    3.7686295721E-03
  -0.61715   7.79784    6.2246585807E-03
  -0.75390   7.78581    9.2890165331E-03
  -0.89043   7.77138    1.2957928154E-02
  -1.02668   7.75455    1.7226873362E-02
  -1.16261   7.73534    2.2090592836E-02
  -1.29818   7.71375    2.7543094495E-02
  -1.43336   7.68977    3.3577660884E-02
  -1.56809   7.66344    4.0186857444E-02
  -1.70235   7.63474    4.7362541675E-02
  -1.83607   7.60368    5.5095873167E-02
  -1.96923   7.57029    6.3377324492E-02
  -2.10179   7.53456    7.2196692940E-02
  -2.23369   7.49652    8.1543113090E-02
  -2.36491   7.45616    9.1405070194E-02
  -2.49540   7.41351    1.0177041437E-01
  -2.62513   7.36857    1.1262637556E-01
  -2.75404   7.32137    1.2395957926E-01
  -2.88210   7.27191    1.3575606303E-01
  -3.00928   7.22021    1.4800129365E-01
  -3.13553   7.16628    1.6068018506E-01
  -3.26082   7.11015    1.7377711691E-01
  -3.38510   7.05183    1.8727595385E-01
  -3.50833   6.99133    2.0116006537E-01
  -3.63049   6.92869    2.1541234632E-01
  -3.75153   6.86390    2.3001523794E-01
  -3.87141   6.79701    2.4495074954E-01
  -3.99010   6.72802    2.6020048064E-01
  -4.10757   6.65696    2.7574564365E-01
  -4.22376   6.58384    2.9156708699E-01
  -4.33866   6.50870    3.0764531871E-01
  -4.45222   6.43156    3.2396053052E-01
  -4.56440   6.35243    3.4049262214E-01
  -4.67518   6.27135    3.5722122611E-01
  -4.78453   6.18833    3.7412573288E-01
  -4.89239   6.10341    3.9118531616E-01
  -4.99875   6.01661    4.0837895863E-01
  -5.10358   5.92796    4.2568547781E-01
  -5.20682   5.83748    4.4308355213E-01
  -5.30847   5.74520    4.6055174725E-01
  -5.40848   5.65115    4.7806854244E-01
  -5.50682   5.55536    4.9561235708E-01
  -5.60347   5.45786    5.1316157728E-01
  -5.69839   5.35868    5.3069458247E-01
  -5.79156   5.25785    5.4818977208E-01
  -5.88294   5.15540    5.6562559212E-01
  -5.97251   5.05136    5.8298056172E-01
  -6.06025   4.94576    6.0023329966E-01
  -6.14611   4.83865    6.1736255064E-01
  -6.23008   4.73004    6.3434721149E-01
  -6.31213   4.61997    6.5116635720E-01
  -6.39224   4.50848    6.6779926665E-01
  -6.47038   4.39561    6.8422544818E-01
  -6.54653   4.28137    7.0042466481E-01
  -6.62065   4.16582    7.1637695918E-01
  -6.69275   4.04899    7.3206267813E-01
  -6.76277   3.93091    7.4746249693E-01
  -6.83072   3.81162    7.6255744307E-01
  -6.89656   3.69115    7.7732891966E-01
  -6.96028   3.56955    7.9175872829E-01
  -7.02185   3.44685    8.0582909152E-01
  -7.08126   3.32309    8.1952267472E-01
  -7.13849   3.19830    8.3282260745E-01
  -7.19352   3.07253    8.4571250427E-01
  -7.24634   2.94581    8.5817648488E-01
  -7.29692   2.81818    8.7019919371E-01
  -7.34525   2.68969    8.8176581883E-01
  -7.39133   2.56036    8.9286211024E-01
  -7.43512   2.43025    9.0347439733E-01
  -7.47663   2.29939    9.1358960582E-01
  -7.51583   2.16782    9.2319527383E-01
  -7.55272   2.03559    9.3227956721E-01
  -7.58728   1.90273    9.4083129416E-01
  -7.61950   1.76928    9.4883991899E-01
  -7.64938   1.63528    9.5629557511E-01
  -7.67690   1.50079    9.6318907718E-01
  -7.70206   1.36583    9.6951193245E-01
  -7.72484   1.23044    9.7525635117E-01
  -7.74525   1.09468    9.8041525627E-01
  -7.76326   0.95859    9.8498229199E-01
  -7.77889   0.82220    9.8895183176E-01
  -7.79212   0.68555    9.9231898512E-01
  -7.80295   0.54869    9.9507960377E-01
  -7.81138   0.41167    9.9723028663E-01
  -7.81740   0.27452    9.9876838406E-01
  -7.82102   0.13728    9.9969200115E-01
  -7.82222   0.00000    1.0000000000E+00

   7.88485   0.00000********************
   7.88363   0.13838    9.9969200115E-01
   7.87999   0.27671    9.9876838406E-01
   7.87392   0.41496    9.9723028663E-01
   7.86543   0.55309    9.9507960377E-01
   7.85451   0.69104    9.9231898512E-01
   7.84117   0.82878    9.8895183176E-01
   7.82542   0.96626    9.8498229199E-01
   7.80726   1.10345    9.8041525627E-01
   7.78669   1.24030    9.7525635117E-01
   7.76372   1.37676    9.6951193245E-01
   7.73836   1.51280    9.6318907718E-01
   7.71062   1.64838    9.5629557511E-01
   7.68051   1.78344    9.4883991899E-01
   7.64802   1.91796    9.4083129416E-01
   7.61319   2.05189    9.3227956721E-01
   7.57600   2.18518    9.2319527383E-01
   7.53649   2.31780    9.1358960582E-01
   7.49465   2.44971    9.0347439733E-01
   7.45050   2.58086    8.9286211024E-01
   7.40406   2.71122    8.8176581883E-01
   7.35534   2.84074    8.7019919371E-01
   7.30435   2.96939    8.5817648488E-01
   7.25111   3.09712    8.4571250427E-01
   7.19564   3.22390    8.3282260745E-01
   7.13796   3.34969    8.1952267472E-01
   7.07807   3.47444    8.0582909152E-01
   7.01600   3.59813    7.9175872829E-01
   6.95178   3.72071    7.7732891966E-01
   6.88541   3.84214    7.6255744307E-01
   6.81692   3.96238    7.4746249693E-01
   6.74633   4.08141    7.3206267813E-01
   6.67366   4.19918    7.1637695918E-01
   6.59894   4.31565    7.0042466481E-01
   6.52218   4.43080    6.8422544818E-01
   6.44342   4.54458    6.6779926665E-01
   6.36267   4.65696    6.5116635720E-01
   6.27996   4.76791    6.3434721149E-01
   6.19532   4.87739    6.1736255064E-01
   6.10876   4.98536    6.0023329966E-01
   6.02033   5.09180    5.8298056172E-01
   5.93004   5.19667    5.6562559212E-01
   5.83793   5.29995    5.4818977208E-01
   5.74402   5.40158    5.3069458247E-01
   5.64833   5.50156    5.1316157728E-01
   5.55091   5.59984    4.9561235708E-01
   5.45178   5.69639    4.7806854244E-01
   5.35097   5.79120    4.6055174725E-01
   5.24851   5.88421    4.4308355213E-01
   5.14444   5.97542    4.2568547781E-01
   5.03878   6.06478    4.0837895863E-01
   4.93156   6.15228    3.9118531616E-01
   4.82283   6.23788    3.7412573288E-01
   4.71262   6.32156    3.5722122611E-01
   4.60095   6.40329    3.4049262214E-01
   4.48786   6.48305    3.2396053052E-01
   4.37339   6.56081    3.0764531871E-01
   4.25758   6.63656    2.9156708699E-01
   4.14045   6.71025    2.7574564365E-01
   4.02205   6.78188    2.6020048064E-01
   3.90241   6.85143    2.4495074954E-01
   3.78157   6.91886    2.3001523794E-01
   3.65956   6.98416    2.1541234632E-01
   3.53642   7.04731    2.0116006537E-01
   3.41220   7.10829    1.8727595385E-01
   3.28692   7.16708    1.7377711691E-01
   3.16064   7.22366    1.6068018506E-01
   3.03338   7.27801    1.4800129365E-01
   2.90518   7.33013    1.3575606303E-01
   2.77609   7.37998    1.2395957926E-01
   2.64614   7.42757    1.1262637556E-01
   2.51538   7.47286    1.0177041437E-01
   2.38385   7.51586    9.1405070194E-02
   2.25158   7.55654    8.1543113090E-02
   2.11861   7.59489    7.2196692940E-02
   1.98500   7.63090    6.3377324492E-02
   1.85077   7.66456    5.5095873167E-02
   1.71597   7.69586    4.7362541675E-02
   1.58065   7.72479    4.0186857444E-02
   1.44484   7.75134    3.3577660884E-02
   1.30858   7.77550    2.7543094495E-02
   1.17192   7.79727    2.2090592836E-02
   1.03490   7.81664    1.7226873362E-02
   0.89756   7.83360    1.2957928154E-02
   0.75994   7.84814    9.2890165331E-03
   0.62209   7.86027    6.2246585807E-03
   0.48404   7.86998    3.7686295721E-03
   0.34585   7.87726    1.9239553236E-03
   0.20755   7.88212    6.9290846547E-04
   0.06919   7.88454    7.7005641668E-05
  -0.06919   7.88454    7.7005641668E-05
  -0.20755   7.88212    6.9290846547E-04
  -0.34585   7.87726    1.9239553236E-03
  -0.48404   7.86998    3.7686295721E-03
  -0.62209   7.86027    6.2246585807E-03
  -0.75994   7.84814    9.2890165331E-03
  -0.89756   7.83360    1.2957928154E-02
  -1.03490   7.81664    1.7226873362E-02
  -1.17192   7.79727    2.2090592836E-02
  -1.30858   7.77550    2.7543094495E-02
  -1.44484   7.75134    3.3577660884E-02
  -1.58065   7.72479    4.0186857444E-02
  -1.71597   7.69586    4.7362541675E-02
  -1.85077   7.66456    5.5095873167E-02
  -1.98500   7.63090    6.3377324492E-02
  -2.11861   7.59489    7.2196692940E-02
  -2.25158   7.55654    8.1543113090E-02
  -2.38385   7.51586    9.1405070194E-02
  -2.51538   7.47286    1.0177041437E-01
  -2.64614   7.42757    1.1262637556E-01
  -2.77609   7.37998    1.2395957926E-01
  -2.90518   7.33013    1.3575606303E-01
  -3.03338   7.27801    1.4800129365E-01
  -3.16064   7.22366    1.6068018506E-01
  -3.28692   7.16708    1.7377711691E-01
  -3.41220   7.10829    1.8727595385E-01
  -3.53642   7.04731    2.0116006537E-01
  -3.65956   6.98416    2.1541234632E-01
  -3.78157   6.91886    2.3001523794E-01
  -3.90241   6.85143    2.4495074954E-01
  -4.02205   6.78188    2.6020048064E-01
  -4.14045   6.71025    2.7574564365E-01
  -4.25758   6.63656    2.9156708699E-01
  -4.37339   6.56081    3.0764531871E-01
  -4.48786   6.48305    3.2396053052E-01
  -4.60095   6.40329    3.4049262214E-01
  -4.71262   6.32156    3.5722122611E-01
  -4.82283   6.23788    3.7412573288E-01
  -4.93156   6.15228    3.9118531616E-01
  -5.03878   6.06478    4.0837895863E-01
  -5.14444   5.97542    4.2568547781E-01
  -5.24851   5.88421    4.4308355213E-01
  -5.35097   5.79120    4.6055174725E-01
  -5.45178   5.69639    4.7806854244E-01
  -5.55091   5.59984    4.9561235708E-01
  -5.64833   5.50156    5.1316157728E-01
  -5.74402   5.40158    5.3069458247E-01
  -5.83793   5.29995    5.4818977208E-01
  -5.93004   5.19667    5.6562559212E-01
  -6.02033   5.09180    5.8298056172E-01
  -6.10876   4.98536    6.0023329966E-01
  -6.19532   4.87739    6.1736255064E-01
  -6.27996   4.76791    6.3434721149E-01
  -6.36267   4.65696    6.5116635720E-01
  -6.44342   4.54458    6.6779926665E-01
  -6.52218   4.43080    6.8422544818E-01
  -6.59894   4.31565    7.0042466481E-01
  -6.67366   4.19918    7.1637695918E-01
  -6.74633   4.08141    7.3206267813E-01
  -6.81692   3.96238    7.4746249693E-01
  -6.88541   3.84214    7.6255744307E-01
  -6.95178   3.72071    7.7732891966E-01
  -7.01600   3.59813    7.9175872829E-01
  -7.07807   3.47444    8.0582909152E-01
  -7.13796   3.34969    8.1952267472E-01
  -7.19564   3.22390    8.3282260745E-01
  -7.25111   3.09712    8.4571250427E-01
  -7.30435   2.96939    8.5817648488E-01
  -7.35534   2.84074    8.7019919371E-01
  -7.40406   2.71122    8.8176581883E-01
  -7.45050   2.58086    8.9286211024E-01
  -7.49465   2.44971    9.0347439733E-01
  -7.53649   2.31780    9.1358960582E-01
  -7.57600   2.18518    9.2319527383E-01
  -7.61319   2.05189    9.3227956721E-01
  -7.64802   1.91796    9.4083129416E-01
  -7.68051   1.78344    9.4883991899E-01
  -7.71062   1.64838    9.5629557511E-01
  -7.73836   1.51280    9.6318907718E-01
  -7.76372   1.37676    9.6951193245E-01
  -7.78669   1.24030    9.7525635117E-01
  -7.80726   1.10345    9.8041525627E-01
  -7.82542   0.96626    9.8498229199E-01
  -7.84117   0.82878    9.8895183176E-01
  -7.85451   0.69104    9.9231898512E-01
  -7.86543   0.55309    9.9507960377E-01
  -7.87392   0.41496    9.9723028663E-01
  -7.87999   0.27671    9.9876838406E-01
  -7.88363   0.13838    9.9969200115E-01
  -7.88485   0.00000    1.0000000000E+00

   7.94747   0.00000********************
   7.94625   0.13948    9.9969200115E-01
   7.94258   0.27891    9.9876838406E-01
   7.93646   0.41826    9.9723028663E-01
   7.92790   0.55748    9.9507960377E-01
   7.91689   0.69653    9.9231898512E-01
   7.90345   0.83536    9.8895183176E-01
   7.88757   0.97394    9.8498229199E-01
   7.86927   1.11221    9.8041525627E-01
   7.84853   1.25015    9.7525635117E-01
   7.82539   1.38770    9.6951193245E-01
   7.79983   1.52482    9.6318907718E-01
   7.77186   1.66147    9.5629557511E-01
   7.74151   1.79761    9.4883991899E-01
   7.70877   1.93319    9.4083129416E-01
   7.67365   2.06818    9.3227956721E-01
   7.63618   2.20254    9.2319527383E-01
   7.59635   2.33621    9.1358960582E-01
   7.55418   2.46917    9.0347439733E-01
   7.50968   2.60136    8.9286211024E-01
   7.46287   2.73275    8.8176581883E-01
   7.41376   2.86331    8.7019919371E-01
   7.36237   2.99298    8.5817648488E-01
   7.30871   3.12172    8.4571250427E-01
   7.25280   3.24951    8.3282260745E-01
   7.19465   3.37630    8.1952267472E-01
   7.13429   3.50204    8.0582909152E-01
   7.07173   3.62671    7.9175872829E-01
   7.00699   3.75026    7.7732891966E-01
   6.94010   3.87265    7.6255744307E-01
   6.87106   3.99385    7.4746249693E-01
   6.79991   4.11382    7.3206267813E-01
   6.72667   4.23253    7.1637695918E-01
   6.65135   4.34993    7.0042466481E-01
   6.57399   4.46599    6.8422544818E-01
   6.49460   4.58067    6.6779926665E-01
   6.41321   4.69395    6.5116635720E-01
   6.32984   4.80578    6.3434721149E-01
   6.24452   4.91612    6.1736255064E-01
   6.15728   5.02496    6.0023329966E-01
   6.06815   5.13224    5.8298056172E-01
   5.97714   5.23795    5.6562559212E-01
   5.88430   5.34204    5.4818977208E-01
   5.78964   5.44449    5.3069458247E-01
   5.69320   5.54526    5.1316157728E-01
   5.59500   5.64432    4.9561235708E-01
   5.49508   5.74164    4.7806854244E-01
   5.39347   5.83719    4.6055174725E-01
   5.29020   5.93095    4.4308355213E-01
   5.18530   6.02288    4.2568547781E-01
   5.07880   6.11295    4.0837895863E-01
   4.97073   6.20114    3.9118531616E-01
   4.86114   6.28742    3.7412573288E-01
   4.75005   6.37177    3.5722122611E-01
   4.63749   6.45415    3.4049262214E-01
   4.52351   6.53454    3.2396053052E-01
   4.40813   6.61292    3.0764531871E-01
   4.29139   6.68927    2.9156708699E-01
   4.17334   6.76355    2.7574564365E-01
   4.05399   6.83575    2.6020048064E-01
   3.93340   6.90584    2.4495074954E-01
   3.81160   6.97381    2.3001523794E-01
   3.68862   7.03963    2.1541234632E-01
   3.56451   7.10328    2.0116006537E-01
   3.43930   7.16474    1.8727595385E-01
   3.31303   7.22400    1.7377711691E-01
   3.18574   7.28103    1.6068018506E-01
   3.05747   7.33582    1.4800129365E-01
   2.92825   7.38835    1.3575606303E-01
   2.79814   7.43860    1.2395957926E-01
   2.66716   7.48656    1.1262637556E-01
   2.53536   7.53222    1.0177041437E-01
   2.40278   7.57555    9.1405070194E-02
   2.26946   7.61655    8.1543113090E-02
   2.13544   7.65521    7.2196692940E-02
   2.00077   7.69151    6.3377324492E-02
   1.86547   7.72544    5.5095873167E-02
   1.72960   7.75699    4.7362541675E-02
   1.59320   7.78615    4.0186857444E-02
   1.45631   7.81291    3.3577660884E-02
   1.31897   7.83726    2.7543094495E-02
   1.18123   7.85920    2.2090592836E-02
   1.04312   7.87872    1.7226873362E-02
   0.90468   7.89582    1.2957928154E-02
   0.76597   7.91048    9.2890165331E-03
   0.62703   7.92270    6.2246585807E-03
   0.48789   7.93249    3.7686295721E-03
   0.34860   7.93983    1.9239553236E-03
   0.20920   7.94472    6.9290846547E-04
   0.06974   7.94717    7.7005641668E-05
  -0.06974   7.94717    7.7005641668E-05
  -0.20920   7.94472    6.9290846547E-04
  -0.34860   7.93983    1.9239553236E-03
  -0.48789   7.93249    3.7686295721E-03
  -0.62703   7.92270    6.2246585807E-03
  -0.76597   7.91048    9.2890165331E-03
  -0.90468   7.89582    1.2957928154E-02
  -1.04312   7.87872    1.7226873362E-02
  -1.18123   7.85920    2.2090592836E-02
  -1.31897   7.83726    2.7543094495E-02
  -1.45631   7.81291    3.3577660884E-02
  -1.59320   7.78615    4.0186857444E-02
  -1.72960   7.75699    4.7362541675E-02
  -1.86547   7.72544    5.5095873167E-02
  -2.00077   7.69151    6.3377324492E-02
  -2.13544   7.65521    7.2196692940E-02
  -2.26946   7.61655    8.1543113090E-02
  -2.40278   7.57555    9.1405070194E-02
  -2.53536   7.53222    1.0177041437E-01
  -2.66716   7.48656    1.1262637556E-01
  -2.79814   7.43860    1.2395957926E-01
  -2.92825   7.38835    1.3575606303E-01
  -3.05747   7.33582    1.4800129365E-01
  -3.18574   7.28103    1.6068018506E-01
  -3.31303   7.22400    1.7377711691E-01
  -3.43930   7.16474    1.8727595385E-01
  -3.56451   7.10328    2.0116006537E-01
  -3.68862   7.03963    2.1541234632E-01
  -3.81160   6.97381    2.3001523794E-01
  -3.93340   6.90584    2.4495074954E-01
  -4.05399   6.83575    2.6020048064E-01
  -4.17334   6.76355    2.7574564365E-01
  -4.29139   6.68927    2.9156708699E-01
  -4.40813   6.61292    3.0764531871E-01
  -4.52351   6.53454    3.2396053052E-01
  -4.63749   6.45415    3.4049262214E-01
  -4.75005   6.37177    3.5722122611E-01
  -4.86114   6.28742    3.7412573288E-01
  -4.97073   6.20114    3.9118531616E-01
  -5.07880   6.11295    4.0837895863E-01
  -5.18530   6.02288    4.2568547781E-01
  -5.29020   5.93095    4.4308355213E-01
  -5.39347   5.83719    4.6055174725E-01
  -5.49508   5.74164    4.7806854244E-01
  -5.59500   5.64432    4.9561235708E-01
  -5.69320   5.54526    5.1316157728E-01
  -5.78964   5.44449    5.3069458247E-01
  -5.88430   5.34204    5.4818977208E-01
  -5.97714   5.23795    5.6562559212E-01
  -6.06815   5.13224    5.8298056172E-01
  -6.15728   5.02496    6.0023329966E-01
  -6.24452   4.91612    6.1736255064E-01
  -6.32984   4.80578    6.3434721149E-01
  -6.41321   4.69395    6.5116635720E-01
  -6.49460   4.58067    6.6779926665E-01
  -6.57399   4.46599    6.8422544818E-01
  -6.65135   4.34993    7.0042466481E-01
  -6.72667   4.23253    7.1637695918E-01
  -6.79991   4.11382    7.3206267813E-01
  -6.87106   3.99385    7.4746249693E-01
  -6.94010   3.87265    7.6255744307E-01
  -7.00699   3.75026    7.7732891966E-01
  -7.07173   3.62671    7.9175872829E-01
  -7.13429   3.50204    8.0582909152E-01
  -7.19465   3.37630    8.1952267472E-01
  -7.25280   3.24951    8.3282260745E-01
  -7.30871   3.12172    8.4571250427E-01
  -7.36237   2.99298    8.5817648488E-01
  -7.41376   2.86331    8.7019919371E-01
  -7.46287   2.73275    8.8176581883E-01
  -7.50968   2.60136    8.9286211024E-01
  -7.55418   2.46917    9.0347439733E-01
  -7.59635   2.33621    9.1358960582E-01
  -7.63618   2.20254    9.2319527383E-01
  -7.67365   2.06818    9.3227956721E-01
  -7.70877   1.93319    9.4083129416E-01
  -7.74151   1.79761    9.4883991899E-01
  -7.77186   1.66147    9.5629557511E-01
  -7.79983   1.52482    9.6318907718E-01
  -7.82539   1.38770    9.6951193245E-01
  -7.84853   1.25015    9.7525635117E-01
  -7.86927   1.11221    9.8041525627E-01
  -7.88757   0.97394    9.8498229199E-01
  -7.90345   0.83536    9.8895183176E-01
  -7.91689   0.69653    9.9231898512E-01
  -7.92790   0.55748    9.9507960377E-01
  -7.93646   0.41826    9.9723028663E-01
  -7.94258   0.27891    9.9876838406E-01
  -7.94625   0.13948    9.9969200115E-01
  -7.94747   0.00000    1.0000000000E+00

   8.01010   0.00000********************
   8.00887   0.14058    9.9969200115E-01
   8.00517   0.28111    9.9876838406E-01
   7.99900   0.42156    9.9723028663E-01
   7.99037   0.56187    9.9507960377E-01
   7.97928   0.70202    9.9231898512E-01
   7.96573   0.84194    9.8895183176E-01
   7.94973   0.98161    9.8498229199E-01
   7.93128   1.12098    9.8041525627E-01
   7.91038   1.26000    9.7525635117E-01
   7.88705   1.39863    9.6951193245E-01
   7.86129   1.53683    9.6318907718E-01
   7.83311   1.67456    9.5629557511E-01
   7.80251   1.81177    9.4883991899E-01
   7.76951   1.94843    9.4083129416E-01
   7.73412   2.08448    9.3227956721E-01
   7.69635   2.21989    9.2319527383E-01
   7.65621   2.35462    9.1358960582E-01
   7.61370   2.48862    9.0347439733E-01
   7.56886   2.62186    8.9286211024E-01
   7.52168   2.75429    8.8176581883E-01
   7.47218   2.88587    8.7019919371E-01
   7.42038   3.01656    8.5817648488E-01
   7.36630   3.14632    8.4571250427E-01
   7.30995   3.27512    8.3282260745E-01
   7.25134   3.40290    8.1952267472E-01
   7.19051   3.52964    8.0582909152E-01
   7.12745   3.65529    7.9175872829E-01
   7.06221   3.77981    7.7732891966E-01
   6.99478   3.90317    7.6255744307E-01
   6.92521   4.02532    7.4746249693E-01
   6.85350   4.14624    7.3206267813E-01
   6.77967   4.26588    7.1637695918E-01
   6.70376   4.38421    7.0042466481E-01
   6.62579   4.50118    6.8422544818E-01
   6.54577   4.61677    6.6779926665E-01
   6.46374   4.73094    6.5116635720E-01
   6.37972   4.84365    6.3434721149E-01
   6.29373   4.95486    6.1736255064E-01
   6.20580   5.06456    6.0023329966E-01
   6.11597   5.17269    5.8298056172E-01
   6.02424   5.27922    5.6562559212E-01
   5.93067   5.38414    5.4818977208E-01
   5.83526   5.48739    5.3069458247E-01
   5.73806   5.58895    5.1316157728E-01
   5.63909   5.68879    4.9561235708E-01
   5.53838   5.78688    4.7806854244E-01
   5.43597   5.88319    4.6055174725E-01
   5.33189   5.97768    4.4308355213E-01
   5.22616   6.07034    4.2568547781E-01
   5.11882   6.16112    4.0837895863E-01
   5.00990   6.25001    3.9118531616E-01
   4.89944   6.33697    3.7412573288E-01
   4.78748   6.42198    3.5722122611E-01
   4.67403   6.50501    3.4049262214E-01
   4.55915   6.58603    3.2396053052E-01
   4.44287   6.66503    3.0764531871E-01
   4.32521   6.74198    2.9156708699E-01
   4.20622   6.81685    2.7574564365E-01
   4.08594   6.88962    2.6020048064E-01
   3.96440   6.96026    2.4495074954E-01
   3.84164   7.02877    2.3001523794E-01
   3.71769   7.09510    2.1541234632E-01
   3.59260   7.15926    2.0116006537E-01
   3.46640   7.22120    1.8727595385E-01
   3.33914   7.28093    1.7377711691E-01
   3.21084   7.33841    1.6068018506E-01
   3.08156   7.39363    1.4800129365E-01
   2.95133   7.44657    1.3575606303E-01
   2.82019   7.49722    1.2395957926E-01
   2.68818   7.54556    1.1262637556E-01
   2.55534   7.59157    1.0177041437E-01
   2.42172   7.63525    9.1405070194E-02
   2.28734   7.67657    8.1543113090E-02
   2.15227   7.71553    7.2196692940E-02
   2.01653   7.75212    6.3377324492E-02
   1.88017   7.78631    5.5095873167E-02
   1.74323   7.81811    4.7362541675E-02
   1.60576   7.84750    4.0186857444E-02
   1.46779   7.87447    3.3577660884E-02
   1.32937   7.89902    2.7543094495E-02
   1.19053   7.92113    2.2090592836E-02
   1.05134   7.94081    1.7226873362E-02
   0.91181   7.95803    1.2957928154E-02
   0.77201   7.97281    9.2890165331E-03
   0.63197   7.98513    6.2246585807E-03
   0.49173   7.99499    3.7686295721E-03
   0.35135   8.00239    1.9239553236E-03
   0.21085   8.00733    6.9290846547E-04
   0.07029   8.00979    7.7005641668E-05
  -0.07029   8.00979    7.7005641668E-05
  -0.21085   8.00733    6.9290846547E-04
  -0.35135   8.00239    1.9239553236E-03
  -0.49173   7.99499    3.7686295721E-03
  -0.63197   7.98513    6.2246585807E-03
  -0.77201   7.97281    9.2890165331E-03
  -0.91181   7.95803    1.2957928154E-02
  -1.05134   7.94081    1.7226873362E-02
  -1.19053   7.92113    2.2090592836E-02
  -1.32937   7.89902    2.7543094495E-02
  -1.46779   7.87447    3.3577660884E-02
  -1.60576   7.84750    4.0186857444E-02
  -1.74323   7.81811    4.7362541675E-02
  -1.88017   7.78631    5.5095873167E-02
  -2.01653   7.75212    6.3377324492E-02
  -2.15227   7.71553    7.2196692940E-02
  -2.28734   7.67657    8.1543113090E-02
  -2.42172   7.63525    9.1405070194E-02
  -2.55534   7.59157    1.0177041437E-01
  -2.68818   7.54556    1.1262637556E-01
  -2.82019   7.49722    1.2395957926E-01
  -2.95133   7.44657    1.3575606303E-01
  -3.08156   7.39363    1.4800129365E-01
  -3.21084   7.33841    1.6068018506E-01
  -3.33914   7.28093    1.7377711691E-01
  -3.46640   7.22120    1.8727595385E-01
  -3.59260   7.15926    2.0116006537E-01
  -3.71769   7.09510    2.1541234632E-01
  -3.84164   7.02877    2.3001523794E-01
  -3.96440   6.96026    2.4495074954E-01
  -4.08594   6.88962    2.6020048064E-01
  -4.20622   6.81685    2.7574564365E-01
  -4.32521   6.74198    2.9156708699E-01
  -4.44287   6.66503    3.0764531871E-01
  -4.55915   6.58603    3.2396053052E-01
  -4.67403   6.50501    3.4049262214E-01
  -4.78748   6.42198    3.5722122611E-01
  -4.89944   6.33697    3.7412573288E-01
  -5.00990   6.25001    3.9118531616E-01
  -5.11882   6.16112    4.0837895863E-01
  -5.22616   6.07034    4.2568547781E-01
  -5.33189   5.97768    4.4308355213E-01
  -5.43597   5.88319    4.6055174725E-01
  -5.53838   5.78688    4.7806854244E-01
  -5.63909   5.68879    4.9561235708E-01
  -5.73806   5.58895    5.1316157728E-01
  -5.83526   5.48739    5.3069458247E-01
  -5.93067   5.38414    5.4818977208E-01
  -6.02424   5.27922    5.6562559212E-01
  -6.11597   5.17269    5.8298056172E-01
  -6.20580   5.06456    6.0023329966E-01
  -6.29373   4.95486    6.1736255064E-01
  -6.37972   4.84365    6.3434721149E-01
  -6.46374   4.73094    6.5116635720E-01
  -6.54577   4.61677    6.6779926665E-01
  -6.62579   4.50118    6.8422544818E-01
  -6.70376   4.38421    7.0042466481E-01
  -6.77967   4.26588    7.1637695918E-01
  -6.85350   4.14624    7.3206267813E-01
  -6.92521   4.02532    7.4746249693E-01
  -6.99478   3.90317    7.6255744307E-01
  -7.06221   3.77981    7.7732891966E-01
  -7.12745   3.65529    7.9175872829E-01
  -7.19051   3.52964    8.0582909152E-01
  -7.25134   3.40290    8.1952267472E-01
  -7.30995   3.27512    8.3282260745E-01
  -7.36630   3.14632    8.4571250427E-01
  -7.42038   3.01656    8.5817648488E-01
  -7.47218   2.88587    8.7019919371E-01
  -7.52168   2.75429    8.8176581883E-01
  -7.56886   2.62186    8.9286211024E-01
  -7.61370   2.48862    9.0347439733E-01
  -7.65621   2.35462    9.1358960582E-01
  -7.69635   2.21989    9.2319527383E-01
  -7.73412   2.08448    9.3227956721E-01
  -7.76951   1.94843    9.4083129416E-01
  -7.80251   1.81177    9.4883991899E-01
  -7.83311   1.67456    9.5629557511E-01
  -7.86129   1.53683    9.6318907718E-01
  -7.88705   1.39863    9.6951193245E-01
  -7.91038   1.26000    9.7525635117E-01
  -7.93128   1.12098    9.8041525627E-01
  -7.94973   0.98161    9.8498229199E-01
  -7.96573   0.84194    9.8895183176E-01
  -7.97928   0.70202    9.9231898512E-01
  -7.99037   0.56187    9.9507960377E-01
  -7.99900   0.42156    9.9723028663E-01
  -8.00517   0.28111    9.9876838406E-01
  -8.00887   0.14058    9.9969200115E-01
  -8.01010   0.00000    1.0000000000E+00

   8.07273   0.00000********************
   8.07148   0.14168    9.9969200115E-01
   8.06775   0.28331    9.9876838406E-01
   8.06154   0.42485    9.9723028663E-01
   8.05284   0.56627    9.9507960377E-01
   8.04166   0.70751    9.9231898512E-01
   8.02801   0.84853    9.8895183176E-01
   8.01188   0.98929    9.8498229199E-01
   7.99329   1.12974    9.8041525627E-01
   7.97223   1.26985    9.7525635117E-01
   7.94871   1.40957    9.6951193245E-01
   7.92275   1.54885    9.6318907718E-01
   7.89435   1.68765    9.5629557511E-01
   7.86352   1.82594    9.4883991899E-01
   7.83026   1.96366    9.4083129416E-01
   7.79459   2.10078    9.3227956721E-01
   7.75652   2.23725    9.2319527383E-01
   7.71606   2.37303    9.1358960582E-01
   7.67323   2.50808    9.0347439733E-01
   7.62803   2.64236    8.9286211024E-01
   7.58048   2.77582    8.8176581883E-01
   7.53060   2.90843    8.7019919371E-01
   7.47840   3.04015    8.5817648488E-01
   7.42389   3.17092    8.4571250427E-01
   7.36710   3.30072    8.3282260745E-01
   7.30804   3.42951    8.1952267472E-01
   7.24672   3.55723    8.0582909152E-01
   7.18318   3.68386    7.9175872829E-01
   7.11742   3.80936    7.7732891966E-01
   7.04947   3.93368    7.6255744307E-01
   6.97935   4.05680    7.4746249693E-01
   6.90708   4.17866    7.3206267813E-01
   6.83268   4.29923    7.1637695918E-01
   6.75618   4.41848    7.0042466481E-01
   6.67759   4.53637    6.8422544818E-01
   6.59695   4.65287    6.6779926665E-01
   6.51428   4.76793    6.5116635720E-01
   6.42960   4.88152    6.3434721149E-01
   6.34294   4.99360    6.1736255064E-01
   6.25432   5.10415    6.0023329966E-01
   6.16378   5.21313    5.8298056172E-01
   6.07134   5.32050    5.6562559212E-01
   5.97703   5.42623    5.4818977208E-01
   5.88088   5.53029    5.3069458247E-01
   5.78292   5.63265    5.1316157728E-01
   5.68318   5.73327    4.9561235708E-01
   5.58169   5.83213    4.7806854244E-01
   5.47847   5.92919    4.6055174725E-01
   5.37357   6.02442    4.4308355213E-01
   5.26702   6.11780    4.2568547781E-01
   5.15884   6.20929    4.0837895863E-01
   5.04907   6.29887    3.9118531616E-01
   4.93775   6.38651    3.7412573288E-01
   4.82491   6.47219    3.5722122611E-01
   4.71058   6.55587    3.4049262214E-01
   4.59480   6.63753    3.2396053052E-01
   4.47760   6.71714    3.0764531871E-01
   4.35903   6.79469    2.9156708699E-01
   4.23911   6.87014    2.7574564365E-01
   4.11789   6.94348    2.6020048064E-01
   3.99539   7.01468    2.4495074954E-01
   3.87167   7.08372    2.3001523794E-01
   3.74676   7.15058    2.1541234632E-01
   3.62069   7.21523    2.0116006537E-01
   3.49350   7.27766    1.8727595385E-01
   3.36524   7.33785    1.7377711691E-01
   3.23595   7.39578    1.6068018506E-01
   3.10565   7.45143    1.4800129365E-01
   2.97440   7.50479    1.3575606303E-01
   2.84224   7.55583    1.2395957926E-01
   2.70920   7.60455    1.1262637556E-01
   2.57532   7.65093    1.0177041437E-01
   2.44065   7.69494    9.1405070194E-02
   2.30523   7.73659    8.1543113090E-02
   2.16910   7.77586    7.2196692940E-02
   2.03230   7.81273    6.3377324492E-02
   1.89487   7.84719    5.5095873167E-02
   1.75686   7.87924    4.7362541675E-02
   1.61831   7.90886    4.0186857444E-02
   1.47926   7.93604    3.3577660884E-02
   1.33976   7.96078    2.7543094495E-02
   1.19984   7.98306    2.2090592836E-02
   1.05956   8.00289    1.7226873362E-02
   0.91894   8.02025    1.2957928154E-02
   0.77805   8.03515    9.2890165331E-03
   0.63691   8.04756    6.2246585807E-03
   0.49558   8.05750    3.7686295721E-03
   0.35409   8.06496    1.9239553236E-03
   0.21250   8.06993    6.9290846547E-04
   0.07084   8.07242    7.7005641668E-05
  -0.07084   8.07242    7.7005641668E-05
  -0.21250   8.06993    6.9290846547E-04
  -0.35409   8.06496    1.9239553236E-03
  -0.49558   8.05750    3.7686295721E-03
  -0.63691   8.04756    6.2246585807E-03
  -0.77805   8.03515    9.2890165331E-03
  -0.91894   8.02025    1.2957928154E-02
  -1.05956   8.00289    1.7226873362E-02
  -1.19984   7.98306    2.2090592836E-02
  -1.33976   7.96078    2.7543094495E-02
  -1.47926   7.93604    3.3577660884E-02
  -1.61831   7.90886    4.0186857444E-02
  -1.75686   7.87924    4.7362541675E-02
  -1.89487   7.84719    5.5095873167E-02
  -2.03230   7.81273    6.3377324492E-02
  -2.16910   7.77586    7.2196692940E-02
  -2.30523   7.73659    8.1543113090E-02
  -2.44065   7.69494    9.1405070194E-02
  -2.57532   7.65093    1.0177041437E-01
  -2.70920   7.60455    1.1262637556E-01
  -2.84224   7.55583    1.2395957926E-01
  -2.97440   7.50479    1.3575606303E-01
  -3.10565   7.45143    1.4800129365E-01
  -3.23595   7.39578    1.6068018506E-01
  -3.36524   7.33785    1.7377711691E-01
  -3.49350   7.27766    1.8727595385E-01
  -3.62069   7.21523    2.0116006537E-01
  -3.74676   7.15058    2.1541234632E-01
  -3.87167   7.08372    2.3001523794E-01
  -3.99539   7.01468    2.4495074954E-01
  -4.11789   6.94348    2.6020048064E-01
  -4.23911   6.87014    2.7574564365E-01
  -4.35903   6.79469    2.9156708699E-01
  -4.47760   6.71714    3.0764531871E-01
  -4.59480   6.63753    3.2396053052E-01
  -4.71058   6.55587    3.4049262214E-01
  -4.82491   6.47219    3.5722122611E-01
  -4.93775   6.38651    3.7412573288E-01
  -5.04907   6.29887    3.9118531616E-01
  -5.15884   6.20929    4.0837895863E-01
  -5.26702   6.11780    4.2568547781E-01
  -5.37357   6.02442    4.4308355213E-01
  -5.47847   5.92919    4.6055174725E-01
  -5.58169   5.83213    4.7806854244E-01
  -5.68318   5.73327    4.9561235708E-01
  -5.78292   5.63265    5.1316157728E-01
  -5.88088   5.53029    5.3069458247E-01
  -5.97703   5.42623    5.4818977208E-01
  -6.07134   5.32050    5.6562559212E-01
  -6.16378   5.21313    5.8298056172E-01
  -6.25432   5.10415    6.0023329966E-01
  -6.34294   4.99360    6.1736255064E-01
  -6.42960   4.88152    6.3434721149E-01
  -6.51428   4.76793    6.5116635720E-01
  -6.59695   4.65287    6.6779926665E-01
  -6.67759   4.53637    6.8422544818E-01
  -6.75618   4.41848    7.0042466481E-01
  -6.83268   4.29923    7.1637695918E-01
  -6.90708   4.17866    7.3206267813E-01
  -6.97935   4.05680    7.4746249693E-01
  -7.04947   3.93368    7.6255744307E-01
  -7.11742   3.80936    7.7732891966E-01
  -7.18318   3.68386    7.9175872829E-01
  -7.24672   3.55723    8.0582909152E-01
  -7.30804   3.42951    8.1952267472E-01
  -7.36710   3.30072    8.3282260745E-01
  -7.42389   3.17092    8.4571250427E-01
  -7.47840   3.04015    8.5817648488E-01
  -7.53060   2.90843    8.7019919371E-01
  -7.58048   2.77582    8.8176581883E-01
  -7.62803   2.64236    8.9286211024E-01
  -7.67323   2.50808    9.0347439733E-01
  -7.71606   2.37303    9.1358960582E-01
  -7.75652   2.23725    9.2319527383E-01
  -7.79459   2.10078    9.3227956721E-01
  -7.83026   1.96366    9.4083129416E-01
  -7.86352   1.82594    9.4883991899E-01
  -7.89435   1.68765    9.5629557511E-01
  -7.92275   1.54885    9.6318907718E-01
  -7.94871   1.40957    9.6951193245E-01
  -7.97223   1.26985    9.7525635117E-01
  -7.99329   1.12974    9.8041525627E-01
  -8.01188   0.98929    9.8498229199E-01
  -8.02801   0.84853    9.8895183176E-01
  -8.04166   0.70751    9.9231898512E-01
  -8.05284   0.56627    9.9507960377E-01
  -8.06154   0.42485    9.9723028663E-01
  -8.06775   0.28331    9.9876838406E-01
  -8.07148   0.14168    9.9969200115E-01
  -8.07273   0.00000    1.0000000000E+00

   8.13535   0.00000********************
   8.13410   0.14277    9.9969200115E-01
   8.13034   0.28551    9.9876838406E-01
   8.12408   0.42815    9.9723028663E-01
   8.11531   0.57066    9.9507960377E-01
   8.10405   0.71299    9.9231898512E-01
   8.09029   0.85511    9.8895183176E-01
   8.07404   0.99696    9.8498229199E-01
   8.05530   1.13851    9.8041525627E-01
   8.03407   1.27970    9.7525635117E-01
   8.01038   1.42050    9.6951193245E-01
   7.98421   1.56086    9.6318907718E-01
   7.95559   1.70074    9.5629557511E-01
   7.92452   1.84010    9.4883991899E-01
   7.89100   1.97889    9.4083129416E-01
   7.85506   2.11708    9.3227956721E-01
   7.81670   2.25460    9.2319527383E-01
   7.77592   2.39144    9.1358960582E-01
   7.73276   2.52754    9.0347439733E-01
   7.68721   2.66286    8.9286211024E-01
   7.63929   2.79736    8.8176581883E-01
   7.58902   2.93100    8.7019919371E-01
   7.53641   3.06373    8.5817648488E-01
   7.48148   3.19552    8.4571250427E-01
   7.42425   3.32633    8.3282260745E-01
   7.36473   3.45611    8.1952267472E-01
   7.30294   3.58483    8.0582909152E-01
   7.23890   3.71244    7.9175872829E-01
   7.17264   3.83891    7.7732891966E-01
   7.10416   3.96420    7.6255744307E-01
   7.03349   4.08827    7.4746249693E-01
   6.96066   4.21108    7.3206267813E-01
   6.88569   4.33259    7.1637695918E-01
   6.80859   4.45276    7.0042466481E-01
   6.72940   4.57157    6.8422544818E-01
   6.64813   4.68896    6.6779926665E-01
   6.56481   4.80491    6.5116635720E-01
   6.47948   4.91939    6.3434721149E-01
   6.39214   5.03234    6.1736255064E-01
   6.30284   5.14375    6.0023329966E-01
   6.21160   5.25357    5.8298056172E-01
   6.11844   5.36177    5.6562559212E-01
   6.02340   5.46833    5.4818977208E-01
   5.92651   5.57319    5.3069458247E-01
   5.82778   5.67635    5.1316157728E-01
   5.72727   5.77775    4.9561235708E-01
   5.62499   5.87737    4.7806854244E-01
   5.52097   5.97518    4.6055174725E-01
   5.41526   6.07116    4.4308355213E-01
   5.30788   6.16526    4.2568547781E-01
   5.19886   6.25746    4.0837895863E-01
   5.08824   6.34774    3.9118531616E-01
   4.97606   6.43606    3.7412573288E-01
   4.86234   6.52240    3.5722122611E-01
   4.74712   6.60673    3.4049262214E-01
   4.63044   6.68902    3.2396053052E-01
   4.51234   6.76925    3.0764531871E-01
   4.39284   6.84740    2.9156708699E-01
   4.27200   6.92344    2.7574564365E-01
   4.14983   6.99735    2.6020048064E-01
   4.02639   7.06910    2.4495074954E-01
   3.90171   7.13867    2.3001523794E-01
   3.77582   7.20605    2.1541234632E-01
   3.64878   7.27120    2.0116006537E-01
   3.52061   7.33412    1.8727595385E-01
   3.39135   7.39478    1.7377711691E-01
   3.26105   7.45316    1.6068018506E-01
   3.12975   7.50924    1.4800129365E-01
   2.99748   7.56301    1.3575606303E-01
   2.86429   7.61445    1.2395957926E-01
   2.73021   7.66354    1.1262637556E-01
   2.59530   7.71028    1.0177041437E-01
   2.45958   7.75464    9.1405070194E-02
   2.32311   7.79661    8.1543113090E-02
   2.18592   7.83618    7.2196692940E-02
   2.04806   7.87334    6.3377324492E-02
   1.90957   7.90807    5.5095873167E-02
   1.77049   7.94036    4.7362541675E-02
   1.63087   7.97021    4.0186857444E-02
   1.49074   7.99760    3.3577660884E-02
   1.35015   8.02253    2.7543094495E-02
   1.20915   8.04499    2.2090592836E-02
   1.06777   8.06498    1.7226873362E-02
   0.92607   8.08247    1.2957928154E-02
   0.78408   8.09748    9.2890165331E-03
   0.64185   8.10999    6.2246585807E-03
   0.49942   8.12001    3.7686295721E-03
   0.35684   8.12752    1.9239553236E-03
   0.21415   8.13253    6.9290846547E-04
   0.07139   8.13504    7.7005641668E-05
  -0.07139   8.13504    7.7005641668E-05
  -0.21415   8.13253    6.9290846547E-04
  -0.35684   8.12752    1.9239553236E-03
  -0.49942   8.12001    3.7686295721E-03
  -0.64185   8.10999    6.2246585807E-03
  -0.78408   8.09748    9.2890165331E-03
  -0.92607   8.08247    1.2957928154E-02
  -1.06777   8.06498    1.7226873362E-02
  -1.20915   8.04499    2.2090592836E-02
  -1.35015   8.02253    2.7543094495E-02
  -1.49074   7.99760    3.3577660884E-02
  -1.63087   7.97021    4.0186857444E-02
  -1.77049   7.94036    4.7362541675E-02
  -1.90957   7.90807    5.5095873167E-02
  -2.04806   7.87334    6.3377324492E-02
  -2.18592   7.83618    7.2196692940E-02
  -2.32311   7.79661    8.1543113090E-02
  -2.45958   7.75464    9.1405070194E-02
  -2.59530   7.71028    1.0177041437E-01
  -2.73021   7.66354    1.1262637556E-01
  -2.86429   7.61445    1.2395957926E-01
  -2.99748   7.56301    1.3575606303E-01
  -3.12975   7.50924    1.4800129365E-01
  -3.26105   7.45316    1.6068018506E-01
  -3.39135   7.39478    1.7377711691E-01
  -3.52061   7.33412    1.8727595385E-01
  -3.64878   7.27120    2.0116006537E-01
  -3.77582   7.20605    2.1541234632E-01
  -3.90171   7.13867    2.3001523794E-01
  -4.02639   7.06910    2.4495074954E-01
  -4.14983   6.99735    2.6020048064E-01
  -4.27200   6.92344    2.7574564365E-01
  -4.39284   6.84740    2.9156708699E-01
  -4.51234   6.76925    3.0764531871E-01
  -4.63044   6.68902    3.2396053052E-01
  -4.74712   6.60673    3.4049262214E-01
  -4.86234   6.52240    3.5722122611E-01
  -4.97606   6.43606    3.7412573288E-01
  -5.08824   6.34774    3.9118531616E-01
  -5.19886   6.25746    4.0837895863E-01
  -5.30788   6.16526    4.2568547781E-01
  -5.41526   6.07116    4.4308355213E-01
  -5.52097   5.97518    4.6055174725E-01
  -5.62499   5.87737    4.7806854244E-01
  -5.72727   5.77775    4.9561235708E-01
  -5.82778   5.67635    5.1316157728E-01
  -5.92651   5.57319    5.3069458247E-01
  -6.02340   5.46833    5.4818977208E-01
  -6.11844   5.36177    5.6562559212E-01
  -6.21160   5.25357    5.8298056172E-01
  -6.30284   5.14375    6.0023329966E-01
  -6.39214   5.03234    6.1736255064E-01
  -6.47948   4.91939    6.3434721149E-01
  -6.56481   4.80491    6.5116635720E-01
  -6.64813   4.68896    6.6779926665E-01
  -6.72940   4.57157    6.8422544818E-01
  -6.80859   4.45276    7.0042466481E-01
  -6.88569   4.33259    7.1637695918E-01
  -6.96066   4.21108    7.3206267813E-01
  -7.03349   4.08827    7.4746249693E-01
  -7.10416   3.96420    7.6255744307E-01
  -7.17264   3.83891    7.7732891966E-01
  -7.23890   3.71244    7.9175872829E-01
  -7.30294   3.58483    8.0582909152E-01
  -7.36473   3.45611    8.1952267472E-01
  -7.42425   3.32633    8.3282260745E-01
  -7.48148   3.19552    8.4571250427E-01
  -7.53641   3.06373    8.5817648488E-01
  -7.58902   2.93100    8.7019919371E-01
  -7.63929   2.79736    8.8176581883E-01
  -7.68721   2.66286    8.9286211024E-01
  -7.73276   2.52754    9.0347439733E-01
  -7.77592   2.39144    9.1358960582E-01
  -7.81670   2.25460    9.2319527383E-01
  -7.85506   2.11708    9.3227956721E-01
  -7.89100   1.97889    9.4083129416E-01
  -7.92452   1.84010    9.4883991899E-01
  -7.95559   1.70074    9.5629557511E-01
  -7.98421   1.56086    9.6318907718E-01
  -8.01038   1.42050    9.6951193245E-01
  -8.03407   1.27970    9.7525635117E-01
  -8.05530   1.13851    9.8041525627E-01
  -8.07404   0.99696    9.8498229199E-01
  -8.09029   0.85511    9.8895183176E-01
  -8.10405   0.71299    9.9231898512E-01
  -8.11531   0.57066    9.9507960377E-01
  -8.12408   0.42815    9.9723028663E-01
  -8.13034   0.28551    9.9876838406E-01
  -8.13410   0.14277    9.9969200115E-01
  -8.13535   0.00000    1.0000000000E+00

   8.19798   0.00000********************
   8.19672   0.14387    9.9969200115E-01
   8.19293   0.28770    9.9876838406E-01
   8.18662   0.43144    9.9723028663E-01
   8.17779   0.57505    9.9507960377E-01
   8.16643   0.71848    9.9231898512E-01
   8.15257   0.86169    9.8895183176E-01
   8.13619   1.00464    9.8498229199E-01
   8.11731   1.14727    9.8041525627E-01
   8.09592   1.28955    9.7525635117E-01
   8.07204   1.43144    9.6951193245E-01
   8.04568   1.57288    9.6318907718E-01
   8.01683   1.71384    9.5629557511E-01
   7.98552   1.85427    9.4883991899E-01
   7.95175   1.99413    9.4083129416E-01
   7.91553   2.13337    9.3227956721E-01
   7.87687   2.27196    9.2319527383E-01
   7.83578   2.40985    9.1358960582E-01
   7.79228   2.54700    9.0347439733E-01
   7.74638   2.68336    8.9286211024E-01
   7.69810   2.81889    8.8176581883E-01
   7.64744   2.95356    8.7019919371E-01
   7.59443   3.08732    8.5817648488E-01
   7.53908   3.22012    8.4571250427E-01
   7.48140   3.35194    8.3282260745E-01
   7.42143   3.48272    8.1952267472E-01
   7.35916   3.61243    8.0582909152E-01
   7.29463   3.74102    7.9175872829E-01
   7.22785   3.86847    7.7732891966E-01
   7.15885   3.99472    7.6255744307E-01
   7.08764   4.11974    7.4746249693E-01
   7.01425   4.24349    7.3206267813E-01
   6.93869   4.36594    7.1637695918E-01
   6.86100   4.48704    7.0042466481E-01
   6.78120   4.60676    6.8422544818E-01
   6.69931   4.72506    6.6779926665E-01
   6.61535   4.84190    6.5116635720E-01
   6.52936   4.95726    6.3434721149E-01
   6.44135   5.07108    6.1736255064E-01
   6.35136   5.18335    6.0023329966E-01
   6.25942   5.29401    5.8298056172E-01
   6.16554   5.40305    5.6562559212E-01
   6.06977   5.51042    5.4818977208E-01
   5.97213   5.61610    5.3069458247E-01
   5.87265   5.72004    5.1316157728E-01
   5.77136   5.82223    4.9561235708E-01
   5.66829   5.92262    4.7806854244E-01
   5.56347   6.02118    4.6055174725E-01
   5.45695   6.11789    4.4308355213E-01
   5.34874   6.21272    4.2568547781E-01
   5.23888   6.30563    4.0837895863E-01
   5.12741   6.39660    3.9118531616E-01
   5.01436   6.48560    3.7412573288E-01
   4.89977   6.57261    3.5722122611E-01
   4.78366   6.65758    3.4049262214E-01
   4.66609   6.74051    3.2396053052E-01
   4.54707   6.82136    3.0764531871E-01
   4.42666   6.90011    2.9156708699E-01
   4.30488   6.97674    2.7574564365E-01
   4.18178   7.05121    2.6020048064E-01
   4.05739   7.12352    2.4495074954E-01
   3.93174   7.19363    2.3001523794E-01
   3.80489   7.26152    2.1541234632E-01
   3.67687   7.32718    2.0116006537E-01
   3.54771   7.39058    1.8727595385E-01
   3.41746   7.45170    1.7377711691E-01
   3.28615   7.51053    1.6068018506E-01
   3.15384   7.56704    1.4800129365E-01
   3.02055   7.62123    1.3575606303E-01
   2.88634   7.67307    1.2395957926E-01
   2.75123   7.72254    1.1262637556E-01
   2.61528   7.76963    1.0177041437E-01
   2.47852   7.81433    9.1405070194E-02
   2.34100   7.85663    8.1543113090E-02
   2.20275   7.89650    7.2196692940E-02
   2.06383   7.93394    6.3377324492E-02
   1.92427   7.96894    5.5095873167E-02
   1.78412   8.00149    4.7362541675E-02
   1.64342   8.03157    4.0186857444E-02
   1.50221   8.05917    3.3577660884E-02
   1.36055   8.08429    2.7543094495E-02
   1.21846   8.10693    2.2090592836E-02
   1.07599   8.12706    1.7226873362E-02
   0.93320   8.14469    1.2957928154E-02
   0.79012   8.15982    9.2890165331E-03
   0.64679   8.17243    6.2246585807E-03
   0.50327   8.18252    3.7686295721E-03
   0.35959   8.19009    1.9239553236E-03
   0.21580   8.19514    6.9290846547E-04
   0.07194   8.19766    7.7005641668E-05
  -0.07194   8.19766    7.7005641668E-05
  -0.21580   8.19514    6.9290846547E-04
  -0.35959   8.19009    1.9239553236E-03
  -0.50327   8.18252    3.7686295721E-03
  -0.64679   8.17243    6.2246585807E-03
  -0.79012   8.15982    9.2890165331E-03
  -0.93320   8.14469    1.2957928154E-02
  -1.07599   8.12706    1.7226873362E-02
  -1.21846   8.10693    2.2090592836E-02
  -1.36055   8.08429    2.7543094495E-02
  -1.50221   8.05917    3.3577660884E-02
  -1.64342   8.03157    4.0186857444E-02
  -1.78412   8.00149    4.7362541675E-02
  -1.92427   7.96894    5.5095873167E-02
  -2.06383   7.93394    6.3377324492E-02
  -2.20275   7.89650    7.2196692940E-02
  -2.34100   7.85663    8.1543113090E-02
  -2.47852   7.81433    9.1405070194E-02
  -2.61528   7.76963    1.0177041437E-01
  -2.75123   7.72254    1.1262637556E-01
  -2.88634   7.67307    1.2395957926E-01
  -3.02055   7.62123    1.3575606303E-01
  -3.15384   7.56704    1.4800129365E-01
  -3.28615   7.51053    1.6068018506E-01
  -3.41746   7.45170    1.7377711691E-01
  -3.54771   7.39058    1.8727595385E-01
  -3.67687   7.32718    2.0116006537E-01
  -3.80489   7.26152    2.1541234632E-01
  -3.93174   7.19363    2.3001523794E-01
  -4.05739   7.12352    2.4495074954E-01
  -4.18178   7.05121    2.6020048064E-01
  -4.30488   6.97674    2.7574564365E-01
  -4.42666   6.90011    2.9156708699E-01
  -4.54707   6.82136    3.0764531871E-01
  -4.66609   6.74051    3.2396053052E-01
  -4.78366   6.65758    3.4049262214E-01
  -4.89977   6.57261    3.5722122611E-01
  -5.01436   6.48560    3.7412573288E-01
  -5.12741   6.39660    3.9118531616E-01
  -5.23888   6.30563    4.0837895863E-01
  -5.34874   6.21272    4.2568547781E-01
  -5.45695   6.11789    4.4308355213E-01
  -5.56347   6.02118    4.6055174725E-01
  -5.66829   5.92262    4.7806854244E-01
  -5.77136   5.82223    4.9561235708E-01
  -5.87265   5.72004    5.1316157728E-01
  -5.97213   5.61610    5.3069458247E-01
  -6.06977   5.51042    5.4818977208E-01
  -6.16554   5.40305    5.6562559212E-01
  -6.25942   5.29401    5.8298056172E-01
  -6.35136   5.18335    6.0023329966E-01
  -6.44135   5.07108    6.1736255064E-01
  -6.52936   4.95726    6.3434721149E-01
  -6.61535   4.84190    6.5116635720E-01
  -6.69931   4.72506    6.6779926665E-01
  -6.78120   4.60676    6.8422544818E-01
  -6.86100   4.48704    7.0042466481E-01
  -6.93869   4.36594    7.1637695918E-01
  -7.01425   4.24349    7.3206267813E-01
  -7.08764   4.11974    7.4746249693E-01
  -7.15885   3.99472    7.6255744307E-01
  -7.22785   3.86847    7.7732891966E-01
  -7.29463   3.74102    7.9175872829E-01
  -7.35916   3.61243    8.0582909152E-01
  -7.42143   3.48272    8.1952267472E-01
  -7.48140   3.35194    8.3282260745E-01
  -7.53908   3.22012    8.4571250427E-01
  -7.59443   3.08732    8.5817648488E-01
  -7.64744   2.95356    8.7019919371E-01
  -7.69810   2.81889    8.8176581883E-01
  -7.74638   2.68336    8.9286211024E-01
  -7.79228   2.54700    9.0347439733E-01
  -7.83578   2.40985    9.1358960582E-01
  -7.87687   2.27196    9.2319527383E-01
  -7.91553   2.13337    9.3227956721E-01
  -7.95175   1.99413    9.4083129416E-01
  -7.98552   1.85427    9.4883991899E-01
  -8.01683   1.71384    9.5629557511E-01
  -8.04568   1.57288    9.6318907718E-01
  -8.07204   1.43144    9.6951193245E-01
  -8.09592   1.28955    9.7525635117E-01
  -8.11731   1.14727    9.8041525627E-01
  -8.13619   1.00464    9.8498229199E-01
  -8.15257   0.86169    9.8895183176E-01
  -8.16643   0.71848    9.9231898512E-01
  -8.17779   0.57505    9.9507960377E-01
  -8.18662   0.43144    9.9723028663E-01
  -8.19293   0.28770    9.9876838406E-01
  -8.19672   0.14387    9.9969200115E-01
  -8.19798   0.00000    1.0000000000E+00

   8.26061   0.00000********************
   8.25933   0.14497    9.9969200115E-01
   8.25552   0.28990    9.9876838406E-01
   8.24916   0.43474    9.9723028663E-01
   8.24026   0.57944    9.9507960377E-01
   8.22882   0.72397    9.9231898512E-01
   8.21485   0.86827    9.8895183176E-01
   8.19834   1.01231    9.8498229199E-01
   8.17932   1.15603    9.8041525627E-01
   8.15777   1.29940    9.7525635117E-01
   8.13371   1.44237    9.6951193245E-01
   8.10714   1.58489    9.6318907718E-01
   8.07808   1.72693    9.5629557511E-01
   8.04653   1.86843    9.4883991899E-01
   8.01250   2.00936    9.4083129416E-01
   7.97600   2.14967    9.3227956721E-01
   7.93704   2.28932    9.2319527383E-01
   7.89564   2.42826    9.1358960582E-01
   7.85181   2.56645    9.0347439733E-01
   7.80556   2.70386    8.9286211024E-01
   7.75691   2.84043    8.8176581883E-01
   7.70586   2.97612    8.7019919371E-01
   7.65244   3.11090    8.5817648488E-01
   7.59667   3.24472    8.4571250427E-01
   7.53856   3.37754    8.3282260745E-01
   7.47812   3.50932    8.1952267472E-01
   7.41538   3.64002    8.0582909152E-01
   7.35036   3.76960    7.9175872829E-01
   7.28307   3.89802    7.7732891966E-01
   7.21354   4.02523    7.6255744307E-01
   7.14178   4.15121    7.4746249693E-01
   7.06783   4.27591    7.3206267813E-01
   6.99170   4.39929    7.1637695918E-01
   6.91341   4.52132    7.0042466481E-01
   6.83300   4.64195    6.8422544818E-01
   6.75048   4.76115    6.6779926665E-01
   6.66589   4.87889    6.5116635720E-01
   6.57924   4.99512    6.3434721149E-01
   6.49056   5.10982    6.1736255064E-01
   6.39988   5.22294    6.0023329966E-01
   6.30723   5.33446    5.8298056172E-01
   6.21264   5.44432    5.6562559212E-01
   6.11614   5.55252    5.4818977208E-01
   6.01775   5.65900    5.3069458247E-01
   5.91751   5.76374    5.1316157728E-01
   5.81545   5.86670    4.9561235708E-01
   5.71159   5.96786    4.7806854244E-01
   5.60597   6.06718    4.6055174725E-01
   5.49863   6.16463    4.4308355213E-01
   5.38960   6.26018    4.2568547781E-01
   5.27890   6.35380    4.0837895863E-01
   5.16658   6.44547    3.9118531616E-01
   5.05267   6.53515    3.7412573288E-01
   4.93720   6.62282    3.5722122611E-01
   4.82021   6.70844    3.4049262214E-01
   4.70173   6.79200    3.2396053052E-01
   4.58181   6.87347    3.0764531871E-01
   4.46048   6.95282    2.9156708699E-01
   4.33777   7.03003    2.7574564365E-01
   4.21372   7.10508    2.6020048064E-01
   4.08838   7.17794    2.4495074954E-01
   3.96178   7.24858    2.3001523794E-01
   3.83396   7.31699    2.1541234632E-01
   3.70495   7.38315    2.0116006537E-01
   3.57481   7.44704    1.8727595385E-01
   3.44356   7.50863    1.7377711691E-01
   3.31126   7.56790    1.6068018506E-01
   3.17793   7.62485    1.4800129365E-01
   3.04363   7.67945    1.3575606303E-01
   2.90839   7.73168    1.2395957926E-01
   2.77225   7.78153    1.1262637556E-01
   2.63526   7.82899    1.0177041437E-01
   2.49745   7.87403    9.1405070194E-02
   2.35888   7.91665    8.1543113090E-02
   2.21958   7.95683    7.2196692940E-02
   2.07960   7.99455    6.3377324492E-02
   1.93897   8.02982    5.5095873167E-02
   1.79775   8.06261    4.7362541675E-02
   1.65598   8.09292    4.0186857444E-02
   1.51369   8.12074    3.3577660884E-02
   1.37094   8.14605    2.7543094495E-02
   1.22777   8.16886    2.2090592836E-02
   1.08421   8.18914    1.7226873362E-02
   0.94033   8.20691    1.2957928154E-02
   0.79615   8.22215    9.2890165331E-03
   0.65173   8.23486    6.2246585807E-03
   0.50711   8.24503    3.7686295721E-03
   0.36233   8.25266    1.9239553236E-03
   0.21745   8.25774    6.9290846547E-04
   0.07249   8.26029    7.7005641668E-05
  -0.07249   8.26029    7.7005641668E-05
  -0.21745   8.25774    6.9290846547E-04
  -0.36233   8.25266    1.9239553236E-03
  -0.50711   8.24503    3.7686295721E-03
  -0.65173   8.23486    6.2246585807E-03
  -0.79615   8.22215    9.2890165331E-03
  -0.94033   8.20691    1.2957928154E-02
  -1.08421   8.18914    1.7226873362E-02
  -1.22777   8.16886    2.2090592836E-02
  -1.37094   8.14605    2.7543094495E-02
  -1.51369   8.12074    3.3577660884E-02
  -1.65598   8.09292    4.0186857444E-02
  -1.79775   8.06261    4.7362541675E-02
  -1.93897   8.02982    5.5095873167E-02
  -2.07960   7.99455    6.3377324492E-02
  -2.21958   7.95683    7.2196692940E-02
  -2.35888   7.91665    8.1543113090E-02
  -2.49745   7.87403    9.1405070194E-02
  -2.63526   7.82899    1.0177041437E-01
  -2.77225   7.78153    1.1262637556E-01
  -2.90839   7.73168    1.2395957926E-01
  -3.04363   7.67945    1.3575606303E-01
  -3.17793   7.62485    1.4800129365E-01
  -3.31126   7.56790    1.6068018506E-01
  -3.44356   7.50863    1.7377711691E-01
  -3.57481   7.44704    1.8727595385E-01
  -3.70495   7.38315    2.0116006537E-01
  -3.83396   7.31699    2.1541234632E-01
  -3.96178   7.24858    2.3001523794E-01
  -4.08838   7.17794    2.4495074954E-01
  -4.21372   7.10508    2.6020048064E-01
  -4.33777   7.03003    2.7574564365E-01
  -4.46048   6.95282    2.9156708699E-01
  -4.58181   6.87347    3.0764531871E-01
  -4.70173   6.79200    3.2396053052E-01
  -4.82021   6.70844    3.4049262214E-01
  -4.93720   6.62282    3.5722122611E-01
  -5.05267   6.53515    3.7412573288E-01
  -5.16658   6.44547    3.9118531616E-01
  -5.27890   6.35380    4.0837895863E-01
  -5.38960   6.26018    4.2568547781E-01
  -5.49863   6.16463    4.4308355213E-01
  -5.60597   6.06718    4.6055174725E-01
  -5.71159   5.96786    4.7806854244E-01
  -5.81545   5.86670    4.9561235708E-01
  -5.91751   5.76374    5.1316157728E-01
  -6.01775   5.65900    5.3069458247E-01
  -6.11614   5.55252    5.4818977208E-01
  -6.21264   5.44432    5.6562559212E-01
  -6.30723   5.33446    5.8298056172E-01
  -6.39988   5.22294    6.0023329966E-01
  -6.49056   5.10982    6.1736255064E-01
  -6.57924   4.99512    6.3434721149E-01
  -6.66589   4.87889    6.5116635720E-01
  -6.75048   4.76115    6.6779926665E-01
  -6.83300   4.64195    6.8422544818E-01
  -6.91341   4.52132    7.0042466481E-01
  -6.99170   4.39929    7.1637695918E-01
  -7.06783   4.27591    7.3206267813E-01
  -7.14178   4.15121    7.4746249693E-01
  -7.21354   4.02523    7.6255744307E-01
  -7.28307   3.89802    7.7732891966E-01
  -7.35036   3.76960    7.9175872829E-01
  -7.41538   3.64002    8.0582909152E-01
  -7.47812   3.50932    8.1952267472E-01
  -7.53856   3.37754    8.3282260745E-01
  -7.59667   3.24472    8.4571250427E-01
  -7.65244   3.11090    8.5817648488E-01
  -7.70586   2.97612    8.7019919371E-01
  -7.75691   2.84043    8.8176581883E-01
  -7.80556   2.70386    8.9286211024E-01
  -7.85181   2.56645    9.0347439733E-01
  -7.89564   2.42826    9.1358960582E-01
  -7.93704   2.28932    9.2319527383E-01
  -7.97600   2.14967    9.3227956721E-01
  -8.01250   2.00936    9.4083129416E-01
  -8.04653   1.86843    9.4883991899E-01
  -8.07808   1.72693    9.5629557511E-01
  -8.10714   1.58489    9.6318907718E-01
  -8.13371   1.44237    9.6951193245E-01
  -8.15777   1.29940    9.7525635117E-01
  -8.17932   1.15603    9.8041525627E-01
  -8.19834   1.01231    9.8498229199E-01
  -8.21485   0.86827    9.8895183176E-01
  -8.22882   0.72397    9.9231898512E-01
  -8.24026   0.57944    9.9507960377E-01
  -8.24916   0.43474    9.9723028663E-01
  -8.25552   0.28990    9.9876838406E-01
  -8.25933   0.14497    9.9969200115E-01
  -8.26061   0.00000    1.0000000000E+00

   8.32323   0.00000********************
   8.32195   0.14607    9.9969200115E-01
   8.31811   0.29210    9.9876838406E-01
   8.31170   0.43804    9.9723028663E-01
   8.30273   0.58384    9.9507960377E-01
   8.29121   0.72946    9.9231898512E-01
   8.27713   0.87486    9.8895183176E-01
   8.26050   1.01999    9.8498229199E-01
   8.24133   1.16480    9.8041525627E-01
   8.21961   1.30925    9.7525635117E-01
   8.19537   1.45331    9.6951193245E-01
   8.16860   1.59691    9.6318907718E-01
   8.13932   1.74002    9.5629557511E-01
   8.10753   1.88260    9.4883991899E-01
   8.07324   2.02459    9.4083129416E-01
   8.03647   2.16597    9.3227956721E-01
   7.99722   2.30667    9.2319527383E-01
   7.95550   2.44667    9.1358960582E-01
   7.91134   2.58591    9.0347439733E-01
   7.86474   2.72435    8.9286211024E-01
   7.81571   2.86196    8.8176581883E-01
   7.76428   2.99868    8.7019919371E-01
   7.71046   3.13448    8.5817648488E-01
   7.65426   3.26932    8.4571250427E-01
   7.59571   3.40315    8.3282260745E-01
   7.53481   3.53593    8.1952267472E-01
   7.47160   3.66762    8.0582909152E-01
   7.40608   3.79818    7.9175872829E-01
   7.33828   3.92757    7.7732891966E-01
   7.26822   4.05575    7.6255744307E-01
   7.19593   4.18268    7.4746249693E-01
   7.12141   4.30833    7.3206267813E-01
   7.04471   4.43264    7.1637695918E-01
   6.96583   4.55559    7.0042466481E-01
   6.88480   4.67714    6.8422544818E-01
   6.80166   4.79725    6.6779926665E-01
   6.71642   4.91588    6.5116635720E-01
   6.62911   5.03299    6.3434721149E-01
   6.53977   5.14856    6.1736255064E-01
   6.44840   5.26254    6.0023329966E-01
   6.35505   5.37490    5.8298056172E-01
   6.25974   5.48560    5.6562559212E-01
   6.16251   5.59461    5.4818977208E-01
   6.06337   5.70190    5.3069458247E-01
   5.96237   5.80744    5.1316157728E-01
   5.85953   5.91118    4.9561235708E-01
   5.75489   6.01310    4.7806854244E-01
   5.64848   6.11318    4.6055174725E-01
   5.54032   6.21136    4.4308355213E-01
   5.43046   6.30764    4.2568547781E-01
   5.31892   6.40197    4.0837895863E-01
   5.20575   6.49433    3.9118531616E-01
   5.09097   6.58469    3.7412573288E-01
   4.97463   6.67303    3.5722122611E-01
   4.85675   6.75930    3.4049262214E-01
   4.73738   6.84350    3.2396053052E-01
   4.61655   6.92558    3.0764531871E-01
   4.49429   7.00554    2.9156708699E-01
   4.37065   7.08333    2.7574564365E-01
   4.24567   7.15895    2.6020048064E-01
   4.11938   7.23235    2.4495074954E-01
   3.99181   7.30353    2.3001523794E-01
   3.86302   7.37247    2.1541234632E-01
   3.73304   7.43913    2.0116006537E-01
   3.60191   7.50349    1.8727595385E-01
   3.46967   7.56555    1.7377711691E-01
   3.33636   7.62528    1.6068018506E-01
   3.20203   7.68266    1.4800129365E-01
   3.06670   7.73767    1.3575606303E-01
   2.93043   7.79030    1.2395957926E-01
   2.79326   7.84053    1.1262637556E-01
   2.65523   7.88834    1.0177041437E-01
   2.51639   7.93373    9.1405070194E-02
   2.37676   7.97667    8.1543113090E-02
   2.23641   8.01715    7.2196692940E-02
   2.09536   8.05516    6.3377324492E-02
   1.95367   8.09070    5.5095873167E-02
   1.81138   8.12374    4.7362541675E-02
   1.66853   8.15428    4.0186857444E-02
   1.52517   8.18230    3.3577660884E-02
   1.38133   8.20781    2.7543094495E-02
   1.23707   8.23079    2.2090592836E-02
   1.09243   8.25123    1.7226873362E-02
   0.94746   8.26913    1.2957928154E-02
   0.80219   8.28448    9.2890165331E-03
   0.65667   8.29729    6.2246585807E-03
   0.51096   8.30753    3.7686295721E-03
   0.36508   8.31522    1.9239553236E-03
   0.21909   8.32035    6.9290846547E-04
   0.07304   8.32291    7.7005641668E-05
  -0.07304   8.32291    7.7005641668E-05
  -0.21909   8.32035    6.9290846547E-04
  -0.36508   8.31522    1.9239553236E-03
  -0.51096   8.30753    3.7686295721E-03
  -0.65667   8.29729    6.2246585807E-03
  -0.80219   8.28448    9.2890165331E-03
  -0.94746   8.26913    1.2957928154E-02
  -1.09243   8.25123    1.7226873362E-02
  -1.23707   8.23079    2.2090592836E-02
  -1.38133   8.20781    2.7543094495E-02
  -1.52517   8.18230    3.3577660884E-02
  -1.66853   8.15428    4.0186857444E-02
  -1.81138   8.12374    4.7362541675E-02
  -1.95367   8.09070    5.5095873167E-02
  -2.09536   8.05516    6.3377324492E-02
  -2.23641   8.01715    7.2196692940E-02
  -2.37676   7.97667    8.1543113090E-02
  -2.51639   7.93373    9.1405070194E-02
  -2.65523   7.88834    1.0177041437E-01
  -2.79326   7.84053    1.1262637556E-01
  -2.93043   7.79030    1.2395957926E-01
  -3.06670   7.73767    1.3575606303E-01
  -3.20203   7.68266    1.4800129365E-01
  -3.33636   7.62528    1.6068018506E-01
  -3.46967   7.56555    1.7377711691E-01
  -3.60191   7.50349    1.8727595385E-01
  -3.73304   7.43913    2.0116006537E-01
  -3.86302   7.37247    2.1541234632E-01
  -3.99181   7.30353    2.3001523794E-01
  -4.11938   7.23235    2.4495074954E-01
  -4.24567   7.15895    2.6020048064E-01
  -4.37065   7.08333    2.7574564365E-01
  -4.49429   7.00554    2.9156708699E-01
  -4.61655   6.92558    3.0764531871E-01
  -4.73738   6.84350    3.2396053052E-01
  -4.85675   6.75930    3.4049262214E-01
  -4.97463   6.67303    3.5722122611E-01
  -5.09097   6.58469    3.7412573288E-01
  -5.20575   6.49433    3.9118531616E-01
  -5.31892   6.40197    4.0837895863E-01
  -5.43046   6.30764    4.2568547781E-01
  -5.54032   6.21136    4.4308355213E-01
  -5.64848   6.11318    4.6055174725E-01
  -5.75489   6.01310    4.7806854244E-01
  -5.85953   5.91118    4.9561235708E-01
  -5.96237   5.80744    5.1316157728E-01
  -6.06337   5.70190    5.3069458247E-01
  -6.16251   5.59461    5.4818977208E-01
  -6.25974   5.48560    5.6562559212E-01
  -6.35505   5.37490    5.8298056172E-01
  -6.44840   5.26254    6.0023329966E-01
  -6.53977   5.14856    6.1736255064E-01
  -6.62911   5.03299    6.3434721149E-01
  -6.71642   4.91588    6.5116635720E-01
  -6.80166   4.79725    6.6779926665E-01
  -6.88480   4.67714    6.8422544818E-01
  -6.96583   4.55559    7.0042466481E-01
  -7.04471   4.43264    7.1637695918E-01
  -7.12141   4.30833    7.3206267813E-01
  -7.19593   4.18268    7.4746249693E-01
  -7.26822   4.05575    7.6255744307E-01
  -7.33828   3.92757    7.7732891966E-01
  -7.40608   3.79818    7.9175872829E-01
  -7.47160   3.66762    8.0582909152E-01
  -7.53481   3.53593    8.1952267472E-01
  -7.59571   3.40315    8.3282260745E-01
  -7.65426   3.26932    8.4571250427E-01
  -7.71046   3.13448    8.5817648488E-01
  -7.76428   2.99868    8.7019919371E-01
  -7.81571   2.86196    8.8176581883E-01
  -7.86474   2.72435    8.9286211024E-01
  -7.91134   2.58591    9.0347439733E-01
  -7.95550   2.44667    9.1358960582E-01
  -7.99722   2.30667    9.2319527383E-01
  -8.03647   2.16597    9.3227956721E-01
  -8.07324   2.02459    9.4083129416E-01
  -8.10753   1.88260    9.4883991899E-01
  -8.13932   1.74002    9.5629557511E-01
  -8.16860   1.59691    9.6318907718E-01
  -8.19537   1.45331    9.6951193245E-01
  -8.21961   1.30925    9.7525635117E-01
  -8.24133   1.16480    9.8041525627E-01
  -8.26050   1.01999    9.8498229199E-01
  -8.27713   0.87486    9.8895183176E-01
  -8.29121   0.72946    9.9231898512E-01
  -8.30273   0.58384    9.9507960377E-01
  -8.31170   0.43804    9.9723028663E-01
  -8.31811   0.29210    9.9876838406E-01
  -8.32195   0.14607    9.9969200115E-01
  -8.32323   0.00000    1.0000000000E+00

   8.38586   0.00000********************
   8.38457   0.14717    9.9969200115E-01
   8.38069   0.29430    9.9876838406E-01
   8.37424   0.44133    9.9723028663E-01
   8.36520   0.58823    9.9507960377E-01
   8.35359   0.73495    9.9231898512E-01
   8.33941   0.88144    9.8895183176E-01
   8.32265   1.02766    9.8498229199E-01
   8.30334   1.17356    9.8041525627E-01
   8.28146   1.31911    9.7525635117E-01
   8.25703   1.46424    9.6951193245E-01
   8.23007   1.60893    9.6318907718E-01
   8.20056   1.75311    9.5629557511E-01
   8.16853   1.89676    9.4883991899E-01
   8.13399   2.03983    9.4083129416E-01
   8.09693   2.18226    9.3227956721E-01
   8.05739   2.32403    9.2319527383E-01
   8.01536   2.46508    9.1358960582E-01
   7.97087   2.60537    9.0347439733E-01
   7.92391   2.74485    8.9286211024E-01
   7.87452   2.88349    8.8176581883E-01
   7.82270   3.02125    8.7019919371E-01
   7.76848   3.15807    8.5817648488E-01
   7.71186   3.29392    8.4571250427E-01
   7.65286   3.42875    8.3282260745E-01
   7.59151   3.56253    8.1952267472E-01
   7.52782   3.69521    8.0582909152E-01
   7.46181   3.82676    7.9175872829E-01
   7.39350   3.95712    7.7732891966E-01
   7.32291   4.08627    7.6255744307E-01
   7.25007   4.21415    7.4746249693E-01
   7.17500   4.34074    7.3206267813E-01
   7.09771   4.46600    7.1637695918E-01
   7.01824   4.58987    7.0042466481E-01
   6.93661   4.71233    6.8422544818E-01
   6.85284   4.83335    6.6779926665E-01
   6.76696   4.95287    6.5116635720E-01
   6.67899   5.07086    6.3434721149E-01
   6.58897   5.18730    6.1736255064E-01
   6.49692   5.30214    6.0023329966E-01
   6.40287   5.41534    5.8298056172E-01
   6.30684   5.52688    5.6562559212E-01
   6.20888   5.63671    5.4818977208E-01
   6.10900   5.74481    5.3069458247E-01
   6.00723   5.85113    5.1316157728E-01
   5.90362   5.95566    4.9561235708E-01
   5.79819   6.05835    4.7806854244E-01
   5.69098   6.15917    4.6055174725E-01
   5.58201   6.25810    4.4308355213E-01
   5.47132   6.35510    4.2568547781E-01
   5.35894   6.45014    4.0837895863E-01
   5.24492   6.54320    3.9118531616E-01
   5.12928   6.63424    3.7412573288E-01
   5.01206   6.72324    3.5722122611E-01
   4.89329   6.81016    3.4049262214E-01
   4.77302   6.89499    3.2396053052E-01
   4.65128   6.97769    3.0764531871E-01
   4.52811   7.05825    2.9156708699E-01
   4.40354   7.13663    2.7574564365E-01
   4.27761   7.21281    2.6020048064E-01
   4.15037   7.28677    2.4495074954E-01
   4.02185   7.35849    2.3001523794E-01
   3.89209   7.42794    2.1541234632E-01
   3.76113   7.49510    2.0116006537E-01
   3.62901   7.55995    1.8727595385E-01
   3.49578   7.62248    1.7377711691E-01
   3.36147   7.68265    1.6068018506E-01
   3.22612   7.74046    1.4800129365E-01
   3.08978   7.79589    1.3575606303E-01
   2.95248   7.84891    1.2395957926E-01
   2.81428   7.89952    1.1262637556E-01
   2.67521   7.94770    1.0177041437E-01
   2.53532   7.99342    9.1405070194E-02
   2.39465   8.03668    8.1543113090E-02
   2.25323   8.07747    7.2196692940E-02
   2.11113   8.11577    6.3377324492E-02
   1.96837   8.15157    5.5095873167E-02
   1.82501   8.18486    4.7362541675E-02
   1.68108   8.21563    4.0186857444E-02
   1.53664   8.24387    3.3577660884E-02
   1.39173   8.26957    2.7543094495E-02
   1.24638   8.29272    2.2090592836E-02
   1.10065   8.31331    1.7226873362E-02
   0.95459   8.33135    1.2957928154E-02
   0.80823   8.34682    9.2890165331E-03
   0.66161   8.35972    6.2246585807E-03
   0.51480   8.37004    3.7686295721E-03
   0.36783   8.37779    1.9239553236E-03
   0.22074   8.38295    6.9290846547E-04
   0.07359   8.38554    7.7005641668E-05
  -0.07359   8.38554    7.7005641668E-05
  -0.22074   8.38295    6.9290846547E-04
  -0.36783   8.37779    1.9239553236E-03
  -0.51480   8.37004    3.7686295721E-03
  -0.66161   8.35972    6.2246585807E-03
  -0.80823   8.34682    9.2890165331E-03
  -0.95459   8.33135    1.2957928154E-02
  -1.10065   8.31331    1.7226873362E-02
  -1.24638   8.29272    2.2090592836E-02
  -1.39173   8.26957    2.7543094495E-02
  -1.53664   8.24387    3.3577660884E-02
  -1.68108   8.21563    4.0186857444E-02
  -1.82501   8.18486    4.7362541675E-02
  -1.96837   8.15157    5.5095873167E-02
  -2.11113   8.11577    6.3377324492E-02
  -2.25323   8.07747    7.2196692940E-02
  -2.39465   8.03668    8.1543113090E-02
  -2.53532   7.99342    9.1405070194E-02
  -2.67521   7.94770    1.0177041437E-01
  -2.81428   7.89952    1.1262637556E-01
  -2.95248   7.84891    1.2395957926E-01
  -3.08978   7.79589    1.3575606303E-01
  -3.22612   7.74046    1.4800129365E-01
  -3.36147   7.68265    1.6068018506E-01
  -3.49578   7.62248    1.7377711691E-01
  -3.62901   7.55995    1.8727595385E-01
  -3.76113   7.49510    2.0116006537E-01
  -3.89209   7.42794    2.1541234632E-01
  -4.02185   7.35849    2.3001523794E-01
  -4.15037   7.28677    2.4495074954E-01
  -4.27761   7.21281    2.6020048064E-01
  -4.40354   7.13663    2.7574564365E-01
  -4.52811   7.05825    2.9156708699E-01
  -4.65128   6.97769    3.0764531871E-01
  -4.77302   6.89499    3.2396053052E-01
  -4.89329   6.81016    3.4049262214E-01
  -5.01206   6.72324    3.5722122611E-01
  -5.12928   6.63424    3.7412573288E-01
  -5.24492   6.54320    3.9118531616E-01
  -5.35894   6.45014    4.0837895863E-01
  -5.47132   6.35510    4.2568547781E-01
  -5.58201   6.25810    4.4308355213E-01
  -5.69098   6.15917    4.6055174725E-01
  -5.79819   6.05835    4.7806854244E-01
  -5.90362   5.95566    4.9561235708E-01
  -6.00723   5.85113    5.1316157728E-01
  -6.10900   5.74481    5.3069458247E-01
  -6.20888   5.63671    5.4818977208E-01
  -6.30684   5.52688    5.6562559212E-01
  -6.40287   5.41534    5.8298056172E-01
  -6.49692   5.30214    6.0023329966E-01
  -6.58897   5.18730    6.1736255064E-01
  -6.67899   5.07086    6.3434721149E-01
  -6.76696   4.95287    6.5116635720E-01
  -6.85284   4.83335    6.6779926665E-01
  -6.93661   4.71233    6.8422544818E-01
  -7.01824   4.58987    7.0042466481E-01
  -7.09771   4.46600    7.1637695918E-01
  -7.17500   4.34074    7.3206267813E-01
  -7.25007   4.21415    7.4746249693E-01
  -7.32291   4.08627    7.6255744307E-01
  -7.39350   3.95712    7.7732891966E-01
  -7.46181   3.82676    7.9175872829E-01
  -7.52782   3.69521    8.0582909152E-01
  -7.59151   3.56253    8.1952267472E-01
  -7.65286   3.42875    8.3282260745E-01
  -7.71186   3.29392    8.4571250427E-01
  -7.76848   3.15807    8.5817648488E-01
  -7.82270   3.02125    8.7019919371E-01
  -7.87452   2.88349    8.8176581883E-01
  -7.92391   2.74485    8.9286211024E-01
  -7.97087   2.60537    9.0347439733E-01
  -8.01536   2.46508    9.1358960582E-01
  -8.05739   2.32403    9.2319527383E-01
  -8.09693   2.18226    9.3227956721E-01
  -8.13399   2.03983    9.4083129416E-01
  -8.16853   1.89676    9.4883991899E-01
  -8.20056   1.75311    9.5629557511E-01
  -8.23007   1.60893    9.6318907718E-01
  -8.25703   1.46424    9.6951193245E-01
  -8.28146   1.31911    9.7525635117E-01
  -8.30334   1.17356    9.8041525627E-01
  -8.32265   1.02766    9.8498229199E-01
  -8.33941   0.88144    9.8895183176E-01
  -8.35359   0.73495    9.9231898512E-01
  -8.36520   0.58823    9.9507960377E-01
  -8.37424   0.44133    9.9723028663E-01
  -8.38069   0.29430    9.9876838406E-01
  -8.38457   0.14717    9.9969200115E-01
  -8.38586   0.00000    1.0000000000E+00

   8.44848   0.00000********************
   8.44718   0.14827    9.9969200115E-01
   8.44328   0.29649    9.9876838406E-01
   8.43678   0.44463    9.9723028663E-01
   8.42767   0.59262    9.9507960377E-01
   8.41598   0.74044    9.9231898512E-01
   8.40169   0.88802    9.8895183176E-01
   8.38481   1.03533    9.8498229199E-01
   8.36535   1.18233    9.8041525627E-01
   8.34331   1.32896    9.7525635117E-01
   8.31870   1.47518    9.6951193245E-01
   8.29153   1.62094    9.6318907718E-01
   8.26180   1.76621    9.5629557511E-01
   8.22954   1.91093    9.4883991899E-01
   8.19473   2.05506    9.4083129416E-01
   8.15740   2.19856    9.3227956721E-01
   8.11756   2.34138    9.2319527383E-01
   8.07522   2.48349    9.1358960582E-01
   8.03039   2.62482    9.0347439733E-01
   7.98309   2.76535    8.9286211024E-01
   7.93333   2.90503    8.8176581883E-01
   7.88112   3.04381    8.7019919371E-01
   7.82649   3.18165    8.5817648488E-01
   7.76945   3.31852    8.4571250427E-01
   7.71001   3.45436    8.3282260745E-01
   7.64820   3.58914    8.1952267472E-01
   7.58403   3.72281    8.0582909152E-01
   7.51753   3.85534    7.9175872829E-01
   7.44871   3.98667    7.7732891966E-01
   7.37760   4.11678    7.6255744307E-01
   7.30421   4.24563    7.4746249693E-01
   7.22858   4.37316    7.3206267813E-01
   7.15072   4.49935    7.1637695918E-01
   7.07065   4.62415    7.0042466481E-01
   6.98841   4.74753    6.8422544818E-01
   6.90402   4.86944    6.6779926665E-01
   6.81749   4.98986    6.5116635720E-01
   6.72887   5.10873    6.3434721149E-01
   6.63818   5.22604    6.1736255064E-01
   6.54544   5.34173    6.0023329966E-01
   6.45069   5.45578    5.8298056172E-01
   6.35394   5.56815    5.6562559212E-01
   6.25524   5.67880    5.4818977208E-01
   6.15462   5.78771    5.3069458247E-01
   6.05210   5.89483    5.1316157728E-01
   5.94771   6.00014    4.9561235708E-01
   5.84149   6.10359    4.7806854244E-01
   5.73348   6.20517    4.6055174725E-01
   5.62369   6.30484    4.4308355213E-01
   5.51218   6.40256    4.2568547781E-01
   5.39896   6.49831    4.0837895863E-01
   5.28409   6.59206    3.9118531616E-01
   5.16758   6.68378    3.7412573288E-01
   5.04949   6.77344    3.5722122611E-01
   4.92984   6.86102    3.4049262214E-01
   4.80867   6.94648    3.2396053052E-01
   4.68602   7.02980    3.0764531871E-01
   4.56192   7.11096    2.9156708699E-01
   4.43643   7.18993    2.7574564365E-01
   4.30956   7.26668    2.6020048064E-01
   4.18137   7.34119    2.4495074954E-01
   4.05189   7.41344    2.3001523794E-01
   3.92116   7.48341    2.1541234632E-01
   3.78922   7.55107    2.0116006537E-01
   3.65611   7.61641    1.8727595385E-01
   3.52188   7.67940    1.7377711691E-01
   3.38657   7.74003    1.6068018506E-01
   3.25021   7.79827    1.4800129365E-01
   3.11285   7.85411    1.3575606303E-01
   2.97453   7.90753    1.2395957926E-01
   2.83530   7.95852    1.1262637556E-01
   2.69519   8.00705    1.0177041437E-01
   2.55425   8.05312    9.1405070194E-02
   2.41253   8.09670    8.1543113090E-02
   2.27006   8.13780    7.2196692940E-02
   2.12689   8.17638    6.3377324492E-02
   1.98307   8.21245    5.5095873167E-02
   1.83864   8.24599    4.7362541675E-02
   1.69364   8.27699    4.0186857444E-02
   1.54812   8.30543    3.3577660884E-02
   1.40212   8.33132    2.7543094495E-02
   1.25569   8.35465    2.2090592836E-02
   1.10887   8.37540    1.7226873362E-02
   0.96172   8.39357    1.2957928154E-02
   0.81426   8.40915    9.2890165331E-03
   0.66656   8.42215    6.2246585807E-03
   0.51865   8.43255    3.7686295721E-03
   0.37058   8.44035    1.9239553236E-03
   0.22239   8.44556    6.9290846547E-04
   0.07414   8.44816    7.7005641668E-05
  -0.07414   8.44816    7.7005641668E-05
  -0.22239   8.44556    6.9290846547E-04
  -0.37058   8.44035    1.9239553236E-03
  -0.51865   8.43255    3.7686295721E-03
  -0.66656   8.42215    6.2246585807E-03
  -0.81426   8.40915    9.2890165331E-03
  -0.96172   8.39357    1.2957928154E-02
  -1.10887   8.37540    1.7226873362E-02
  -1.25569   8.35465    2.2090592836E-02
  -1.40212   8.33132    2.7543094495E-02
  -1.54812   8.30543    3.3577660884E-02
  -1.69364   8.27699    4.0186857444E-02
  -1.83864   8.24599    4.7362541675E-02
  -1.98307   8.21245    5.5095873167E-02
  -2.12689   8.17638    6.3377324492E-02
  -2.27006   8.13780    7.2196692940E-02
  -2.41253   8.09670    8.1543113090E-02
  -2.55425   8.05312    9.1405070194E-02
  -2.69519   8.00705    1.0177041437E-01
  -2.83530   7.95852    1.1262637556E-01
  -2.97453   7.90753    1.2395957926E-01
  -3.11285   7.85411    1.3575606303E-01
  -3.25021   7.79827    1.4800129365E-01
  -3.38657   7.74003    1.6068018506E-01
  -3.52188   7.67940    1.7377711691E-01
  -3.65611   7.61641    1.8727595385E-01
  -3.78922   7.55107    2.0116006537E-01
  -3.92116   7.48341    2.1541234632E-01
  -4.05189   7.41344    2.3001523794E-01
  -4.18137   7.34119    2.4495074954E-01
  -4.30956   7.26668    2.6020048064E-01
  -4.43643   7.18993    2.7574564365E-01
  -4.56192   7.11096    2.9156708699E-01
  -4.68602   7.02980    3.0764531871E-01
  -4.80867   6.94648    3.2396053052E-01
  -4.92984   6.86102    3.4049262214E-01
  -5.04949   6.77344    3.5722122611E-01
  -5.16758   6.68378    3.7412573288E-01
  -5.28409   6.59206    3.9118531616E-01
  -5.39896   6.49831    4.0837895863E-01
  -5.51218   6.40256    4.2568547781E-01
  -5.62369   6.30484    4.4308355213E-01
  -5.73348   6.20517    4.6055174725E-01
  -5.84149   6.10359    4.7806854244E-01
  -5.94771   6.00014    4.9561235708E-01
  -6.05210   5.89483    5.1316157728E-01
  -6.15462   5.78771    5.3069458247E-01
  -6.25524   5.67880    5.4818977208E-01
  -6.35394   5.56815    5.6562559212E-01
  -6.45069   5.45578    5.8298056172E-01
  -6.54544   5.34173    6.0023329966E-01
  -6.63818   5.22604    6.1736255064E-01
  -6.72887   5.10873    6.3434721149E-01
  -6.81749   4.98986    6.5116635720E-01
  -6.90402   4.86944    6.6779926665E-01
  -6.98841   4.74753    6.8422544818E-01
  -7.07065   4.62415    7.0042466481E-01
  -7.15072   4.49935    7.1637695918E-01
  -7.22858   4.37316    7.3206267813E-01
  -7.30421   4.24563    7.4746249693E-01
  -7.37760   4.11678    7.6255744307E-01
  -7.44871   3.98667    7.7732891966E-01
  -7.51753   3.85534    7.9175872829E-01
  -7.58403   3.72281    8.0582909152E-01
  -7.64820   3.58914    8.1952267472E-01
  -7.71001   3.45436    8.3282260745E-01
  -7.76945   3.31852    8.4571250427E-01
  -7.82649   3.18165    8.5817648488E-01
  -7.88112   3.04381    8.7019919371E-01
  -7.93333   2.90503    8.8176581883E-01
  -7.98309   2.76535    8.9286211024E-01
  -8.03039   2.62482    9.0347439733E-01
  -8.07522   2.48349    9.1358960582E-01
  -8.11756   2.34138    9.2319527383E-01
  -8.15740   2.19856    9.3227956721E-01
  -8.19473   2.05506    9.4083129416E-01
  -8.22954   1.91093    9.4883991899E-01
  -8.26180   1.76621    9.5629557511E-01
  -8.29153   1.62094    9.6318907718E-01
  -8.31870   1.47518    9.6951193245E-01
  -8.34331   1.32896    9.7525635117E-01
  -8.36535   1.18233    9.8041525627E-01
  -8.38481   1.03533    9.8498229199E-01
  -8.40169   0.88802    9.8895183176E-01
  -8.41598   0.74044    9.9231898512E-01
  -8.42767   0.59262    9.9507960377E-01
  -8.43678   0.44463    9.9723028663E-01
  -8.44328   0.29649    9.9876838406E-01
  -8.44718   0.14827    9.9969200115E-01
  -8.44848   0.00000    1.0000000000E+00

   8.51111   0.00000********************
   8.50980   0.14937    9.9969200115E-01
   8.50587   0.29869    9.9876838406E-01
   8.49932   0.44792    9.9723028663E-01
   8.49015   0.59702    9.9507960377E-01
   8.47836   0.74593    9.9231898512E-01
   8.46396   0.89461    9.8895183176E-01
   8.44696   1.04301    9.8498229199E-01
   8.42736   1.19109    9.8041525627E-01
   8.40515   1.33881    9.7525635117E-01
   8.38036   1.48611    9.6951193245E-01
   8.35299   1.63296    9.6318907718E-01
   8.32305   1.77930    9.5629557511E-01
   8.29054   1.92509    9.4883991899E-01
   8.25548   2.07030    9.4083129416E-01
   8.21787   2.21486    9.3227956721E-01
   8.17774   2.35874    9.2319527383E-01
   8.13508   2.50190    9.1358960582E-01
   8.08992   2.64428    9.0347439733E-01
   8.04227   2.78585    8.9286211024E-01
   7.99214   2.92656    8.8176581883E-01
   7.93954   3.06637    8.7019919371E-01
   7.88451   3.20524    8.5817648488E-01
   7.82704   3.34312    8.4571250427E-01
   7.76716   3.47997    8.3282260745E-01
   7.70490   3.61574    8.1952267472E-01
   7.64025   3.75041    8.0582909152E-01
   7.57326   3.88391    7.9175872829E-01
   7.50393   4.01623    7.7732891966E-01
   7.43229   4.14730    7.6255744307E-01
   7.35836   4.27710    7.4746249693E-01
   7.28216   4.40558    7.3206267813E-01
   7.20372   4.53270    7.1637695918E-01
   7.12307   4.65843    7.0042466481E-01
   7.04021   4.78272    6.8422544818E-01
   6.95519   4.90554    6.6779926665E-01
   6.86803   5.02684    6.5116635720E-01
   6.77875   5.14660    6.3434721149E-01
   6.68739   5.26478    6.1736255064E-01
   6.59396   5.38133    6.0023329966E-01
   6.49850   5.49622    5.8298056172E-01
   6.40104   5.60943    5.6562559212E-01
   6.30161   5.72090    5.4818977208E-01
   6.20024   5.83061    5.3069458247E-01
   6.09696   5.93853    5.1316157728E-01
   5.99180   6.04461    4.9561235708E-01
   5.88480   6.14884    4.7806854244E-01
   5.77598   6.25117    4.6055174725E-01
   5.66538   6.35157    4.4308355213E-01
   5.55304   6.45002    4.2568547781E-01
   5.43899   6.54648    4.0837895863E-01
   5.32326   6.64093    3.9118531616E-01
   5.20589   6.73333    3.7412573288E-01
   5.08692   6.82365    3.5722122611E-01
   4.96638   6.91188    3.4049262214E-01
   4.84431   6.99797    3.2396053052E-01
   4.72075   7.08191    3.0764531871E-01
   4.59574   7.16367    2.9156708699E-01
   4.46931   7.24322    2.7574564365E-01
   4.34151   7.32054    2.6020048064E-01
   4.21236   7.39561    2.4495074954E-01
   4.08192   7.46840    2.3001523794E-01
   3.95022   7.53888    2.1541234632E-01
   3.81731   7.60705    2.0116006537E-01
   3.68322   7.67287    1.8727595385E-01
   3.54799   7.73633    1.7377711691E-01
   3.41167   7.79740    1.6068018506E-01
   3.27430   7.85608    1.4800129365E-01
   3.13593   7.91233    1.3575606303E-01
   2.99658   7.96615    1.2395957926E-01
   2.85632   8.01751    1.1262637556E-01
   2.71517   8.06640    1.0177041437E-01
   2.57319   8.11281    9.1405070194E-02
   2.43041   8.15672    8.1543113090E-02
   2.28689   8.19812    7.2196692940E-02
   2.14266   8.23699    6.3377324492E-02
   1.99777   8.27333    5.5095873167E-02
   1.85227   8.30711    4.7362541675E-02
   1.70619   8.33834    4.0186857444E-02
   1.55959   8.36700    3.3577660884E-02
   1.41251   8.39308    2.7543094495E-02
   1.26500   8.41658    2.2090592836E-02
   1.11709   8.43748    1.7226873362E-02
   0.96884   8.45579    1.2957928154E-02
   0.82030   8.47149    9.2890165331E-03
   0.67150   8.48458    6.2246585807E-03
   0.52249   8.49506    3.7686295721E-03
   0.37332   8.50292    1.9239553236E-03
   0.22404   8.50816    6.9290846547E-04
   0.07469   8.51078    7.7005641668E-05
  -0.07469   8.51078    7.7005641668E-05
  -0.22404   8.50816    6.9290846547E-04
  -0.37332   8.50292    1.9239553236E-03
  -0.52249   8.49506    3.7686295721E-03
  -0.67150   8.48458    6.2246585807E-03
  -0.82030   8.47149    9.2890165331E-03
  -0.96884   8.45579    1.2957928154E-02
  -1.11709   8.43748    1.7226873362E-02
  -1.26500   8.41658    2.2090592836E-02
  -1.41251   8.39308    2.7543094495E-02
  -1.55959   8.36700    3.3577660884E-02
  -1.70619   8.33834    4.0186857444E-02
  -1.85227   8.30711    4.7362541675E-02
  -1.99777   8.27333    5.5095873167E-02
  -2.14266   8.23699    6.3377324492E-02
  -2.28689   8.19812    7.2196692940E-02
  -2.43041   8.15672    8.1543113090E-02
  -2.57319   8.11281    9.1405070194E-02
  -2.71517   8.06640    1.0177041437E-01
  -2.85632   8.01751    1.1262637556E-01
  -2.99658   7.96615    1.2395957926E-01
  -3.13593   7.91233    1.3575606303E-01
  -3.27430   7.85608    1.4800129365E-01
  -3.41167   7.79740    1.6068018506E-01
  -3.54799   7.73633    1.7377711691E-01
  -3.68322   7.67287    1.8727595385E-01
  -3.81731   7.60705    2.0116006537E-01
  -3.95022   7.53888    2.1541234632E-01
  -4.08192   7.46840    2.3001523794E-01
  -4.21236   7.39561    2.4495074954E-01
  -4.34151   7.32054    2.6020048064E-01
  -4.46931   7.24322    2.7574564365E-01
  -4.59574   7.16367    2.9156708699E-01
  -4.72075   7.08191    3.0764531871E-01
  -4.84431   6.99797    3.2396053052E-01
  -4.96638   6.91188    3.4049262214E-01
  -5.08692   6.82365    3.5722122611E-01
  -5.20589   6.73333    3.7412573288E-01
  -5.32326   6.64093    3.9118531616E-01
  -5.43899   6.54648    4.0837895863E-01
  -5.55304   6.45002    4.2568547781E-01
  -5.66538   6.35157    4.4308355213E-01
  -5.77598   6.25117    4.6055174725E-01
  -5.88480   6.14884    4.7806854244E-01
  -5.99180   6.04461    4.9561235708E-01
  -6.09696   5.93853    5.1316157728E-01
  -6.20024   5.83061    5.3069458247E-01
  -6.30161   5.72090    5.4818977208E-01
  -6.40104   5.60943    5.6562559212E-01
  -6.49850   5.49622    5.8298056172E-01
  -6.59396   5.38133    6.0023329966E-01
  -6.68739   5.26478    6.1736255064E-01
  -6.77875   5.14660    6.3434721149E-01
  -6.86803   5.02684    6.5116635720E-01
  -6.95519   4.90554    6.6779926665E-01
  -7.04021   4.78272    6.8422544818E-01
  -7.12307   4.65843    7.0042466481E-01
  -7.20372   4.53270    7.1637695918E-01
  -7.28216   4.40558    7.3206267813E-01
  -7.35836   4.27710    7.4746249693E-01
  -7.43229   4.14730    7.6255744307E-01
  -7.50393   4.01623    7.7732891966E-01
  -7.57326   3.88391    7.9175872829E-01
  -7.64025   3.75041    8.0582909152E-01
  -7.70490   3.61574    8.1952267472E-01
  -7.76716   3.47997    8.3282260745E-01
  -7.82704   3.34312    8.4571250427E-01
  -7.88451   3.20524    8.5817648488E-01
  -7.93954   3.06637    8.7019919371E-01
  -7.99214   2.92656    8.8176581883E-01
  -8.04227   2.78585    8.9286211024E-01
  -8.08992   2.64428    9.0347439733E-01
  -8.13508   2.50190    9.1358960582E-01
  -8.17774   2.35874    9.2319527383E-01
  -8.21787   2.21486    9.3227956721E-01
  -8.25548   2.07030    9.4083129416E-01
  -8.29054   1.92509    9.4883991899E-01
  -8.32305   1.77930    9.5629557511E-01
  -8.35299   1.63296    9.6318907718E-01
  -8.38036   1.48611    9.6951193245E-01
  -8.40515   1.33881    9.7525635117E-01
  -8.42736   1.19109    9.8041525627E-01
  -8.44696   1.04301    9.8498229199E-01
  -8.46396   0.89461    9.8895183176E-01
  -8.47836   0.74593    9.9231898512E-01
  -8.49015   0.59702    9.9507960377E-01
  -8.49932   0.44792    9.9723028663E-01
  -8.50587   0.29869    9.9876838406E-01
  -8.50980   0.14937    9.9969200115E-01
  -8.51111   0.00000    1.0000000000E+00

   8.57374   0.00000********************
   8.57242   0.15047    9.9969200115E-01
   8.56846   0.30089    9.9876838406E-01
   8.56186   0.45122    9.9723028663E-01
   8.55262   0.60141    9.9507960377E-01
   8.54075   0.75141    9.9231898512E-01
   8.52624   0.90119    9.8895183176E-01
   8.50911   1.05068    9.8498229199E-01
   8.48937   1.19986    9.8041525627E-01
   8.46700   1.34866    9.7525635117E-01
   8.44203   1.49705    9.6951193245E-01
   8.41445   1.64497    9.6318907718E-01
   8.38429   1.79239    9.5629557511E-01
   8.35154   1.93926    9.4883991899E-01
   8.31622   2.08553    9.4083129416E-01
   8.27834   2.23116    9.3227956721E-01
   8.23791   2.37610    9.2319527383E-01
   8.19494   2.52031    9.1358960582E-01
   8.14945   2.66374    9.0347439733E-01
   8.10144   2.80635    8.9286211024E-01
   8.05094   2.94810    8.8176581883E-01
   7.99797   3.08894    8.7019919371E-01
   7.94252   3.22882    8.5817648488E-01
   7.88463   3.36772    8.4571250427E-01
   7.82432   3.50557    8.3282260745E-01
   7.76159   3.64235    8.1952267472E-01
   7.69647   3.77800    8.0582909152E-01
   7.62898   3.91249    7.9175872829E-01
   7.55914   4.04578    7.7732891966E-01
   7.48698   4.17782    7.6255744307E-01
   7.41250   4.30857    7.4746249693E-01
   7.33575   4.43799    7.3206267813E-01
   7.25673   4.56605    7.1637695918E-01
   7.17548   4.69270    7.0042466481E-01
   7.09202   4.81791    6.8422544818E-01
   7.00637   4.94163    6.6779926665E-01
   6.91857   5.06383    6.5116635720E-01
   6.82863   5.18447    6.3434721149E-01
   6.73659   5.30352    6.1736255064E-01
   6.64248   5.42093    6.0023329966E-01
   6.54632   5.53667    5.8298056172E-01
   6.44814   5.65070    5.6562559212E-01
   6.34798   5.76299    5.4818977208E-01
   6.24586   5.87351    5.3069458247E-01
   6.14182   5.98222    5.1316157728E-01
   6.03589   6.08909    4.9561235708E-01
   5.92810   6.19408    4.7806854244E-01
   5.81848   6.29716    4.6055174725E-01
   5.70707   6.39831    4.4308355213E-01
   5.59390   6.49748    4.2568547781E-01
   5.47901   6.59465    4.0837895863E-01
   5.36243   6.68979    3.9118531616E-01
   5.24420   6.78287    3.7412573288E-01
   5.12435   6.87386    3.5722122611E-01
   5.00293   6.96274    3.4049262214E-01
   4.87996   7.04947    3.2396053052E-01
   4.75549   7.13402    3.0764531871E-01
   4.62956   7.21638    2.9156708699E-01
   4.50220   7.29652    2.7574564365E-01
   4.37345   7.37441    2.6020048064E-01
   4.24336   7.45003    2.4495074954E-01
   4.11196   7.52335    2.3001523794E-01
   3.97929   7.59436    2.1541234632E-01
   3.84540   7.66302    2.0116006537E-01
   3.71032   7.72933    1.8727595385E-01
   3.57410   7.79325    1.7377711691E-01
   3.43678   7.85478    1.6068018506E-01
   3.29840   7.91388    1.4800129365E-01
   3.15900   7.97055    1.3575606303E-01
   3.01863   8.02476    1.2395957926E-01
   2.87733   8.07650    1.1262637556E-01
   2.73515   8.12576    1.0177041437E-01
   2.59212   8.17251    9.1405070194E-02
   2.44830   8.21674    8.1543113090E-02
   2.30372   8.25844    7.2196692940E-02
   2.15843   8.29760    6.3377324492E-02
   2.01247   8.33420    5.5095873167E-02
   1.86590   8.36824    4.7362541675E-02
   1.71875   8.39970    4.0186857444E-02
   1.57107   8.42857    3.3577660884E-02
   1.42291   8.45484    2.7543094495E-02
   1.27431   8.47851    2.2090592836E-02
   1.12531   8.49957    1.7226873362E-02
   0.97597   8.51801    1.2957928154E-02
   0.82633   8.53382    9.2890165331E-03
   0.67644   8.54701    6.2246585807E-03
   0.52633   8.55757    3.7686295721E-03
   0.37607   8.56549    1.9239553236E-03
   0.22569   8.57077    6.9290846547E-04
   0.07524   8.57341    7.7005641668E-05
  -0.07524   8.57341    7.7005641668E-05
  -0.22569   8.57077    6.9290846547E-04
  -0.37607   8.56549    1.9239553236E-03
  -0.52633   8.55757    3.7686295721E-03
  -0.67644   8.54701    6.2246585807E-03
  -0.82633   8.53382    9.2890165331E-03
  -0.97597   8.51801    1.2957928154E-02
  -1.12531   8.49957    1.7226873362E-02
  -1.27431   8.47851    2.2090592836E-02
  -1.42291   8.45484    2.7543094495E-02
  -1.57107   8.42857    3.3577660884E-02
  -1.71875   8.39970    4.0186857444E-02
  -1.86590   8.36824    4.7362541675E-02
  -2.01247   8.33420    5.5095873167E-02
  -2.15843   8.29760    6.3377324492E-02
  -2.30372   8.25844    7.2196692940E-02
  -2.44830   8.21674    8.1543113090E-02
  -2.59212   8.17251    9.1405070194E-02
  -2.73515   8.12576    1.0177041437E-01
  -2.87733   8.07650    1.1262637556E-01
  -3.01863   8.02476    1.2395957926E-01
  -3.15900   7.97055    1.3575606303E-01
  -3.29840   7.91388    1.4800129365E-01
  -3.43678   7.85478    1.6068018506E-01
  -3.57410   7.79325    1.7377711691E-01
  -3.71032   7.72933    1.8727595385E-01
  -3.84540   7.66302    2.0116006537E-01
  -3.97929   7.59436    2.1541234632E-01
  -4.11196   7.52335    2.3001523794E-01
  -4.24336   7.45003    2.4495074954E-01
  -4.37345   7.37441    2.6020048064E-01
  -4.50220   7.29652    2.7574564365E-01
  -4.62956   7.21638    2.9156708699E-01
  -4.75549   7.13402    3.0764531871E-01
  -4.87996   7.04947    3.2396053052E-01
  -5.00293   6.96274    3.4049262214E-01
  -5.12435   6.87386    3.5722122611E-01
  -5.24420   6.78287    3.7412573288E-01
  -5.36243   6.68979    3.9118531616E-01
  -5.47901   6.59465    4.0837895863E-01
  -5.59390   6.49748    4.2568547781E-01
  -5.70707   6.39831    4.4308355213E-01
  -5.81848   6.29716    4.6055174725E-01
  -5.92810   6.19408    4.7806854244E-01
  -6.03589   6.08909    4.9561235708E-01
  -6.14182   5.98222    5.1316157728E-01
  -6.24586   5.87351    5.3069458247E-01
  -6.34798   5.76299    5.4818977208E-01
  -6.44814   5.65070    5.6562559212E-01
  -6.54632   5.53667    5.8298056172E-01
  -6.64248   5.42093    6.0023329966E-01
  -6.73659   5.30352    6.1736255064E-01
  -6.82863   5.18447    6.3434721149E-01
  -6.91857   5.06383    6.5116635720E-01
  -7.00637   4.94163    6.6779926665E-01
  -7.09202   4.81791    6.8422544818E-01
  -7.17548   4.69270    7.0042466481E-01
  -7.25673   4.56605    7.1637695918E-01
  -7.33575   4.43799    7.3206267813E-01
  -7.41250   4.30857    7.4746249693E-01
  -7.48698   4.17782    7.6255744307E-01
  -7.55914   4.04578    7.7732891966E-01
  -7.62898   3.91249    7.9175872829E-01
  -7.69647   3.77800    8.0582909152E-01
  -7.76159   3.64235    8.1952267472E-01
  -7.82432   3.50557    8.3282260745E-01
  -7.88463   3.36772    8.4571250427E-01
  -7.94252   3.22882    8.5817648488E-01
  -7.99797   3.08894    8.7019919371E-01
  -8.05094   2.94810    8.8176581883E-01
  -8.10144   2.80635    8.9286211024E-01
  -8.14945   2.66374    9.0347439733E-01
  -8.19494   2.52031    9.1358960582E-01
  -8.23791   2.37610    9.2319527383E-01
  -8.27834   2.23116    9.3227956721E-01
  -8.31622   2.08553    9.4083129416E-01
  -8.35154   1.93926    9.4883991899E-01
  -8.38429   1.79239    9.5629557511E-01
  -8.41445   1.64497    9.6318907718E-01
  -8.44203   1.49705    9.6951193245E-01
  -8.46700   1.34866    9.7525635117E-01
  -8.48937   1.19986    9.8041525627E-01
  -8.50911   1.05068    9.8498229199E-01
  -8.52624   0.90119    9.8895183176E-01
  -8.54075   0.75141    9.9231898512E-01
  -8.55262   0.60141    9.9507960377E-01
  -8.56186   0.45122    9.9723028663E-01
  -8.56846   0.30089    9.9876838406E-01
  -8.57242   0.15047    9.9969200115E-01
  -8.57374   0.00000    1.0000000000E+00

   8.63636   0.00000********************
   8.63503   0.15157    9.9969200115E-01
   8.63104   0.30309    9.9876838406E-01
   8.62440   0.45452    9.9723028663E-01
   8.61509   0.60580    9.9507960377E-01
   8.60313   0.75690    9.9231898512E-01
   8.58852   0.90777    9.8895183176E-01
   8.57127   1.05836    9.8498229199E-01
   8.55137   1.20862    9.8041525627E-01
   8.52885   1.35851    9.7525635117E-01
   8.50369   1.50798    9.6951193245E-01
   8.47592   1.65699    9.6318907718E-01
   8.44553   1.80548    9.5629557511E-01
   8.41254   1.95342    9.4883991899E-01
   8.37697   2.10076    9.4083129416E-01
   8.33881   2.24745    9.3227956721E-01
   8.29808   2.39345    9.2319527383E-01
   8.25480   2.53871    9.1358960582E-01
   8.20897   2.68319    9.0347439733E-01
   8.16062   2.82685    8.9286211024E-01
   8.10975   2.96963    8.8176581883E-01
   8.05639   3.11150    8.7019919371E-01
   8.00054   3.25241    8.5817648488E-01
   7.94223   3.39232    8.4571250427E-01
   7.88147   3.53118    8.3282260745E-01
   7.81828   3.66895    8.1952267472E-01
   7.75269   3.80560    8.0582909152E-01
   7.68471   3.94107    7.9175872829E-01
   7.61436   4.07533    7.7732891966E-01
   7.54166   4.20833    7.6255744307E-01
   7.46665   4.34004    7.4746249693E-01
   7.38933   4.47041    7.3206267813E-01
   7.30974   4.59941    7.1637695918E-01
   7.22789   4.72698    7.0042466481E-01
   7.14382   4.85310    6.8422544818E-01
   7.05755   4.97773    6.6779926665E-01
   6.96910   5.10082    6.5116635720E-01
   6.87851   5.22234    6.3434721149E-01
   6.78580   5.34226    6.1736255064E-01
   6.69100   5.46052    6.0023329966E-01
   6.59414   5.57711    5.8298056172E-01
   6.49524   5.69198    5.6562559212E-01
   6.39435   5.80509    5.4818977208E-01
   6.29149   5.91642    5.3069458247E-01
   6.18668   6.02592    5.1316157728E-01
   6.07998   6.13357    4.9561235708E-01
   5.97140   6.23933    4.7806854244E-01
   5.86098   6.34316    4.6055174725E-01
   5.74875   6.44504    4.4308355213E-01
   5.63476   6.54494    4.2568547781E-01
   5.51903   6.64282    4.0837895863E-01
   5.40160   6.73866    3.9118531616E-01
   5.28250   6.83242    3.7412573288E-01
   5.16178   6.92407    3.5722122611E-01
   5.03947   7.01360    3.4049262214E-01
   4.91560   7.10096    3.2396053052E-01
   4.79023   7.18613    3.0764531871E-01
   4.66337   7.26909    2.9156708699E-01
   4.53508   7.34982    2.7574564365E-01
   4.40540   7.42827    2.6020048064E-01
   4.27435   7.50444    2.4495074954E-01
   4.14199   7.57830    2.3001523794E-01
   4.00836   7.64983    2.1541234632E-01
   3.87348   7.71900    2.0116006537E-01
   3.73742   7.78579    1.8727595385E-01
   3.60020   7.85018    1.7377711691E-01
   3.46188   7.91215    1.6068018506E-01
   3.32249   7.97169    1.4800129365E-01
   3.18208   8.02877    1.3575606303E-01
   3.04068   8.08338    1.2395957926E-01
   2.89835   8.13550    1.1262637556E-01
   2.75513   8.18511    1.0177041437E-01
   2.61106   8.23220    9.1405070194E-02
   2.46618   8.27676    8.1543113090E-02
   2.32054   8.31877    7.2196692940E-02
   2.17419   8.35821    6.3377324492E-02
   2.02717   8.39508    5.5095873167E-02
   1.87953   8.42936    4.7362541675E-02
   1.73130   8.46105    4.0186857444E-02
   1.58255   8.49013    3.3577660884E-02
   1.43330   8.51660    2.7543094495E-02
   1.28361   8.54044    2.2090592836E-02
   1.13353   8.56165    1.7226873362E-02
   0.98310   8.58023    1.2957928154E-02
   0.83237   8.59616    9.2890165331E-03
   0.68138   8.60944    6.2246585807E-03
   0.53018   8.62007    3.7686295721E-03
   0.37882   8.62805    1.9239553236E-03
   0.22734   8.63337    6.9290846547E-04
   0.07579   8.63603    7.7005641668E-05
  -0.07579   8.63603    7.7005641668E-05
  -0.22734   8.63337    6.9290846547E-04
  -0.37882   8.62805    1.9239553236E-03
  -0.53018   8.62007    3.7686295721E-03
  -0.68138   8.60944    6.2246585807E-03
  -0.83237   8.59616    9.2890165331E-03
  -0.98310   8.58023    1.2957928154E-02
  -1.13353   8.56165    1.7226873362E-02
  -1.28361   8.54044    2.2090592836E-02
  -1.43330   8.51660    2.7543094495E-02
  -1.58255   8.49013    3.3577660884E-02
  -1.73130   8.46105    4.0186857444E-02
  -1.87953   8.42936    4.7362541675E-02
  -2.02717   8.39508    5.5095873167E-02
  -2.17419   8.35821    6.3377324492E-02
  -2.32054   8.31877    7.2196692940E-02
  -2.46618   8.27676    8.1543113090E-02
  -2.61106   8.23220    9.1405070194E-02
  -2.75513   8.18511    1.0177041437E-01
  -2.89835   8.13550    1.1262637556E-01
  -3.04068   8.08338    1.2395957926E-01
  -3.18208   8.02877    1.3575606303E-01
  -3.32249   7.97169    1.4800129365E-01
  -3.46188   7.91215    1.6068018506E-01
  -3.60020   7.85018    1.7377711691E-01
  -3.73742   7.78579    1.8727595385E-01
  -3.87348   7.71900    2.0116006537E-01
  -4.00836   7.64983    2.1541234632E-01
  -4.14199   7.57830    2.3001523794E-01
  -4.27435   7.50444    2.4495074954E-01
  -4.40540   7.42827    2.6020048064E-01
  -4.53508   7.34982    2.7574564365E-01
  -4.66337   7.26909    2.9156708699E-01
  -4.79023   7.18613    3.0764531871E-01
  -4.91560   7.10096    3.2396053052E-01
  -5.03947   7.01360    3.4049262214E-01
  -5.16178   6.92407    3.5722122611E-01
  -5.28250   6.83242    3.7412573288E-01
  -5.40160   6.73866    3.9118531616E-01
  -5.51903   6.64282    4.0837895863E-01
  -5.63476   6.54494    4.2568547781E-01
  -5.74875   6.44504    4.4308355213E-01
  -5.86098   6.34316    4.6055174725E-01
  -5.97140   6.23933    4.7806854244E-01
  -6.07998   6.13357    4.9561235708E-01
  -6.18668   6.02592    5.1316157728E-01
  -6.29149   5.91642    5.3069458247E-01
  -6.39435   5.80509    5.4818977208E-01
  -6.49524   5.69198    5.6562559212E-01
  -6.59414   5.57711    5.8298056172E-01
  -6.69100   5.46052    6.0023329966E-01
  -6.78580   5.34226    6.1736255064E-01
  -6.87851   5.22234    6.3434721149E-01
  -6.96910   5.10082    6.5116635720E-01
  -7.05755   4.97773    6.6779926665E-01
  -7.14382   4.85310    6.8422544818E-01
  -7.22789   4.72698    7.0042466481E-01
  -7.30974   4.59941    7.1637695918E-01
  -7.38933   4.47041    7.3206267813E-01
  -7.46665   4.34004    7.4746249693E-01
  -7.54166   4.20833    7.6255744307E-01
  -7.61436   4.07533    7.7732891966E-01
  -7.68471   3.94107    7.9175872829E-01
  -7.75269   3.80560    8.0582909152E-01
  -7.81828   3.66895    8.1952267472E-01
  -7.88147   3.53118    8.3282260745E-01
  -7.94223   3.39232    8.4571250427E-01
  -8.00054   3.25241    8.5817648488E-01
  -8.05639   3.11150    8.7019919371E-01
  -8.10975   2.96963    8.8176581883E-01
  -8.16062   2.82685    8.9286211024E-01
  -8.20897   2.68319    9.0347439733E-01
  -8.25480   2.53871    9.1358960582E-01
  -8.29808   2.39345    9.2319527383E-01
  -8.33881   2.24745    9.3227956721E-01
  -8.37697   2.10076    9.4083129416E-01
  -8.41254   1.95342    9.4883991899E-01
  -8.44553   1.80548    9.5629557511E-01
  -8.47592   1.65699    9.6318907718E-01
  -8.50369   1.50798    9.6951193245E-01
  -8.52885   1.35851    9.7525635117E-01
  -8.55137   1.20862    9.8041525627E-01
  -8.57127   1.05836    9.8498229199E-01
  -8.58852   0.90777    9.8895183176E-01
  -8.60313   0.75690    9.9231898512E-01
  -8.61509   0.60580    9.9507960377E-01
  -8.62440   0.45452    9.9723028663E-01
  -8.63104   0.30309    9.9876838406E-01
  -8.63503   0.15157    9.9969200115E-01
  -8.63636   0.00000    1.0000000000E+00

   8.69899   0.00000********************
   8.69765   0.15267    9.9969200115E-01
   8.69363   0.30529    9.9876838406E-01
   8.68693   0.45781    9.9723028663E-01
   8.67756   0.61020    9.9507960377E-01
   8.66552   0.76239    9.9231898512E-01
   8.65080   0.91435    9.8895183176E-01
   8.63342   1.06603    9.8498229199E-01
   8.61338   1.21738    9.8041525627E-01
   8.59069   1.36836    9.7525635117E-01
   8.56536   1.51892    9.6951193245E-01
   8.53738   1.66900    9.6318907718E-01
   8.50677   1.81858    9.5629557511E-01
   8.47355   1.96759    9.4883991899E-01
   8.43771   2.11600    9.4083129416E-01
   8.39928   2.26375    9.3227956721E-01
   8.35825   2.41081    9.2319527383E-01
   8.31466   2.55712    9.1358960582E-01
   8.26850   2.70265    9.0347439733E-01
   8.21980   2.84735    8.9286211024E-01
   8.16856   2.99116    8.8176581883E-01
   8.11481   3.13406    8.7019919371E-01
   8.05855   3.27599    8.5817648488E-01
   7.99982   3.41692    8.4571250427E-01
   7.93862   3.55678    8.3282260745E-01
   7.87498   3.69556    8.1952267472E-01
   7.80891   3.83319    8.0582909152E-01
   7.74043   3.96965    7.9175872829E-01
   7.66957   4.10488    7.7732891966E-01
   7.59635   4.23885    7.6255744307E-01
   7.52079   4.37151    7.4746249693E-01
   7.44291   4.50283    7.3206267813E-01
   7.36274   4.63276    7.1637695918E-01
   7.28030   4.76126    7.0042466481E-01
   7.19562   4.88829    6.8422544818E-01
   7.10873   5.01382    6.6779926665E-01
   7.01964   5.13781    6.5116635720E-01
   6.92839   5.26021    6.3434721149E-01
   6.83501   5.38099    6.1736255064E-01
   6.73952   5.50012    6.0023329966E-01
   6.64195   5.61755    5.8298056172E-01
   6.54234   5.73325    5.6562559212E-01
   6.44072   5.84719    5.4818977208E-01
   6.33711   5.95932    5.3069458247E-01
   6.23155   6.06962    5.1316157728E-01
   6.12407   6.17804    4.9561235708E-01
   6.01470   6.28457    4.7806854244E-01
   5.90348   6.38916    4.6055174725E-01
   5.79044   6.49178    4.4308355213E-01
   5.67562   6.59240    4.2568547781E-01
   5.55905   6.69099    4.0837895863E-01
   5.44077   6.78752    3.9118531616E-01
   5.32081   6.88196    3.7412573288E-01
   5.19921   6.97428    3.5722122611E-01
   5.07601   7.06445    3.4049262214E-01
   4.95125   7.15245    3.2396053052E-01
   4.82496   7.23824    3.0764531871E-01
   4.69719   7.32181    2.9156708699E-01
   4.56797   7.40311    2.7574564365E-01
   4.43734   7.48214    2.6020048064E-01
   4.30535   7.55886    2.4495074954E-01
   4.17203   7.63326    2.3001523794E-01
   4.03742   7.70530    2.1541234632E-01
   3.90157   7.77497    2.0116006537E-01
   3.76452   7.84224    1.8727595385E-01
   3.62631   7.90710    1.7377711691E-01
   3.48698   7.96953    1.6068018506E-01
   3.34658   8.02950    1.4800129365E-01
   3.20515   8.08699    1.3575606303E-01
   3.06273   8.14200    1.2395957926E-01
   2.91937   8.19449    1.1262637556E-01
   2.77511   8.24447    1.0177041437E-01
   2.62999   8.29190    9.1405070194E-02
   2.48406   8.33678    8.1543113090E-02
   2.33737   8.37909    7.2196692940E-02
   2.18996   8.41882    6.3377324492E-02
   2.04187   8.45596    5.5095873167E-02
   1.89316   8.49049    4.7362541675E-02
   1.74386   8.52241    4.0186857444E-02
   1.59402   8.55170    3.3577660884E-02
   1.44369   8.57835    2.7543094495E-02
   1.29292   8.60237    2.2090592836E-02
   1.14175   8.62374    1.7226873362E-02
   0.99023   8.64245    1.2957928154E-02
   0.83840   8.65849    9.2890165331E-03
   0.68632   8.67187    6.2246585807E-03
   0.53402   8.68258    3.7686295721E-03
   0.38156   8.69062    1.9239553236E-03
   0.22898   8.69598    6.9290846547E-04
   0.07634   8.69865    7.7005641668E-05
  -0.07634   8.69865    7.7005641668E-05
  -0.22898   8.69598    6.9290846547E-04
  -0.38156   8.69062    1.9239553236E-03
  -0.53402   8.68258    3.7686295721E-03
  -0.68632   8.67187    6.2246585807E-03
  -0.83840   8.65849    9.2890165331E-03
  -0.99023   8.64245    1.2957928154E-02
  -1.14175   8.62374    1.7226873362E-02
  -1.29292   8.60237    2.2090592836E-02
  -1.44369   8.57835    2.7543094495E-02
  -1.59402   8.55170    3.3577660884E-02
  -1.74386   8.52241    4.0186857444E-02
  -1.89316   8.49049    4.7362541675E-02
  -2.04187   8.45596    5.5095873167E-02
  -2.18996   8.41882    6.3377324492E-02
  -2.33737   8.37909    7.2196692940E-02
  -2.48406   8.33678    8.1543113090E-02
  -2.62999   8.29190    9.1405070194E-02
  -2.77511   8.24447    1.0177041437E-01
  -2.91937   8.19449    1.1262637556E-01
  -3.06273   8.14200    1.2395957926E-01
  -3.20515   8.08699    1.3575606303E-01
  -3.34658   8.02950    1.4800129365E-01
  -3.48698   7.96953    1.6068018506E-01
  -3.62631   7.90710    1.7377711691E-01
  -3.76452   7.84224    1.8727595385E-01
  -3.90157   7.77497    2.0116006537E-01
  -4.03742   7.70530    2.1541234632E-01
  -4.17203   7.63326    2.3001523794E-01
  -4.30535   7.55886    2.4495074954E-01
  -4.43734   7.48214    2.6020048064E-01
  -4.56797   7.40311    2.7574564365E-01
  -4.69719   7.32181    2.9156708699E-01
  -4.82496   7.23824    3.0764531871E-01
  -4.95125   7.15245    3.2396053052E-01
  -5.07601   7.06445    3.4049262214E-01
  -5.19921   6.97428    3.5722122611E-01
  -5.32081   6.88196    3.7412573288E-01
  -5.44077   6.78752    3.9118531616E-01
  -5.55905   6.69099    4.0837895863E-01
  -5.67562   6.59240    4.2568547781E-01
  -5.79044   6.49178    4.4308355213E-01
  -5.90348   6.38916    4.6055174725E-01
  -6.01470   6.28457    4.7806854244E-01
  -6.12407   6.17804    4.9561235708E-01
  -6.23155   6.06962    5.1316157728E-01
  -6.33711   5.95932    5.3069458247E-01
  -6.44072   5.84719    5.4818977208E-01
  -6.54234   5.73325    5.6562559212E-01
  -6.64195   5.61755    5.8298056172E-01
  -6.73952   5.50012    6.0023329966E-01
  -6.83501   5.38099    6.1736255064E-01
  -6.92839   5.26021    6.3434721149E-01
  -7.01964   5.13781    6.5116635720E-01
  -7.10873   5.01382    6.6779926665E-01
  -7.19562   4.88829    6.8422544818E-01
  -7.28030   4.76126    7.0042466481E-01
  -7.36274   4.63276    7.1637695918E-01
  -7.44291   4.50283    7.3206267813E-01
  -7.52079   4.37151    7.4746249693E-01
  -7.59635   4.23885    7.6255744307E-01
  -7.66957   4.10488    7.7732891966E-01
  -7.74043   3.96965    7.9175872829E-01
  -7.80891   3.83319    8.0582909152E-01
  -7.87498   3.69556    8.1952267472E-01
  -7.93862   3.55678    8.3282260745E-01
  -7.99982   3.41692    8.4571250427E-01
  -8.05855   3.27599    8.5817648488E-01
  -8.11481   3.13406    8.7019919371E-01
  -8.16856   2.99116    8.8176581883E-01
  -8.21980   2.84735    8.9286211024E-01
  -8.26850   2.70265    9.0347439733E-01
  -8.31466   2.55712    9.1358960582E-01
  -8.35825   2.41081    9.2319527383E-01
  -8.39928   2.26375    9.3227956721E-01
  -8.43771   2.11600    9.4083129416E-01
  -8.47355   1.96759    9.4883991899E-01
  -8.50677   1.81858    9.5629557511E-01
  -8.53738   1.66900    9.6318907718E-01
  -8.56536   1.51892    9.6951193245E-01
  -8.59069   1.36836    9.7525635117E-01
  -8.61338   1.21738    9.8041525627E-01
  -8.63342   1.06603    9.8498229199E-01
  -8.65080   0.91435    9.8895183176E-01
  -8.66552   0.76239    9.9231898512E-01
  -8.67756   0.61020    9.9507960377E-01
  -8.68693   0.45781    9.9723028663E-01
  -8.69363   0.30529    9.9876838406E-01
  -8.69765   0.15267    9.9969200115E-01
  -8.69899   0.00000    1.0000000000E+00

   8.76162   0.00000********************
   8.76027   0.15377    9.9969200115E-01
   8.75622   0.30748    9.9876838406E-01
   8.74947   0.46111    9.9723028663E-01
   8.74003   0.61459    9.9507960377E-01
   8.72790   0.76788    9.9231898512E-01
   8.71308   0.92094    9.8895183176E-01
   8.69558   1.07371    9.8498229199E-01
   8.67539   1.22615    9.8041525627E-01
   8.65254   1.37821    9.7525635117E-01
   8.62702   1.52985    9.6951193245E-01
   8.59884   1.68102    9.6318907718E-01
   8.56802   1.83167    9.5629557511E-01
   8.53455   1.98175    9.4883991899E-01
   8.49846   2.13123    9.4083129416E-01
   8.45975   2.28005    9.3227956721E-01
   8.41843   2.42817    9.2319527383E-01
   8.37452   2.57553    9.1358960582E-01
   8.32803   2.72211    9.0347439733E-01
   8.27897   2.86785    8.9286211024E-01
   8.22737   3.01270    8.8176581883E-01
   8.17323   3.15662    8.7019919371E-01
   8.11657   3.29958    8.5817648488E-01
   8.05741   3.44151    8.4571250427E-01
   7.99577   3.58239    8.3282260745E-01
   7.93167   3.72216    8.1952267472E-01
   7.86513   3.86079    8.0582909152E-01
   7.79616   3.99823    7.9175872829E-01
   7.72479   4.13443    7.7732891966E-01
   7.65104   4.26937    7.6255744307E-01
   7.57494   4.40298    7.4746249693E-01
   7.49650   4.53525    7.3206267813E-01
   7.41575   4.66611    7.1637695918E-01
   7.33272   4.79554    7.0042466481E-01
   7.24743   4.92349    6.8422544818E-01
   7.15990   5.04992    6.6779926665E-01
   7.07018   5.17480    6.5116635720E-01
   6.97827   5.29808    6.3434721149E-01
   6.88421   5.41973    6.1736255064E-01
   6.78804   5.53972    6.0023329966E-01
   6.68977   5.65799    5.8298056172E-01
   6.58944   5.77453    5.6562559212E-01
   6.48709   5.88928    5.4818977208E-01
   6.38273   6.00222    5.3069458247E-01
   6.27641   6.11331    5.1316157728E-01
   6.16816   6.22252    4.9561235708E-01
   6.05800   6.32981    4.7806854244E-01
   5.94598   6.43516    4.6055174725E-01
   5.83213   6.53852    4.4308355213E-01
   5.71648   6.63986    4.2568547781E-01
   5.59907   6.73916    4.0837895863E-01
   5.47994   6.83639    3.9118531616E-01
   5.35911   6.93151    3.7412573288E-01
   5.23664   7.02449    3.5722122611E-01
   5.11256   7.11531    3.4049262214E-01
   4.98690   7.20394    3.2396053052E-01
   4.85970   7.29035    3.0764531871E-01
   4.73101   7.37452    2.9156708699E-01
   4.60086   7.45641    2.7574564365E-01
   4.46929   7.53601    2.6020048064E-01
   4.33634   7.61328    2.4495074954E-01
   4.20206   7.68821    2.3001523794E-01
   4.06649   7.76077    2.1541234632E-01
   3.92966   7.83094    2.0116006537E-01
   3.79162   7.89870    1.8727595385E-01
   3.65242   7.96403    1.7377711691E-01
   3.51209   8.02690    1.6068018506E-01
   3.37068   8.08730    1.4800129365E-01
   3.22823   8.14521    1.3575606303E-01
   3.08478   8.20061    1.2395957926E-01
   2.94039   8.25349    1.1262637556E-01
   2.79508   8.30382    1.0177041437E-01
   2.64892   8.35159    9.1405070194E-02
   2.50195   8.39680    8.1543113090E-02
   2.35420   8.43941    7.2196692940E-02
   2.20572   8.47943    6.3377324492E-02
   2.05657   8.51683    5.5095873167E-02
   1.90678   8.55161    4.7362541675E-02
   1.75641   8.58376    4.0186857444E-02
   1.60550   8.61326    3.3577660884E-02
   1.45409   8.64011    2.7543094495E-02
   1.30223   8.66430    2.2090592836E-02
   1.14997   8.68582    1.7226873362E-02
   0.99736   8.70466    1.2957928154E-02
   0.84444   8.72083    9.2890165331E-03
   0.69126   8.73430    6.2246585807E-03
   0.53787   8.74509    3.7686295721E-03
   0.38431   8.75318    1.9239553236E-03
   0.23063   8.75858    6.9290846547E-04
   0.07689   8.76128    7.7005641668E-05
  -0.07689   8.76128    7.7005641668E-05
  -0.23063   8.75858    6.9290846547E-04
  -0.38431   8.75318    1.9239553236E-03
  -0.53787   8.74509    3.7686295721E-03
  -0.69126   8.73430    6.2246585807E-03
  -0.84444   8.72083    9.2890165331E-03
  -0.99736   8.70466    1.2957928154E-02
  -1.14997   8.68582    1.7226873362E-02
  -1.30223   8.66430    2.2090592836E-02
  -1.45409   8.64011    2.7543094495E-02
  -1.60550   8.61326    3.3577660884E-02
  -1.75641   8.58376    4.0186857444E-02
  -1.90678   8.55161    4.7362541675E-02
  -2.05657   8.51683    5.5095873167E-02
  -2.20572   8.47943    6.3377324492E-02
  -2.35420   8.43941    7.2196692940E-02
  -2.50195   8.39680    8.1543113090E-02
  -2.64892   8.35159    9.1405070194E-02
  -2.79508   8.30382    1.0177041437E-01
  -2.94039   8.25349    1.1262637556E-01
  -3.08478   8.20061    1.2395957926E-01
  -3.22823   8.14521    1.3575606303E-01
  -3.37068   8.08730    1.4800129365E-01
  -3.51209   8.02690    1.6068018506E-01
  -3.65242   7.96403    1.7377711691E-01
  -3.79162   7.89870    1.8727595385E-01
  -3.92966   7.83094    2.0116006537E-01
  -4.06649   7.76077    2.1541234632E-01
  -4.20206   7.68821    2.3001523794E-01
  -4.33634   7.61328    2.4495074954E-01
  -4.46929   7.53601    2.6020048064E-01
  -4.60086   7.45641    2.7574564365E-01
  -4.73101   7.37452    2.9156708699E-01
  -4.85970   7.29035    3.0764531871E-01
  -4.98690   7.20394    3.2396053052E-01
  -5.11256   7.11531    3.4049262214E-01
  -5.23664   7.02449    3.5722122611E-01
  -5.35911   6.93151    3.7412573288E-01
  -5.47994   6.83639    3.9118531616E-01
  -5.59907   6.73916    4.0837895863E-01
  -5.71648   6.63986    4.2568547781E-01
  -5.83213   6.53852    4.4308355213E-01
  -5.94598   6.43516    4.6055174725E-01
  -6.05800   6.32981    4.7806854244E-01
  -6.16816   6.22252    4.9561235708E-01
  -6.27641   6.11331    5.1316157728E-01
  -6.38273   6.00222    5.3069458247E-01
  -6.48709   5.88928    5.4818977208E-01
  -6.58944   5.77453    5.6562559212E-01
  -6.68977   5.65799    5.8298056172E-01
  -6.78804   5.53972    6.0023329966E-01
  -6.88421   5.41973    6.1736255064E-01
  -6.97827   5.29808    6.3434721149E-01
  -7.07018   5.17480    6.5116635720E-01
  -7.15990   5.04992    6.6779926665E-01
  -7.24743   4.92349    6.8422544818E-01
  -7.33272   4.79554    7.0042466481E-01
  -7.41575   4.66611    7.1637695918E-01
  -7.49650   4.53525    7.3206267813E-01
  -7.57494   4.40298    7.4746249693E-01
  -7.65104   4.26937    7.6255744307E-01
  -7.72479   4.13443    7.7732891966E-01
  -7.79616   3.99823    7.9175872829E-01
  -7.86513   3.86079    8.0582909152E-01
  -7.93167   3.72216    8.1952267472E-01
  -7.99577   3.58239    8.3282260745E-01
  -8.05741   3.44151    8.4571250427E-01
  -8.11657   3.29958    8.5817648488E-01
  -8.17323   3.15662    8.7019919371E-01
  -8.22737   3.01270    8.8176581883E-01
  -8.27897   2.86785    8.9286211024E-01
  -8.32803   2.72211    9.0347439733E-01
  -8.37452   2.57553    9.1358960582E-01
  -8.41843   2.42817    9.2319527383E-01
  -8.45975   2.28005    9.3227956721E-01
  -8.49846   2.13123    9.4083129416E-01
  -8.53455   1.98175    9.4883991899E-01
  -8.56802   1.83167    9.5629557511E-01
  -8.59884   1.68102    9.6318907718E-01
  -8.62702   1.52985    9.6951193245E-01
  -8.65254   1.37821    9.7525635117E-01
  -8.67539   1.22615    9.8041525627E-01
  -8.69558   1.07371    9.8498229199E-01
  -8.71308   0.92094    9.8895183176E-01
  -8.72790   0.76788    9.9231898512E-01
  -8.74003   0.61459    9.9507960377E-01
  -8.74947   0.46111    9.9723028663E-01
  -8.75622   0.30748    9.9876838406E-01
  -8.76027   0.15377    9.9969200115E-01
  -8.76162   0.00000    1.0000000000E+00

   8.82424   0.00000********************
   8.82288   0.15486    9.9969200115E-01
   8.81881   0.30968    9.9876838406E-01
   8.81201   0.46440    9.9723028663E-01
   8.80251   0.61898    9.9507960377E-01
   8.79029   0.77337    9.9231898512E-01
   8.77536   0.92752    9.8895183176E-01
   8.75773   1.08138    9.8498229199E-01
   8.73740   1.23491    9.8041525627E-01
   8.71439   1.38806    9.7525635117E-01
   8.68868   1.54079    9.6951193245E-01
   8.66031   1.69303    9.6318907718E-01
   8.62926   1.84476    9.5629557511E-01
   8.59555   1.99592    9.4883991899E-01
   8.55920   2.14646    9.4083129416E-01
   8.52021   2.29635    9.3227956721E-01
   8.47860   2.44552    9.2319527383E-01
   8.43438   2.59394    9.1358960582E-01
   8.38755   2.74157    9.0347439733E-01
   8.33815   2.88834    8.9286211024E-01
   8.28617   3.03423    8.8176581883E-01
   8.23165   3.17919    8.7019919371E-01
   8.17459   3.32316    8.5817648488E-01
   8.11501   3.46611    8.4571250427E-01
   8.05293   3.60800    8.3282260745E-01
   7.98837   3.74877    8.1952267472E-01
   7.92134   3.88839    8.0582909152E-01
   7.85188   4.02681    7.9175872829E-01
   7.78000   4.16399    7.7732891966E-01
   7.70573   4.29988    7.6255744307E-01
   7.62908   4.43446    7.4746249693E-01
   7.55008   4.56766    7.3206267813E-01
   7.46876   4.69946    7.1637695918E-01
   7.38513   4.82981    7.0042466481E-01
   7.29923   4.95868    6.8422544818E-01
   7.21108   5.08602    6.6779926665E-01
   7.12071   5.21179    6.5116635720E-01
   7.02815   5.33595    6.3434721149E-01
   6.93342   5.45847    6.1736255064E-01
   6.83656   5.57931    6.0023329966E-01
   6.73759   5.69843    5.8298056172E-01
   6.63654   5.81580    5.6562559212E-01
   6.53345   5.93138    5.4818977208E-01
   6.42835   6.04512    5.3069458247E-01
   6.32127   6.15701    5.1316157728E-01
   6.21224   6.26700    4.9561235708E-01
   6.10130   6.37506    4.7806854244E-01
   5.98848   6.48115    4.6055174725E-01
   5.87381   6.58525    4.4308355213E-01
   5.75734   6.68732    4.2568547781E-01
   5.63909   6.78733    4.0837895863E-01
   5.51911   6.88525    3.9118531616E-01
   5.39742   6.98105    3.7412573288E-01
   5.27407   7.07470    3.5722122611E-01
   5.14910   7.16617    3.4049262214E-01
   5.02254   7.25544    3.2396053052E-01
   4.89444   7.34246    3.0764531871E-01
   4.76482   7.42723    2.9156708699E-01
   4.63374   7.50971    2.7574564365E-01
   4.50123   7.58987    2.6020048064E-01
   4.36734   7.66770    2.4495074954E-01
   4.23210   7.74316    2.3001523794E-01
   4.09555   7.81625    2.1541234632E-01
   3.95775   7.88692    2.0116006537E-01
   3.81873   7.95516    1.8727595385E-01
   3.67853   8.02095    1.7377711691E-01
   3.53719   8.08428    1.6068018506E-01
   3.39477   8.14511    1.4800129365E-01
   3.25130   8.20343    1.3575606303E-01
   3.10683   8.25923    1.2395957926E-01
   2.96140   8.31248    1.1262637556E-01
   2.81506   8.36317    1.0177041437E-01
   2.66786   8.41129    9.1405070194E-02
   2.51983   8.45681    8.1543113090E-02
   2.37102   8.49974    7.2196692940E-02
   2.22149   8.54004    6.3377324492E-02
   2.07127   8.57771    5.5095873167E-02
   1.92041   8.61274    4.7362541675E-02
   1.76897   8.64512    4.0186857444E-02
   1.61697   8.67483    3.3577660884E-02
   1.46448   8.70187    2.7543094495E-02
   1.31154   8.72623    2.2090592836E-02
   1.15819   8.74791    1.7226873362E-02
   1.00449   8.76688    1.2957928154E-02
   0.85048   8.78316    9.2890165331E-03
   0.69620   8.79674    6.2246585807E-03
   0.54171   8.80760    3.7686295721E-03
   0.38706   8.81575    1.9239553236E-03
   0.23228   8.82118    6.9290846547E-04
   0.07744   8.82390    7.7005641668E-05
  -0.07744   8.82390    7.7005641668E-05
  -0.23228   8.82118    6.9290846547E-04
  -0.38706   8.81575    1.9239553236E-03
  -0.54171   8.80760    3.7686295721E-03
  -0.69620   8.79674    6.2246585807E-03
  -0.85048   8.78316    9.2890165331E-03
  -1.00449   8.76688    1.2957928154E-02
  -1.15819   8.74791    1.7226873362E-02
  -1.31154   8.72623    2.2090592836E-02
  -1.46448   8.70187    2.7543094495E-02
  -1.61697   8.67483    3.3577660884E-02
  -1.76897   8.64512    4.0186857444E-02
  -1.92041   8.61274    4.7362541675E-02
  -2.07127   8.57771    5.5095873167E-02
  -2.22149   8.54004    6.3377324492E-02
  -2.37102   8.49974    7.2196692940E-02
  -2.51983   8.45681    8.1543113090E-02
  -2.66786   8.41129    9.1405070194E-02
  -2.81506   8.36317    1.0177041437E-01
  -2.96140   8.31248    1.1262637556E-01
  -3.10683   8.25923    1.2395957926E-01
  -3.25130   8.20343    1.3575606303E-01
  -3.39477   8.14511    1.4800129365E-01
  -3.53719   8.08428    1.6068018506E-01
  -3.67853   8.02095    1.7377711691E-01
  -3.81873   7.95516    1.8727595385E-01
  -3.95775   7.88692    2.0116006537E-01
  -4.09555   7.81625    2.1541234632E-01
  -4.23210   7.74316    2.3001523794E-01
  -4.36734   7.66770    2.4495074954E-01
  -4.50123   7.58987    2.6020048064E-01
  -4.63374   7.50971    2.7574564365E-01
  -4.76482   7.42723    2.9156708699E-01
  -4.89444   7.34246    3.0764531871E-01
  -5.02254   7.25544    3.2396053052E-01
  -5.14910   7.16617    3.4049262214E-01
  -5.27407   7.07470    3.5722122611E-01
  -5.39742   6.98105    3.7412573288E-01
  -5.51911   6.88525    3.9118531616E-01
  -5.63909   6.78733    4.0837895863E-01
  -5.75734   6.68732    4.2568547781E-01
  -5.87381   6.58525    4.4308355213E-01
  -5.98848   6.48115    4.6055174725E-01
  -6.10130   6.37506    4.7806854244E-01
  -6.21224   6.26700    4.9561235708E-01
  -6.32127   6.15701    5.1316157728E-01
  -6.42835   6.04512    5.3069458247E-01
  -6.53345   5.93138    5.4818977208E-01
  -6.63654   5.81580    5.6562559212E-01
  -6.73759   5.69843    5.8298056172E-01
  -6.83656   5.57931    6.0023329966E-01
  -6.93342   5.45847    6.1736255064E-01
  -7.02815   5.33595    6.3434721149E-01
  -7.12071   5.21179    6.5116635720E-01
  -7.21108   5.08602    6.6779926665E-01
  -7.29923   4.95868    6.8422544818E-01
  -7.38513   4.82981    7.0042466481E-01
  -7.46876   4.69946    7.1637695918E-01
  -7.55008   4.56766    7.3206267813E-01
  -7.62908   4.43446    7.4746249693E-01
  -7.70573   4.29988    7.6255744307E-01
  -7.78000   4.16399    7.7732891966E-01
  -7.85188   4.02681    7.9175872829E-01
  -7.92134   3.88839    8.0582909152E-01
  -7.98837   3.74877    8.1952267472E-01
  -8.05293   3.60800    8.3282260745E-01
  -8.11501   3.46611    8.4571250427E-01
  -8.17459   3.32316    8.5817648488E-01
  -8.23165   3.17919    8.7019919371E-01
  -8.28617   3.03423    8.8176581883E-01
  -8.33815   2.88834    8.9286211024E-01
  -8.38755   2.74157    9.0347439733E-01
  -8.43438   2.59394    9.1358960582E-01
  -8.47860   2.44552    9.2319527383E-01
  -8.52021   2.29635    9.3227956721E-01
  -8.55920   2.14646    9.4083129416E-01
  -8.59555   1.99592    9.4883991899E-01
  -8.62926   1.84476    9.5629557511E-01
  -8.66031   1.69303    9.6318907718E-01
  -8.68868   1.54079    9.6951193245E-01
  -8.71439   1.38806    9.7525635117E-01
  -8.73740   1.23491    9.8041525627E-01
  -8.75773   1.08138    9.8498229199E-01
  -8.77536   0.92752    9.8895183176E-01
  -8.79029   0.77337    9.9231898512E-01
  -8.80251   0.61898    9.9507960377E-01
  -8.81201   0.46440    9.9723028663E-01
  -8.81881   0.30968    9.9876838406E-01
  -8.82288   0.15486    9.9969200115E-01
  -8.82424   0.00000    1.0000000000E+00

   8.88687   0.00000********************
   8.88550   0.15596    9.9969200115E-01
   8.88139   0.31188    9.9876838406E-01
   8.87455   0.46770    9.9723028663E-01
   8.86498   0.62337    9.9507960377E-01
   8.85267   0.77886    9.9231898512E-01
   8.83764   0.93410    9.8895183176E-01
   8.81989   1.08906    9.8498229199E-01
   8.79941   1.24368    9.8041525627E-01
   8.77623   1.39791    9.7525635117E-01
   8.75035   1.55172    9.6951193245E-01
   8.72177   1.70505    9.6318907718E-01
   8.69050   1.85785    9.5629557511E-01
   8.65656   2.01008    9.4883991899E-01
   8.61995   2.16170    9.4083129416E-01
   8.58068   2.31264    9.3227956721E-01
   8.53877   2.46288    9.2319527383E-01
   8.49424   2.61235    9.1358960582E-01
   8.44708   2.76102    9.0347439733E-01
   8.39732   2.90884    8.9286211024E-01
   8.34498   3.05577    8.8176581883E-01
   8.29007   3.20175    8.7019919371E-01
   8.23260   3.34675    8.5817648488E-01
   8.17260   3.49071    8.4571250427E-01
   8.11008   3.63360    8.3282260745E-01
   8.04506   3.77537    8.1952267472E-01
   7.97756   3.91598    8.0582909152E-01
   7.90761   4.05539    7.9175872829E-01
   7.83522   4.19354    7.7732891966E-01
   7.76042   4.33040    7.6255744307E-01
   7.68322   4.46593    7.4746249693E-01
   7.60366   4.60008    7.3206267813E-01
   7.52176   4.73281    7.1637695918E-01
   7.43754   4.86409    7.0042466481E-01
   7.35103   4.99387    6.8422544818E-01
   7.26226   5.12211    6.6779926665E-01
   7.17125   5.24877    6.5116635720E-01
   7.07803   5.37382    6.3434721149E-01
   6.98263   5.49721    6.1736255064E-01
   6.88508   5.61891    6.0023329966E-01
   6.78541   5.73888    5.8298056172E-01
   6.68364   5.85708    5.6562559212E-01
   6.57982   5.97347    5.4818977208E-01
   6.47398   6.08803    5.3069458247E-01
   6.36613   6.20071    5.1316157728E-01
   6.25633   6.31148    4.9561235708E-01
   6.14460   6.42030    4.7806854244E-01
   6.03098   6.52715    4.6055174725E-01
   5.91550   6.63199    4.4308355213E-01
   5.79820   6.73478    4.2568547781E-01
   5.67911   6.83550    4.0837895863E-01
   5.55828   6.93412    3.9118531616E-01
   5.43573   7.03060    3.7412573288E-01
   5.31150   7.12491    3.5722122611E-01
   5.18564   7.21703    3.4049262214E-01
   5.05819   7.30693    3.2396053052E-01
   4.92917   7.39457    3.0764531871E-01
   4.79864   7.47994    2.9156708699E-01
   4.66663   7.56300    2.7574564365E-01
   4.53318   7.64374    2.6020048064E-01
   4.39833   7.72212    2.4495074954E-01
   4.26213   7.79812    2.3001523794E-01
   4.12462   7.87172    2.1541234632E-01
   3.98584   7.94289    2.0116006537E-01
   3.84583   8.01162    1.8727595385E-01
   3.70463   8.07788    1.7377711691E-01
   3.56230   8.14165    1.6068018506E-01
   3.41886   8.20292    1.4800129365E-01
   3.27437   8.26165    1.3575606303E-01
   3.12888   8.31785    1.2395957926E-01
   2.98242   8.37148    1.1262637556E-01
   2.83504   8.42253    1.0177041437E-01
   2.68679   8.47099    9.1405070194E-02
   2.53771   8.51683    8.1543113090E-02
   2.38785   8.56006    7.2196692940E-02
   2.23726   8.60065    6.3377324492E-02
   2.08597   8.63859    5.5095873167E-02
   1.93404   8.67386    4.7362541675E-02
   1.78152   8.70647    4.0186857444E-02
   1.62845   8.73639    3.3577660884E-02
   1.47487   8.76363    2.7543094495E-02
   1.32085   8.78816    2.2090592836E-02
   1.16641   8.80999    1.7226873362E-02
   1.01162   8.82910    1.2957928154E-02
   0.85651   8.84550    9.2890165331E-03
   0.70114   8.85917    6.2246585807E-03
   0.54556   8.87011    3.7686295721E-03
   0.38980   8.87832    1.9239553236E-03
   0.23393   8.88379    6.9290846547E-04
   0.07798   8.88653    7.7005641668E-05
  -0.07798   8.88653    7.7005641668E-05
  -0.23393   8.88379    6.9290846547E-04
  -0.38980   8.87832    1.9239553236E-03
  -0.54556   8.87011    3.7686295721E-03
  -0.70114   8.85917    6.2246585807E-03
  -0.85651   8.84550    9.2890165331E-03
  -1.01162   8.82910    1.2957928154E-02
  -1.16641   8.80999    1.7226873362E-02
  -1.32085   8.78816    2.2090592836E-02
  -1.47487   8.76363    2.7543094495E-02
  -1.62845   8.73639    3.3577660884E-02
  -1.78152   8.70647    4.0186857444E-02
  -1.93404   8.67386    4.7362541675E-02
  -2.08597   8.63859    5.5095873167E-02
  -2.23726   8.60065    6.3377324492E-02
  -2.38785   8.56006    7.2196692940E-02
  -2.53771   8.51683    8.1543113090E-02
  -2.68679   8.47099    9.1405070194E-02
  -2.83504   8.42253    1.0177041437E-01
  -2.98242   8.37148    1.1262637556E-01
  -3.12888   8.31785    1.2395957926E-01
  -3.27437   8.26165    1.3575606303E-01
  -3.41886   8.20292    1.4800129365E-01
  -3.56230   8.14165    1.6068018506E-01
  -3.70463   8.07788    1.7377711691E-01
  -3.84583   8.01162    1.8727595385E-01
  -3.98584   7.94289    2.0116006537E-01
  -4.12462   7.87172    2.1541234632E-01
  -4.26213   7.79812    2.3001523794E-01
  -4.39833   7.72212    2.4495074954E-01
  -4.53318   7.64374    2.6020048064E-01
  -4.66663   7.56300    2.7574564365E-01
  -4.79864   7.47994    2.9156708699E-01
  -4.92917   7.39457    3.0764531871E-01
  -5.05819   7.30693    3.2396053052E-01
  -5.18564   7.21703    3.4049262214E-01
  -5.31150   7.12491    3.5722122611E-01
  -5.43573   7.03060    3.7412573288E-01
  -5.55828   6.93412    3.9118531616E-01
  -5.67911   6.83550    4.0837895863E-01
  -5.79820   6.73478    4.2568547781E-01
  -5.91550   6.63199    4.4308355213E-01
  -6.03098   6.52715    4.6055174725E-01
  -6.14460   6.42030    4.7806854244E-01
  -6.25633   6.31148    4.9561235708E-01
  -6.36613   6.20071    5.1316157728E-01
  -6.47398   6.08803    5.3069458247E-01
  -6.57982   5.97347    5.4818977208E-01
  -6.68364   5.85708    5.6562559212E-01
  -6.78541   5.73888    5.8298056172E-01
  -6.88508   5.61891    6.0023329966E-01
  -6.98263   5.49721    6.1736255064E-01
  -7.07803   5.37382    6.3434721149E-01
  -7.17125   5.24877    6.5116635720E-01
  -7.26226   5.12211    6.6779926665E-01
  -7.35103   4.99387    6.8422544818E-01
  -7.43754   4.86409    7.0042466481E-01
  -7.52176   4.73281    7.1637695918E-01
  -7.60366   4.60008    7.3206267813E-01
  -7.68322   4.46593    7.4746249693E-01
  -7.76042   4.33040    7.6255744307E-01
  -7.83522   4.19354    7.7732891966E-01
  -7.90761   4.05539    7.9175872829E-01
  -7.97756   3.91598    8.0582909152E-01
  -8.04506   3.77537    8.1952267472E-01
  -8.11008   3.63360    8.3282260745E-01
  -8.17260   3.49071    8.4571250427E-01
  -8.23260   3.34675    8.5817648488E-01
  -8.29007   3.20175    8.7019919371E-01
  -8.34498   3.05577    8.8176581883E-01
  -8.39732   2.90884    8.9286211024E-01
  -8.44708   2.76102    9.0347439733E-01
  -8.49424   2.61235    9.1358960582E-01
  -8.53877   2.46288    9.2319527383E-01
  -8.58068   2.31264    9.3227956721E-01
  -8.61995   2.16170    9.4083129416E-01
  -8.65656   2.01008    9.4883991899E-01
  -8.69050   1.85785    9.5629557511E-01
  -8.72177   1.70505    9.6318907718E-01
  -8.75035   1.55172    9.6951193245E-01
  -8.77623   1.39791    9.7525635117E-01
  -8.79941   1.24368    9.8041525627E-01
  -8.81989   1.08906    9.8498229199E-01
  -8.83764   0.93410    9.8895183176E-01
  -8.85267   0.77886    9.9231898512E-01
  -8.86498   0.62337    9.9507960377E-01
  -8.87455   0.46770    9.9723028663E-01
  -8.88139   0.31188    9.9876838406E-01
  -8.88550   0.15596    9.9969200115E-01
  -8.88687   0.00000    1.0000000000E+00

   8.94949   0.00000********************
   8.94812   0.15706    9.9969200115E-01
   8.94398   0.31408    9.9876838406E-01
   8.93709   0.47099    9.9723028663E-01
   8.92745   0.62777    9.9507960377E-01
   8.91506   0.78435    9.9231898512E-01
   8.89992   0.94068    9.8895183176E-01
   8.88204   1.09673    9.8498229199E-01
   8.86142   1.25244    9.8041525627E-01
   8.83808   1.40777    9.7525635117E-01
   8.81201   1.56266    9.6951193245E-01
   8.78323   1.71707    9.6318907718E-01
   8.75174   1.87095    9.5629557511E-01
   8.71756   2.02425    9.4883991899E-01
   8.68069   2.17693    9.4083129416E-01
   8.64115   2.32894    9.3227956721E-01
   8.59895   2.48023    9.2319527383E-01
   8.55410   2.63076    9.1358960582E-01
   8.50661   2.78048    9.0347439733E-01
   8.45650   2.92934    8.9286211024E-01
   8.40379   3.07730    8.8176581883E-01
   8.34849   3.22431    8.7019919371E-01
   8.29062   3.37033    8.5817648488E-01
   8.23019   3.51531    8.4571250427E-01
   8.16723   3.65921    8.3282260745E-01
   8.10175   3.80198    8.1952267472E-01
   8.03378   3.94358    8.0582909152E-01
   7.96333   4.08396    7.9175872829E-01
   7.89043   4.22309    7.7732891966E-01
   7.81510   4.36092    7.6255744307E-01
   7.73737   4.49740    7.4746249693E-01
   7.65725   4.63250    7.3206267813E-01
   7.57477   4.76617    7.1637695918E-01
   7.48996   4.89837    7.0042466481E-01
   7.40284   5.02906    6.8422544818E-01
   7.31344   5.15821    6.6779926665E-01
   7.22178   5.28576    6.5116635720E-01
   7.12791   5.41169    6.3434721149E-01
   7.03183   5.53595    6.1736255064E-01
   6.93360   5.65851    6.0023329966E-01
   6.83322   5.77932    5.8298056172E-01
   6.73074   5.89835    5.6562559212E-01
   6.62619   6.01557    5.4818977208E-01
   6.51960   6.13093    5.3069458247E-01
   6.41100   6.24440    5.1316157728E-01
   6.30042   6.35595    4.9561235708E-01
   6.18790   6.46555    4.7806854244E-01
   6.07348   6.57315    4.6055174725E-01
   5.95719   6.67872    4.4308355213E-01
   5.83906   6.78224    4.2568547781E-01
   5.71913   6.88367    4.0837895863E-01
   5.59744   6.98298    3.9118531616E-01
   5.47403   7.08014    3.7412573288E-01
   5.34893   7.17512    3.5722122611E-01
   5.22219   7.26789    3.4049262214E-01
   5.09383   7.35842    3.2396053052E-01
   4.96391   7.44668    3.0764531871E-01
   4.83245   7.53265    2.9156708699E-01
   4.69951   7.61630    2.7574564365E-01
   4.56512   7.69760    2.6020048064E-01
   4.42933   7.77654    2.4495074954E-01
   4.29217   7.85307    2.3001523794E-01
   4.15369   7.92719    2.1541234632E-01
   4.01393   7.99887    2.0116006537E-01
   3.87293   8.06808    1.8727595385E-01
   3.73074   8.13480    1.7377711691E-01
   3.58740   8.19903    1.6068018506E-01
   3.44295   8.26072    1.4800129365E-01
   3.29745   8.31987    1.3575606303E-01
   3.15093   8.37646    1.2395957926E-01
   3.00344   8.43047    1.1262637556E-01
   2.85502   8.48188    1.0177041437E-01
   2.70573   8.53068    9.1405070194E-02
   2.55560   8.57685    8.1543113090E-02
   2.40468   8.62038    7.2196692940E-02
   2.25302   8.66126    6.3377324492E-02
   2.10067   8.69946    5.5095873167E-02
   1.94767   8.73499    4.7362541675E-02
   1.79407   8.76783    4.0186857444E-02
   1.63992   8.79796    3.3577660884E-02
   1.48527   8.82539    2.7543094495E-02
   1.33015   8.85009    2.2090592836E-02
   1.17463   8.87207    1.7226873362E-02
   1.01875   8.89132    1.2957928154E-02
   0.86255   8.90783    9.2890165331E-03
   0.70608   8.92160    6.2246585807E-03
   0.54940   8.93262    3.7686295721E-03
   0.39255   8.94088    1.9239553236E-03
   0.23558   8.94639    6.9290846547E-04
   0.07853   8.94915    7.7005641668E-05
  -0.07853   8.94915    7.7005641668E-05
  -0.23558   8.94639    6.9290846547E-04
  -0.39255   8.94088    1.9239553236E-03
  -0.54940   8.93262    3.7686295721E-03
  -0.70608   8.92160    6.2246585807E-03
  -0.86255   8.90783    9.2890165331E-03
  -1.01875   8.89132    1.2957928154E-02
  -1.17463   8.87207    1.7226873362E-02
  -1.33015   8.85009    2.2090592836E-02
  -1.48527   8.82539    2.7543094495E-02
  -1.63992   8.79796    3.3577660884E-02
  -1.79407   8.76783    4.0186857444E-02
  -1.94767   8.73499    4.7362541675E-02
  -2.10067   8.69946    5.5095873167E-02
  -2.25302   8.66126    6.3377324492E-02
  -2.40468   8.62038    7.2196692940E-02
  -2.55560   8.57685    8.1543113090E-02
  -2.70573   8.53068    9.1405070194E-02
  -2.85502   8.48188    1.0177041437E-01
  -3.00344   8.43047    1.1262637556E-01
  -3.15093   8.37646    1.2395957926E-01
  -3.29745   8.31987    1.3575606303E-01
  -3.44295   8.26072    1.4800129365E-01
  -3.58740   8.19903    1.6068018506E-01
  -3.73074   8.13480    1.7377711691E-01
  -3.87293   8.06808    1.8727595385E-01
  -4.01393   7.99887    2.0116006537E-01
  -4.15369   7.92719    2.1541234632E-01
  -4.29217   7.85307    2.3001523794E-01
  -4.42933   7.77654    2.4495074954E-01
  -4.56512   7.69760    2.6020048064E-01
  -4.69951   7.61630    2.7574564365E-01
  -4.83245   7.53265    2.9156708699E-01
  -4.96391   7.44668    3.0764531871E-01
  -5.09383   7.35842    3.2396053052E-01
  -5.22219   7.26789    3.4049262214E-01
  -5.34893   7.17512    3.5722122611E-01
  -5.47403   7.08014    3.7412573288E-01
  -5.59744   6.98298    3.9118531616E-01
  -5.71913   6.88367    4.0837895863E-01
  -5.83906   6.78224    4.2568547781E-01
  -5.95719   6.67872    4.4308355213E-01
  -6.07348   6.57315    4.6055174725E-01
  -6.18790   6.46555    4.7806854244E-01
  -6.30042   6.35595    4.9561235708E-01
  -6.41100   6.24440    5.1316157728E-01
  -6.51960   6.13093    5.3069458247E-01
  -6.62619   6.01557    5.4818977208E-01
  -6.73074   5.89835    5.6562559212E-01
  -6.83322   5.77932    5.8298056172E-01
  -6.93360   5.65851    6.0023329966E-01
  -7.03183   5.53595    6.1736255064E-01
  -7.12791   5.41169    6.3434721149E-01
  -7.22178   5.28576    6.5116635720E-01
  -7.31344   5.15821    6.6779926665E-01
  -7.40284   5.02906    6.8422544818E-01
  -7.48996   4.89837    7.0042466481E-01
  -7.57477   4.76617    7.1637695918E-01
  -7.65725   4.63250    7.3206267813E-01
  -7.73737   4.49740    7.4746249693E-01
  -7.81510   4.36092    7.6255744307E-01
  -7.89043   4.22309    7.7732891966E-01
  -7.96333   4.08396    7.9175872829E-01
  -8.03378   3.94358    8.0582909152E-01
  -8.10175   3.80198    8.1952267472E-01
  -8.16723   3.65921    8.3282260745E-01
  -8.23019   3.51531    8.4571250427E-01
  -8.29062   3.37033    8.5817648488E-01
  -8.34849   3.22431    8.7019919371E-01
  -8.40379   3.07730    8.8176581883E-01
  -8.45650   2.92934    8.9286211024E-01
  -8.50661   2.78048    9.0347439733E-01
  -8.55410   2.63076    9.1358960582E-01
  -8.59895   2.48023    9.2319527383E-01
  -8.64115   2.32894    9.3227956721E-01
  -8.68069   2.17693    9.4083129416E-01
  -8.71756   2.02425    9.4883991899E-01
  -8.75174   1.87095    9.5629557511E-01
  -8.78323   1.71707    9.6318907718E-01
  -8.81201   1.56266    9.6951193245E-01
  -8.83808   1.40777    9.7525635117E-01
  -8.86142   1.25244    9.8041525627E-01
  -8.88204   1.09673    9.8498229199E-01
  -8.89992   0.94068    9.8895183176E-01
  -8.91506   0.78435    9.9231898512E-01
  -8.92745   0.62777    9.9507960377E-01
  -8.93709   0.47099    9.9723028663E-01
  -8.94398   0.31408    9.9876838406E-01
  -8.94812   0.15706    9.9969200115E-01
  -8.94949   0.00000    1.0000000000E+00

   9.01212   0.00000********************
   9.01073   0.15816    9.9969200115E-01
   9.00657   0.31627    9.9876838406E-01
   8.99963   0.47429    9.9723028663E-01
   8.98992   0.63216    9.9507960377E-01
   8.97744   0.78983    9.9231898512E-01
   8.96220   0.94727    9.8895183176E-01
   8.94419   1.10441    9.8498229199E-01
   8.92343   1.26121    9.8041525627E-01
   8.89993   1.41762    9.7525635117E-01
   8.87368   1.57359    9.6951193245E-01
   8.84469   1.72908    9.6318907718E-01
   8.81299   1.88404    9.5629557511E-01
   8.77856   2.03842    9.4883991899E-01
   8.74144   2.19216    9.4083129416E-01
   8.70162   2.34524    9.3227956721E-01
   8.65912   2.49759    9.2319527383E-01
   8.61396   2.64917    9.1358960582E-01
   8.56614   2.79994    9.0347439733E-01
   8.51568   2.94984    8.9286211024E-01
   8.46260   3.09884    8.8176581883E-01
   8.40691   3.24688    8.7019919371E-01
   8.34863   3.39392    8.5817648488E-01
   8.28778   3.53991    8.4571250427E-01
   8.22438   3.68482    8.3282260745E-01
   8.15845   3.82859    8.1952267472E-01
   8.09000   3.97118    8.0582909152E-01
   8.01906   4.11254    7.9175872829E-01
   7.94565   4.25264    7.7732891966E-01
   7.86979   4.39143    7.6255744307E-01
   7.79151   4.52887    7.4746249693E-01
   7.71083   4.66491    7.3206267813E-01
   7.62777   4.79952    7.1637695918E-01
   7.54237   4.93265    7.0042466481E-01
   7.45464   5.06426    6.8422544818E-01
   7.36461   5.19430    6.6779926665E-01
   7.27232   5.32275    6.5116635720E-01
   7.17779   5.44956    6.3434721149E-01
   7.08104   5.57469    6.1736255064E-01
   6.98212   5.69810    6.0023329966E-01
   6.88104   5.81976    5.8298056172E-01
   6.77784   5.93963    5.6562559212E-01
   6.67256   6.05766    5.4818977208E-01
   6.56522   6.17383    5.3069458247E-01
   6.45586   6.28810    5.1316157728E-01
   6.34451   6.40043    4.9561235708E-01
   6.23121   6.51079    4.7806854244E-01
   6.11598   6.61915    4.6055174725E-01
   5.99888   6.72546    4.4308355213E-01
   5.87992   6.82970    4.2568547781E-01
   5.75915   6.93184    4.0837895863E-01
   5.63661   7.03185    3.9118531616E-01
   5.51234   7.12969    3.7412573288E-01
   5.38636   7.22533    3.5722122611E-01
   5.25873   7.31875    3.4049262214E-01
   5.12948   7.40991    3.2396053052E-01
   4.99864   7.49879    3.0764531871E-01
   4.86627   7.58536    2.9156708699E-01
   4.73240   7.66960    2.7574564365E-01
   4.59707   7.75147    2.6020048064E-01
   4.46032   7.83095    2.4495074954E-01
   4.32220   7.90803    2.3001523794E-01
   4.18275   7.98266    2.1541234632E-01
   4.04201   8.05484    2.0116006537E-01
   3.90003   8.12454    1.8727595385E-01
   3.75685   8.19173    1.7377711691E-01
   3.61250   8.25640    1.6068018506E-01
   3.46705   8.31853    1.4800129365E-01
   3.32052   8.37809    1.3575606303E-01
   3.17298   8.43508    1.2395957926E-01
   3.02445   8.48946    1.1262637556E-01
   2.87500   8.54124    1.0177041437E-01
   2.72466   8.59038    9.1405070194E-02
   2.57348   8.63687    8.1543113090E-02
   2.42151   8.68070    7.2196692940E-02
   2.26879   8.72186    6.3377324492E-02
   2.11537   8.76034    5.5095873167E-02
   1.96130   8.79611    4.7362541675E-02
   1.80663   8.82918    4.0186857444E-02
   1.65140   8.85953    3.3577660884E-02
   1.49566   8.88714    2.7543094495E-02
   1.33946   8.91202    2.2090592836E-02
   1.18285   8.93416    1.7226873362E-02
   1.02588   8.95354    1.2957928154E-02
   0.86858   8.97017    9.2890165331E-03
   0.71102   8.98403    6.2246585807E-03
   0.55325   8.99512    3.7686295721E-03
   0.39530   9.00345    1.9239553236E-03
   0.23723   9.00900    6.9290846547E-04
   0.07908   9.01177    7.7005641668E-05
  -0.07908   9.01177    7.7005641668E-05
  -0.23723   9.00900    6.9290846547E-04
  -0.39530   9.00345    1.9239553236E-03
  -0.55325   8.99512    3.7686295721E-03
  -0.71102   8.98403    6.2246585807E-03
  -0.86858   8.97017    9.2890165331E-03
  -1.02588   8.95354    1.2957928154E-02
  -1.18285   8.93416    1.7226873362E-02
  -1.33946   8.91202    2.2090592836E-02
  -1.49566   8.88714    2.7543094495E-02
  -1.65140   8.85953    3.3577660884E-02
  -1.80663   8.82918    4.0186857444E-02
  -1.96130   8.79611    4.7362541675E-02
  -2.11537   8.76034    5.5095873167E-02
  -2.26879   8.72186    6.3377324492E-02
  -2.42151   8.68070    7.2196692940E-02
  -2.57348   8.63687    8.1543113090E-02
  -2.72466   8.59038    9.1405070194E-02
  -2.87500   8.54124    1.0177041437E-01
  -3.02445   8.48946    1.1262637556E-01
  -3.17298   8.43508    1.2395957926E-01
  -3.32052   8.37809    1.3575606303E-01
  -3.46705   8.31853    1.4800129365E-01
  -3.61250   8.25640    1.6068018506E-01
  -3.75685   8.19173    1.7377711691E-01
  -3.90003   8.12454    1.8727595385E-01
  -4.04201   8.05484    2.0116006537E-01
  -4.18275   7.98266    2.1541234632E-01
  -4.32220   7.90803    2.3001523794E-01
  -4.46032   7.83095    2.4495074954E-01
  -4.59707   7.75147    2.6020048064E-01
  -4.73240   7.66960    2.7574564365E-01
  -4.86627   7.58536    2.9156708699E-01
  -4.99864   7.49879    3.0764531871E-01
  -5.12948   7.40991    3.2396053052E-01
  -5.25873   7.31875    3.4049262214E-01
  -5.38636   7.22533    3.5722122611E-01
  -5.51234   7.12969    3.7412573288E-01
  -5.63661   7.03185    3.9118531616E-01
  -5.75915   6.93184    4.0837895863E-01
  -5.87992   6.82970    4.2568547781E-01
  -5.99888   6.72546    4.4308355213E-01
  -6.11598   6.61915    4.6055174725E-01
  -6.23121   6.51079    4.7806854244E-01
  -6.34451   6.40043    4.9561235708E-01
  -6.45586   6.28810    5.1316157728E-01
  -6.56522   6.17383    5.3069458247E-01
  -6.67256   6.05766    5.4818977208E-01
  -6.77784   5.93963    5.6562559212E-01
  -6.88104   5.81976    5.8298056172E-01
  -6.98212   5.69810    6.0023329966E-01
  -7.08104   5.57469    6.1736255064E-01
  -7.17779   5.44956    6.3434721149E-01
  -7.27232   5.32275    6.5116635720E-01
  -7.36461   5.19430    6.6779926665E-01
  -7.45464   5.06426    6.8422544818E-01
  -7.54237   4.93265    7.0042466481E-01
  -7.62777   4.79952    7.1637695918E-01
  -7.71083   4.66491    7.3206267813E-01
  -7.79151   4.52887    7.4746249693E-01
  -7.86979   4.39143    7.6255744307E-01
  -7.94565   4.25264    7.7732891966E-01
  -8.01906   4.11254    7.9175872829E-01
  -8.09000   3.97118    8.0582909152E-01
  -8.15845   3.82859    8.1952267472E-01
  -8.22438   3.68482    8.3282260745E-01
  -8.28778   3.53991    8.4571250427E-01
  -8.34863   3.39392    8.5817648488E-01
  -8.40691   3.24688    8.7019919371E-01
  -8.46260   3.09884    8.8176581883E-01
  -8.51568   2.94984    8.9286211024E-01
  -8.56614   2.79994    9.0347439733E-01
  -8.61396   2.64917    9.1358960582E-01
  -8.65912   2.49759    9.2319527383E-01
  -8.70162   2.34524    9.3227956721E-01
  -8.74144   2.19216    9.4083129416E-01
  -8.77856   2.03842    9.4883991899E-01
  -8.81299   1.88404    9.5629557511E-01
  -8.84469   1.72908    9.6318907718E-01
  -8.87368   1.57359    9.6951193245E-01
  -8.89993   1.41762    9.7525635117E-01
  -8.92343   1.26121    9.8041525627E-01
  -8.94419   1.10441    9.8498229199E-01
  -8.96220   0.94727    9.8895183176E-01
  -8.97744   0.78983    9.9231898512E-01
  -8.98992   0.63216    9.9507960377E-01
  -8.99963   0.47429    9.9723028663E-01
  -9.00657   0.31627    9.9876838406E-01
  -9.01073   0.15816    9.9969200115E-01
  -9.01212   0.00000    1.0000000000E+00

   9.07475   0.00000********************
   9.07335   0.15926    9.9969200115E-01
   9.06916   0.31847    9.9876838406E-01
   9.06217   0.47759    9.9723028663E-01
   9.05239   0.63655    9.9507960377E-01
   9.03983   0.79532    9.9231898512E-01
   9.02448   0.95385    9.8895183176E-01
   9.00635   1.11208    9.8498229199E-01
   8.98544   1.26997    9.8041525627E-01
   8.96177   1.42747    9.7525635117E-01
   8.93534   1.58453    9.6951193245E-01
   8.90616   1.74110    9.6318907718E-01
   8.87423   1.89713    9.5629557511E-01
   8.83957   2.05258    9.4883991899E-01
   8.80218   2.20740    9.4083129416E-01
   8.76209   2.36154    9.3227956721E-01
   8.71929   2.51495    9.2319527383E-01
   8.67381   2.66758    9.1358960582E-01
   8.62566   2.81939    9.0347439733E-01
   8.57485   2.97034    8.9286211024E-01
   8.52140   3.12037    8.8176581883E-01
   8.46533   3.26944    8.7019919371E-01
   8.40665   3.41750    8.5817648488E-01
   8.34538   3.56451    8.4571250427E-01
   8.28153   3.71042    8.3282260745E-01
   8.21514   3.85519    8.1952267472E-01
   8.14622   3.99877    8.0582909152E-01
   8.07479   4.14112    7.9175872829E-01
   8.00087   4.28220    7.7732891966E-01
   7.92448   4.42195    7.6255744307E-01
   7.84566   4.56034    7.4746249693E-01
   7.76441   4.69733    7.3206267813E-01
   7.68078   4.83287    7.1637695918E-01
   7.59478   4.96692    7.0042466481E-01
   7.50644   5.09945    6.8422544818E-01
   7.41579   5.23040    6.6779926665E-01
   7.32286   5.35974    6.5116635720E-01
   7.22767   5.48743    6.3434721149E-01
   7.13025   5.61343    6.1736255064E-01
   7.03064   5.73770    6.0023329966E-01
   6.92886   5.86020    5.8298056172E-01
   6.82494   5.98090    5.6562559212E-01
   6.71893   6.09976    5.4818977208E-01
   6.61084   6.21673    5.3069458247E-01
   6.50072   6.33180    5.1316157728E-01
   6.38860   6.44491    4.9561235708E-01
   6.27451   6.55604    4.7806854244E-01
   6.15848   6.66514    4.6055174725E-01
   6.04056   6.77220    4.4308355213E-01
   5.92078   6.87717    4.2568547781E-01
   5.79918   6.98001    4.0837895863E-01
   5.67578   7.08071    3.9118531616E-01
   5.55064   7.17923    3.7412573288E-01
   5.42379   7.27554    3.5722122611E-01
   5.29527   7.36961    3.4049262214E-01
   5.16512   7.46140    3.2396053052E-01
   5.03338   7.55090    3.0764531871E-01
   4.90009   7.63807    2.9156708699E-01
   4.76528   7.72289    2.7574564365E-01
   4.62902   7.80534    2.6020048064E-01
   4.49132   7.88537    2.4495074954E-01
   4.35224   7.96298    2.3001523794E-01
   4.21182   8.03813    2.1541234632E-01
   4.07010   8.11081    2.0116006537E-01
   3.92713   8.18099    1.8727595385E-01
   3.78295   8.24866    1.7377711691E-01
   3.63761   8.31378    1.6068018506E-01
   3.49114   8.37633    1.4800129365E-01
   3.34360   8.43631    1.3575606303E-01
   3.19503   8.49369    1.2395957926E-01
   3.04547   8.54846    1.1262637556E-01
   2.89498   8.60059    1.0177041437E-01
   2.74359   8.65007    9.1405070194E-02
   2.59136   8.69689    8.1543113090E-02
   2.43833   8.74103    7.2196692940E-02
   2.28455   8.78247    6.3377324492E-02
   2.13007   8.82122    5.5095873167E-02
   1.97493   8.85724    4.7362541675E-02
   1.81918   8.89053    4.0186857444E-02
   1.66288   8.92109    3.3577660884E-02
   1.50606   8.94890    2.7543094495E-02
   1.34877   8.97395    2.2090592836E-02
   1.19107   8.99624    1.7226873362E-02
   1.03300   9.01576    1.2957928154E-02
   0.87462   9.03250    9.2890165331E-03
   0.71597   9.04646    6.2246585807E-03
   0.55709   9.05763    3.7686295721E-03
   0.39804   9.06601    1.9239553236E-03
   0.23888   9.07160    6.9290846547E-04
   0.07963   9.07440    7.7005641668E-05
  -0.07963   9.07440    7.7005641668E-05
  -0.23888   9.07160    6.9290846547E-04
  -0.39804   9.06601    1.9239553236E-03
  -0.55709   9.05763    3.7686295721E-03
  -0.71597   9.04646    6.2246585807E-03
  -0.87462   9.03250    9.2890165331E-03
  -1.03300   9.01576    1.2957928154E-02
  -1.19107   8.99624    1.7226873362E-02
  -1.34877   8.97395    2.2090592836E-02
  -1.50606   8.94890    2.7543094495E-02
  -1.66288   8.92109    3.3577660884E-02
  -1.81918   8.89053    4.0186857444E-02
  -1.97493   8.85724    4.7362541675E-02
  -2.13007   8.82122    5.5095873167E-02
  -2.28455   8.78247    6.3377324492E-02
  -2.43833   8.74103    7.2196692940E-02
  -2.59136   8.69689    8.1543113090E-02
  -2.74359   8.65007    9.1405070194E-02
  -2.89498   8.60059    1.0177041437E-01
  -3.04547   8.54846    1.1262637556E-01
  -3.19503   8.49369    1.2395957926E-01
  -3.34360   8.43631    1.3575606303E-01
  -3.49114   8.37633    1.4800129365E-01
  -3.63761   8.31378    1.6068018506E-01
  -3.78295   8.24866    1.7377711691E-01
  -3.92713   8.18099    1.8727595385E-01
  -4.07010   8.11081    2.0116006537E-01
  -4.21182   8.03813    2.1541234632E-01
  -4.35224   7.96298    2.3001523794E-01
  -4.49132   7.88537    2.4495074954E-01
  -4.62902   7.80534    2.6020048064E-01
  -4.76528   7.72289    2.7574564365E-01
  -4.90009   7.63807    2.9156708699E-01
  -5.03338   7.55090    3.0764531871E-01
  -5.16512   7.46140    3.2396053052E-01
  -5.29527   7.36961    3.4049262214E-01
  -5.42379   7.27554    3.5722122611E-01
  -5.55064   7.17923    3.7412573288E-01
  -5.67578   7.08071    3.9118531616E-01
  -5.79918   6.98001    4.0837895863E-01
  -5.92078   6.87717    4.2568547781E-01
  -6.04056   6.77220    4.4308355213E-01
  -6.15848   6.66514    4.6055174725E-01
  -6.27451   6.55604    4.7806854244E-01
  -6.38860   6.44491    4.9561235708E-01
  -6.50072   6.33180    5.1316157728E-01
  -6.61084   6.21673    5.3069458247E-01
  -6.71893   6.09976    5.4818977208E-01
  -6.82494   5.98090    5.6562559212E-01
  -6.92886   5.86020    5.8298056172E-01
  -7.03064   5.73770    6.0023329966E-01
  -7.13025   5.61343    6.1736255064E-01
  -7.22767   5.48743    6.3434721149E-01
  -7.32286   5.35974    6.5116635720E-01
  -7.41579   5.23040    6.6779926665E-01
  -7.50644   5.09945    6.8422544818E-01
  -7.59478   4.96692    7.0042466481E-01
  -7.68078   4.83287    7.1637695918E-01
  -7.76441   4.69733    7.3206267813E-01
  -7.84566   4.56034    7.4746249693E-01
  -7.92448   4.42195    7.6255744307E-01
  -8.00087   4.28220    7.7732891966E-01
  -8.07479   4.14112    7.9175872829E-01
  -8.14622   3.99877    8.0582909152E-01
  -8.21514   3.85519    8.1952267472E-01
  -8.28153   3.71042    8.3282260745E-01
  -8.34538   3.56451    8.4571250427E-01
  -8.40665   3.41750    8.5817648488E-01
  -8.46533   3.26944    8.7019919371E-01
  -8.52140   3.12037    8.8176581883E-01
  -8.57485   2.97034    8.9286211024E-01
  -8.62566   2.81939    9.0347439733E-01
  -8.67381   2.66758    9.1358960582E-01
  -8.71929   2.51495    9.2319527383E-01
  -8.76209   2.36154    9.3227956721E-01
  -8.80218   2.20740    9.4083129416E-01
  -8.83957   2.05258    9.4883991899E-01
  -8.87423   1.89713    9.5629557511E-01
  -8.90616   1.74110    9.6318907718E-01
  -8.93534   1.58453    9.6951193245E-01
  -8.96177   1.42747    9.7525635117E-01
  -8.98544   1.26997    9.8041525627E-01
  -9.00635   1.11208    9.8498229199E-01
  -9.02448   0.95385    9.8895183176E-01
  -9.03983   0.79532    9.9231898512E-01
  -9.05239   0.63655    9.9507960377E-01
  -9.06217   0.47759    9.9723028663E-01
  -9.06916   0.31847    9.9876838406E-01
  -9.07335   0.15926    9.9969200115E-01
  -9.07475   0.00000    1.0000000000E+00

   9.13737   0.00000********************
   9.13597   0.16036    9.9969200115E-01
   9.13175   0.32067    9.9876838406E-01
   9.12471   0.48088    9.9723028663E-01
   9.11487   0.64095    9.9507960377E-01
   9.10221   0.80081    9.9231898512E-01
   9.08676   0.96043    9.8895183176E-01
   9.06850   1.11976    9.8498229199E-01
   9.04745   1.27873    9.8041525627E-01
   9.02362   1.43732    9.7525635117E-01
   8.99701   1.59546    9.6951193245E-01
   8.96762   1.75311    9.6318907718E-01
   8.93547   1.91022    9.5629557511E-01
   8.90057   2.06675    9.4883991899E-01
   8.86293   2.22263    9.4083129416E-01
   8.82256   2.37783    9.3227956721E-01
   8.77947   2.53230    9.2319527383E-01
   8.73367   2.68599    9.1358960582E-01
   8.68519   2.83885    9.0347439733E-01
   8.63403   2.99084    8.9286211024E-01
   8.58021   3.14190    8.8176581883E-01
   8.52375   3.29200    8.7019919371E-01
   8.46466   3.44109    8.5817648488E-01
   8.40297   3.58911    8.4571250427E-01
   8.33869   3.73603    8.3282260745E-01
   8.27184   3.88180    8.1952267472E-01
   8.20244   4.02637    8.0582909152E-01
   8.13051   4.16970    7.9175872829E-01
   8.05608   4.31175    7.7732891966E-01
   7.97917   4.45247    7.6255744307E-01
   7.89980   4.59181    7.4746249693E-01
   7.81800   4.72975    7.3206267813E-01
   7.73379   4.86622    7.1637695918E-01
   7.64719   5.00120    7.0042466481E-01
   7.55825   5.13464    6.8422544818E-01
   7.46697   5.26650    6.6779926665E-01
   7.37339   5.39673    6.5116635720E-01
   7.27755   5.52530    6.3434721149E-01
   7.17946   5.65217    6.1736255064E-01
   7.07916   5.77730    6.0023329966E-01
   6.97667   5.90065    5.8298056172E-01
   6.87204   6.02218    5.6562559212E-01
   6.76530   6.14185    5.4818977208E-01
   6.65647   6.25964    5.3069458247E-01
   6.54558   6.37549    5.1316157728E-01
   6.43269   6.48939    4.9561235708E-01
   6.31781   6.60128    4.7806854244E-01
   6.20098   6.71114    4.6055174725E-01
   6.08225   6.81893    4.4308355213E-01
   5.96164   6.92463    4.2568547781E-01
   5.83920   7.02819    4.0837895863E-01
   5.71495   7.12958    3.9118531616E-01
   5.58895   7.22878    3.7412573288E-01
   5.46122   7.32575    3.5722122611E-01
   5.33182   7.42047    3.4049262214E-01
   5.20077   7.51290    3.2396053052E-01
   5.06812   7.60301    3.0764531871E-01
   4.93390   7.69079    2.9156708699E-01
   4.79817   7.77619    2.7574564365E-01
   4.66096   7.85920    2.6020048064E-01
   4.52231   7.93979    2.4495074954E-01
   4.38228   8.01793    2.3001523794E-01
   4.24089   8.09361    2.1541234632E-01
   4.09819   8.16679    2.0116006537E-01
   3.95423   8.23745    1.8727595385E-01
   3.80906   8.30558    1.7377711691E-01
   3.66271   8.37115    1.6068018506E-01
   3.51523   8.43414    1.4800129365E-01
   3.36667   8.49453    1.3575606303E-01
   3.21708   8.55231    1.2395957926E-01
   3.06649   8.60745    1.1262637556E-01
   2.91496   8.65994    1.0177041437E-01
   2.76253   8.70977    9.1405070194E-02
   2.60925   8.75691    8.1543113090E-02
   2.45516   8.80135    7.2196692940E-02
   2.30032   8.84308    6.3377324492E-02
   2.14477   8.88209    5.5095873167E-02
   1.98856   8.91836    4.7362541675E-02
   1.83174   8.95189    4.0186857444E-02
   1.67435   8.98266    3.3577660884E-02
   1.51645   9.01066    2.7543094495E-02
   1.35808   9.03589    2.2090592836E-02
   1.19929   9.05833    1.7226873362E-02
   1.04013   9.07798    1.2957928154E-02
   0.88066   9.09484    9.2890165331E-03
   0.72091   9.10889    6.2246585807E-03
   0.56094   9.12014    3.7686295721E-03
   0.40079   9.12858    1.9239553236E-03
   0.24052   9.13421    6.9290846547E-04
   0.08018   9.13702    7.7005641668E-05
  -0.08018   9.13702    7.7005641668E-05
  -0.24052   9.13421    6.9290846547E-04
  -0.40079   9.12858    1.9239553236E-03
  -0.56094   9.12014    3.7686295721E-03
  -0.72091   9.10889    6.2246585807E-03
  -0.88066   9.09484    9.2890165331E-03
  -1.04013   9.07798    1.2957928154E-02
  -1.19929   9.05833    1.7226873362E-02
  -1.35808   9.03589    2.2090592836E-02
  -1.51645   9.01066    2.7543094495E-02
  -1.67435   8.98266    3.3577660884E-02
  -1.83174   8.95189    4.0186857444E-02
  -1.98856   8.91836    4.7362541675E-02
  -2.14477   8.88209    5.5095873167E-02
  -2.30032   8.84308    6.3377324492E-02
  -2.45516   8.80135    7.2196692940E-02
  -2.60925   8.75691    8.1543113090E-02
  -2.76253   8.70977    9.1405070194E-02
  -2.91496   8.65994    1.0177041437E-01
  -3.06649   8.60745    1.1262637556E-01
  -3.21708   8.55231    1.2395957926E-01
  -3.36667   8.49453    1.3575606303E-01
  -3.51523   8.43414    1.4800129365E-01
  -3.66271   8.37115    1.6068018506E-01
  -3.80906   8.30558    1.7377711691E-01
  -3.95423   8.23745    1.8727595385E-01
  -4.09819   8.16679    2.0116006537E-01
  -4.24089   8.09361    2.1541234632E-01
  -4.38228   8.01793    2.3001523794E-01
  -4.52231   7.93979    2.4495074954E-01
  -4.66096   7.85920    2.6020048064E-01
  -4.79817   7.77619    2.7574564365E-01
  -4.93390   7.69079    2.9156708699E-01
  -5.06812   7.60301    3.0764531871E-01
  -5.20077   7.51290    3.2396053052E-01
  -5.33182   7.42047    3.4049262214E-01
  -5.46122   7.32575    3.5722122611E-01
  -5.58895   7.22878    3.7412573288E-01
  -5.71495   7.12958    3.9118531616E-01
  -5.83920   7.02819    4.0837895863E-01
  -5.96164   6.92463    4.2568547781E-01
  -6.08225   6.81893    4.4308355213E-01
  -6.20098   6.71114    4.6055174725E-01
  -6.31781   6.60128    4.7806854244E-01
  -6.43269   6.48939    4.9561235708E-01
  -6.54558   6.37549    5.1316157728E-01
  -6.65647   6.25964    5.3069458247E-01
  -6.76530   6.14185    5.4818977208E-01
  -6.87204   6.02218    5.6562559212E-01
  -6.97667   5.90065    5.8298056172E-01
  -7.07916   5.77730    6.0023329966E-01
  -7.17946   5.65217    6.1736255064E-01
  -7.27755   5.52530    6.3434721149E-01
  -7.37339   5.39673    6.5116635720E-01
  -7.46697   5.26650    6.6779926665E-01
  -7.55825   5.13464    6.8422544818E-01
  -7.64719   5.00120    7.0042466481E-01
  -7.73379   4.86622    7.1637695918E-01
  -7.81800   4.72975    7.3206267813E-01
  -7.89980   4.59181    7.4746249693E-01
  -7.97917   4.45247    7.6255744307E-01
  -8.05608   4.31175    7.7732891966E-01
  -8.13051   4.16970    7.9175872829E-01
  -8.20244   4.02637    8.0582909152E-01
  -8.27184   3.88180    8.1952267472E-01
  -8.33869   3.73603    8.3282260745E-01
  -8.40297   3.58911    8.4571250427E-01
  -8.46466   3.44109    8.5817648488E-01
  -8.52375   3.29200    8.7019919371E-01
  -8.58021   3.14190    8.8176581883E-01
  -8.63403   2.99084    8.9286211024E-01
  -8.68519   2.83885    9.0347439733E-01
  -8.73367   2.68599    9.1358960582E-01
  -8.77947   2.53230    9.2319527383E-01
  -8.82256   2.37783    9.3227956721E-01
  -8.86293   2.22263    9.4083129416E-01
  -8.90057   2.06675    9.4883991899E-01
  -8.93547   1.91022    9.5629557511E-01
  -8.96762   1.75311    9.6318907718E-01
  -8.99701   1.59546    9.6951193245E-01
  -9.02362   1.43732    9.7525635117E-01
  -9.04745   1.27873    9.8041525627E-01
  -9.06850   1.11976    9.8498229199E-01
  -9.08676   0.96043    9.8895183176E-01
  -9.10221   0.80081    9.9231898512E-01
  -9.11487   0.64095    9.9507960377E-01
  -9.12471   0.48088    9.9723028663E-01
  -9.13175   0.32067    9.9876838406E-01
  -9.13597   0.16036    9.9969200115E-01
  -9.13737   0.00000    1.0000000000E+00

   9.20000   0.00000********************
   9.19858   0.16146    9.9969200115E-01
   9.19433   0.32287    9.9876838406E-01
   9.18725   0.48418    9.9723028663E-01
   9.17734   0.64534    9.9507960377E-01
   9.16460   0.80630    9.9231898512E-01
   9.14904   0.96701    9.8895183176E-01
   9.13066   1.12743    9.8498229199E-01
   9.10946   1.28750    9.8041525627E-01
   9.08547   1.44717    9.7525635117E-01
   9.05867   1.60640    9.6951193245E-01
   9.02908   1.76513    9.6318907718E-01
   8.99671   1.92332    9.5629557511E-01
   8.96157   2.08091    9.4883991899E-01
   8.92367   2.23786    9.4083129416E-01
   8.88303   2.39413    9.3227956721E-01
   8.83964   2.54966    9.2319527383E-01
   8.79353   2.70440    9.1358960582E-01
   8.74472   2.85831    9.0347439733E-01
   8.69321   3.01134    8.9286211024E-01
   8.63902   3.16344    8.8176581883E-01
   8.58217   3.31456    8.7019919371E-01
   8.52268   3.46467    8.5817648488E-01
   8.46056   3.61371    8.4571250427E-01
   8.39584   3.76163    8.3282260745E-01
   8.32853   3.90840    8.1952267472E-01
   8.25865   4.05396    8.0582909152E-01
   8.18624   4.19828    7.9175872829E-01
   8.11130   4.34130    7.7732891966E-01
   8.03386   4.48298    7.6255744307E-01
   7.95394   4.62329    7.4746249693E-01
   7.87158   4.76216    7.3206267813E-01
   7.78679   4.89958    7.1637695918E-01
   7.69961   5.03548    7.0042466481E-01
   7.61005   5.16983    6.8422544818E-01
   7.51815   5.30259    6.6779926665E-01
   7.42393   5.43372    6.5116635720E-01
   7.32742   5.56317    6.3434721149E-01
   7.22866   5.69091    6.1736255064E-01
   7.12767   5.81689    6.0023329966E-01
   7.02449   5.94109    5.8298056172E-01
   6.91914   6.06345    5.6562559212E-01
   6.81167   6.18395    5.4818977208E-01
   6.70209   6.30254    5.3069458247E-01
   6.59045   6.41919    5.1316157728E-01
   6.47678   6.53386    4.9561235708E-01
   6.36111   6.64652    4.7806854244E-01
   6.24348   6.75714    4.6055174725E-01
   6.12394   6.86567    4.4308355213E-01
   6.00250   6.97209    4.2568547781E-01
   5.87922   7.07636    4.0837895863E-01
   5.75412   7.17845    3.9118531616E-01
   5.62726   7.27832    3.7412573288E-01
   5.49865   7.37596    3.5722122611E-01
   5.36836   7.47133    3.4049262214E-01
   5.23641   7.56439    3.2396053052E-01
   5.10285   7.65512    3.0764531871E-01
   4.96772   7.74350    2.9156708699E-01
   4.83106   7.82949    2.7574564365E-01
   4.69291   7.91307    2.6020048064E-01
   4.55331   7.99421    2.4495074954E-01
   4.41231   8.07289    2.3001523794E-01
   4.26995   8.14908    2.1541234632E-01
   4.12628   8.22276    2.0116006537E-01
   3.98134   8.29391    1.8727595385E-01
   3.83517   8.36251    1.7377711691E-01
   3.68781   8.42852    1.6068018506E-01
   3.53933   8.49195    1.4800129365E-01
   3.38975   8.55275    1.3575606303E-01
   3.23913   8.61093    1.2395957926E-01
   3.08751   8.66645    1.1262637556E-01
   2.93494   8.71930    1.0177041437E-01
   2.78146   8.76946    9.1405070194E-02
   2.62713   8.81693    8.1543113090E-02
   2.47199   8.86167    7.2196692940E-02
   2.31609   8.90369    6.3377324492E-02
   2.15947   8.94297    5.5095873167E-02
   2.00219   8.97949    4.7362541675E-02
   1.84429   9.01324    4.0186857444E-02
   1.68583   9.04422    3.3577660884E-02
   1.52684   9.07242    2.7543094495E-02
   1.36739   9.09782    2.2090592836E-02
   1.20751   9.12041    1.7226873362E-02
   1.04726   9.14020    1.2957928154E-02
   0.88669   9.15717    9.2890165331E-03
   0.72585   9.17132    6.2246585807E-03
   0.56478   9.18265    3.7686295721E-03
   0.40354   9.19115    1.9239553236E-03
   0.24217   9.19681    6.9290846547E-04
   0.08073   9.19965    7.7005641668E-05
  -0.08073   9.19965    7.7005641668E-05
  -0.24217   9.19681    6.9290846547E-04
  -0.40354   9.19115    1.9239553236E-03
  -0.56478   9.18265    3.7686295721E-03
  -0.72585   9.17132    6.2246585807E-03
  -0.88669   9.15717    9.2890165331E-03
  -1.04726   9.14020    1.2957928154E-02
  -1.20751   9.12041    1.7226873362E-02
  -1.36739   9.09782    2.2090592836E-02
  -1.52684   9.07242    2.7543094495E-02
  -1.68583   9.04422    3.3577660884E-02
  -1.84429   9.01324    4.0186857444E-02
  -2.00219   8.97949    4.7362541675E-02
  -2.15947   8.94297    5.5095873167E-02
  -2.31609   8.90369    6.3377324492E-02
  -2.47199   8.86167    7.2196692940E-02
  -2.62713   8.81693    8.1543113090E-02
  -2.78146   8.76946    9.1405070194E-02
  -2.93494   8.71930    1.0177041437E-01
  -3.08751   8.66645    1.1262637556E-01
  -3.23913   8.61093    1.2395957926E-01
  -3.38975   8.55275    1.3575606303E-01
  -3.53933   8.49195    1.4800129365E-01
  -3.68781   8.42852    1.6068018506E-01
  -3.83517   8.36251    1.7377711691E-01
  -3.98134   8.29391    1.8727595385E-01
  -4.12628   8.22276    2.0116006537E-01
  -4.26995   8.14908    2.1541234632E-01
  -4.41231   8.07289    2.3001523794E-01
  -4.55331   7.99421    2.4495074954E-01
  -4.69291   7.91307    2.6020048064E-01
  -4.83106   7.82949    2.7574564365E-01
  -4.96772   7.74350    2.9156708699E-01
  -5.10285   7.65512    3.0764531871E-01
  -5.23641   7.56439    3.2396053052E-01
  -5.36836   7.47133    3.4049262214E-01
  -5.49865   7.37596    3.5722122611E-01
  -5.62726   7.27832    3.7412573288E-01
  -5.75412   7.17845    3.9118531616E-01
  -5.87922   7.07636    4.0837895863E-01
  -6.00250   6.97209    4.2568547781E-01
  -6.12394   6.86567    4.4308355213E-01
  -6.24348   6.75714    4.6055174725E-01
  -6.36111   6.64652    4.7806854244E-01
  -6.47678   6.53386    4.9561235708E-01
  -6.59045   6.41919    5.1316157728E-01
  -6.70209   6.30254    5.3069458247E-01
  -6.81167   6.18395    5.4818977208E-01
  -6.91914   6.06345    5.6562559212E-01
  -7.02449   5.94109    5.8298056172E-01
  -7.12767   5.81689    6.0023329966E-01
  -7.22866   5.69091    6.1736255064E-01
  -7.32742   5.56317    6.3434721149E-01
  -7.42393   5.43372    6.5116635720E-01
  -7.51815   5.30259    6.6779926665E-01
  -7.61005   5.16983    6.8422544818E-01
  -7.69961   5.03548    7.0042466481E-01
  -7.78679   4.89958    7.1637695918E-01
  -7.87158   4.76216    7.3206267813E-01
  -7.95394   4.62329    7.4746249693E-01
  -8.03386   4.48298    7.6255744307E-01
  -8.11130   4.34130    7.7732891966E-01
  -8.18624   4.19828    7.9175872829E-01
  -8.25865   4.05396    8.0582909152E-01
  -8.32853   3.90840    8.1952267472E-01
  -8.39584   3.76163    8.3282260745E-01
  -8.46056   3.61371    8.4571250427E-01
  -8.52268   3.46467    8.5817648488E-01
  -8.58217   3.31456    8.7019919371E-01
  -8.63902   3.16344    8.8176581883E-01
  -8.69321   3.01134    8.9286211024E-01
  -8.74472   2.85831    9.0347439733E-01
  -8.79353   2.70440    9.1358960582E-01
  -8.83964   2.54966    9.2319527383E-01
  -8.88303   2.39413    9.3227956721E-01
  -8.92367   2.23786    9.4083129416E-01
  -8.96157   2.08091    9.4883991899E-01
  -8.99671   1.92332    9.5629557511E-01
  -9.02908   1.76513    9.6318907718E-01
  -9.05867   1.60640    9.6951193245E-01
  -9.08547   1.44717    9.7525635117E-01
  -9.10946   1.28750    9.8041525627E-01
  -9.13066   1.12743    9.8498229199E-01
  -9.14904   0.96701    9.8895183176E-01
  -9.16460   0.80630    9.9231898512E-01
  -9.17734   0.64534    9.9507960377E-01
  -9.18725   0.48418    9.9723028663E-01
  -9.19433   0.32287    9.9876838406E-01
  -9.19858   0.16146    9.9969200115E-01
  -9.20000   0.00000    1.0000000000E+00

