# r, u_l, exp(u_l)  X-he4  l=         4
   0.00100   -2.0000000000E+02    1.3838965267E-87
   0.10105   -2.0000000000E+02    1.3838965267E-87
   0.20110   -2.0000000000E+02    1.3838965267E-87
   0.30115   -2.0000000000E+02    1.3838965267E-87
   0.40120   -2.0000000000E+02    1.3838965267E-87
   0.50125   -3.2819129194E+01    5.5825585954E-15
   0.60130   -4.4599174931E+00    1.1563317302E-02
   0.70135   -8.7260810219E-01    4.1786030445E-01
   0.80140   -2.5685942787E-01    7.7347693543E-01
   0.90145   -1.2602358599E-01    8.8159405327E-01
   1.00150   -9.4406152420E-02    9.0991312376E-01
   1.10155   -8.6864297190E-02    9.1680149973E-01
   1.20160   -8.5945723910E-02    9.1764403600E-01
   1.30165   -8.6995842062E-02    9.1668090713E-01
   1.40170   -8.8631099618E-02    9.1518312271E-01
   1.50175   -9.0405900704E-02    9.1356029524E-01
   1.60180   -9.2169962505E-02    9.1195013904E-01
   1.70185   -9.3873129724E-02    9.1039825739E-01
   1.80190   -9.5501058886E-02    9.0891739921E-01
   1.90195   -9.7052555171E-02    9.0750831063E-01
   2.00200   -9.8531154156E-02    9.0616746129E-01
   2.10205   -9.9941880099E-02    9.0489000863E-01
   2.20210   -1.0128998167E-01    9.0367094687E-01
   2.30215   -1.0258045261E-01    9.0250553791E-01
   2.40220   -1.0381787146E-01    9.0138945122E-01
   2.50225   -1.0500637148E-01    9.0031878621E-01
   2.60230   -1.0614966178E-01    8.9929004866E-01
   2.70235   -1.0725106634E-01    8.9830011176E-01
   2.80240   -1.0831356679E-01    8.9734617436E-01
   2.90245   -1.0933984321E-01    8.9642572153E-01
   3.00250   -1.1033231100E-01    8.9553648922E-01
   3.10255   -1.1129315319E-01    8.9467643323E-01
   3.20260   -1.1222434860E-01    8.9384370242E-01
   3.30265   -1.1312769607E-01    8.9303661557E-01
   3.40270   -1.1400483538E-01    8.9225364148E-01
   3.50275   -1.1485726539E-01    8.9149338179E-01
   3.60280   -1.1568635960E-01    8.9075455610E-01
   3.70285   -1.1649337975E-01    8.9003598922E-01
   3.80290   -1.1727948758E-01    8.8933659989E-01
   3.90295   -1.1804575515E-01    8.8865539112E-01
   4.00300   -1.1879317381E-01    8.8799144166E-01
   4.10305   -1.1952266213E-01    8.8734389849E-01
   4.20310   -1.2023507285E-01    8.8671197030E-01
   4.30315   -1.2093119904E-01    8.8609492168E-01
   4.40320   -1.2161177953E-01    8.8549206793E-01
   4.50325   -1.2227750378E-01    8.8490277057E-01
   4.60330   -1.2292901617E-01    8.8432643321E-01
   4.70335   -1.2356691987E-01    8.8376249799E-01
   4.80340   -1.2419178027E-01    8.8321044230E-01
   4.90345   -1.2480412810E-01    8.8266977586E-01
   5.00350   -1.2540446216E-01    8.8214003815E-01
   5.10355   -1.2599325193E-01    8.8162079601E-01
   5.20360   -1.2657093972E-01    8.8111164152E-01
   5.30365   -1.2713794280E-01    8.8061219010E-01
   5.40370   -1.2769465526E-01    8.8012207876E-01
   5.50375   -1.2824144967E-01    8.7964096448E-01
   5.60380   -1.2877867862E-01    8.7916852281E-01
   5.70385   -1.2930667615E-01    8.7870444652E-01
   5.80390   -1.2982575903E-01    8.7824844445E-01
   5.90395   -1.3033622792E-01    8.7780024035E-01
   6.00400   -1.3083836844E-01    8.7735957192E-01
   6.10405   -1.3133245219E-01    8.7692618989E-01
   6.20410   -1.3181873763E-01    8.7649985713E-01
   6.30415   -1.3229747089E-01    8.7608034791E-01
   6.40420   -1.3276888663E-01    8.7566744718E-01
   6.50425   -1.3323320864E-01    8.7526094989E-01
   6.60430   -1.3369065058E-01    8.7486066038E-01
   6.70435   -1.3414141655E-01    8.7446639184E-01
   6.80440   -1.3458570163E-01    8.7407796576E-01
   6.90445   -1.3502369248E-01    8.7369521144E-01
   7.00450   -1.3545556773E-01    8.7331796557E-01
   7.10455   -1.3588149850E-01    8.7294607178E-01
   7.20460   -1.3630164879E-01    8.7257938027E-01
   7.30465   -1.3671617586E-01    8.7221774746E-01
   7.40470   -1.3712523062E-01    8.7186103560E-01
   7.50475   -1.3752895795E-01    8.7150911251E-01
   7.60480   -1.3792749704E-01    8.7116185127E-01
   7.70485   -1.3832098165E-01    8.7081912992E-01
   7.80490   -1.3870954041E-01    8.7048083125E-01
   7.90495   -1.3909329709E-01    8.7014684250E-01
   8.00500   -1.3947237082E-01    8.6981705520E-01
   8.10505   -1.3984687634E-01    8.6949136490E-01
   8.20510   -1.4021692420E-01    8.6916967101E-01
   8.30515   -1.4058262095E-01    8.6885187660E-01
   8.40520   -1.4094406937E-01    8.6853788821E-01
   8.50525   -1.4130136861E-01    8.6822761572E-01
   8.60530   -1.4165461438E-01    8.6792097215E-01
   8.70535   -1.4200389908E-01    8.6761787356E-01
   8.80540   -1.4234931201E-01    8.6731823889E-01
   8.90545   -1.4269093942E-01    8.6702198981E-01
   9.00550   -1.4302886474E-01    8.6672905063E-01
   9.10555   -1.4336316863E-01    8.6643934816E-01
   9.20560   -1.4369392914E-01    8.6615281163E-01
   9.30565   -1.4402122181E-01    8.6586937255E-01
   9.40570   -1.4434511978E-01    8.6558896463E-01
   9.50575   -1.4466569389E-01    8.6531152369E-01
   9.60580   -1.4498301276E-01    8.6503698758E-01
   9.70585   -1.4529714292E-01    8.6476529604E-01
   9.80590   -1.4560814886E-01    8.6449639072E-01
   9.90595   -1.4591609311E-01    8.6423021501E-01
  10.00600   -1.4622103636E-01    8.6396671402E-01
  10.10605   -1.4652303747E-01    8.6370583451E-01
  10.20610   -1.4682215362E-01    8.6344752478E-01
  10.30615   -1.4711844028E-01    8.6319173469E-01
  10.40620   -1.4741195138E-01    8.6293841552E-01
  10.50625   -1.4770273927E-01    8.6268751995E-01
  10.60630   -1.4799085485E-01    8.6243900204E-01
  10.70635   -1.4827634760E-01    8.6219281710E-01
  10.80640   -1.4855926561E-01    8.6194892173E-01
  10.90645   -1.4883965568E-01    8.6170727369E-01
  11.00650   -1.4911756333E-01    8.6146783192E-01
  11.10655   -1.4939303285E-01    8.6123055647E-01
  11.20660   -1.4966610734E-01    8.6099540849E-01
  11.30665   -1.4993682878E-01    8.6076235011E-01
  11.40670   -1.5020523805E-01    8.6053134452E-01
  11.50675   -1.5047137496E-01    8.6030235585E-01
  11.60680   -1.5073527829E-01    8.6007534914E-01
  11.70685   -1.5099698584E-01    8.5985029038E-01
  11.80690   -1.5125653446E-01    8.5962714638E-01
  11.90695   -1.5151396006E-01    8.5940588483E-01
  12.00700   -1.5176929767E-01    8.5918647420E-01
  12.10705   -1.5202258145E-01    8.5896888376E-01
  12.20710   -1.5227384471E-01    8.5875308355E-01
  12.30715   -1.5252311998E-01    8.5853904432E-01
  12.40720   -1.5277043899E-01    8.5832673755E-01
  12.50725   -1.5301583272E-01    8.5811613539E-01
  12.60730   -1.5325933141E-01    8.5790721068E-01
  12.70735   -1.5350096458E-01    8.5769993688E-01
  12.80740   -1.5374076109E-01    8.5749428809E-01
  12.90745   -1.5397874910E-01    8.5729023901E-01
  13.00750   -1.5421495615E-01    8.5708776492E-01
  13.10755   -1.5444940914E-01    8.5688684169E-01
  13.20760   -1.5468213437E-01    8.5668744571E-01
  13.30765   -1.5491315753E-01    8.5648955393E-01
  13.40770   -1.5514250376E-01    8.5629314380E-01
  13.50775   -1.5537019763E-01    8.5609819329E-01
  13.60780   -1.5559626319E-01    8.5590468085E-01
  13.70785   -1.5582072395E-01    8.5571258540E-01
  13.80790   -1.5604360290E-01    8.5552188632E-01
  13.90795   -1.5626492258E-01    8.5533256345E-01
  14.00800   -1.5648470500E-01    8.5514459704E-01
  14.10805   -1.5670297173E-01    8.5495796779E-01
  14.20810   -1.5691974389E-01    8.5477265679E-01
  14.30815   -1.5713504215E-01    8.5458864554E-01
  14.40820   -1.5734888676E-01    8.5440591590E-01
  14.50825   -1.5756129754E-01    8.5422445015E-01
  14.60830   -1.5777229391E-01    8.5404423090E-01
  14.70835   -1.5798189491E-01    8.5386524113E-01
  14.80840   -1.5819011918E-01    8.5368746418E-01
  14.90845   -1.5839698500E-01    8.5351088369E-01
  15.00850   -1.5860251027E-01    8.5333548365E-01
  15.10855   -1.5880671255E-01    8.5316124839E-01
  15.20860   -1.5900960906E-01    8.5298816252E-01
  15.30865   -1.5921121666E-01    8.5281621096E-01
  15.40870   -1.5941155190E-01    8.5264537892E-01
  15.50875   -1.5961063102E-01    8.5247565192E-01
  15.60880   -1.5980846995E-01    8.5230701574E-01
  15.70885   -1.6000508428E-01    8.5213945644E-01
  15.80890   -1.6020048936E-01    8.5197296033E-01
  15.90895   -1.6039470022E-01    8.5180751400E-01
  16.00900   -1.6058773161E-01    8.5164310428E-01
  16.10905   -1.6077959801E-01    8.5147971825E-01
  16.20910   -1.6097031364E-01    8.5131734324E-01
  16.30915   -1.6115989247E-01    8.5115596680E-01
  16.40920   -1.6134834818E-01    8.5099557671E-01
  16.50925   -1.6153569424E-01    8.5083616097E-01
  16.60930   -1.6172194387E-01    8.5067770781E-01
  16.70935   -1.6190711003E-01    8.5052020567E-01
  16.80940   -1.6209120547E-01    8.5036364319E-01
  16.90945   -1.6227424273E-01    8.5020800920E-01
  17.00950   -1.6245623409E-01    8.5005329277E-01
  17.10955   -1.6263719166E-01    8.4989948311E-01
  17.20960   -1.6281712730E-01    8.4974656966E-01
  17.30965   -1.6299605270E-01    8.4959454201E-01
  17.40970   -1.6317397933E-01    8.4944338997E-01
  17.50975   -1.6335091846E-01    8.4929310349E-01
  17.60980   -1.6352688119E-01    8.4914367270E-01
  17.70985   -1.6370187842E-01    8.4899508792E-01
  17.80990   -1.6387592086E-01    8.4884733959E-01
  17.90995   -1.6404901906E-01    8.4870041836E-01
  18.01001   -1.6422118339E-01    8.4855431500E-01
  18.11006   -1.6439242403E-01    8.4840902046E-01
  18.21011   -1.6456275102E-01    8.4826452581E-01
  18.31016   -1.6473217422E-01    8.4812082229E-01
  18.41021   -1.6490070334E-01    8.4797790128E-01
  18.51026   -1.6506834793E-01    8.4783575429E-01
  18.61031   -1.6523511738E-01    8.4769437298E-01
  18.71036   -1.6540102094E-01    8.4755374913E-01
  18.81041   -1.6556606771E-01    8.4741387467E-01
  18.91046   -1.6573026664E-01    8.4727474163E-01
  19.01051   -1.6589362656E-01    8.4713634221E-01
  19.11056   -1.6605615613E-01    8.4699866868E-01
  19.21061   -1.6621786391E-01    8.4686171348E-01
  19.31066   -1.6637875831E-01    8.4672546914E-01
  19.41071   -1.6653884760E-01    8.4658992831E-01
  19.51076   -1.6669813995E-01    8.4645508375E-01
  19.61081   -1.6685664339E-01    8.4632092834E-01
  19.71086   -1.6701436583E-01    8.4618745507E-01
  19.81091   -1.6717131505E-01    8.4605465702E-01
  19.91096   -1.6732749874E-01    8.4592252740E-01
  20.01101   -1.6748292446E-01    8.4579105950E-01
  20.11106   -1.6763759965E-01    8.4566024673E-01
  20.21111   -1.6779153166E-01    8.4553008257E-01
  20.31116   -1.6794472771E-01    8.4540056062E-01
  20.41121   -1.6809719493E-01    8.4527167457E-01
  20.51126   -1.6824894034E-01    8.4514341820E-01
  20.61131   -1.6839997087E-01    8.4501578539E-01
  20.71136   -1.6855029333E-01    8.4488877008E-01
  20.81141   -1.6869991444E-01    8.4476236634E-01
  20.91146   -1.6884884085E-01    8.4463656829E-01
  21.01151   -1.6899707907E-01    8.4451137014E-01
  21.11156   -1.6914463555E-01    8.4438676621E-01
  21.21161   -1.6929151664E-01    8.4426275087E-01
  21.31166   -1.6943772861E-01    8.4413931858E-01
  21.41171   -1.6958327762E-01    8.4401646387E-01
  21.51176   -1.6972816977E-01    8.4389418137E-01
  21.61181   -1.6987241106E-01    8.4377246577E-01
  21.71186   -1.7001600741E-01    8.4365131181E-01
  21.81191   -1.7015896468E-01    8.4353071435E-01
  21.91196   -1.7030128861E-01    8.4341066828E-01
  22.01201   -1.7044298490E-01    8.4329116859E-01
  22.11206   -1.7058405915E-01    8.4317221031E-01
  22.21211   -1.7072451689E-01    8.4305378856E-01
  22.31216   -1.7086436359E-01    8.4293589852E-01
  22.41221   -1.7100360463E-01    8.4281853542E-01
  22.51226   -1.7114224533E-01    8.4270169457E-01
  22.61231   -1.7128029092E-01    8.4258537134E-01
  22.71236   -1.7141774659E-01    8.4246956116E-01
  22.81241   -1.7155461745E-01    8.4235425952E-01
  22.91246   -1.7169090853E-01    8.4223946197E-01
  23.01251   -1.7182662482E-01    8.4212516411E-01
  23.11256   -1.7196177123E-01    8.4201136162E-01
  23.21261   -1.7209635260E-01    8.4189805020E-01
  23.31266   -1.7223037372E-01    8.4178522563E-01
  23.41271   -1.7236383933E-01    8.4167288375E-01
  23.51276   -1.7249675409E-01    8.4156102044E-01
  23.61281   -1.7262912260E-01    8.4144963164E-01
  23.71286   -1.7276094941E-01    8.4133871332E-01
  23.81291   -1.7289223903E-01    8.4122826153E-01
  23.91296   -1.7302299588E-01    8.4111827236E-01
  24.01301   -1.7315322436E-01    8.4100874195E-01
  24.11306   -1.7328292878E-01    8.4089966647E-01
  24.21311   -1.7341211342E-01    8.4079104217E-01
  24.31316   -1.7354078250E-01    8.4068286531E-01
  24.41321   -1.7366894020E-01    8.4057513223E-01
  24.51326   -1.7379659064E-01    8.4046783930E-01
  24.61331   -1.7392373788E-01    8.4036098293E-01
  24.71336   -1.7405038595E-01    8.4025455957E-01
  24.81341   -1.7417653882E-01    8.4014856573E-01
  24.91346   -1.7430220041E-01    8.4004299796E-01
  25.01351   -1.7442737461E-01    8.3993785283E-01
  25.11356   -1.7455206525E-01    8.3983312697E-01
  25.21361   -1.7467627611E-01    8.3972881706E-01
  25.31366   -1.7480001094E-01    8.3962491978E-01
  25.41371   -1.7492327343E-01    8.3952143190E-01
  25.51376   -1.7504606725E-01    8.3941835018E-01
  25.61381   -1.7516839600E-01    8.3931567146E-01
  25.71386   -1.7529026327E-01    8.3921339259E-01
  25.81391   -1.7541167257E-01    8.3911151047E-01
  25.91396   -1.7553262740E-01    8.3901002201E-01
  26.01401   -1.7565313120E-01    8.3890892420E-01
  26.11406   -1.7577318740E-01    8.3880821404E-01
  26.21411   -1.7589279935E-01    8.3870788855E-01
  26.31416   -1.7601197040E-01    8.3860794480E-01
  26.41421   -1.7613070384E-01    8.3850837991E-01
  26.51426   -1.7624900292E-01    8.3840919100E-01
  26.61431   -1.7636687088E-01    8.3831037525E-01
  26.71436   -1.7648431089E-01    8.3821192985E-01
  26.81441   -1.7660132612E-01    8.3811385203E-01
  26.91446   -1.7671791967E-01    8.3801613906E-01
  27.01451   -1.7683409462E-01    8.3791878823E-01
  27.11456   -1.7694985403E-01    8.3782179685E-01
  27.21461   -1.7706520091E-01    8.3772516230E-01
  27.31466   -1.7718013825E-01    8.3762888193E-01
  27.41471   -1.7729466898E-01    8.3753295318E-01
  27.51476   -1.7740879603E-01    8.3743737346E-01
  27.61481   -1.7752252229E-01    8.3734214026E-01
  27.71486   -1.7763585061E-01    8.3724725106E-01
  27.81491   -1.7774878381E-01    8.3715270339E-01
  27.91496   -1.7786132469E-01    8.3705849479E-01
  28.01501   -1.7797347602E-01    8.3696462283E-01
  28.11506   -1.7808524052E-01    8.3687108512E-01
  28.21511   -1.7819662091E-01    8.3677787928E-01
  28.31516   -1.7830761987E-01    8.3668500297E-01
  28.41521   -1.7841824004E-01    8.3659245385E-01
  28.51526   -1.7852848405E-01    8.3650022963E-01
  28.61531   -1.7863835448E-01    8.3640832803E-01
  28.71536   -1.7874785392E-01    8.3631674680E-01
  28.81541   -1.7885698490E-01    8.3622548372E-01
  28.91546   -1.7896574993E-01    8.3613453657E-01
  29.01551   -1.7907415152E-01    8.3604390317E-01
  29.11556   -1.7918219211E-01    8.3595358137E-01
  29.21561   -1.7928987415E-01    8.3586356903E-01
  29.31566   -1.7939720006E-01    8.3577386403E-01
  29.41571   -1.7950417222E-01    8.3568446427E-01
  29.51576   -1.7961079300E-01    8.3559536769E-01
  29.61581   -1.7971706475E-01    8.3550657223E-01
  29.71586   -1.7982298977E-01    8.3541807587E-01
  29.81591   -1.7992857037E-01    8.3532987658E-01
  29.91596   -1.8003380882E-01    8.3524197239E-01
  30.01601   -1.8013870737E-01    8.3515436131E-01
  30.11606   -1.8024326824E-01    8.3506704141E-01
  30.21611   -1.8034749364E-01    8.3498001075E-01
  30.31616   -1.8045138577E-01    8.3489326741E-01
  30.41621   -1.8055494677E-01    8.3480680950E-01
  30.51626   -1.8065817879E-01    8.3472063516E-01
  30.61631   -1.8076108395E-01    8.3463474251E-01
  30.71636   -1.8086366435E-01    8.3454912974E-01
  30.81641   -1.8096592208E-01    8.3446379500E-01
  30.91646   -1.8106785918E-01    8.3437873652E-01
  31.01651   -1.8116947771E-01    8.3429395248E-01
  31.11656   -1.8127077968E-01    8.3420944114E-01
  31.21661   -1.8137176710E-01    8.3412520074E-01
  31.31666   -1.8147244194E-01    8.3404122954E-01
  31.41671   -1.8157280617E-01    8.3395752584E-01
  31.51676   -1.8167286174E-01    8.3387408792E-01
  31.61681   -1.8177261057E-01    8.3379091410E-01
  31.71686   -1.8187205457E-01    8.3370800272E-01
  31.81691   -1.8197119563E-01    8.3362535212E-01
  31.91696   -1.8207003563E-01    8.3354296067E-01
  32.01701   -1.8216857641E-01    8.3346082674E-01
  32.11706   -1.8226681982E-01    8.3337894872E-01
  32.21711   -1.8236476769E-01    8.3329732503E-01
  32.31716   -1.8246242181E-01    8.3321595409E-01
  32.41721   -1.8255978397E-01    8.3313483433E-01
  32.51726   -1.8265685595E-01    8.3305396421E-01
  32.61731   -1.8275363950E-01    8.3297334219E-01
  32.71736   -1.8285013636E-01    8.3289296675E-01
  32.81741   -1.8294634826E-01    8.3281283640E-01
  32.91746   -1.8304227689E-01    8.3273294963E-01
  33.01751   -1.8313792397E-01    8.3265330497E-01
  33.11756   -1.8323329116E-01    8.3257390095E-01
  33.21761   -1.8332838012E-01    8.3249473613E-01
  33.31766   -1.8342319251E-01    8.3241580905E-01
  33.41771   -1.8351772995E-01    8.3233711831E-01
  33.51776   -1.8361199407E-01    8.3225866248E-01
  33.61781   -1.8370598648E-01    8.3218044017E-01
  33.71786   -1.8379970875E-01    8.3210244998E-01
  33.81791   -1.8389316247E-01    8.3202469054E-01
  33.91796   -1.8398634919E-01    8.3194716050E-01
  34.01801   -1.8407927048E-01    8.3186985849E-01
  34.11806   -1.8417192786E-01    8.3179278318E-01
  34.21811   -1.8426432285E-01    8.3171593324E-01
  34.31816   -1.8435645697E-01    8.3163930736E-01
  34.41821   -1.8444833170E-01    8.3156290423E-01
  34.51826   -1.8453994854E-01    8.3148672256E-01
  34.61831   -1.8463130895E-01    8.3141076106E-01
  34.71836   -1.8472241438E-01    8.3133501847E-01
  34.81841   -1.8481326630E-01    8.3125949352E-01
  34.91846   -1.8490386611E-01    8.3118418498E-01
  35.01851   -1.8499421526E-01    8.3110909159E-01
  35.11856   -1.8508431513E-01    8.3103421214E-01
  35.21861   -1.8517416715E-01    8.3095954540E-01
  35.31866   -1.8526377267E-01    8.3088509016E-01
  35.41871   -1.8535313309E-01    8.3081084525E-01
  35.51876   -1.8544224975E-01    8.3073680945E-01
  35.61881   -1.8553112402E-01    8.3066298161E-01
  35.71886   -1.8561975723E-01    8.3058936055E-01
  35.81891   -1.8570815070E-01    8.3051594511E-01
  35.91896   -1.8579630576E-01    8.3044273416E-01
  36.01901   -1.8588422371E-01    8.3036972654E-01
  36.11906   -1.8597190584E-01    8.3029692115E-01
  36.21911   -1.8605935345E-01    8.3022431684E-01
  36.31916   -1.8614656780E-01    8.3015191253E-01
  36.41921   -1.8623355015E-01    8.3007970710E-01
  36.51926   -1.8632030177E-01    8.3000769947E-01
  36.61931   -1.8640682389E-01    8.2993588855E-01
  36.71936   -1.8649311774E-01    8.2986427327E-01
  36.81941   -1.8657918456E-01    8.2979285257E-01
  36.91946   -1.8666502555E-01    8.2972162538E-01
  37.01951   -1.8675064192E-01    8.2965059067E-01
  37.11956   -1.8683603486E-01    8.2957974740E-01
  37.21961   -1.8692120555E-01    8.2950909452E-01
  37.31966   -1.8700615517E-01    8.2943863103E-01
  37.41971   -1.8709088489E-01    8.2936835591E-01
  37.51976   -1.8717539585E-01    8.2929826815E-01
  37.61981   -1.8725968922E-01    8.2922836675E-01
  37.71986   -1.8734376612E-01    8.2915865073E-01
  37.81991   -1.8742762769E-01    8.2908911911E-01
  37.91996   -1.8751127504E-01    8.2901977090E-01
  38.02001   -1.8759470929E-01    8.2895060514E-01
  38.12006   -1.8767793154E-01    8.2888162087E-01
  38.22011   -1.8776094288E-01    8.2881281715E-01
  38.32016   -1.8784374441E-01    8.2874419303E-01
  38.42021   -1.8792633719E-01    8.2867574757E-01
  38.52026   -1.8800872229E-01    8.2860747984E-01
  38.62031   -1.8809090079E-01    8.2853938893E-01
  38.72036   -1.8817287372E-01    8.2847147391E-01
  38.82041   -1.8825464213E-01    8.2840373388E-01
  38.92046   -1.8833620707E-01    8.2833616794E-01
  39.02051   -1.8841756955E-01    8.2826877519E-01
  39.12056   -1.8849873061E-01    8.2820155475E-01
  39.22061   -1.8857969125E-01    8.2813450574E-01
  39.32066   -1.8866045247E-01    8.2806762728E-01
  39.42071   -1.8874101528E-01    8.2800091851E-01
  39.52076   -1.8882138067E-01    8.2793437857E-01
  39.62081   -1.8890154962E-01    8.2786800661E-01
  39.72086   -1.8898152310E-01    8.2780180177E-01
  39.82091   -1.8906130208E-01    8.2773576322E-01
  39.92096   -1.8914088753E-01    8.2766989012E-01
  40.02101   -1.8922028039E-01    8.2760418164E-01
  40.12106   -1.8929948162E-01    8.2753863697E-01
  40.22111   -1.8937849215E-01    8.2747325528E-01
  40.32116   -1.8945731292E-01    8.2740803577E-01
  40.42121   -1.8953594486E-01    8.2734297764E-01
  40.52126   -1.8961438887E-01    8.2727808008E-01
  40.62131   -1.8969264588E-01    8.2721334230E-01
  40.72136   -1.8977071679E-01    8.2714876353E-01
  40.82141   -1.8984860250E-01    8.2708434297E-01
  40.92146   -1.8992630390E-01    8.2702007985E-01
  41.02151   -1.9000382188E-01    8.2695597341E-01
  41.12156   -1.9008115732E-01    8.2689202288E-01
  41.22161   -1.9015831109E-01    8.2682822751E-01
  41.32166   -1.9023528405E-01    8.2676458653E-01
  41.42171   -1.9031207708E-01    8.2670109922E-01
  41.52176   -1.9038869102E-01    8.2663776481E-01
  41.62181   -1.9046512672E-01    8.2657458259E-01
  41.72186   -1.9054138503E-01    8.2651155182E-01
  41.82191   -1.9061746678E-01    8.2644867176E-01
  41.92196   -1.9069337280E-01    8.2638594171E-01
  42.02201   -1.9076910392E-01    8.2632336095E-01
  42.12206   -1.9084466096E-01    8.2626092877E-01
  42.22211   -1.9092004472E-01    8.2619864446E-01
  42.32216   -1.9099525602E-01    8.2613650732E-01
  42.42221   -1.9107029566E-01    8.2607451666E-01
  42.52226   -1.9114516443E-01    8.2601267179E-01
  42.62231   -1.9121986313E-01    8.2595097202E-01
  42.72236   -1.9129439254E-01    8.2588941668E-01
  42.82241   -1.9136875344E-01    8.2582800508E-01
  42.92246   -1.9144294660E-01    8.2576673656E-01
  43.02251   -1.9151697279E-01    8.2570561046E-01
  43.12256   -1.9159083278E-01    8.2564462610E-01
  43.22261   -1.9166452733E-01    8.2558378284E-01
  43.32266   -1.9173805718E-01    8.2552308001E-01
  43.42271   -1.9181142309E-01    8.2546251698E-01
  43.52276   -1.9188462580E-01    8.2540209310E-01
  43.62281   -1.9195766605E-01    8.2534180773E-01
  43.72286   -1.9203054456E-01    8.2528166024E-01
  43.82291   -1.9210326207E-01    8.2522164999E-01
  43.92296   -1.9217581930E-01    8.2516177637E-01
  44.02301   -1.9224821697E-01    8.2510203874E-01
  44.12306   -1.9232045579E-01    8.2504243650E-01
  44.22311   -1.9239253647E-01    8.2498296902E-01
  44.32316   -1.9246445971E-01    8.2492363570E-01
  44.42321   -1.9253622622E-01    8.2486443594E-01
  44.52326   -1.9260783668E-01    8.2480536914E-01
  44.62331   -1.9267929178E-01    8.2474643469E-01
  44.72336   -1.9275059222E-01    8.2468763200E-01
  44.82341   -1.9282173867E-01    8.2462896050E-01
  44.92346   -1.9289273180E-01    8.2457041958E-01
  45.02351   -1.9296357229E-01    8.2451200868E-01
  45.12356   -1.9303426081E-01    8.2445372720E-01
  45.22361   -1.9310479801E-01    8.2439557459E-01
  45.32366   -1.9317518456E-01    8.2433755027E-01
  45.42371   -1.9324542112E-01    8.2427965368E-01
  45.52376   -1.9331550832E-01    8.2422188425E-01
  45.62381   -1.9338544682E-01    8.2416424143E-01
  45.72386   -1.9345523725E-01    8.2410672465E-01
  45.82391   -1.9352488026E-01    8.2404933338E-01
  45.92396   -1.9359437647E-01    8.2399206706E-01
  46.02401   -1.9366372653E-01    8.2393492515E-01
  46.12406   -1.9373293104E-01    8.2387790711E-01
  46.22411   -1.9380199063E-01    8.2382101240E-01
  46.32416   -1.9387090592E-01    8.2376424049E-01
  46.42421   -1.9393967753E-01    8.2370759085E-01
  46.52426   -1.9400830605E-01    8.2365106295E-01
  46.62431   -1.9407679210E-01    8.2359465628E-01
  46.72436   -1.9414513627E-01    8.2353837031E-01
  46.82441   -1.9421333917E-01    8.2348220452E-01
  46.92446   -1.9428140139E-01    8.2342615840E-01
  47.02451   -1.9434932351E-01    8.2337023145E-01
  47.12456   -1.9441710613E-01    8.2331442315E-01
  47.22461   -1.9448474982E-01    8.2325873300E-01
  47.32466   -1.9455225517E-01    8.2320316051E-01
  47.42471   -1.9461962275E-01    8.2314770517E-01
  47.52476   -1.9468685313E-01    8.2309236650E-01
  47.62481   -1.9475394688E-01    8.2303714400E-01
  47.72486   -1.9482090457E-01    8.2298203718E-01
  47.82491   -1.9488772674E-01    8.2292704557E-01
  47.92496   -1.9495441398E-01    8.2287216867E-01
  48.02501   -1.9502096681E-01    8.2281740602E-01
  48.12506   -1.9508738581E-01    8.2276275713E-01
  48.22511   -1.9515367151E-01    8.2270822153E-01
  48.32516   -1.9521982446E-01    8.2265379875E-01
  48.42521   -1.9528584519E-01    8.2259948834E-01
  48.52526   -1.9535173425E-01    8.2254528981E-01
  48.62531   -1.9541749218E-01    8.2249120272E-01
  48.72536   -1.9548311949E-01    8.2243722661E-01
  48.82541   -1.9554861672E-01    8.2238336101E-01
  48.92546   -1.9561398439E-01    8.2232960548E-01
  49.02551   -1.9567922302E-01    8.2227595957E-01
  49.12556   -1.9574433314E-01    8.2222242283E-01
  49.22561   -1.9580931525E-01    8.2216899482E-01
  49.32566   -1.9587416987E-01    8.2211567509E-01
  49.42571   -1.9593889750E-01    8.2206246321E-01
  49.52576   -1.9600349866E-01    8.2200935875E-01
  49.62581   -1.9606797383E-01    8.2195636125E-01
  49.72586   -1.9613232354E-01    8.2190347031E-01
  49.82591   -1.9619654826E-01    8.2185068548E-01
  49.92596   -1.9626064849E-01    8.2179800635E-01
  50.02601   -1.9632462473E-01    8.2174543249E-01
  50.12606   -1.9638847746E-01    8.2169296347E-01
  50.22611   -1.9645220716E-01    8.2164059889E-01
  50.32616   -1.9651581433E-01    8.2158833833E-01
  50.42621   -1.9657929943E-01    8.2153618136E-01
  50.52626   -1.9664266294E-01    8.2148412759E-01
  50.62631   -1.9670590534E-01    8.2143217661E-01
  50.72636   -1.9676902710E-01    8.2138032800E-01
  50.82641   -1.9683202868E-01    8.2132858137E-01
  50.92646   -1.9689491056E-01    8.2127693631E-01
  51.02651   -1.9695767318E-01    8.2122539243E-01
  51.12656   -1.9702031702E-01    8.2117394933E-01
  51.22661   -1.9708284253E-01    8.2112260662E-01
  51.32666   -1.9714525017E-01    8.2107136390E-01
  51.42671   -1.9720754038E-01    8.2102022078E-01
  51.52676   -1.9726971362E-01    8.2096917688E-01
  51.62681   -1.9733177033E-01    8.2091823182E-01
  51.72686   -1.9739371095E-01    8.2086738520E-01
  51.82691   -1.9745553594E-01    8.2081663666E-01
  51.92696   -1.9751724572E-01    8.2076598581E-01
  52.02701   -1.9757884073E-01    8.2071543227E-01
  52.12706   -1.9764032141E-01    8.2066497568E-01
  52.22711   -1.9770168819E-01    8.2061461566E-01
  52.32716   -1.9776294150E-01    8.2056435183E-01
  52.42721   -1.9782408177E-01    8.2051418385E-01
  52.52726   -1.9788510941E-01    8.2046411133E-01
  52.62731   -1.9794602485E-01    8.2041413392E-01
  52.72736   -1.9800682852E-01    8.2036425125E-01
  52.82741   -1.9806752082E-01    8.2031446296E-01
  52.92746   -1.9812810217E-01    8.2026476871E-01
  53.02751   -1.9818857299E-01    8.2021516813E-01
  53.12756   -1.9824893368E-01    8.2016566087E-01
  53.22761   -1.9830918466E-01    8.2011624657E-01
  53.32766   -1.9836932632E-01    8.2006692490E-01
  53.42771   -1.9842935908E-01    8.2001769550E-01
  53.52776   -1.9848928332E-01    8.1996855803E-01
  53.62781   -1.9854909946E-01    8.1991951214E-01
  53.72786   -1.9860880789E-01    8.1987055750E-01
  53.82791   -1.9866840900E-01    8.1982169376E-01
  53.92796   -1.9872790318E-01    8.1977292059E-01
  54.02801   -1.9878729083E-01    8.1972423765E-01
  54.12806   -1.9884657233E-01    8.1967564461E-01
  54.22811   -1.9890574807E-01    8.1962714113E-01
  54.32816   -1.9896481843E-01    8.1957872689E-01
  54.42821   -1.9902378380E-01    8.1953040156E-01
  54.52826   -1.9908264455E-01    8.1948216480E-01
  54.62831   -1.9914140106E-01    8.1943401630E-01
  54.72836   -1.9920005370E-01    8.1938595574E-01
  54.82841   -1.9925860286E-01    8.1933798279E-01
  54.92846   -1.9931704890E-01    8.1929009713E-01
  55.02851   -1.9937539219E-01    8.1924229845E-01
  55.12856   -1.9943363309E-01    8.1919458642E-01
  55.22861   -1.9949177198E-01    8.1914696074E-01
  55.32866   -1.9954980922E-01    8.1909942110E-01
  55.42871   -1.9960774516E-01    8.1905196717E-01
  55.52876   -1.9966558017E-01    8.1900459866E-01
  55.62881   -1.9972331461E-01    8.1895731526E-01
  55.72886   -1.9978094882E-01    8.1891011666E-01
  55.82891   -1.9983848318E-01    8.1886300255E-01
  55.92896   -1.9989591802E-01    8.1881597263E-01
  56.02901   -1.9995325369E-01    8.1876902661E-01
  56.12906   -2.0001049055E-01    8.1872216418E-01
  56.22911   -2.0006762895E-01    8.1867538505E-01
  56.32916   -2.0012466921E-01    8.1862868892E-01
  56.42921   -2.0018161170E-01    8.1858207549E-01
  56.52926   -2.0023845675E-01    8.1853554448E-01
  56.62931   -2.0029520469E-01    8.1848909559E-01
  56.72936   -2.0035185588E-01    8.1844272853E-01
  56.82941   -2.0040841063E-01    8.1839644301E-01
  56.92946   -2.0046486929E-01    8.1835023875E-01
  57.02951   -2.0052123219E-01    8.1830411546E-01
  57.12956   -2.0057749965E-01    8.1825807285E-01
  57.22961   -2.0063367201E-01    8.1821211066E-01
  57.32966   -2.0068974960E-01    8.1816622858E-01
  57.42971   -2.0074573273E-01    8.1812042636E-01
  57.52976   -2.0080162174E-01    8.1807470370E-01
  57.62981   -2.0085741694E-01    8.1802906033E-01
  57.72986   -2.0091311865E-01    8.1798349597E-01
  57.82991   -2.0096872720E-01    8.1793801036E-01
  57.92996   -2.0102424290E-01    8.1789260322E-01
  58.03002   -2.0107966607E-01    8.1784727428E-01
  58.13007   -2.0113499701E-01    8.1780202327E-01
  58.23012   -2.0119023605E-01    8.1775684993E-01
  58.33017   -2.0124538348E-01    8.1771175397E-01
  58.43022   -2.0130043963E-01    8.1766673515E-01
  58.53027   -2.0135540480E-01    8.1762179320E-01
  58.63032   -2.0141027929E-01    8.1757692785E-01
  58.73037   -2.0146506341E-01    8.1753213885E-01
  58.83042   -2.0151975746E-01    8.1748742593E-01
  58.93047   -2.0157436174E-01    8.1744278883E-01
  59.03052   -2.0162887656E-01    8.1739822730E-01
  59.13057   -2.0168330220E-01    8.1735374109E-01
  59.23062   -2.0173763897E-01    8.1730932993E-01
  59.33067   -2.0179188717E-01    8.1726499358E-01
  59.43072   -2.0184604708E-01    8.1722073178E-01
  59.53077   -2.0190011900E-01    8.1717654428E-01
  59.63082   -2.0195410321E-01    8.1713243084E-01
  59.73087   -2.0200800002E-01    8.1708839119E-01
  59.83092   -2.0206180970E-01    8.1704442511E-01
  59.93097   -2.0211553254E-01    8.1700053234E-01
  60.03102   -2.0216916884E-01    8.1695671263E-01
  60.13107   -2.0222271886E-01    8.1691296575E-01
  60.23112   -2.0227618290E-01    8.1686929146E-01
  60.33117   -2.0232956123E-01    8.1682568950E-01
  60.43122   -2.0238285414E-01    8.1678215964E-01
  60.53127   -2.0243606190E-01    8.1673870165E-01
  60.63132   -2.0248918478E-01    8.1669531529E-01
  60.73137   -2.0254222308E-01    8.1665200031E-01
  60.83142   -2.0259517705E-01    8.1660875649E-01
  60.93147   -2.0264804697E-01    8.1656558359E-01
  61.03152   -2.0270083311E-01    8.1652248138E-01
  61.13157   -2.0275353575E-01    8.1647944962E-01
  61.23162   -2.0280615515E-01    8.1643648810E-01
  61.33167   -2.0285869158E-01    8.1639359657E-01
  61.43172   -2.0291114530E-01    8.1635077481E-01
  61.53177   -2.0296351658E-01    8.1630802259E-01
  61.63182   -2.0301580569E-01    8.1626533969E-01
  61.73187   -2.0306801288E-01    8.1622272588E-01
  61.83192   -2.0312013842E-01    8.1618018094E-01
  61.93197   -2.0317218256E-01    8.1613770465E-01
  62.03202   -2.0322414557E-01    8.1609529678E-01
  62.13207   -2.0327602771E-01    8.1605295711E-01
  62.23212   -2.0332782922E-01    8.1601068543E-01
  62.33217   -2.0337955036E-01    8.1596848151E-01
  62.43222   -2.0343119139E-01    8.1592634514E-01
  62.53227   -2.0348275257E-01    8.1588427611E-01
  62.63232   -2.0353423413E-01    8.1584227419E-01
  62.73237   -2.0358563633E-01    8.1580033918E-01
  62.83242   -2.0363695943E-01    8.1575847086E-01
  62.93247   -2.0368820366E-01    8.1571666901E-01
  63.03252   -2.0373936928E-01    8.1567493343E-01
  63.13257   -2.0379045652E-01    8.1563326391E-01
  63.23262   -2.0384146564E-01    8.1559166024E-01
  63.33267   -2.0389239688E-01    8.1555012221E-01
  63.43272   -2.0394325047E-01    8.1550864960E-01
  63.53277   -2.0399402667E-01    8.1546724223E-01
  63.63282   -2.0404472570E-01    8.1542589988E-01
  63.73287   -2.0409534781E-01    8.1538462234E-01
  63.83292   -2.0414589324E-01    8.1534340942E-01
  63.93297   -2.0419636222E-01    8.1530226091E-01
  64.03302   -2.0424675498E-01    8.1526117661E-01
  64.13307   -2.0429707177E-01    8.1522015632E-01
  64.23312   -2.0434731281E-01    8.1517919984E-01
  64.33317   -2.0439747834E-01    8.1513830697E-01
  64.43322   -2.0444756858E-01    8.1509747751E-01
  64.53327   -2.0449758378E-01    8.1505671128E-01
  64.63332   -2.0454752414E-01    8.1501600806E-01
  64.73337   -2.0459738991E-01    8.1497536767E-01
  64.83342   -2.0464718131E-01    8.1493478992E-01
  64.93347   -2.0469689857E-01    8.1489427460E-01
  65.03352   -2.0474654191E-01    8.1485382153E-01
  65.13357   -2.0479611155E-01    8.1481343052E-01
  65.23362   -2.0484560772E-01    8.1477310138E-01
  65.33367   -2.0489503064E-01    8.1473283391E-01
  65.43372   -2.0494438052E-01    8.1469262793E-01
  65.53377   -2.0499365760E-01    8.1465248325E-01
  65.63382   -2.0504286208E-01    8.1461239968E-01
  65.73387   -2.0509199419E-01    8.1457237704E-01
  65.83392   -2.0514105414E-01    8.1453241514E-01
  65.93397   -2.0519004214E-01    8.1449251380E-01
  66.03402   -2.0523895842E-01    8.1445267283E-01
  66.13407   -2.0528780318E-01    8.1441289206E-01
  66.23412   -2.0533657664E-01    8.1437317129E-01
  66.33417   -2.0538527901E-01    8.1433351035E-01
  66.43422   -2.0543391050E-01    8.1429390906E-01
  66.53427   -2.0548247132E-01    8.1425436724E-01
  66.63432   -2.0553096169E-01    8.1421488471E-01
  66.73437   -2.0557938180E-01    8.1417546129E-01
  66.83442   -2.0562773186E-01    8.1413609681E-01
  66.93447   -2.0567601208E-01    8.1409679108E-01
  67.03452   -2.0572422268E-01    8.1405754394E-01
  67.13457   -2.0577236384E-01    8.1401835521E-01
  67.23462   -2.0582043577E-01    8.1397922471E-01
  67.33467   -2.0586843869E-01    8.1394015227E-01
  67.43472   -2.0591637278E-01    8.1390113773E-01
  67.53477   -2.0596423825E-01    8.1386218090E-01
  67.63482   -2.0601203530E-01    8.1382328162E-01
  67.73487   -2.0605976413E-01    8.1378443971E-01
  67.83492   -2.0610742493E-01    8.1374565502E-01
  67.93497   -2.0615501791E-01    8.1370692736E-01
  68.03502   -2.0620254326E-01    8.1366825657E-01
  68.13507   -2.0625000117E-01    8.1362964249E-01
  68.23512   -2.0629739184E-01    8.1359108495E-01
  68.33517   -2.0634471547E-01    8.1355258378E-01
  68.43522   -2.0639197224E-01    8.1351413882E-01
  68.53527   -2.0643916236E-01    8.1347574990E-01
  68.63532   -2.0648628600E-01    8.1343741686E-01
  68.73537   -2.0653334337E-01    8.1339913954E-01
  68.83542   -2.0658033464E-01    8.1336091777E-01
  68.93547   -2.0662726002E-01    8.1332275140E-01
  69.03552   -2.0667411968E-01    8.1328464026E-01
  69.13557   -2.0672091382E-01    8.1324658420E-01
  69.23562   -2.0676764262E-01    8.1320858305E-01
  69.33567   -2.0681430627E-01    8.1317063666E-01
  69.43572   -2.0686090495E-01    8.1313274486E-01
  69.53577   -2.0690743885E-01    8.1309490751E-01
  69.63582   -2.0695390814E-01    8.1305712444E-01
  69.73587   -2.0700031302E-01    8.1301939550E-01
  69.83592   -2.0704665366E-01    8.1298172053E-01
  69.93597   -2.0709293025E-01    8.1294409938E-01
  70.03602   -2.0713914296E-01    8.1290653190E-01
  70.13607   -2.0718529197E-01    8.1286901793E-01
  70.23612   -2.0723137747E-01    8.1283155732E-01
  70.33617   -2.0727739963E-01    8.1279414992E-01
  70.43622   -2.0732335863E-01    8.1275679557E-01
  70.53627   -2.0736925464E-01    8.1271949413E-01
  70.63632   -2.0741508784E-01    8.1268224545E-01
  70.73637   -2.0746085841E-01    8.1264504937E-01
  70.83642   -2.0750656651E-01    8.1260790576E-01
  70.93647   -2.0755221233E-01    8.1257081445E-01
  71.03652   -2.0759779604E-01    8.1253377531E-01
  71.13657   -2.0764331780E-01    8.1249678818E-01
  71.23662   -2.0768877779E-01    8.1245985292E-01
  71.33667   -2.0773417618E-01    8.1242296939E-01
  71.43672   -2.0777951314E-01    8.1238613744E-01
  71.53677   -2.0782478884E-01    8.1234935692E-01
  71.63682   -2.0787000344E-01    8.1231262770E-01
  71.73687   -2.0791515712E-01    8.1227594962E-01
  71.83692   -2.0796025004E-01    8.1223932255E-01
  71.93697   -2.0800528237E-01    8.1220274634E-01
  72.03702   -2.0805025428E-01    8.1216622086E-01
  72.13707   -2.0809516592E-01    8.1212974596E-01
  72.23712   -2.0814001746E-01    8.1209332150E-01
  72.33717   -2.0818480908E-01    8.1205694735E-01
  72.43722   -2.0822954092E-01    8.1202062336E-01
  72.53727   -2.0827421316E-01    8.1198434939E-01
  72.63732   -2.0831882594E-01    8.1194812531E-01
  72.73737   -2.0836337945E-01    8.1191195098E-01
  72.83742   -2.0840787383E-01    8.1187582627E-01
  72.93747   -2.0845230924E-01    8.1183975103E-01
  73.03752   -2.0849668585E-01    8.1180372514E-01
  73.13757   -2.0854100381E-01    8.1176774845E-01
  73.23762   -2.0858526328E-01    8.1173182083E-01
  73.33767   -2.0862946442E-01    8.1169594215E-01
  73.43772   -2.0867360738E-01    8.1166011228E-01
  73.53777   -2.0871769233E-01    8.1162433108E-01
  73.63782   -2.0876171940E-01    8.1158859842E-01
  73.73787   -2.0880568877E-01    8.1155291417E-01
  73.83792   -2.0884960058E-01    8.1151727819E-01
  73.93797   -2.0889345499E-01    8.1148169037E-01
  74.03802   -2.0893725214E-01    8.1144615055E-01
  74.13807   -2.0898099220E-01    8.1141065863E-01
  74.23812   -2.0902467531E-01    8.1137521446E-01
  74.33817   -2.0906830163E-01    8.1133981792E-01
  74.43822   -2.0911187130E-01    8.1130446888E-01
  74.53827   -2.0915538447E-01    8.1126916722E-01
  74.63832   -2.0919884130E-01    8.1123391280E-01
  74.73837   -2.0924224192E-01    8.1119870551E-01
  74.83842   -2.0928558650E-01    8.1116354520E-01
  74.93847   -2.0932887518E-01    8.1112843177E-01
  75.03852   -2.0937210810E-01    8.1109336507E-01
  75.13857   -2.0941528541E-01    8.1105834500E-01
  75.23862   -2.0945840725E-01    8.1102337142E-01
  75.33867   -2.0950147377E-01    8.1098844422E-01
  75.43872   -2.0954448512E-01    8.1095356326E-01
  75.53877   -2.0958744144E-01    8.1091872843E-01
  75.63882   -2.0963034287E-01    8.1088393960E-01
  75.73887   -2.0967318956E-01    8.1084919666E-01
  75.83892   -2.0971598164E-01    8.1081449947E-01
  75.93897   -2.0975871927E-01    8.1077984793E-01
  76.03902   -2.0980140257E-01    8.1074524191E-01
  76.13907   -2.0984403169E-01    8.1071068128E-01
  76.23912   -2.0988660677E-01    8.1067616595E-01
  76.33917   -2.0992912796E-01    8.1064169577E-01
  76.43922   -2.0997159538E-01    8.1060727064E-01
  76.53927   -2.1001400918E-01    8.1057289043E-01
  76.63932   -2.1005636949E-01    8.1053855504E-01
  76.73937   -2.1009867646E-01    8.1050426434E-01
  76.83942   -2.1014093021E-01    8.1047001821E-01
  76.93947   -2.1018313089E-01    8.1043581655E-01
  77.03952   -2.1022527863E-01    8.1040165923E-01
  77.13957   -2.1026737357E-01    8.1036754614E-01
  77.23962   -2.1030941584E-01    8.1033347717E-01
  77.33967   -2.1035140557E-01    8.1029945219E-01
  77.43972   -2.1039334290E-01    8.1026547111E-01
  77.53977   -2.1043522796E-01    8.1023153380E-01
  77.63982   -2.1047706089E-01    8.1019764015E-01
  77.73987   -2.1051884182E-01    8.1016379005E-01
  77.83992   -2.1056057087E-01    8.1012998339E-01
  77.93997   -2.1060224818E-01    8.1009622005E-01
  78.04002   -2.1064387388E-01    8.1006249993E-01
  78.14007   -2.1068544810E-01    8.1002882292E-01
  78.24012   -2.1072697097E-01    8.0999518889E-01
  78.34017   -2.1076844262E-01    8.0996159775E-01
  78.44022   -2.1080986318E-01    8.0992804939E-01
  78.54027   -2.1085123277E-01    8.0989454369E-01
  78.64032   -2.1089255152E-01    8.0986108055E-01
  78.74037   -2.1093381957E-01    8.0982765985E-01
  78.84042   -2.1097503703E-01    8.0979428150E-01
  78.94047   -2.1101620403E-01    8.0976094538E-01
  79.04052   -2.1105732071E-01    8.0972765139E-01
  79.14057   -2.1109838717E-01    8.0969439942E-01
  79.24062   -2.1113940356E-01    8.0966118936E-01
  79.34067   -2.1118036999E-01    8.0962802111E-01
  79.44072   -2.1122128659E-01    8.0959489457E-01
  79.54077   -2.1126215347E-01    8.0956180962E-01
  79.64082   -2.1130297077E-01    8.0952876617E-01
  79.74087   -2.1134373861E-01    8.0949576410E-01
  79.84092   -2.1138445710E-01    8.0946280333E-01
  79.94097   -2.1142512638E-01    8.0942988373E-01
  80.04102   -2.1146574655E-01    8.0939700522E-01
  80.14107   -2.1150631775E-01    8.0936416768E-01
  80.24112   -2.1154684008E-01    8.0933137102E-01
  80.34117   -2.1158731368E-01    8.0929861513E-01
  80.44122   -2.1162773866E-01    8.0926589991E-01
  80.54127   -2.1166811514E-01    8.0923322526E-01
  80.64132   -2.1170844324E-01    8.0920059108E-01
  80.74137   -2.1174872307E-01    8.0916799727E-01
  80.84142   -2.1178895476E-01    8.0913544373E-01
  80.94147   -2.1182913842E-01    8.0910293037E-01
  81.04152   -2.1186927416E-01    8.0907045707E-01
  81.14157   -2.1190936211E-01    8.0903802374E-01
  81.24162   -2.1194940238E-01    8.0900563029E-01
  81.34167   -2.1198939508E-01    8.0897327662E-01
  81.44172   -2.1202934034E-01    8.0894096262E-01
  81.54177   -2.1206923825E-01    8.0890868820E-01
  81.64182   -2.1210908895E-01    8.0887645327E-01
  81.74187   -2.1214889254E-01    8.0884425772E-01
  81.84192   -2.1218864914E-01    8.0881210147E-01
  81.94197   -2.1222835886E-01    8.0877998440E-01
  82.04202   -2.1226802180E-01    8.0874790644E-01
  82.14207   -2.1230763810E-01    8.0871586748E-01
  82.24212   -2.1234720784E-01    8.0868386743E-01
  82.34217   -2.1238673116E-01    8.0865190620E-01
  82.44222   -2.1242620815E-01    8.0861998368E-01
  82.54227   -2.1246563893E-01    8.0858809980E-01
  82.64232   -2.1250502361E-01    8.0855625444E-01
  82.74237   -2.1254436230E-01    8.0852444752E-01
  82.84242   -2.1258365510E-01    8.0849267895E-01
  82.94247   -2.1262290213E-01    8.0846094864E-01
  83.04252   -2.1266210350E-01    8.0842925649E-01
  83.14257   -2.1270125931E-01    8.0839760240E-01
  83.24262   -2.1274036967E-01    8.0836598630E-01
  83.34267   -2.1277943469E-01    8.0833440808E-01
  83.44272   -2.1281845448E-01    8.0830286766E-01
  83.54277   -2.1285742913E-01    8.0827136495E-01
  83.64282   -2.1289635877E-01    8.0823989985E-01
  83.74287   -2.1293524349E-01    8.0820847228E-01
  83.84292   -2.1297408340E-01    8.0817708215E-01
  83.94297   -2.1301287860E-01    8.0814572936E-01
  84.04302   -2.1305162921E-01    8.0811441383E-01
  84.14307   -2.1309033532E-01    8.0808313547E-01
  84.24312   -2.1312899703E-01    8.0805189420E-01
  84.34317   -2.1316761446E-01    8.0802068991E-01
  84.44322   -2.1320618771E-01    8.0798952253E-01
  84.54327   -2.1324471687E-01    8.0795839197E-01
  84.64332   -2.1328320205E-01    8.0792729815E-01
  84.74337   -2.1332164336E-01    8.0789624096E-01
  84.84342   -2.1336004089E-01    8.0786522034E-01
  84.94347   -2.1339839474E-01    8.0783423619E-01
  85.04352   -2.1343670502E-01    8.0780328842E-01
  85.14357   -2.1347497184E-01    8.0777237696E-01
  85.24362   -2.1351319528E-01    8.0774150171E-01
  85.34367   -2.1355137545E-01    8.0771066259E-01
  85.44372   -2.1358951244E-01    8.0767985952E-01
  85.54377   -2.1362760637E-01    8.0764909241E-01
  85.64382   -2.1366565732E-01    8.0761836118E-01
  85.74387   -2.1370366540E-01    8.0758766574E-01
  85.84392   -2.1374163070E-01    8.0755700601E-01
  85.94397   -2.1377955332E-01    8.0752638191E-01
  86.04402   -2.1381743336E-01    8.0749579336E-01
  86.14407   -2.1385527092E-01    8.0746524026E-01
  86.24412   -2.1389306610E-01    8.0743472255E-01
  86.34417   -2.1393081898E-01    8.0740424014E-01
  86.44422   -2.1396852967E-01    8.0737379294E-01
  86.54427   -2.1400619827E-01    8.0734338088E-01
  86.64432   -2.1404382486E-01    8.0731300387E-01
  86.74437   -2.1408140955E-01    8.0728266183E-01
  86.84442   -2.1411895243E-01    8.0725235469E-01
  86.94447   -2.1415645359E-01    8.0722208235E-01
  87.04452   -2.1419391312E-01    8.0719184475E-01
  87.14457   -2.1423133114E-01    8.0716164180E-01
  87.24462   -2.1426870771E-01    8.0713147343E-01
  87.34467   -2.1430604295E-01    8.0710133955E-01
  87.44472   -2.1434333694E-01    8.0707124008E-01
  87.54477   -2.1438058977E-01    8.0704117495E-01
  87.64482   -2.1441780154E-01    8.0701114408E-01
  87.74487   -2.1445497234E-01    8.0698114738E-01
  87.84492   -2.1449210227E-01    8.0695118479E-01
  87.94497   -2.1452919141E-01    8.0692125622E-01
  88.04502   -2.1456623985E-01    8.0689136160E-01
  88.14507   -2.1460324768E-01    8.0686150085E-01
  88.24512   -2.1464021501E-01    8.0683167389E-01
  88.34517   -2.1467714191E-01    8.0680188065E-01
  88.44522   -2.1471402847E-01    8.0677212105E-01
  88.54527   -2.1475087480E-01    8.0674239501E-01
  88.64532   -2.1478768096E-01    8.0671270246E-01
  88.74537   -2.1482444707E-01    8.0668304332E-01
  88.84542   -2.1486117319E-01    8.0665341752E-01
  88.94547   -2.1489785943E-01    8.0662382499E-01
  89.04552   -2.1493450587E-01    8.0659426564E-01
  89.14557   -2.1497111259E-01    8.0656473940E-01
  89.24562   -2.1500767970E-01    8.0653524621E-01
  89.34567   -2.1504420726E-01    8.0650578598E-01
  89.44572   -2.1508069538E-01    8.0647635864E-01
  89.54577   -2.1511714413E-01    8.0644696412E-01
  89.64582   -2.1515355361E-01    8.0641760234E-01
  89.74587   -2.1518992389E-01    8.0638827323E-01
  89.84592   -2.1522625507E-01    8.0635897673E-01
  89.94597   -2.1526254723E-01    8.0632971275E-01
  90.04602   -2.1529880046E-01    8.0630048122E-01
  90.14607   -2.1533501484E-01    8.0627128208E-01
  90.24612   -2.1537119046E-01    8.0624211525E-01
  90.34617   -2.1540732740E-01    8.0621298065E-01
  90.44622   -2.1544342574E-01    8.0618387823E-01
  90.54627   -2.1547948557E-01    8.0615480790E-01
  90.64632   -2.1551550697E-01    8.0612576959E-01
  90.74637   -2.1555149003E-01    8.0609676324E-01
  90.84642   -2.1558743483E-01    8.0606778878E-01
  90.94647   -2.1562334145E-01    8.0603884613E-01
  91.04652   -2.1565920998E-01    8.0600993522E-01
  91.14657   -2.1569504049E-01    8.0598105599E-01
  91.24662   -2.1573083307E-01    8.0595220836E-01
  91.34667   -2.1576658780E-01    8.0592339227E-01
  91.44672   -2.1580230476E-01    8.0589460765E-01
  91.54677   -2.1583798404E-01    8.0586585443E-01
  91.64682   -2.1587362571E-01    8.0583713253E-01
  91.74687   -2.1590922986E-01    8.0580844190E-01
  91.84692   -2.1594479656E-01    8.0577978246E-01
  91.94697   -2.1598032590E-01    8.0575115415E-01
  92.04702   -2.1601581795E-01    8.0572255689E-01
  92.14707   -2.1605127280E-01    8.0569399063E-01
  92.24712   -2.1608669052E-01    8.0566545529E-01
  92.34717   -2.1612207120E-01    8.0563695080E-01
  92.44722   -2.1615741491E-01    8.0560847711E-01
  92.54727   -2.1619272173E-01    8.0558003413E-01
  92.64732   -2.1622799174E-01    8.0555162182E-01
  92.74737   -2.1626322502E-01    8.0552324009E-01
  92.84742   -2.1629842165E-01    8.0549488889E-01
  92.94747   -2.1633358170E-01    8.0546656815E-01
  93.04752   -2.1636870525E-01    8.0543827780E-01
  93.14757   -2.1640379238E-01    8.0541001778E-01
  93.24762   -2.1643884316E-01    8.0538178802E-01
  93.34767   -2.1647385767E-01    8.0535358846E-01
  93.44772   -2.1650883600E-01    8.0532541904E-01
  93.54777   -2.1654377821E-01    8.0529727968E-01
  93.64782   -2.1657868438E-01    8.0526917033E-01
  93.74787   -2.1661355458E-01    8.0524109092E-01
  93.84792   -2.1664838890E-01    8.0521304138E-01
  93.94797   -2.1668318740E-01    8.0518502166E-01
  94.04802   -2.1671795016E-01    8.0515703169E-01
  94.14807   -2.1675267726E-01    8.0512907141E-01
  94.24812   -2.1678736878E-01    8.0510114075E-01
  94.34817   -2.1682202477E-01    8.0507323965E-01
  94.44822   -2.1685664533E-01    8.0504536805E-01
  94.54827   -2.1689123052E-01    8.0501752588E-01
  94.64832   -2.1692578042E-01    8.0498971309E-01
  94.74837   -2.1696029509E-01    8.0496192961E-01
  94.84842   -2.1699477462E-01    8.0493417538E-01
  94.94847   -2.1702921908E-01    8.0490645034E-01
  95.04852   -2.1706362853E-01    8.0487875442E-01
  95.14857   -2.1709800306E-01    8.0485108757E-01
  95.24862   -2.1713234273E-01    8.0482344973E-01
  95.34867   -2.1716664761E-01    8.0479584082E-01
  95.44872   -2.1720091778E-01    8.0476826081E-01
  95.54877   -2.1723515331E-01    8.0474070961E-01
  95.64882   -2.1726935427E-01    8.0471318718E-01
  95.74887   -2.1730352073E-01    8.0468569344E-01
  95.84892   -2.1733765277E-01    8.0465822835E-01
  95.94897   -2.1737175044E-01    8.0463079185E-01
  96.04902   -2.1740581383E-01    8.0460338386E-01
  96.14907   -2.1743984300E-01    8.0457600434E-01
  96.24912   -2.1747383803E-01    8.0454865322E-01
  96.34917   -2.1750779898E-01    8.0452133045E-01
  96.44922   -2.1754172592E-01    8.0449403597E-01
  96.54927   -2.1757561892E-01    8.0446676971E-01
  96.64932   -2.1760947806E-01    8.0443953162E-01
  96.74937   -2.1764330339E-01    8.0441232165E-01
  96.84942   -2.1767709499E-01    8.0438513972E-01
  96.94947   -2.1771085293E-01    8.0435798580E-01
  97.04952   -2.1774457728E-01    8.0433085981E-01
  97.14957   -2.1777826810E-01    8.0430376170E-01
  97.24962   -2.1781192546E-01    8.0427669141E-01
  97.34967   -2.1784554943E-01    8.0424964889E-01
  97.44972   -2.1787914008E-01    8.0422263408E-01
  97.54977   -2.1791269747E-01    8.0419564692E-01
  97.64982   -2.1794622167E-01    8.0416868735E-01
  97.74987   -2.1797971275E-01    8.0414175533E-01
  97.84992   -2.1801317077E-01    8.0411485078E-01
  97.94997   -2.1804659581E-01    8.0408797366E-01
  98.05003   -2.1807998792E-01    8.0406112392E-01
  98.15008   -2.1811334718E-01    8.0403430148E-01
  98.25013   -2.1814667364E-01    8.0400750631E-01
  98.35018   -2.1817996738E-01    8.0398073834E-01
  98.45023   -2.1821322846E-01    8.0395399751E-01
  98.55028   -2.1824645695E-01    8.0392728378E-01
  98.65033   -2.1827965290E-01    8.0390059709E-01
  98.75038   -2.1831281640E-01    8.0387393738E-01
  98.85043   -2.1834594749E-01    8.0384730460E-01
  98.95048   -2.1837904624E-01    8.0382069870E-01
  99.05053   -2.1841211273E-01    8.0379411961E-01
  99.15058   -2.1844514701E-01    8.0376756729E-01
  99.25063   -2.1847814914E-01    8.0374104168E-01
  99.35068   -2.1851111920E-01    8.0371454273E-01
  99.45073   -2.1854405724E-01    8.0368807039E-01
  99.55078   -2.1857696332E-01    8.0366162460E-01
  99.65083   -2.1860983752E-01    8.0363520530E-01
  99.75088   -2.1864267989E-01    8.0360881245E-01
  99.85093   -2.1867549050E-01    8.0358244599E-01
  99.95098   -2.1870826940E-01    8.0355610587E-01
 100.05103   -2.1874101667E-01    8.0352979203E-01
 100.15108   -2.1877373236E-01    8.0350350443E-01
 100.25113   -2.1880641653E-01    8.0347724301E-01
 100.35118   -2.1883906926E-01    8.0345100772E-01
 100.45123   -2.1887169059E-01    8.0342479850E-01
 100.55128   -2.1890428059E-01    8.0339861532E-01
 100.65133   -2.1893683932E-01    8.0337245810E-01
 100.75138   -2.1896936685E-01    8.0334632681E-01
 100.85143   -2.1900186323E-01    8.0332022138E-01
 100.95148   -2.1903432852E-01    8.0329414178E-01
 101.05153   -2.1906676279E-01    8.0326808794E-01
 101.15158   -2.1909916610E-01    8.0324205982E-01
 101.25163   -2.1913153850E-01    8.0321605737E-01
 101.35168   -2.1916388005E-01    8.0319008054E-01
 101.45173   -2.1919619082E-01    8.0316412926E-01
 101.55178   -2.1922847087E-01    8.0313820351E-01
 101.65183   -2.1926072025E-01    8.0311230322E-01
 101.75188   -2.1929293902E-01    8.0308642834E-01
 101.85193   -2.1932512725E-01    8.0306057882E-01
 101.95198   -2.1935728499E-01    8.0303475463E-01
 102.05203   -2.1938941230E-01    8.0300895569E-01
 102.15208   -2.1942150925E-01    8.0298318198E-01
 102.25213   -2.1945357587E-01    8.0295743342E-01
 102.35218   -2.1948561225E-01    8.0293170999E-01
 102.45223   -2.1951761843E-01    8.0290601163E-01
 102.55228   -2.1954959447E-01    8.0288033828E-01
 102.65233   -2.1958154044E-01    8.0285468990E-01
 102.75238   -2.1961345638E-01    8.0282906645E-01
 102.85243   -2.1964534235E-01    8.0280346787E-01
 102.95248   -2.1967719842E-01    8.0277789411E-01
 103.05253   -2.1970902464E-01    8.0275234513E-01
 103.15258   -2.1974082107E-01    8.0272682088E-01
 103.25263   -2.1977258776E-01    8.0270132132E-01
 103.35268   -2.1980432477E-01    8.0267584638E-01
 103.45273   -2.1983603215E-01    8.0265039603E-01
 103.55278   -2.1986770997E-01    8.0262497022E-01
 103.65283   -2.1989935828E-01    8.0259956890E-01
 103.75288   -2.1993097714E-01    8.0257419202E-01
 103.85293   -2.1996256659E-01    8.0254883954E-01
 103.95298   -2.1999412670E-01    8.0252351141E-01
 104.05303   -2.2002565753E-01    8.0249820758E-01
 104.15308   -2.2005715912E-01    8.0247292800E-01
 104.25313   -2.2008863154E-01    8.0244767264E-01
 104.35318   -2.2012007483E-01    8.0242244144E-01
 104.45323   -2.2015148906E-01    8.0239723435E-01
 104.55328   -2.2018287427E-01    8.0237205134E-01
 104.65333   -2.2021423053E-01    8.0234689235E-01
 104.75338   -2.2024555788E-01    8.0232175734E-01
 104.85343   -2.2027685638E-01    8.0229664626E-01
 104.95348   -2.2030812609E-01    8.0227155907E-01
 105.05353   -2.2033936706E-01    8.0224649573E-01
 105.15358   -2.2037057934E-01    8.0222145617E-01
 105.25363   -2.2040176299E-01    8.0219644037E-01
 105.35368   -2.2043291805E-01    8.0217144828E-01
 105.45373   -2.2046404459E-01    8.0214647985E-01
 105.55378   -2.2049514266E-01    8.0212153503E-01
 105.65383   -2.2052621231E-01    8.0209661378E-01
 105.75388   -2.2055725358E-01    8.0207171607E-01
 105.85393   -2.2058826655E-01    8.0204684183E-01
 105.95398   -2.2061925125E-01    8.0202199103E-01
 106.05403   -2.2065020774E-01    8.0199716363E-01
 106.15408   -2.2068113608E-01    8.0197235958E-01
 106.25413   -2.2071203631E-01    8.0194757883E-01
 106.35418   -2.2074290848E-01    8.0192282135E-01
 106.45423   -2.2077375266E-01    8.0189808708E-01
 106.55428   -2.2080456888E-01    8.0187337599E-01
 106.65433   -2.2083535721E-01    8.0184868803E-01
 106.75438   -2.2086611769E-01    8.0182402315E-01
 106.85443   -2.2089685038E-01    8.0179938133E-01
 106.95448   -2.2092755532E-01    8.0177476250E-01
 107.05453   -2.2095823257E-01    8.0175016664E-01
 107.15458   -2.2098888218E-01    8.0172559368E-01
 107.25463   -2.2101950419E-01    8.0170104361E-01
 107.35468   -2.2105009867E-01    8.0167651636E-01
 107.45473   -2.2108066565E-01    8.0165201190E-01
 107.55478   -2.2111120520E-01    8.0162753019E-01
 107.65483   -2.2114171735E-01    8.0160307118E-01
 107.75488   -2.2117220216E-01    8.0157863483E-01
 107.85493   -2.2120265969E-01    8.0155422110E-01
 107.95498   -2.2123308997E-01    8.0152982995E-01
 108.05503   -2.2126349307E-01    8.0150546133E-01
 108.15508   -2.2129386902E-01    8.0148111521E-01
 108.25513   -2.2132421788E-01    8.0145679154E-01
 108.35518   -2.2135453970E-01    8.0143249028E-01
 108.45523   -2.2138483453E-01    8.0140821139E-01
 108.55528   -2.2141510241E-01    8.0138395483E-01
 108.65533   -2.2144534340E-01    8.0135972055E-01
 108.75538   -2.2147555754E-01    8.0133550852E-01
 108.85543   -2.2150574488E-01    8.0131131870E-01
 108.95548   -2.2153590547E-01    8.0128715104E-01
 109.05553   -2.2156603936E-01    8.0126300551E-01
 109.15558   -2.2159614660E-01    8.0123888205E-01
 109.25563   -2.2162622723E-01    8.0121478065E-01
 109.35568   -2.2165628130E-01    8.0119070124E-01
 109.45573   -2.2168630886E-01    8.0116664380E-01
 109.55578   -2.2171630996E-01    8.0114260827E-01
 109.65583   -2.2174628465E-01    8.0111859464E-01
 109.75588   -2.2177623297E-01    8.0109460284E-01
 109.85593   -2.2180615497E-01    8.0107063284E-01
 109.95598   -2.2183605070E-01    8.0104668461E-01
 110.05603   -2.2186592020E-01    8.0102275811E-01
 110.15608   -2.2189576352E-01    8.0099885328E-01
 110.25613   -2.2192558071E-01    8.0097497010E-01
 110.35618   -2.2195537182E-01    8.0095110853E-01
 110.45623   -2.2198513688E-01    8.0092726852E-01
 110.55628   -2.2201487596E-01    8.0090345004E-01
 110.65633   -2.2204458908E-01    8.0087965305E-01
 110.75638   -2.2207427631E-01    8.0085587751E-01
 110.85643   -2.2210393768E-01    8.0083212338E-01
 110.95648   -2.2213357324E-01    8.0080839062E-01
 111.05653   -2.2216318304E-01    8.0078467919E-01
 111.15658   -2.2219276713E-01    8.0076098906E-01
 111.25663   -2.2222232554E-01    8.0073732019E-01
 111.35668   -2.2225185832E-01    8.0071367253E-01
 111.45673   -2.2228136553E-01    8.0069004606E-01
 111.55678   -2.2231084719E-01    8.0066644073E-01
 111.65683   -2.2234030337E-01    8.0064285651E-01
 111.75688   -2.2236973410E-01    8.0061929335E-01
 111.85693   -2.2239913943E-01    8.0059575122E-01
 111.95698   -2.2242851941E-01    8.0057223008E-01
 112.05703   -2.2245787407E-01    8.0054872990E-01
 112.15708   -2.2248720347E-01    8.0052525063E-01
 112.25713   -2.2251650764E-01    8.0050179225E-01
 112.35718   -2.2254578663E-01    8.0047835470E-01
 112.45723   -2.2257504049E-01    8.0045493797E-01
 112.55728   -2.2260426926E-01    8.0043154200E-01
 112.65733   -2.2263347298E-01    8.0040816676E-01
 112.75738   -2.2266265169E-01    8.0038481222E-01
 112.85743   -2.2269180545E-01    8.0036147833E-01
 112.95748   -2.2272093429E-01    8.0033816507E-01
 113.05753   -2.2275003826E-01    8.0031487239E-01
 113.15758   -2.2277911740E-01    8.0029160027E-01
 113.25763   -2.2280817175E-01    8.0026834865E-01
 113.35768   -2.2283720136E-01    8.0024511751E-01
 113.45773   -2.2286620626E-01    8.0022190681E-01
 113.55778   -2.2289518651E-01    8.0019871652E-01
 113.65783   -2.2292414215E-01    8.0017554659E-01
 113.75788   -2.2295307321E-01    8.0015239700E-01
 113.85793   -2.2298197974E-01    8.0012926770E-01
 113.95798   -2.2301086179E-01    8.0010615866E-01
 114.05803   -2.2303971939E-01    8.0008306985E-01
 114.15808   -2.2306855259E-01    8.0006000123E-01
 114.25813   -2.2309736142E-01    8.0003695276E-01
 114.35818   -2.2312614594E-01    8.0001392442E-01
 114.45823   -2.2315490618E-01    7.9999091616E-01
 114.55828   -2.2318364219E-01    7.9996792794E-01
 114.65833   -2.2321235400E-01    7.9994495975E-01
 114.75838   -2.2324104166E-01    7.9992201153E-01
 114.85843   -2.2326970520E-01    7.9989908325E-01
 114.95848   -2.2329834468E-01    7.9987617489E-01
 115.05853   -2.2332696013E-01    7.9985328640E-01
 115.15858   -2.2335555159E-01    7.9983041775E-01
 115.25863   -2.2338411911E-01    7.9980756891E-01
 115.35868   -2.2341266272E-01    7.9978473984E-01
 115.45873   -2.2344118246E-01    7.9976193051E-01
 115.55878   -2.2346967838E-01    7.9973914089E-01
 115.65883   -2.2349815052E-01    7.9971637093E-01
 115.75888   -2.2352659891E-01    7.9969362061E-01
 115.85893   -2.2355502360E-01    7.9967088988E-01
 115.95898   -2.2358342463E-01    7.9964817873E-01
 116.05903   -2.2361180203E-01    7.9962548711E-01
 116.15908   -2.2364015586E-01    7.9960281500E-01
 116.25913   -2.2366848614E-01    7.9958016234E-01
 116.35918   -2.2369679292E-01    7.9955752913E-01
 116.45923   -2.2372507623E-01    7.9953491531E-01
 116.55928   -2.2375333612E-01    7.9951232086E-01
 116.65933   -2.2378157263E-01    7.9948974574E-01
 116.75938   -2.2380978579E-01    7.9946718993E-01
 116.85943   -2.2383797565E-01    7.9944465338E-01
 116.95948   -2.2386614224E-01    7.9942213606E-01
 117.05953   -2.2389428561E-01    7.9939963795E-01
 117.15958   -2.2392240578E-01    7.9937715901E-01
 117.25963   -2.2395050281E-01    7.9935469920E-01
 117.35968   -2.2397857673E-01    7.9933225850E-01
 117.45973   -2.2400662758E-01    7.9930983686E-01
 117.55978   -2.2403465539E-01    7.9928743427E-01
 117.65983   -2.2406266021E-01    7.9926505068E-01
 117.75988   -2.2409064208E-01    7.9924268607E-01
 117.85993   -2.2411860103E-01    7.9922034039E-01
 117.95998   -2.2414653710E-01    7.9919801363E-01
 118.06003   -2.2417445032E-01    7.9917570575E-01
 118.16008   -2.2420234075E-01    7.9915341671E-01
 118.26013   -2.2423020841E-01    7.9913114648E-01
 118.36018   -2.2425805334E-01    7.9910889504E-01
 118.46023   -2.2428587559E-01    7.9908666234E-01
 118.56028   -2.2431367518E-01    7.9906444837E-01
 118.66033   -2.2434145216E-01    7.9904225308E-01
 118.76038   -2.2436920656E-01    7.9902007645E-01
 118.86043   -2.2439693842E-01    7.9899791844E-01
 118.96048   -2.2442464778E-01    7.9897577903E-01
 119.06053   -2.2445233468E-01    7.9895365817E-01
 119.16058   -2.2447999915E-01    7.9893155585E-01
 119.26063   -2.2450764123E-01    7.9890947203E-01
 119.36068   -2.2453526095E-01    7.9888740667E-01
 119.46073   -2.2456285836E-01    7.9886535976E-01
 119.56078   -2.2459043349E-01    7.9884333125E-01
 119.66083   -2.2461798637E-01    7.9882132111E-01
 119.76088   -2.2464551705E-01    7.9879932932E-01
 119.86093   -2.2467302555E-01    7.9877735585E-01
 119.96098   -2.2470051193E-01    7.9875540066E-01
 120.06103   -2.2472797620E-01    7.9873346372E-01
 120.16108   -2.2475541842E-01    7.9871154501E-01
 120.26113   -2.2478283861E-01    7.9868964448E-01
 120.36118   -2.2481023681E-01    7.9866776213E-01
 120.46123   -2.2483761305E-01    7.9864589790E-01
 120.56128   -2.2486496738E-01    7.9862405178E-01
 120.66133   -2.2489229983E-01    7.9860222373E-01
 120.76138   -2.2491961043E-01    7.9858041372E-01
 120.86143   -2.2494689922E-01    7.9855862172E-01
 120.96148   -2.2497416623E-01    7.9853684771E-01
 121.06153   -2.2500141151E-01    7.9851509165E-01
 121.16158   -2.2502863508E-01    7.9849335351E-01
 121.26163   -2.2505583698E-01    7.9847163327E-01
 121.36168   -2.2508301725E-01    7.9844993089E-01
 121.46173   -2.2511017591E-01    7.9842824635E-01
 121.56178   -2.2513731302E-01    7.9840657961E-01
 121.66183   -2.2516442860E-01    7.9838493065E-01
 121.76188   -2.2519152268E-01    7.9836329944E-01
 121.86193   -2.2521859530E-01    7.9834168594E-01
 121.96198   -2.2524564650E-01    7.9832009014E-01
 122.06203   -2.2527267630E-01    7.9829851199E-01
 122.16208   -2.2529968475E-01    7.9827695148E-01
 122.26213   -2.2532667188E-01    7.9825540856E-01
 122.36218   -2.2535363773E-01    7.9823388323E-01
 122.46223   -2.2538058231E-01    7.9821237543E-01
 122.56228   -2.2540750569E-01    7.9819088515E-01
 122.66233   -2.2543440787E-01    7.9816941236E-01
 122.76238   -2.2546128891E-01    7.9814795703E-01
 122.86243   -2.2548814882E-01    7.9812651913E-01
 122.96248   -2.2551498766E-01    7.9810509863E-01
 123.06253   -2.2554180544E-01    7.9808369551E-01
 123.16258   -2.2556860221E-01    7.9806230973E-01
 123.26263   -2.2559537800E-01    7.9804094127E-01
 123.36268   -2.2562213284E-01    7.9801959010E-01
 123.46273   -2.2564886676E-01    7.9799825619E-01
 123.56278   -2.2567557980E-01    7.9797693951E-01
 123.66283   -2.2570227200E-01    7.9795564004E-01
 123.76288   -2.2572894337E-01    7.9793435775E-01
 123.86293   -2.2575559397E-01    7.9791309261E-01
 123.96298   -2.2578222381E-01    7.9789184459E-01
 124.06303   -2.2580883294E-01    7.9787061367E-01
 124.16308   -2.2583542138E-01    7.9784939981E-01
 124.26313   -2.2586198918E-01    7.9782820299E-01
 124.36318   -2.2588853635E-01    7.9780702319E-01
 124.46323   -2.2591506294E-01    7.9778586037E-01
 124.56328   -2.2594156898E-01    7.9776471451E-01
 124.66333   -2.2596805449E-01    7.9774358558E-01
 124.76338   -2.2599451952E-01    7.9772247356E-01
 124.86343   -2.2602096409E-01    7.9770137841E-01
 124.96348   -2.2604738824E-01    7.9768030011E-01
 125.06353   -2.2607379199E-01    7.9765923863E-01
 125.16358   -2.2610017539E-01    7.9763819395E-01
 125.26363   -2.2612653846E-01    7.9761716604E-01
 125.36368   -2.2615288123E-01    7.9759615486E-01
 125.46373   -2.2617920374E-01    7.9757516041E-01
 125.56378   -2.2620550601E-01    7.9755418264E-01
 125.66383   -2.2623178809E-01    7.9753322154E-01
 125.76388   -2.2625805000E-01    7.9751227707E-01
 125.86393   -2.2628429176E-01    7.9749134921E-01
 125.96398   -2.2631051343E-01    7.9747043794E-01
 126.06403   -2.2633671502E-01    7.9744954322E-01
 126.16408   -2.2636289656E-01    7.9742866503E-01
 126.26413   -2.2638905810E-01    7.9740780334E-01
 126.36418   -2.2641519965E-01    7.9738695814E-01
 126.46423   -2.2644132126E-01    7.9736612938E-01
 126.56428   -2.2646742294E-01    7.9734531705E-01
 126.66433   -2.2649350474E-01    7.9732452113E-01
 126.76438   -2.2651956668E-01    7.9730374157E-01
 126.86443   -2.2654560880E-01    7.9728297837E-01
 126.96448   -2.2657163112E-01    7.9726223148E-01
 127.06453   -2.2659763367E-01    7.9724150090E-01
 127.16458   -2.2662361649E-01    7.9722078658E-01
 127.26463   -2.2664957961E-01    7.9720008851E-01
 127.36468   -2.2667552306E-01    7.9717940667E-01
 127.46473   -2.2670144686E-01    7.9715874101E-01
 127.56478   -2.2672735105E-01    7.9713809153E-01
 127.66483   -2.2675323566E-01    7.9711745819E-01
 127.76488   -2.2677910071E-01    7.9709684097E-01
 127.86493   -2.2680494625E-01    7.9707623984E-01
 127.96498   -2.2683077229E-01    7.9705565478E-01
 128.06503   -2.2685657887E-01    7.9703508576E-01
 128.16508   -2.2688236602E-01    7.9701453277E-01
 128.26513   -2.2690813377E-01    7.9699399576E-01
 128.36518   -2.2693388214E-01    7.9697347473E-01
 128.46523   -2.2695961117E-01    7.9695296963E-01
 128.56528   -2.2698532089E-01    7.9693248046E-01
 128.66533   -2.2701101133E-01    7.9691200718E-01
 128.76538   -2.2703668251E-01    7.9689154977E-01
 128.86543   -2.2706233447E-01    7.9687110821E-01
 128.96548   -2.2708796723E-01    7.9685068246E-01
 129.06553   -2.2711358082E-01    7.9683027251E-01
 129.16558   -2.2713917528E-01    7.9680987833E-01
 129.26563   -2.2716475063E-01    7.9678949990E-01
 129.36568   -2.2719030691E-01    7.9676913719E-01
 129.46573   -2.2721584413E-01    7.9674879018E-01
 129.56578   -2.2724136233E-01    7.9672845884E-01
 129.66583   -2.2726686154E-01    7.9670814316E-01
 129.76588   -2.2729234179E-01    7.9668784309E-01
 129.86593   -2.2731780310E-01    7.9666755863E-01
 129.96598   -2.2734324551E-01    7.9664728975E-01
 130.06603   -2.2736866904E-01    7.9662703642E-01
 130.16608   -2.2739407372E-01    7.9660679862E-01
 130.26613   -2.2741945958E-01    7.9658657633E-01
 130.36618   -2.2744482665E-01    7.9656636952E-01
 130.46623   -2.2747017496E-01    7.9654617816E-01
 130.56628   -2.2749550453E-01    7.9652600225E-01
 130.66633   -2.2752081540E-01    7.9650584174E-01
 130.76638   -2.2754610759E-01    7.9648569662E-01
 130.86643   -2.2757138112E-01    7.9646556686E-01
 130.96648   -2.2759663604E-01    7.9644545245E-01
 131.06653   -2.2762187236E-01    7.9642535335E-01
 131.16658   -2.2764709011E-01    7.9640526954E-01
 131.26663   -2.2767228933E-01    7.9638520101E-01
 131.36668   -2.2769747003E-01    7.9636514772E-01
 131.46673   -2.2772263225E-01    7.9634510966E-01
 131.56678   -2.2774777602E-01    7.9632508679E-01
 131.66683   -2.2777290135E-01    7.9630507911E-01
 131.76688   -2.2779800829E-01    7.9628508658E-01
 131.86693   -2.2782309685E-01    7.9626510918E-01
 131.96698   -2.2784816707E-01    7.9624514689E-01
 132.06703   -2.2787321897E-01    7.9622519969E-01
 132.16708   -2.2789825258E-01    7.9620526754E-01
 132.26713   -2.2792326793E-01    7.9618535044E-01
 132.36718   -2.2794826504E-01    7.9616544836E-01
 132.46723   -2.2797324393E-01    7.9614556127E-01
 132.56728   -2.2799820465E-01    7.9612568916E-01
 132.66733   -2.2802314721E-01    7.9610583199E-01
 132.76738   -2.2804807164E-01    7.9608598975E-01
 132.86743   -2.2807297798E-01    7.9606616242E-01
 132.96748   -2.2809786623E-01    7.9604634997E-01
 133.06753   -2.2812273644E-01    7.9602655237E-01
 133.16758   -2.2814758863E-01    7.9600676962E-01
 133.26763   -2.2817242282E-01    7.9598700168E-01
 133.36768   -2.2819723904E-01    7.9596724854E-01
 133.46773   -2.2822203732E-01    7.9594751016E-01
 133.56778   -2.2824681769E-01    7.9592778653E-01
 133.66783   -2.2827158016E-01    7.9590807764E-01
 133.76788   -2.2829632478E-01    7.9588838344E-01
 133.86793   -2.2832105156E-01    7.9586870393E-01
 133.96798   -2.2834576052E-01    7.9584903908E-01
 134.06803   -2.2837045171E-01    7.9582938887E-01
 134.16808   -2.2839512513E-01    7.9580975327E-01
 134.26813   -2.2841978082E-01    7.9579013227E-01
 134.36818   -2.2844441881E-01    7.9577052585E-01
 134.46823   -2.2846903912E-01    7.9575093397E-01
 134.56828   -2.2849364177E-01    7.9573135663E-01
 134.66833   -2.2851822680E-01    7.9571179380E-01
 134.76838   -2.2854279422E-01    7.9569224545E-01
 134.86843   -2.2856734406E-01    7.9567271157E-01
 134.96848   -2.2859187635E-01    7.9565319213E-01
 135.06853   -2.2861639112E-01    7.9563368712E-01
 135.16858   -2.2864088839E-01    7.9561419651E-01
 135.26863   -2.2866536818E-01    7.9559472027E-01
 135.36868   -2.2868983052E-01    7.9557525840E-01
 135.46873   -2.2871427544E-01    7.9555581087E-01
 135.56878   -2.2873870296E-01    7.9553637765E-01
 135.66883   -2.2876311311E-01    7.9551695873E-01
 135.76888   -2.2878750591E-01    7.9549755408E-01
 135.86893   -2.2881188138E-01    7.9547816368E-01
 135.96898   -2.2883623956E-01    7.9545878752E-01
 136.06903   -2.2886058046E-01    7.9543942557E-01
 136.16908   -2.2888490412E-01    7.9542007781E-01
 136.26913   -2.2890921055E-01    7.9540074422E-01
 136.36918   -2.2893349978E-01    7.9538142478E-01
 136.46923   -2.2895777184E-01    7.9536211947E-01
 136.56928   -2.2898202676E-01    7.9534282827E-01
 136.66933   -2.2900626454E-01    7.9532355115E-01
 136.76938   -2.2903048523E-01    7.9530428810E-01
 136.86943   -2.2905468884E-01    7.9528503910E-01
 136.96948   -2.2907887541E-01    7.9526580412E-01
 137.06953   -2.2910304494E-01    7.9524658314E-01
 137.16958   -2.2912719748E-01    7.9522737616E-01
 137.26963   -2.2915133304E-01    7.9520818313E-01
 137.36968   -2.2917545164E-01    7.9518900405E-01
 137.46973   -2.2919955332E-01    7.9516983889E-01
 137.56978   -2.2922363809E-01    7.9515068764E-01
 137.66983   -2.2924770598E-01    7.9513155027E-01
 137.76988   -2.2927175702E-01    7.9511242676E-01
 137.86993   -2.2929579122E-01    7.9509331710E-01
 137.96998   -2.2931980862E-01    7.9507422125E-01
 138.07004   -2.2934380923E-01    7.9505513921E-01
 138.17009   -2.2936779308E-01    7.9503607096E-01
 138.27014   -2.2939176020E-01    7.9501701646E-01
 138.37019   -2.2941571060E-01    7.9499797571E-01
 138.47024   -2.2943964432E-01    7.9497894869E-01
 138.57029   -2.2946356137E-01    7.9495993536E-01
 138.67034   -2.2948746178E-01    7.9494093572E-01
 138.77039   -2.2951134557E-01    7.9492194975E-01
 138.87044   -2.2953521276E-01    7.9490297742E-01
 138.97049   -2.2955906339E-01    7.9488401871E-01
 139.07054   -2.2958289747E-01    7.9486507361E-01
 139.17059   -2.2960671502E-01    7.9484614209E-01
 139.27064   -2.2963051608E-01    7.9482722414E-01
 139.37069   -2.2965430065E-01    7.9480831973E-01
 139.47074   -2.2967806878E-01    7.9478942885E-01
 139.57079   -2.2970182047E-01    7.9477055148E-01
 139.67084   -2.2972555575E-01    7.9475168760E-01
 139.77089   -2.2974927466E-01    7.9473283719E-01
 139.87094   -2.2977297719E-01    7.9471400023E-01
 139.97099   -2.2979666340E-01    7.9469517670E-01
 140.07104   -2.2982033328E-01    7.9467636657E-01
 140.17109   -2.2984398687E-01    7.9465756985E-01
 140.27114   -2.2986762420E-01    7.9463878649E-01
 140.37119   -2.2989124527E-01    7.9462001649E-01
 140.47124   -2.2991485012E-01    7.9460125982E-01
 140.57129   -2.2993843877E-01    7.9458251647E-01
 140.67134   -2.2996201125E-01    7.9456378642E-01
 140.77139   -2.2998556756E-01    7.9454506964E-01
 140.87144   -2.3000910774E-01    7.9452636613E-01
 140.97149   -2.3003263182E-01    7.9450767585E-01
 141.07154   -2.3005613980E-01    7.9448899880E-01
 141.17159   -2.3007963171E-01    7.9447033495E-01
 141.27164   -2.3010310759E-01    7.9445168428E-01
 141.37169   -2.3012656744E-01    7.9443304678E-01
 141.47174   -2.3015001129E-01    7.9441442243E-01
 141.57179   -2.3017343917E-01    7.9439581121E-01
 141.67184   -2.3019685109E-01    7.9437721309E-01
 141.77189   -2.3022024707E-01    7.9435862807E-01
 141.87194   -2.3024362715E-01    7.9434005612E-01
 141.97199   -2.3026699134E-01    7.9432149723E-01
 142.07204   -2.3029033966E-01    7.9430295137E-01
 142.17209   -2.3031367214E-01    7.9428441853E-01
 142.27214   -2.3033698880E-01    7.9426589869E-01
 142.37219   -2.3036028965E-01    7.9424739183E-01
 142.47224   -2.3038357473E-01    7.9422889793E-01
 142.57229   -2.3040684405E-01    7.9421041698E-01
 142.67234   -2.3043009763E-01    7.9419194896E-01
 142.77239   -2.3045333550E-01    7.9417349384E-01
 142.87244   -2.3047655768E-01    7.9415505162E-01
 142.97249   -2.3049976419E-01    7.9413662227E-01
 143.07254   -2.3052295505E-01    7.9411820577E-01
 143.17259   -2.3054613028E-01    7.9409980211E-01
 143.27264   -2.3056928991E-01    7.9408141127E-01
 143.37269   -2.3059243395E-01    7.9406303323E-01
 143.47274   -2.3061556243E-01    7.9404466797E-01
 143.57279   -2.3063867537E-01    7.9402631548E-01
 143.67284   -2.3066177278E-01    7.9400797573E-01
 143.77289   -2.3068485470E-01    7.9398964872E-01
 143.87294   -2.3070792114E-01    7.9397133441E-01
 143.97299   -2.3073097212E-01    7.9395303281E-01
 144.07304   -2.3075400767E-01    7.9393474387E-01
 144.17309   -2.3077702780E-01    7.9391646760E-01
 144.27314   -2.3080003254E-01    7.9389820397E-01
 144.37319   -2.3082302191E-01    7.9387995296E-01
 144.47324   -2.3084599592E-01    7.9386171456E-01
 144.57329   -2.3086895460E-01    7.9384348875E-01
 144.67334   -2.3089189798E-01    7.9382527552E-01
 144.77339   -2.3091482606E-01    7.9380707483E-01
 144.87344   -2.3093773888E-01    7.9378888668E-01
 144.97349   -2.3096063645E-01    7.9377071106E-01
 145.07354   -2.3098351879E-01    7.9375254793E-01
 145.17359   -2.3100638592E-01    7.9373439729E-01
 145.27364   -2.3102923787E-01    7.9371625912E-01
 145.37369   -2.3105207466E-01    7.9369813340E-01
 145.47374   -2.3107489630E-01    7.9368002012E-01
 145.57379   -2.3109770281E-01    7.9366191925E-01
 145.67384   -2.3112049422E-01    7.9364383078E-01
 145.77389   -2.3114327055E-01    7.9362575469E-01
 145.87394   -2.3116603182E-01    7.9360769097E-01
 145.97399   -2.3118877804E-01    7.9358963960E-01
 146.07404   -2.3121150924E-01    7.9357160056E-01
 146.17409   -2.3123422544E-01    7.9355357383E-01
 146.27414   -2.3125692665E-01    7.9353555941E-01
 146.37419   -2.3127961291E-01    7.9351755726E-01
 146.47424   -2.3130228422E-01    7.9349956738E-01
 146.57429   -2.3132494061E-01    7.9348158975E-01
 146.67434   -2.3134758210E-01    7.9346362435E-01
 146.77439   -2.3137020871E-01    7.9344567116E-01
 146.87444   -2.3139282045E-01    7.9342773017E-01
 146.97449   -2.3141541736E-01    7.9340980136E-01
 147.07454   -2.3143799944E-01    7.9339188472E-01
 147.17459   -2.3146056672E-01    7.9337398023E-01
 147.27464   -2.3148311921E-01    7.9335608787E-01
 147.37469   -2.3150565695E-01    7.9333820762E-01
 147.47474   -2.3152817994E-01    7.9332033947E-01
 147.57479   -2.3155068821E-01    7.9330248340E-01
 147.67484   -2.3157318177E-01    7.9328463940E-01
 147.77489   -2.3159566065E-01    7.9326680746E-01
 147.87494   -2.3161812487E-01    7.9324898754E-01
 147.97499   -2.3164057444E-01    7.9323117964E-01
 148.07504   -2.3166300938E-01    7.9321338374E-01
 148.17509   -2.3168542972E-01    7.9319559983E-01
 148.27514   -2.3170783547E-01    7.9317782788E-01
 148.37519   -2.3173022665E-01    7.9316006789E-01
 148.47524   -2.3175260329E-01    7.9314231984E-01
 148.57529   -2.3177496540E-01    7.9312458370E-01
 148.67534   -2.3179731299E-01    7.9310685947E-01
 148.77539   -2.3181964610E-01    7.9308914713E-01
 148.87544   -2.3184196474E-01    7.9307144666E-01
 148.97549   -2.3186426892E-01    7.9305375805E-01
 149.07554   -2.3188655867E-01    7.9303608127E-01
 149.17559   -2.3190883401E-01    7.9301841632E-01
 149.27564   -2.3193109495E-01    7.9300076318E-01
 149.37569   -2.3195334151E-01    7.9298312184E-01
 149.47574   -2.3197557372E-01    7.9296549227E-01
 149.57579   -2.3199779159E-01    7.9294787446E-01
 149.67584   -2.3201999514E-01    7.9293026840E-01
 149.77589   -2.3204218439E-01    7.9291267407E-01
 149.87594   -2.3206435935E-01    7.9289509145E-01
 149.97599   -2.3208652006E-01    7.9287752053E-01
 150.07604   -2.3210866652E-01    7.9285996129E-01
 150.17609   -2.3213079875E-01    7.9284241373E-01
 150.27614   -2.3215291678E-01    7.9282487781E-01
 150.37619   -2.3217502062E-01    7.9280735353E-01
 150.47624   -2.3219711029E-01    7.9278984087E-01
 150.57629   -2.3221918580E-01    7.9277233982E-01
 150.67634   -2.3224124719E-01    7.9275485036E-01
 150.77639   -2.3226329445E-01    7.9273737247E-01
 150.87644   -2.3228532763E-01    7.9271990614E-01
 150.97649   -2.3230734672E-01    7.9270245136E-01
 151.07654   -2.3232935176E-01    7.9268500811E-01
 151.17659   -2.3235134275E-01    7.9266757637E-01
 151.27664   -2.3237331973E-01    7.9265015613E-01
 151.37669   -2.3239528269E-01    7.9263274737E-01
 151.47674   -2.3241723167E-01    7.9261535008E-01
 151.57679   -2.3243916669E-01    7.9259796424E-01
 151.67684   -2.3246108775E-01    7.9258058984E-01
 151.77689   -2.3248299488E-01    7.9256322687E-01
 151.87694   -2.3250488809E-01    7.9254587530E-01
 151.97699   -2.3252676741E-01    7.9252853512E-01
 152.07704   -2.3254863286E-01    7.9251120633E-01
 152.17709   -2.3257048444E-01    7.9249388889E-01
 152.27714   -2.3259232218E-01    7.9247658281E-01
 152.37719   -2.3261414609E-01    7.9245928805E-01
 152.47724   -2.3263595620E-01    7.9244200462E-01
 152.57729   -2.3265775252E-01    7.9242473249E-01
 152.67734   -2.3267953507E-01    7.9240747164E-01
 152.77739   -2.3270130387E-01    7.9239022207E-01
 152.87744   -2.3272305893E-01    7.9237298376E-01
 152.97749   -2.3274480027E-01    7.9235575670E-01
 153.07754   -2.3276652791E-01    7.9233854086E-01
 153.17759   -2.3278824187E-01    7.9232133624E-01
 153.27764   -2.3280994217E-01    7.9230414282E-01
 153.37769   -2.3283162882E-01    7.9228696059E-01
 153.47774   -2.3285330183E-01    7.9226978952E-01
 153.57779   -2.3287496124E-01    7.9225262962E-01
 153.67784   -2.3289660705E-01    7.9223548085E-01
 153.77789   -2.3291823928E-01    7.9221834322E-01
 153.87794   -2.3293985796E-01    7.9220121669E-01
 153.97799   -2.3296146308E-01    7.9218410127E-01
 154.07804   -2.3298305469E-01    7.9216699693E-01
 154.17809   -2.3300463278E-01    7.9214990366E-01
 154.27814   -2.3302619739E-01    7.9213282144E-01
 154.37819   -2.3304774852E-01    7.9211575027E-01
 154.47824   -2.3306928619E-01    7.9209869012E-01
 154.57829   -2.3309081042E-01    7.9208164099E-01
 154.67834   -2.3311232123E-01    7.9206460285E-01
 154.77839   -2.3313381864E-01    7.9204757570E-01
 154.87844   -2.3315530266E-01    7.9203055952E-01
 154.97849   -2.3317677330E-01    7.9201355430E-01
 155.07854   -2.3319823059E-01    7.9199656002E-01
 155.17859   -2.3321967455E-01    7.9197957666E-01
 155.27864   -2.3324110518E-01    7.9196260422E-01
 155.37869   -2.3326252251E-01    7.9194564268E-01
 155.47874   -2.3328392655E-01    7.9192869202E-01
 155.57879   -2.3330531732E-01    7.9191175224E-01
 155.67884   -2.3332669484E-01    7.9189482331E-01
 155.77889   -2.3334805912E-01    7.9187790523E-01
 155.87894   -2.3336941018E-01    7.9186099797E-01
 155.97899   -2.3339074804E-01    7.9184410154E-01
 156.07904   -2.3341207271E-01    7.9182721590E-01
 156.17909   -2.3343338421E-01    7.9181034106E-01
 156.27914   -2.3345468256E-01    7.9179347698E-01
 156.37919   -2.3347596777E-01    7.9177662367E-01
 156.47924   -2.3349723986E-01    7.9175978111E-01
 156.57929   -2.3351849884E-01    7.9174294928E-01
 156.67934   -2.3353974474E-01    7.9172612816E-01
 156.77939   -2.3356097757E-01    7.9170931776E-01
 156.87944   -2.3358219734E-01    7.9169251804E-01
 156.97949   -2.3360340408E-01    7.9167572901E-01
 157.07954   -2.3362459779E-01    7.9165895064E-01
 157.17959   -2.3364577850E-01    7.9164218292E-01
 157.27964   -2.3366694622E-01    7.9162542584E-01
 157.37969   -2.3368810096E-01    7.9160867938E-01
 157.47974   -2.3370924275E-01    7.9159194353E-01
 157.57979   -2.3373037160E-01    7.9157521828E-01
 157.67984   -2.3375148752E-01    7.9155850362E-01
 157.77989   -2.3377259054E-01    7.9154179953E-01
 157.87994   -2.3379368066E-01    7.9152510599E-01
 157.97999   -2.3381475790E-01    7.9150842300E-01
 158.08004   -2.3383582229E-01    7.9149175053E-01
 158.18009   -2.3385687383E-01    7.9147508859E-01
 158.28014   -2.3387791254E-01    7.9145843714E-01
 158.38019   -2.3389893844E-01    7.9144179619E-01
 158.48024   -2.3391995155E-01    7.9142516572E-01
 158.58029   -2.3394095187E-01    7.9140854571E-01
 158.68034   -2.3396193943E-01    7.9139193615E-01
 158.78039   -2.3398291424E-01    7.9137533703E-01
 158.88044   -2.3400387632E-01    7.9135874833E-01
 158.98049   -2.3402482567E-01    7.9134217005E-01
 159.08054   -2.3404576233E-01    7.9132560216E-01
 159.18059   -2.3406668630E-01    7.9130904466E-01
 159.28064   -2.3408759760E-01    7.9129249753E-01
 159.38069   -2.3410849625E-01    7.9127596076E-01
 159.48074   -2.3412938226E-01    7.9125943434E-01
 159.58079   -2.3415025564E-01    7.9124291825E-01
 159.68084   -2.3417111642E-01    7.9122641248E-01
 159.78089   -2.3419196460E-01    7.9120991702E-01
 159.88094   -2.3421280021E-01    7.9119343185E-01
 159.98099   -2.3423362325E-01    7.9117695697E-01
 160.08104   -2.3425443375E-01    7.9116049235E-01
 160.18109   -2.3427523172E-01    7.9114403799E-01
 160.28114   -2.3429601718E-01    7.9112759387E-01
 160.38119   -2.3431679013E-01    7.9111115999E-01
 160.48124   -2.3433755060E-01    7.9109473632E-01
 160.58129   -2.3435829860E-01    7.9107832286E-01
 160.68134   -2.3437903415E-01    7.9106191958E-01
 160.78139   -2.3439975725E-01    7.9104552649E-01
 160.88144   -2.3442046794E-01    7.9102914357E-01
 160.98149   -2.3444116621E-01    7.9101277080E-01
 161.08154   -2.3446185210E-01    7.9099640817E-01
 161.18159   -2.3448252560E-01    7.9098005567E-01
 161.28164   -2.3450318674E-01    7.9096371329E-01
 161.38169   -2.3452383554E-01    7.9094738101E-01
 161.48174   -2.3454447200E-01    7.9093105883E-01
 161.58179   -2.3456509614E-01    7.9091474672E-01
 161.68184   -2.3458570798E-01    7.9089844468E-01
 161.78189   -2.3460630753E-01    7.9088215269E-01
 161.88194   -2.3462689481E-01    7.9086587075E-01
 161.98199   -2.3464746984E-01    7.9084959883E-01
 162.08204   -2.3466803261E-01    7.9083333693E-01
 162.18209   -2.3468858317E-01    7.9081708504E-01
 162.28214   -2.3470912150E-01    7.9080084314E-01
 162.38219   -2.3472964764E-01    7.9078461122E-01
 162.48224   -2.3475016160E-01    7.9076838926E-01
 162.58229   -2.3477066338E-01    7.9075217727E-01
 162.68234   -2.3479115301E-01    7.9073597521E-01
 162.78239   -2.3481163050E-01    7.9071978309E-01
 162.88244   -2.3483209587E-01    7.9070360088E-01
 162.98249   -2.3485254913E-01    7.9068742859E-01
 163.08254   -2.3487299029E-01    7.9067126618E-01
 163.18259   -2.3489341937E-01    7.9065511366E-01
 163.28264   -2.3491383638E-01    7.9063897101E-01
 163.38269   -2.3493424134E-01    7.9062283822E-01
 163.48274   -2.3495463426E-01    7.9060671527E-01
 163.58279   -2.3497501516E-01    7.9059060216E-01
 163.68284   -2.3499538405E-01    7.9057449887E-01
 163.78289   -2.3501574095E-01    7.9055840539E-01
 163.88294   -2.3503608587E-01    7.9054232171E-01
 163.98299   -2.3505641882E-01    7.9052624781E-01
 164.08304   -2.3507673982E-01    7.9051018369E-01
 164.18309   -2.3509704888E-01    7.9049412933E-01
 164.28314   -2.3511734602E-01    7.9047808473E-01
 164.38319   -2.3513763126E-01    7.9046204986E-01
 164.48324   -2.3515790459E-01    7.9044602471E-01
 164.58329   -2.3517816605E-01    7.9043000929E-01
 164.68334   -2.3519841565E-01    7.9041400356E-01
 164.78339   -2.3521865339E-01    7.9039800753E-01
 164.88344   -2.3523887929E-01    7.9038202118E-01
 164.98349   -2.3525909338E-01    7.9036604449E-01
 165.08354   -2.3527929565E-01    7.9035007746E-01
 165.18359   -2.3529948613E-01    7.9033412008E-01
 165.28364   -2.3531966482E-01    7.9031817233E-01
 165.38369   -2.3533983175E-01    7.9030223420E-01
 165.48374   -2.3535998693E-01    7.9028630568E-01
 165.58379   -2.3538013037E-01    7.9027038675E-01
 165.68384   -2.3540026208E-01    7.9025447742E-01
 165.78389   -2.3542038208E-01    7.9023857766E-01
 165.88394   -2.3544049039E-01    7.9022268746E-01
 165.98399   -2.3546058701E-01    7.9020680681E-01
 166.08404   -2.3548067196E-01    7.9019093570E-01
 166.18409   -2.3550074525E-01    7.9017507413E-01
 166.28414   -2.3552080691E-01    7.9015922207E-01
 166.38419   -2.3554085693E-01    7.9014337951E-01
 166.48424   -2.3556089534E-01    7.9012754645E-01
 166.58429   -2.3558092216E-01    7.9011172288E-01
 166.68434   -2.3560093738E-01    7.9009590877E-01
 166.78439   -2.3562094103E-01    7.9008010413E-01
 166.88444   -2.3564093312E-01    7.9006430893E-01
 166.98449   -2.3566091366E-01    7.9004852318E-01
 167.08454   -2.3568088268E-01    7.9003274685E-01
 167.18459   -2.3570084017E-01    7.9001697993E-01
 167.28464   -2.3572078616E-01    7.9000122242E-01
 167.38469   -2.3574072065E-01    7.8998547430E-01
 167.48474   -2.3576064367E-01    7.8996973556E-01
 167.58479   -2.3578055522E-01    7.8995400619E-01
 167.68484   -2.3580045533E-01    7.8993828619E-01
 167.78489   -2.3582034399E-01    7.8992257552E-01
 167.88494   -2.3584022123E-01    7.8990687420E-01
 167.98499   -2.3586008706E-01    7.8989118220E-01
 168.08504   -2.3587994148E-01    7.8987549952E-01
 168.18509   -2.3589978453E-01    7.8985982614E-01
 168.28514   -2.3591961620E-01    7.8984416205E-01
 168.38519   -2.3593943652E-01    7.8982850725E-01
 168.48524   -2.3595924549E-01    7.8981286171E-01
 168.58529   -2.3597904313E-01    7.8979722544E-01
 168.68534   -2.3599882945E-01    7.8978159841E-01
 168.78539   -2.3601860447E-01    7.8976598062E-01
 168.88544   -2.3603836820E-01    7.8975037205E-01
 168.98549   -2.3605812064E-01    7.8973477271E-01
 169.08554   -2.3607786182E-01    7.8971918256E-01
 169.18559   -2.3609759175E-01    7.8970360161E-01
 169.28564   -2.3611731044E-01    7.8968802985E-01
 169.38569   -2.3613701790E-01    7.8967246725E-01
 169.48574   -2.3615671415E-01    7.8965691382E-01
 169.58579   -2.3617639920E-01    7.8964136954E-01
 169.68584   -2.3619607306E-01    7.8962583440E-01
 169.78589   -2.3621573575E-01    7.8961030838E-01
 169.88594   -2.3623538728E-01    7.8959479149E-01
 169.98599   -2.3625502766E-01    7.8957928370E-01
 170.08604   -2.3627465690E-01    7.8956378501E-01
 170.18609   -2.3629427502E-01    7.8954829540E-01
 170.28614   -2.3631388203E-01    7.8953281487E-01
 170.38619   -2.3633347794E-01    7.8951734341E-01
 170.48624   -2.3635306277E-01    7.8950188100E-01
 170.58629   -2.3637263653E-01    7.8948642763E-01
 170.68634   -2.3639219922E-01    7.8947098330E-01
 170.78639   -2.3641175088E-01    7.8945554799E-01
 170.88644   -2.3643129150E-01    7.8944012169E-01
 170.98649   -2.3645082109E-01    7.8942470439E-01
 171.08654   -2.3647033969E-01    7.8940929608E-01
 171.18659   -2.3648984728E-01    7.8939389676E-01
 171.28664   -2.3650934389E-01    7.8937850640E-01
 171.38669   -2.3652882954E-01    7.8936312500E-01
 171.48674   -2.3654830422E-01    7.8934775255E-01
 171.58679   -2.3656776796E-01    7.8933238904E-01
 171.68684   -2.3658722077E-01    7.8931703446E-01
 171.78689   -2.3660666266E-01    7.8930168879E-01
 171.88694   -2.3662609364E-01    7.8928635203E-01
 171.98699   -2.3664551373E-01    7.8927102417E-01
 172.08704   -2.3666492294E-01    7.8925570520E-01
 172.18709   -2.3668432127E-01    7.8924039510E-01
 172.28714   -2.3670370875E-01    7.8922509387E-01
 172.38719   -2.3672308538E-01    7.8920980149E-01
 172.48724   -2.3674245118E-01    7.8919451796E-01
 172.58729   -2.3676180616E-01    7.8917924327E-01
 172.68734   -2.3678115033E-01    7.8916397740E-01
 172.78739   -2.3680048370E-01    7.8914872034E-01
 172.88744   -2.3681980630E-01    7.8913347209E-01
 172.98749   -2.3683911812E-01    7.8911823263E-01
 173.08754   -2.3685841918E-01    7.8910300196E-01
 173.18759   -2.3687770949E-01    7.8908778006E-01
 173.28764   -2.3689698908E-01    7.8907256693E-01
 173.38769   -2.3691625793E-01    7.8905736255E-01
 173.48774   -2.3693551608E-01    7.8904216691E-01
 173.58779   -2.3695476353E-01    7.8902698000E-01
 173.68784   -2.3697400030E-01    7.8901180182E-01
 173.78789   -2.3699322639E-01    7.8899663236E-01
 173.88794   -2.3701244182E-01    7.8898147159E-01
 173.98799   -2.3703164659E-01    7.8896631953E-01
 174.08804   -2.3705084074E-01    7.8895117614E-01
 174.18809   -2.3707002425E-01    7.8893604143E-01
 174.28814   -2.3708919715E-01    7.8892091538E-01
 174.38819   -2.3710835945E-01    7.8890579798E-01
 174.48824   -2.3712751116E-01    7.8889068923E-01
 174.58829   -2.3714665230E-01    7.8887558912E-01
 174.68834   -2.3716578286E-01    7.8886049762E-01
 174.78839   -2.3718490288E-01    7.8884541474E-01
 174.88844   -2.3720401235E-01    7.8883034047E-01
 174.98849   -2.3722311129E-01    7.8881527479E-01
 175.08854   -2.3724219971E-01    7.8880021769E-01
 175.18859   -2.3726127763E-01    7.8878516917E-01
 175.28864   -2.3728034505E-01    7.8877012922E-01
 175.38869   -2.3729940199E-01    7.8875509782E-01
 175.48874   -2.3731844845E-01    7.8874007496E-01
 175.58879   -2.3733748446E-01    7.8872506065E-01
 175.68884   -2.3735651002E-01    7.8871005485E-01
 175.78889   -2.3737552514E-01    7.8869505758E-01
 175.88894   -2.3739452984E-01    7.8868006881E-01
 175.98899   -2.3741352413E-01    7.8866508853E-01
 176.08904   -2.3743250801E-01    7.8865011675E-01
 176.18909   -2.3745148151E-01    7.8863515344E-01
 176.28914   -2.3747044462E-01    7.8862019860E-01
 176.38919   -2.3748939737E-01    7.8860525222E-01
 176.48924   -2.3750833977E-01    7.8859031429E-01
 176.58929   -2.3752727182E-01    7.8857538480E-01
 176.68934   -2.3754619354E-01    7.8856046374E-01
 176.78939   -2.3756510494E-01    7.8854555110E-01
 176.88944   -2.3758400603E-01    7.8853064687E-01
 176.98949   -2.3760289683E-01    7.8851575104E-01
 177.08954   -2.3762177734E-01    7.8850086360E-01
 177.18959   -2.3764064757E-01    7.8848598454E-01
 177.28964   -2.3765950754E-01    7.8847111386E-01
 177.38969   -2.3767835726E-01    7.8845625154E-01
 177.48974   -2.3769719674E-01    7.8844139758E-01
 177.58979   -2.3771602599E-01    7.8842655196E-01
 177.68984   -2.3773484502E-01    7.8841171467E-01
 177.78989   -2.3775365385E-01    7.8839688571E-01
 177.88994   -2.3777245248E-01    7.8838206507E-01
 177.98999   -2.3779124092E-01    7.8836725274E-01
 178.09005   -2.3781001920E-01    7.8835244870E-01
 178.19010   -2.3782878731E-01    7.8833765295E-01
 178.29015   -2.3784754527E-01    7.8832286548E-01
 178.39020   -2.3786629310E-01    7.8830808628E-01
 178.49025   -2.3788503079E-01    7.8829331534E-01
 178.59030   -2.3790375837E-01    7.8827855266E-01
 178.69035   -2.3792247584E-01    7.8826379821E-01
 178.79040   -2.3794118322E-01    7.8824905200E-01
 178.89045   -2.3795988052E-01    7.8823431401E-01
 178.99050   -2.3797856774E-01    7.8821958424E-01
 179.09055   -2.3799724491E-01    7.8820486267E-01
 179.19060   -2.3801591202E-01    7.8819014930E-01
 179.29065   -2.3803456909E-01    7.8817544411E-01
 179.39070   -2.3805321614E-01    7.8816074711E-01
 179.49075   -2.3807185317E-01    7.8814605827E-01
 179.59080   -2.3809048019E-01    7.8813137759E-01
 179.69085   -2.3810909722E-01    7.8811670506E-01
 179.79090   -2.3812770426E-01    7.8810204068E-01
 179.89095   -2.3814630133E-01    7.8808738443E-01
 179.99100   -2.3816488844E-01    7.8807273630E-01
 180.09105   -2.3818346560E-01    7.8805809628E-01
 180.19110   -2.3820203281E-01    7.8804346437E-01
 180.29115   -2.3822059010E-01    7.8802884056E-01
 180.39120   -2.3823913747E-01    7.8801422484E-01
 180.49125   -2.3825767492E-01    7.8799961719E-01
 180.59130   -2.3827620249E-01    7.8798501761E-01
 180.69135   -2.3829472016E-01    7.8797042610E-01
 180.79140   -2.3831322796E-01    7.8795584263E-01
 180.89145   -2.3833172590E-01    7.8794126721E-01
 180.99150   -2.3835021398E-01    7.8792669983E-01
 181.09155   -2.3836869221E-01    7.8791214047E-01
 181.19160   -2.3838716062E-01    7.8789758912E-01
 181.29165   -2.3840561920E-01    7.8788304578E-01
 181.39170   -2.3842406797E-01    7.8786851044E-01
 181.49175   -2.3844250693E-01    7.8785398310E-01
 181.59180   -2.3846093611E-01    7.8783946373E-01
 181.69185   -2.3847935551E-01    7.8782495233E-01
 181.79190   -2.3849776514E-01    7.8781044890E-01
 181.89195   -2.3851616501E-01    7.8779595342E-01
 181.99200   -2.3853455513E-01    7.8778146589E-01
 182.09205   -2.3855293552E-01    7.8776698630E-01
 182.19210   -2.3857130618E-01    7.8775251463E-01
 182.29215   -2.3858966712E-01    7.8773805089E-01
 182.39220   -2.3860801836E-01    7.8772359505E-01
 182.49225   -2.3862635990E-01    7.8770914712E-01
 182.59230   -2.3864469175E-01    7.8769470709E-01
 182.69235   -2.3866301393E-01    7.8768027493E-01
 182.79240   -2.3868132645E-01    7.8766585066E-01
 182.89245   -2.3869962931E-01    7.8765143425E-01
 182.99250   -2.3871792253E-01    7.8763702570E-01
 183.09255   -2.3873620611E-01    7.8762262500E-01
 183.19260   -2.3875448008E-01    7.8760823215E-01
 183.29265   -2.3877274443E-01    7.8759384713E-01
 183.39270   -2.3879099917E-01    7.8757946993E-01
 183.49275   -2.3880924433E-01    7.8756510055E-01
 183.59280   -2.3882747990E-01    7.8755073898E-01
 183.69285   -2.3884570591E-01    7.8753638521E-01
 183.79290   -2.3886392235E-01    7.8752203923E-01
 183.89295   -2.3888212924E-01    7.8750770103E-01
 183.99300   -2.3890032659E-01    7.8749337061E-01
 184.09305   -2.3891851441E-01    7.8747904795E-01
 184.19310   -2.3893669271E-01    7.8746473305E-01
 184.29315   -2.3895486150E-01    7.8745042590E-01
 184.39320   -2.3897302079E-01    7.8743612649E-01
 184.49325   -2.3899117059E-01    7.8742183481E-01
 184.59330   -2.3900931091E-01    7.8740755086E-01
 184.69335   -2.3902744176E-01    7.8739327462E-01
 184.79340   -2.3904556315E-01    7.8737900608E-01
 184.89345   -2.3906367510E-01    7.8736474525E-01
 184.99350   -2.3908177760E-01    7.8735049211E-01
 185.09355   -2.3909987067E-01    7.8733624665E-01
 185.19360   -2.3911795433E-01    7.8732200886E-01
 185.29365   -2.3913602857E-01    7.8730777874E-01
 185.39370   -2.3915409341E-01    7.8729355627E-01
 185.49375   -2.3917214887E-01    7.8727934146E-01
 185.59380   -2.3919019495E-01    7.8726513428E-01
 185.69385   -2.3920823165E-01    7.8725093474E-01
 185.79390   -2.3922625900E-01    7.8723674282E-01
 185.89395   -2.3924427700E-01    7.8722255852E-01
 185.99400   -2.3926228565E-01    7.8720838183E-01
 186.09405   -2.3928028498E-01    7.8719421273E-01
 186.19410   -2.3929827499E-01    7.8718005123E-01
 186.29415   -2.3931625568E-01    7.8716589731E-01
 186.39420   -2.3933422708E-01    7.8715175097E-01
 186.49425   -2.3935218919E-01    7.8713761219E-01
 186.59430   -2.3937014201E-01    7.8712348098E-01
 186.69435   -2.3938808557E-01    7.8710935731E-01
 186.79440   -2.3940601986E-01    7.8709524119E-01
 186.89445   -2.3942394490E-01    7.8708113260E-01
 186.99450   -2.3944186070E-01    7.8706703154E-01
 187.09455   -2.3945976727E-01    7.8705293800E-01
 187.19460   -2.3947766461E-01    7.8703885196E-01
 187.29465   -2.3949555274E-01    7.8702477344E-01
 187.39470   -2.3951343167E-01    7.8701070240E-01
 187.49475   -2.3953130141E-01    7.8699663885E-01
 187.59480   -2.3954916196E-01    7.8698258278E-01
 187.69485   -2.3956701334E-01    7.8696853419E-01
 187.79490   -2.3958485555E-01    7.8695449305E-01
 187.89495   -2.3960268861E-01    7.8694045937E-01
 187.99500   -2.3962051252E-01    7.8692643314E-01
 188.09505   -2.3963832730E-01    7.8691241434E-01
 188.19510   -2.3965613295E-01    7.8689840298E-01
 188.29515   -2.3967392949E-01    7.8688439904E-01
 188.39520   -2.3969171692E-01    7.8687040251E-01
 188.49525   -2.3970949525E-01    7.8685641340E-01
 188.59530   -2.3972726449E-01    7.8684243168E-01
 188.69535   -2.3974502465E-01    7.8682845735E-01
 188.79540   -2.3976277574E-01    7.8681449041E-01
 188.89545   -2.3978051778E-01    7.8680053085E-01
 188.99550   -2.3979825076E-01    7.8678657865E-01
 189.09555   -2.3981597471E-01    7.8677263381E-01
 189.19560   -2.3983368962E-01    7.8675869633E-01
 189.29565   -2.3985139551E-01    7.8674476619E-01
 189.39570   -2.3986909238E-01    7.8673084339E-01
 189.49575   -2.3988678026E-01    7.8671692791E-01
 189.59580   -2.3990445913E-01    7.8670301976E-01
 189.69585   -2.3992212903E-01    7.8668911893E-01
 189.79590   -2.3993978995E-01    7.8667522540E-01
 189.89595   -2.3995744190E-01    7.8666133917E-01
 189.99600   -2.3997508490E-01    7.8664746023E-01
 190.09605   -2.3999271894E-01    7.8663358857E-01
 190.19610   -2.4001034405E-01    7.8661972419E-01
 190.29615   -2.4002796023E-01    7.8660586707E-01
 190.39620   -2.4004556749E-01    7.8659201722E-01
 190.49625   -2.4006316585E-01    7.8657817462E-01
 190.59630   -2.4008075529E-01    7.8656433927E-01
 190.69635   -2.4009833585E-01    7.8655051115E-01
 190.79640   -2.4011590752E-01    7.8653669026E-01
 190.89645   -2.4013347032E-01    7.8652287660E-01
 190.99650   -2.4015102426E-01    7.8650907015E-01
 191.09655   -2.4016856934E-01    7.8649527091E-01
 191.19660   -2.4018610557E-01    7.8648147886E-01
 191.29665   -2.4020363296E-01    7.8646769401E-01
 191.39670   -2.4022115153E-01    7.8645391635E-01
 191.49675   -2.4023866128E-01    7.8644014586E-01
 191.59680   -2.4025616221E-01    7.8642638254E-01
 191.69685   -2.4027365435E-01    7.8641262638E-01
 191.79690   -2.4029113769E-01    7.8639887738E-01
 191.89695   -2.4030861225E-01    7.8638513553E-01
 191.99700   -2.4032607804E-01    7.8637140081E-01
 192.09705   -2.4034353506E-01    7.8635767323E-01
 192.19710   -2.4036098332E-01    7.8634395277E-01
 192.29715   -2.4037842284E-01    7.8633023943E-01
 192.39720   -2.4039585362E-01    7.8631653320E-01
 192.49725   -2.4041327567E-01    7.8630283408E-01
 192.59730   -2.4043068900E-01    7.8628914205E-01
 192.69735   -2.4044809362E-01    7.8627545710E-01
 192.79740   -2.4046548953E-01    7.8626177924E-01
 192.89745   -2.4048287675E-01    7.8624810845E-01
 192.99750   -2.4050025529E-01    7.8623444473E-01
 193.09755   -2.4051762515E-01    7.8622078807E-01
 193.19760   -2.4053498634E-01    7.8620713846E-01
 193.29765   -2.4055233887E-01    7.8619349589E-01
 193.39770   -2.4056968276E-01    7.8617986036E-01
 193.49775   -2.4058701800E-01    7.8616623186E-01
 193.59780   -2.4060434461E-01    7.8615261038E-01
 193.69785   -2.4062166260E-01    7.8613899591E-01
 193.79790   -2.4063897198E-01    7.8612538846E-01
 193.89795   -2.4065627274E-01    7.8611178800E-01
 193.99800   -2.4067356491E-01    7.8609819454E-01
 194.09805   -2.4069084850E-01    7.8608460807E-01
 194.19810   -2.4070812350E-01    7.8607102857E-01
 194.29815   -2.4072538993E-01    7.8605745605E-01
 194.39820   -2.4074264780E-01    7.8604389049E-01
 194.49825   -2.4075989711E-01    7.8603033188E-01
 194.59830   -2.4077713788E-01    7.8601678023E-01
 194.69835   -2.4079437012E-01    7.8600323552E-01
 194.79840   -2.4081159383E-01    7.8598969775E-01
 194.89845   -2.4082880901E-01    7.8597616691E-01
 194.99850   -2.4084601569E-01    7.8596264299E-01
 195.09855   -2.4086321386E-01    7.8594912598E-01
 195.19860   -2.4088040354E-01    7.8593561588E-01
 195.29865   -2.4089758474E-01    7.8592211268E-01
 195.39870   -2.4091475746E-01    7.8590861638E-01
 195.49875   -2.4093192171E-01    7.8589512696E-01
 195.59880   -2.4094907751E-01    7.8588164442E-01
 195.69885   -2.4096622485E-01    7.8586816876E-01
 195.79890   -2.4098336375E-01    7.8585469996E-01
 195.89895   -2.4100049421E-01    7.8584123801E-01
 195.99900   -2.4101761625E-01    7.8582778292E-01
 196.09905   -2.4103472988E-01    7.8581433468E-01
 196.19910   -2.4105183509E-01    7.8580089327E-01
 196.29915   -2.4106893191E-01    7.8578745869E-01
 196.39920   -2.4108602033E-01    7.8577403094E-01
 196.49925   -2.4110310037E-01    7.8576061000E-01
 196.59930   -2.4112017204E-01    7.8574719587E-01
 196.69935   -2.4113723534E-01    7.8573378855E-01
 196.79940   -2.4115429028E-01    7.8572038802E-01
 196.89945   -2.4117133687E-01    7.8570699428E-01
 196.99950   -2.4118837512E-01    7.8569360732E-01
 197.09955   -2.4120540504E-01    7.8568022714E-01
 197.19960   -2.4122242663E-01    7.8566685372E-01
 197.29965   -2.4123943990E-01    7.8565348707E-01
 197.39970   -2.4125644487E-01    7.8564012717E-01
 197.49975   -2.4127344154E-01    7.8562677402E-01
 197.59980   -2.4129042991E-01    7.8561342761E-01
 197.69985   -2.4130741001E-01    7.8560008794E-01
 197.79990   -2.4132438182E-01    7.8558675499E-01
 197.89995   -2.4134134537E-01    7.8557342876E-01
 198.00000   -2.4135830067E-01    7.8556010925E-01
 198.10005   -2.4137524771E-01    7.8554679644E-01
 198.20010   -2.4139218651E-01    7.8553349033E-01
 198.30015   -2.4140911707E-01    7.8552019092E-01
 198.40020   -2.4142603941E-01    7.8550689820E-01
 198.50025   -2.4144295353E-01    7.8549361215E-01
 198.60030   -2.4145985944E-01    7.8548033278E-01
 198.70035   -2.4147675715E-01    7.8546706007E-01
 198.80040   -2.4149364667E-01    7.8545379402E-01
 198.90045   -2.4151052800E-01    7.8544053463E-01
 199.00050   -2.4152740115E-01    7.8542728188E-01
 199.10055   -2.4154426613E-01    7.8541403578E-01
 199.20060   -2.4156112296E-01    7.8540079630E-01
 199.30065   -2.4157797163E-01    7.8538756345E-01
 199.40070   -2.4159481215E-01    7.8537433723E-01
 199.50075   -2.4161164454E-01    7.8536111761E-01
 199.60080   -2.4162846880E-01    7.8534790461E-01
 199.70085   -2.4164528494E-01    7.8533469820E-01
 199.80090   -2.4166209296E-01    7.8532149838E-01
 199.90095   -2.4167889288E-01    7.8530830516E-01
 200.00100   -2.4169568471E-01    7.8529511851E-01
