# r, u_l, exp(u_l)  X-he3  l=         0
   0.00100   -5.0100050025E-01    6.0592412910E-01
   0.10105   -6.0105052526E-01    5.4823539834E-01
   0.20110   -7.0110055028E-01    4.9603908732E-01
   0.30115   -8.0115057529E-01    4.4881227462E-01
   0.40120   -9.0120060030E-01    4.0608182499E-01
   0.50125   -1.0012506253E+00    3.6741964940E-01
   0.60130   -1.1013006503E+00    3.3243841625E-01
   0.70135   -1.2013506753E+00    3.0078767093E-01
   0.80140   -1.3014007004E+00    2.7215032488E-01
   0.90145   -1.4014507254E+00    2.4623947884E-01
   1.00150   -1.5015007504E+00    2.2279554862E-01
   1.10155   -1.6015507754E+00    2.0158366449E-01
   1.20160   -1.7016008004E+00    1.8239131814E-01
   1.30165   -1.8016508254E+00    1.6502623373E-01
   1.40170   -1.9017008504E+00    1.4931444159E-01
   1.50175   -2.0017508754E+00    1.3509853533E-01
   1.60180   -2.1018009005E+00    1.2223609487E-01
   1.70185   -2.2018509255E+00    1.1059825966E-01
   1.80190   -2.3019009505E+00    1.0006843766E-01
   1.90195   -2.4019509755E+00    9.0541137324E-02
   2.00200   -2.5020010005E+00    8.1920910725E-02
   2.10205   -2.6020510255E+00    7.4121397327E-02
   2.20210   -2.7021010505E+00    6.7064458795E-02
   2.30215   -2.8021510755E+00    6.0679396174E-02
   2.40220   -2.9022011006E+00    5.4902241608E-02
   2.50225   -3.0022511256E+00    4.9675117481E-02
   2.60230   -3.1023011506E+00    4.4945656579E-02
   2.70235   -3.2023511756E+00    4.0666477458E-02
   2.80240   -3.3024012006E+00    3.6794709762E-02
   2.90245   -3.4024512256E+00    3.3291564726E-02
   3.00250   -3.5025012506E+00    3.0121946581E-02
   3.10255   -3.6025512756E+00    2.7254100949E-02
   3.20260   -3.7026013007E+00    2.4659296722E-02
   3.30265   -3.8026513257E+00    2.2311538213E-02
   3.40270   -3.9027013507E+00    2.0187304734E-02
   3.50275   -4.0027513757E+00    1.8265314947E-02
   3.60280   -4.1028014007E+00    1.6526313667E-02
   3.70285   -4.2028514257E+00    1.4952878951E-02
   3.80290   -4.3029014507E+00    1.3529247565E-02
   3.90295   -4.4029514757E+00    1.2241157055E-02
   4.00300   -4.5030015008E+00    1.1075702867E-02
   4.10305   -4.6030515258E+00    1.0021209062E-02
   4.20310   -4.7031015508E+00    9.0671113393E-03
   4.30315   -4.8031515758E+00    8.2038512053E-03
   4.40320   -4.9032016008E+00    7.4227802086E-03
   4.50325   -5.0032516258E+00    6.7160732985E-03
   4.60330   -5.1033016508E+00    6.0766504307E-03
   4.70335   -5.2033516758E+00    5.4981056363E-03
   4.80340   -5.3034017009E+00    4.9746428452E-03
   4.90345   -5.4034517259E+00    4.5010178186E-03
   5.00350   -5.5035017509E+00    4.0724856103E-03
   5.10355   -5.6035517759E+00    3.6847530302E-03
   5.20360   -5.7036018009E+00    3.3339356336E-03
   5.30365   -5.8036518259E+00    3.0165188054E-03
   5.40370   -5.9037018509E+00    2.7293225496E-03
   5.50375   -6.0037518759E+00    2.4694696304E-03
   5.60380   -6.1038019010E+00    2.2343567478E-03
   5.70385   -6.2038519260E+00    2.0216284561E-03
   5.80390   -6.3039019510E+00    1.8291535667E-03
   5.90395   -6.4039519760E+00    1.6550037968E-03
   6.00400   -6.5040020010E+00    1.4974344513E-03
   6.10405   -6.6040520260E+00    1.3548669437E-03
   6.20410   -6.7041020510E+00    1.2258729813E-03
   6.30415   -6.8041520760E+00    1.1091602561E-03
   6.40420   -6.9042021011E+00    1.0035594980E-03
   6.50425   -7.0042521261E+00    9.0801276049E-04
   6.60430   -7.1043021511E+00    8.2156282202E-04
   6.70435   -7.2043521761E+00    7.4334359593E-04
   6.80440   -7.3044022011E+00    6.7257145382E-04
   6.90445   -7.4044522261E+00    6.0853737487E-04
   7.00450   -7.5045022511E+00    5.5059984260E-04
   7.10455   -7.6045522761E+00    4.9817841794E-04
   7.20460   -7.7046023012E+00    4.5074792418E-04
   7.30465   -7.8046523262E+00    4.0783318553E-04
   7.40470   -7.9047023512E+00    3.6900426668E-04
   7.50475   -8.0047523762E+00    3.3387216553E-04
   7.60480   -8.1048024012E+00    3.0208491603E-04
   7.70485   -8.2048524262E+00    2.7332406207E-04
   7.80490   -8.3049024512E+00    2.4730146704E-04
   7.90495   -8.4049524762E+00    2.2375642722E-04
   8.00500   -8.5050025013E+00    2.0245305990E-04
   8.10505   -8.6050525263E+00    1.8317794029E-04
   8.20510   -8.7051025513E+00    1.6573796328E-04
   8.30515   -8.8051525763E+00    1.4995840890E-04
   8.40520   -8.9052026013E+00    1.3568119190E-04
   8.50525   -9.0052526263E+00    1.2276327797E-04
   8.60530   -9.1053026513E+00    1.1107525079E-04
   8.70535   -9.2053526763E+00    1.0050001549E-04
   8.80540   -9.3054027014E+00    9.0931625559E-05
   8.90545   -9.4054527264E+00    8.2274221417E-05
   9.00550   -9.5055027514E+00    7.4441070069E-05
   9.10555   -9.6055527764E+00    6.7353696183E-05
   9.20560   -9.7056028014E+00    6.0941095894E-05
   9.30565   -9.8056528264E+00    5.5139025462E-05
   9.40570   -9.9057028514E+00    4.9889357654E-05
   9.50575   -1.0005752876E+01    4.5139499406E-05
   9.60580   -1.0105802901E+01    4.0841864928E-05
   9.70585   -1.0205852926E+01    3.6953398969E-05
   9.80590   -1.0305902951E+01    3.3435145475E-05
   9.90595   -1.0405952976E+01    3.0251857316E-05
  10.00600   -1.0506003002E+01    2.7371643164E-05
  10.10605   -1.0606053027E+01    2.4765647995E-05
  10.20610   -1.0706103052E+01    2.2407764011E-05
  10.30615   -1.0806153077E+01    2.0274369081E-05
  10.40620   -1.0906203102E+01    1.8344090085E-05
  10.50625   -1.1006253127E+01    1.6597588793E-05
  10.60630   -1.1106303152E+01    1.5017368127E-05
  10.70635   -1.1206353177E+01    1.3587596865E-05
  10.80640   -1.1306403202E+01    1.2293951044E-05
  10.90645   -1.1406453227E+01    1.1123470454E-05
  11.00650   -1.1506503252E+01    1.0064428800E-05
  11.10655   -1.1606553277E+01    9.1062162192E-06
  11.20660   -1.1706603302E+01    8.2392329938E-06
  11.30665   -1.1806653327E+01    7.4547933733E-06
  11.40670   -1.1906703352E+01    6.7450385588E-06
  11.50675   -1.2006753377E+01    6.1028579709E-06
  11.60680   -1.2106803402E+01    5.5218180131E-06
  11.70685   -1.2206853427E+01    4.9960976177E-06
  11.80690   -1.2306903452E+01    4.5204299285E-06
  11.90695   -1.2406953477E+01    4.0900495350E-06
  12.00700   -1.2507003502E+01    3.7006447315E-06
  12.10705   -1.2607053527E+01    3.3483143202E-06
  12.20710   -1.2707103552E+01    3.0295285283E-06
  12.30715   -1.2807153577E+01    2.7410936447E-06
  12.40720   -1.2907203602E+01    2.4801200250E-06
  12.50725   -1.3007253627E+01    2.2439931412E-06
  12.60730   -1.3107303652E+01    2.0303473893E-06
  12.70735   -1.3207353677E+01    1.8370423891E-06
  12.80740   -1.3307403702E+01    1.6621415414E-06
  12.90745   -1.3407453727E+01    1.5038926266E-06
  13.00750   -1.3507503752E+01    1.3607102500E-06
  13.10755   -1.3607553777E+01    1.2311599590E-06
  13.20760   -1.3707603802E+01    1.1139438720E-06
  13.30765   -1.3807653827E+01    1.0078876762E-06
  13.40770   -1.3907703852E+01    9.1192886217E-07
  13.50775   -1.4007753877E+01    8.2510608010E-07
  13.60780   -1.4107803902E+01    7.4654950804E-07
  13.70785   -1.4207853927E+01    6.7547213794E-07
  13.80790   -1.4307903952E+01    6.1116189111E-07
  13.90795   -1.4407953977E+01    5.5297448430E-07
  14.00800   -1.4508004002E+01    5.0032697513E-07
  14.10805   -1.4608054027E+01    4.5269192186E-07
  14.20810   -1.4708104052E+01    4.0959209938E-07
  14.30815   -1.4808154077E+01    3.7059571813E-07
  14.40820   -1.4908204102E+01    3.3531209832E-07
  14.50825   -1.5008254127E+01    3.0338775592E-07
  14.60830   -1.5108304152E+01    2.7450286138E-07
  14.70835   -1.5208354177E+01    2.4836803541E-07
  14.80840   -1.5308404202E+01    2.2472144991E-07
  14.90845   -1.5408454227E+01    2.0332620486E-07
  15.00850   -1.5508504252E+01    1.8396795500E-07
  15.10855   -1.5608554277E+01    1.6645276239E-07
  15.20860   -1.5708604302E+01    1.5060515353E-07
  15.30865   -1.5808654327E+01    1.3626636137E-07
  15.40870   -1.5908704352E+01    1.2329273471E-07
  15.50875   -1.6008754377E+01    1.1155429909E-07
  15.60880   -1.6108804402E+01    1.0093345464E-07
  15.70885   -1.6208854427E+01    9.1323797902E-08
  15.80890   -1.6308904452E+01    8.2629055876E-08
  15.90895   -1.6408954477E+01    7.4762121504E-08
  16.00900   -1.6509004502E+01    6.7644181003E-08
  16.10905   -1.6609054527E+01    6.1203924280E-08
  16.20910   -1.6709104552E+01    5.5376830523E-08
  16.30915   -1.6809154577E+01    5.0104521808E-08
  16.40920   -1.6909204602E+01    4.5334178245E-08
  16.50925   -1.7009254627E+01    4.1018008814E-08
  16.60930   -1.7109304652E+01    3.7112772575E-08
  16.70935   -1.7209354677E+01    3.3579345464E-08
  16.80940   -1.7309404702E+01    3.0382328334E-08
  16.90945   -1.7409454727E+01    2.7489692317E-08
  17.00950   -1.7509504752E+01    2.4872457943E-08
  17.10955   -1.7609554777E+01    2.2504404814E-08
  17.20960   -1.7709604802E+01    2.0361808921E-08
  17.30965   -1.7809654827E+01    1.8423204967E-08
  17.40970   -1.7909704852E+01    1.6669171318E-08
  17.50975   -1.8009754877E+01    1.5082135433E-08
  17.60980   -1.8109804902E+01    1.3646197815E-08
  17.70985   -1.8209854927E+01    1.2346972724E-08
  17.80990   -1.8309904952E+01    1.1171444055E-08
  17.90995   -1.8409954977E+01    1.0107834937E-08
  18.01001   -1.8510005003E+01    9.1454897517E-09
  18.11006   -1.8610055028E+01    8.2747673779E-09
  18.21011   -1.8710105053E+01    7.4869446052E-09
  18.31016   -1.8810155078E+01    6.7741287412E-09
  18.41021   -1.8910205103E+01    6.1291785397E-09
  18.51026   -1.9010255128E+01    5.5456326573E-09
  18.61031   -1.9110305153E+01    5.0176449209E-09
  18.71036   -1.9210355178E+01    4.5399257594E-09
  18.81041   -1.9310405203E+01    4.1076892098E-09
  18.91046   -1.9410455228E+01    3.7166049709E-09
  19.01051   -1.9510505253E+01    3.3627550196E-09
  19.11056   -1.9610555278E+01    3.0425943598E-09
  19.21061   -1.9710605303E+01    2.7529155066E-09
  19.31066   -1.9810655328E+01    2.4908163528E-09
  19.41071   -1.9910705353E+01    2.2536710947E-09
  19.51076   -2.0010755378E+01    2.0391039257E-09
  19.61081   -2.0110805403E+01    1.8449652345E-09
  19.71086   -2.0210855428E+01    1.6693100698E-09
  19.81091   -2.0310905453E+01    1.5103786549E-09
  19.91096   -2.0410955478E+01    1.3665787575E-09
  20.01101   -2.0511005503E+01    1.2364697385E-09
  20.11106   -2.0611055528E+01    1.1187481189E-09
  20.21111   -2.0711105553E+01    1.0122345210E-09
  20.31116   -2.0811155578E+01    9.1586185331E-10
  20.41121   -2.0911205603E+01    8.2866461963E-10
  20.51126   -2.1011255628E+01    7.4976924669E-10
  20.61131   -2.1111305653E+01    6.7838533222E-10
  20.71136   -2.1211355678E+01    6.1379772643E-10
  20.81141   -2.1311405703E+01    5.5535936743E-10
  20.91146   -2.1411455728E+01    5.0248479867E-10
  21.01151   -2.1511505753E+01    4.5464430367E-10
  21.11156   -2.1611555778E+01    4.1135859912E-10
  21.21161   -2.1711605803E+01    3.7219403324E-10
  21.31166   -2.1811655828E+01    3.3675824129E-10
  21.41171   -2.1911705853E+01    3.0469621474E-10
  21.51176   -2.2011755878E+01    2.7568674465E-10
  21.61181   -2.2111805903E+01    2.4943920371E-10
  21.71186   -2.2211855928E+01    2.2569063458E-10
  21.81191   -2.2311905953E+01    2.0420311555E-10
  21.91196   -2.2411955978E+01    1.8476137691E-10
  22.01201   -2.2512006003E+01    1.6717064431E-10
  22.11206   -2.2612056028E+01    1.5125468746E-10
  22.21211   -2.2712106053E+01    1.3685405457E-10
  22.31216   -2.2812156078E+01    1.2382447491E-10
  22.41221   -2.2912206103E+01    1.1203541345E-10
  22.51226   -2.3012256128E+01    1.0136876314E-10
  22.61231   -2.3112306153E+01    9.1717661616E-11
  22.71236   -2.3212356178E+01    8.2985420674E-11
  22.81241   -2.3312406203E+01    7.5084557578E-11
  22.91246   -2.3412456228E+01    6.7935918633E-11
  23.01251   -2.3512506253E+01    6.1467886199E-11
  23.11256   -2.3612556278E+01    5.5615661197E-11
  23.21261   -2.3712606303E+01    5.0320613927E-11
  23.31266   -2.3812656328E+01    4.5529696699E-11
  23.41271   -2.3912706353E+01    4.1194912378E-11
  23.51276   -2.4012756378E+01    3.7272833531E-11
  23.61281   -2.4112806403E+01    3.3724167361E-11
  23.71286   -2.4212856428E+01    3.0513362051E-11
  23.81291   -2.4312906453E+01    2.7608250596E-11
  23.91296   -2.4412956478E+01    2.4979728544E-11
  24.01301   -2.4513006503E+01    2.2601462412E-11
  24.11306   -2.4613056528E+01    2.0449625874E-11
  24.21311   -2.4713106553E+01    1.8502661057E-11
  24.31316   -2.4813156578E+01    1.6741062565E-11
  24.41321   -2.4913206603E+01    1.5147182069E-11
  24.51326   -2.5013256628E+01    1.3705051502E-11
  24.61331   -2.5113306653E+01    1.2400223078E-11
  24.71336   -2.5213356678E+01    1.1219624557E-11
  24.81341   -2.5313406703E+01    1.0151428277E-11
  24.91346   -2.5413456728E+01    9.1849326641E-12
  25.01351   -2.5513506753E+01    8.3104550156E-12
  25.11356   -2.5613556778E+01    7.5192344998E-12
  25.21361   -2.5713606803E+01    6.8033443845E-12
  25.31366   -2.5813656828E+01    6.1556126246E-12
  25.41371   -2.5913706853E+01    5.5695500099E-12
  25.51376   -2.6013756878E+01    5.0392851539E-12
  25.61381   -2.6113806903E+01    4.5595056724E-12
  25.71386   -2.6213856928E+01    4.1254049615E-12
  25.81391   -2.6313906953E+01    3.7326340440E-12
  25.91396   -2.6413956978E+01    3.3772579993E-12
  26.01401   -2.6514007004E+01    3.0557165420E-12
  26.11406   -2.6614057029E+01    2.7647883541E-12
  26.21411   -2.6714107054E+01    2.5015588121E-12
  26.31416   -2.6814157079E+01    2.2633907876E-12
  26.41421   -2.6914207104E+01    2.0478982276E-12
  26.51426   -2.7014257129E+01    1.8529222499E-12
  26.61431   -2.7114307154E+01    1.6765095149E-12
  26.71436   -2.7214357179E+01    1.5168926563E-12
  26.81441   -2.7314407204E+01    1.3724725749E-12
  26.91446   -2.7414457229E+01    1.2418024182E-12
  27.01451   -2.7514507254E+01    1.1235730857E-12
  27.11456   -2.7614557279E+01    1.0166001131E-12
  27.21461   -2.7714607304E+01    9.1981180677E-13
  27.31466   -2.7814657329E+01    8.3223850653E-13
  27.41471   -2.7914707354E+01    7.5300287152E-13
  27.51476   -2.8014757379E+01    6.8131109059E-13
  27.61481   -2.8114807404E+01    6.1644492965E-13
  27.71486   -2.8214857429E+01    5.5775453613E-13
  27.81491   -2.8314907454E+01    5.0465192852E-13
  27.91496   -2.8414957479E+01    4.5660510576E-13
  28.01501   -2.8515007504E+01    4.1313271748E-13
  28.11506   -2.8615057529E+01    3.7379924161E-13
  28.21511   -2.8715107554E+01    3.3821062123E-13
  28.31516   -2.8815157579E+01    3.0601031671E-13
  28.41521   -2.8915207604E+01    2.7687573381E-13
  28.51526   -2.9015257629E+01    2.5051499176E-13
  28.61531   -2.9115307654E+01    2.2666399917E-13
  28.71536   -2.9215357679E+01    2.0508380820E-13
  28.81541   -2.9315407704E+01    1.8555822071E-13
  28.91546   -2.9415457729E+01    1.6789162233E-13
  29.01551   -2.9515507754E+01    1.5190702272E-13
  29.11556   -2.9615557779E+01    1.3744428239E-13
  29.21561   -2.9715607804E+01    1.2435850841E-13
  29.31566   -2.9815657829E+01    1.1251860278E-13
  29.41571   -2.9915707854E+01    1.0180594905E-13
  29.51576   -3.0015757879E+01    9.2113223996E-14
  29.61581   -3.0115807904E+01    8.3343322412E-14
  29.71586   -3.0215857929E+01    7.5408384262E-14
  29.81591   -3.0315907954E+01    6.8228914477E-14
  29.91596   -3.0415957979E+01    6.1732986540E-14
  30.01601   -3.0516008004E+01    5.5855521905E-14
  30.11606   -3.0616058029E+01    5.0537638015E-14
  30.21611   -3.0716108054E+01    4.5726058391E-14
  30.31616   -3.0816158079E+01    4.1372578896E-14
  30.41621   -3.0916208104E+01    3.7433584803E-14
  30.51626   -3.1016258129E+01    3.3869613851E-14
  30.61631   -3.1116308154E+01    3.0644960894E-14
  30.71636   -3.1216358179E+01    2.7727320197E-14
  30.81641   -3.1316408204E+01    2.5087461784E-14
  30.91646   -3.1416458229E+01    2.2698938603E-14
  31.01651   -3.1516508254E+01    2.0537821567E-14
  31.11656   -3.1616558279E+01    1.8582459828E-14
  31.21661   -3.1716608304E+01    1.6813263866E-14
  31.31666   -3.1816658329E+01    1.5212509241E-14
  31.41671   -3.1916708354E+01    1.3764159014E-14
  31.51676   -3.2016758379E+01    1.2453703091E-14
  31.61681   -3.2116808404E+01    1.1268012853E-14
  31.71686   -3.2216858429E+01    1.0195209628E-14
  31.81691   -3.2316908454E+01    9.2245456869E-15
  31.91696   -3.2416958479E+01    8.3462965679E-15
  32.01701   -3.2517008504E+01    7.5516636551E-15
  32.11706   -3.2617058529E+01    6.8326860298E-15
  32.21711   -3.2717108554E+01    6.1821607151E-15
  32.31716   -3.2817158579E+01    5.5935705139E-15
  32.41721   -3.2917208604E+01    5.0610187175E-15
  32.51726   -3.3017258629E+01    4.5791700302E-15
  32.61731   -3.3117308654E+01    4.1431971182E-15
  32.71736   -3.3217358679E+01    3.7487322478E-15
  32.81741   -3.3317408704E+01    3.3918235277E-15
  32.91746   -3.3417458729E+01    3.0688953179E-15
  33.01751   -3.3517508754E+01    2.7767124071E-15
  33.11756   -3.3617558779E+01    2.5123476017E-15
  33.21761   -3.3717608804E+01    2.2731523998E-15
  33.31766   -3.3817658829E+01    2.0567304577E-15
  33.41771   -3.3917708854E+01    1.8609135824E-15
  33.51776   -3.4017758879E+01    1.6837400099E-15
  33.61781   -3.4117808904E+01    1.5234347514E-15
  33.71786   -3.4217858929E+01    1.3783918112E-15
  33.81791   -3.4317908954E+01    1.2471580969E-15
  33.91796   -3.4417958979E+01    1.1284188617E-15
  34.01801   -3.4518009005E+01    1.0209845332E-15
  34.11806   -3.4618059030E+01    9.2377879569E-16
  34.21811   -3.4718109055E+01    8.3582780699E-16
  34.31816   -3.4818159080E+01    7.5625044241E-16
  34.41821   -3.4918209105E+01    6.8424946726E-16
  34.51826   -3.5018259130E+01    6.1910354981E-16
  34.61831   -3.5118309155E+01    5.6016003479E-16
  34.71836   -3.5218359180E+01    5.0682840484E-16
  34.81841   -3.5318409205E+01    4.5857436446E-16
  34.91846   -3.5418459230E+01    4.1491448729E-16
  35.01851   -3.5518509255E+01    3.7541137296E-16
  35.11856   -3.5618559280E+01    3.3966926502E-16
  35.21861   -3.5718609305E+01    3.0733008617E-16
  35.31866   -3.5818659330E+01    2.7806985086E-16
  35.41871   -3.5918709355E+01    2.5159541951E-16
  35.51876   -3.6018759380E+01    2.2764156172E-16
  35.61881   -3.6118809405E+01    2.0596829912E-16
  35.71886   -3.6218859430E+01    1.8635850116E-16
  35.81891   -3.6318909455E+01    1.6861570980E-16
  35.91896   -3.6418959480E+01    1.5256217138E-16
  36.01901   -3.6519009505E+01    1.3803705576E-16
  36.11906   -3.6619059530E+01    1.2489484511E-16
  36.21911   -3.6719109555E+01    1.1300387601E-16
  36.31916   -3.6819159580E+01    1.0224502046E-16
  36.41921   -3.6919209605E+01    9.2510492368E-17
  36.51926   -3.7019259630E+01    8.3702767719E-17
  36.61931   -3.7119309655E+01    7.5733607556E-17
  36.71936   -3.7219359680E+01    6.8523173961E-17
  36.81941   -3.7319409705E+01    6.1999230212E-17
  36.91946   -3.7419459730E+01    5.6096417092E-17
  37.01951   -3.7519509755E+01    5.0755598089E-17
  37.11956   -3.7619559780E+01    4.5923266956E-17
  37.21961   -3.7719609805E+01    4.1551011659E-17
  37.31966   -3.7819659830E+01    3.7595029367E-17
  37.41971   -3.7919709855E+01    3.4015687626E-17
  37.51976   -3.8019759880E+01    3.0777127299E-17
  37.61981   -3.8119809905E+01    2.7846903324E-17
  37.71986   -3.8219859930E+01    2.5195659659E-17
  37.81991   -3.8319909955E+01    2.2796835191E-17
  37.91996   -3.8419959980E+01    2.0626397632E-17
  38.02001   -3.8520010005E+01    1.8662602756E-17
  38.12006   -3.8620060030E+01    1.6885776560E-17
  38.22011   -3.8720110055E+01    1.5278118157E-17
  38.32016   -3.8820160080E+01    1.3823521446E-17
  38.42021   -3.8920210105E+01    1.2507413754E-17
  38.52026   -3.9020260130E+01    1.1316609840E-17
  38.62031   -3.9120310155E+01    1.0239179801E-17
  38.72036   -3.9220360180E+01    9.2643295539E-18
  38.82041   -3.9320410205E+01    8.3822926986E-18
  38.92046   -3.9420460230E+01    7.5842326718E-18
  39.02051   -3.9520510255E+01    6.8621542206E-18
  39.12056   -3.9620560280E+01    6.2088233029E-18
  39.22061   -3.9720610305E+01    5.6176946141E-18
  39.32066   -3.9820660330E+01    5.0828460142E-18
  39.42071   -3.9920710355E+01    4.5989191970E-18
  39.52076   -4.0020760380E+01    4.1610660094E-18
  39.62081   -4.0120810405E+01    3.7648998803E-18
  39.72086   -4.0220860430E+01    3.4064518748E-18
  39.82091   -4.0320910455E+01    3.0821309316E-18
  39.92096   -4.0420960480E+01    2.7886878866E-18
  40.02101   -4.0521010505E+01    2.5231829216E-18
  40.12106   -4.0621060530E+01    2.2829561122E-18
  40.22111   -4.0721110555E+01    2.0656007798E-18
  40.32116   -4.0821160580E+01    1.8689393802E-18
  40.42121   -4.0921210605E+01    1.6910016888E-18
  40.52126   -4.1021260630E+01    1.5300050615E-18
  40.62131   -4.1121310655E+01    1.3843365763E-18
  40.72136   -4.1221360680E+01    1.2525368736E-18
  40.82141   -4.1321410705E+01    1.1332855367E-18
  40.92146   -4.1421460730E+01    1.0253878626E-18
  41.02151   -4.1521510755E+01    9.2776289355E-19
  41.12156   -4.1621560780E+01    8.3943258747E-19
  41.22161   -4.1721610805E+01    7.5951201951E-19
  41.32166   -4.1821660830E+01    6.8720051663E-19
  41.42171   -4.1921710855E+01    6.2177363613E-19
  41.52176   -4.2021760880E+01    5.6257590795E-19
  41.62181   -4.2121810905E+01    5.0901426791E-19
  41.72186   -4.2221860930E+01    4.6055211622E-19
  41.82191   -4.2321910955E+01    4.1670394157E-19
  41.92196   -4.2421960980E+01    3.7703045715E-19
  42.02201   -4.2522011006E+01    3.4113419970E-19
  42.12206   -4.2622061031E+01    3.0865554758E-19
  42.22211   -4.2722111056E+01    2.7926911794E-19
  42.32216   -4.2822161081E+01    2.5268050695E-19
  42.42221   -4.2922211106E+01    2.2862334033E-19
  42.52226   -4.3022261131E+01    2.0685660470E-19
  42.62231   -4.3122311156E+01    1.8716223308E-19
  42.72236   -4.3222361181E+01    1.6934292014E-19
  42.82241   -4.3322411206E+01    1.5322014559E-19
  42.92246   -4.3422461231E+01    1.3863238566E-19
  43.02251   -4.3522511256E+01    1.2543349493E-19
  43.12256   -4.3622561281E+01    1.1349124215E-19
  43.22261   -4.3722611306E+01    1.0268598552E-19
  43.32266   -4.3822661331E+01    9.2909474090E-20
  43.42271   -4.3922711356E+01    8.4063763250E-20
  43.52276   -4.4022761381E+01    7.6060233481E-20
  43.62281   -4.4122811406E+01    6.8818702535E-20
  43.72286   -4.4222861431E+01    6.2266622148E-20
  43.82291   -4.4322911456E+01    5.6338351217E-20
  43.92296   -4.4422961481E+01    5.0974498188E-20
  44.02301   -4.4523011506E+01    4.6121326048E-20
  44.12306   -4.4623061531E+01    4.1730213971E-20
  44.22311   -4.4723111556E+01    3.7757170214E-20
  44.32316   -4.4823161581E+01    3.4162391392E-20
  44.42321   -4.4923211606E+01    3.0909863716E-20
  44.52326   -4.5023261631E+01    2.7967002192E-20
  44.62331   -4.5123311656E+01    2.5304324173E-20
  44.72336   -4.5223361681E+01    2.2895153991E-20
  44.82341   -4.5323411706E+01    2.0715355711E-20
  44.92346   -4.5423461731E+01    1.8743091328E-20
  45.02351   -4.5523511756E+01    1.6958601988E-20
  45.12356   -4.5623561781E+01    1.5344010033E-20
  45.22361   -4.5723611806E+01    1.3883139899E-20
  45.32366   -4.5823661831E+01    1.2561356062E-20
  45.42371   -4.5923711856E+01    1.1365416417E-20
  45.52376   -4.6023761881E+01    1.0283339609E-20
  45.62381   -4.6123811906E+01    9.3042850018E-21
  45.72386   -4.6223861931E+01    8.4184440744E-21
  45.82391   -4.6323911956E+01    7.6169421530E-21
  45.92396   -4.6423961981E+01    6.8917495025E-21
  46.02401   -4.6524012006E+01    6.2356008818E-21
  46.12406   -4.6624062031E+01    5.6419227575E-21
  46.22411   -4.6724112056E+01    5.1047674482E-21
  46.32416   -4.6824162081E+01    4.6187535385E-21
  46.42421   -4.6924212106E+01    4.1790119660E-21
  46.52426   -4.7024262131E+01    3.7811372411E-21
  46.62431   -4.7124312156E+01    3.4211433114E-21
  46.72436   -4.7224362181E+01    3.0954236282E-21
  46.82441   -4.7324412206E+01    2.8007150141E-21
  46.92446   -4.7424462231E+01    2.5340649722E-21
  47.02451   -4.7524512256E+01    2.2928021063E-21
  47.12456   -4.7624562281E+01    2.0745093580E-21
  47.22461   -4.7724612306E+01    1.8769997919E-21
  47.32466   -4.7824662331E+01    1.6982946860E-21
  47.42471   -4.7924712356E+01    1.5366037082E-21
  47.52476   -4.8024762381E+01    1.3903069800E-21
  47.62481   -4.8124812406E+01    1.2579388481E-21
  47.72486   -4.8224862431E+01    1.1381732008E-21
  47.82491   -4.8324912456E+01    1.0298101827E-21
  47.92496   -4.8424962481E+01    9.3176417413E-22
  48.02501   -4.8525012506E+01    8.4305291475E-22
  48.12506   -4.8625062531E+01    7.6278766323E-22
  48.22511   -4.8725112556E+01    6.9016429337E-22
  48.32516   -4.8825162581E+01    6.2445523807E-22
  48.42521   -4.8925212606E+01    5.6500220034E-22
  48.52526   -4.9025262631E+01    5.1120955824E-22
  48.62531   -4.9125312656E+01    4.6253839769E-22
  48.72536   -4.9225362681E+01    4.1850111346E-22
  48.82541   -4.9325412706E+01    3.7865652417E-22
  48.92546   -4.9425462731E+01    3.4260545239E-22
  49.02551   -4.9525512756E+01    3.0998672546E-22
  49.12556   -4.9625562781E+01    2.8047355725E-22
  49.22561   -4.9725612806E+01    2.5377027419E-22
  49.32566   -4.9825662831E+01    2.2960935318E-22
  49.42571   -4.9925712856E+01    2.0774874139E-22
  49.52576   -5.0025762881E+01    1.8796943135E-22
  49.62581   -5.0125812906E+01    1.7007326680E-22
  49.72586   -5.0225862931E+01    1.5388095752E-22
  49.82591   -5.0325912956E+01    1.3923028312E-22
  49.92596   -5.0425962981E+01    1.2597446786E-22
  50.02601   -5.0526013007E+01    1.1398071021E-22
  50.12606   -5.0626063032E+01    1.0312885238E-22
  50.22611   -5.0726113057E+01    9.3310176550E-23
  50.32616   -5.0826163082E+01    8.4426315693E-23
  50.42621   -5.0926213107E+01    7.6388268086E-23
  50.52626   -5.1026263132E+01    6.9115505673E-23
  50.62631   -5.1126313157E+01    6.2535167299E-23
  50.72636   -5.1226363182E+01    5.6581328763E-23
  50.82641   -5.1326413207E+01    5.1194342365E-23
  50.92646   -5.1426463232E+01    4.6320239335E-23
  51.02651   -5.1526513257E+01    4.1910189152E-23
  51.12656   -5.1626563282E+01    3.7920010346E-23
  51.22661   -5.1726613307E+01    3.4309727866E-23
  51.32666   -5.1826663332E+01    3.1043172601E-23
  51.42671   -5.1926713357E+01    2.8087619026E-23
  51.52676   -5.2026763382E+01    2.5413457338E-23
  51.62681   -5.2126813407E+01    2.2993896822E-23
  51.72686   -5.2226863432E+01    2.0804697450E-23
  51.82691   -5.2326913457E+01    1.8823927033E-23
  51.92696   -5.2426963482E+01    1.7031741499E-23
  52.02701   -5.2527013507E+01    1.5410186089E-23
  52.12706   -5.2627063532E+01    1.3943015475E-23
  52.22711   -5.2727113557E+01    1.2615531014E-23
  52.32716   -5.2827163582E+01    1.1414433489E-23
  52.42721   -5.2927213607E+01    1.0327689870E-23
  52.52726   -5.3027263632E+01    9.3444127706E-24
  52.62731   -5.3127313657E+01    8.4547513647E-24
  52.72736   -5.3227363682E+01    7.6497927045E-24
  52.82741   -5.3327413707E+01    6.9214724238E-24
  52.92746   -5.3427463732E+01    6.2624939478E-24
  53.02751   -5.3527513757E+01    5.6662553926E-24
  53.12756   -5.3627563782E+01    5.1267834256E-24
  53.22761   -5.3727613807E+01    4.6386734221E-24
  53.32766   -5.3827663832E+01    4.1970353204E-24
  53.42771   -5.3927713857E+01    3.7974446307E-24
  53.52776   -5.4027763882E+01    3.4358981097E-24
  53.62781   -5.4127813907E+01    3.1087736538E-24
  53.72786   -5.4227863932E+01    2.8127940126E-24
  53.82791   -5.4327913957E+01    2.5449939553E-24
  53.92796   -5.4427963982E+01    2.3026905644E-24
  54.02801   -5.4528014007E+01    2.0834563573E-24
  54.12806   -5.4628064032E+01    1.8850949667E-24
  54.22811   -5.4728114057E+01    1.7056191367E-24
  54.32816   -5.4828164082E+01    1.5432308137E-24
  54.42821   -5.4928214107E+01    1.3963031331E-24
  54.52826   -5.5028264132E+01    1.2633641203E-24
  54.62831   -5.5128314157E+01    1.1430819446E-24
  54.72836   -5.5228364182E+01    1.0342515756E-24
  54.82841   -5.5328414207E+01    9.3578271154E-25
  54.92846   -5.5428464232E+01    8.4668885587E-25
  55.02851   -5.5528514257E+01    7.6607743423E-25
  55.12856   -5.5628564282E+01    6.9314085236E-25
  55.22861   -5.5728614307E+01    6.2714840529E-25
  55.32866   -5.5828664332E+01    5.6743895692E-25
  55.42871   -5.5928714357E+01    5.1341431647E-25
  55.52876   -5.6028764382E+01    4.6453324564E-25
  55.62881   -5.6128814407E+01    4.2030603623E-25
  55.72886   -5.6228864432E+01    3.8028960414E-25
  55.82891   -5.6328914457E+01    3.4408305033E-25
  55.92896   -5.6428964482E+01    3.1132364449E-25
  56.02901   -5.6529014507E+01    2.8168319110E-25
  56.12906   -5.6629064532E+01    2.5486474141E-25
  56.22911   -5.6729114557E+01    2.3059961852E-25
  56.32916   -5.6829164582E+01    2.0864472571E-25
  56.42921   -5.6929214607E+01    1.8878011093E-25
  56.52926   -5.7029264632E+01    1.7080676333E-25
  56.62931   -5.7129314657E+01    1.5454461942E-25
  56.72936   -5.7229364682E+01    1.3983075920E-25
  56.82941   -5.7329414707E+01    1.2651777391E-25
  56.92946   -5.7429464732E+01    1.1447228926E-25
  57.02951   -5.7529514757E+01    1.0357362925E-25
  57.12956   -5.7629564782E+01    9.3712607171E-26
  57.22961   -5.7729614807E+01    8.4790431762E-26
  57.32966   -5.7829664832E+01    7.6717717449E-26
  57.42971   -5.7929714857E+01    6.9413588872E-26
  57.52976   -5.8029764882E+01    6.2804870638E-26
  57.62981   -5.8129814907E+01    5.6825354228E-26
  57.72986   -5.8229864932E+01    5.1415134692E-26
  57.82991   -5.8329914957E+01    4.6520010500E-26
  57.92996   -5.8429964982E+01    4.2090940535E-26
  58.03002   -5.8530015008E+01    3.8083552779E-26
  58.13007   -5.8630065033E+01    3.4457699776E-26
  58.23012   -5.8730115058E+01    3.1177056425E-26
  58.33017   -5.8830165083E+01    2.8208756059E-26
  58.43022   -5.8930215108E+01    2.5523061175E-26
  58.53027   -5.9030265133E+01    2.3093065514E-26
  58.63032   -5.9130315158E+01    2.0894424504E-26
  58.73037   -5.9230365183E+01    1.8905111368E-26
  58.83042   -5.9330415208E+01    1.7105196449E-26
  58.93047   -5.9430465233E+01    1.5476647551E-26
  59.03052   -5.9530515258E+01    1.4003149284E-26
  59.13057   -5.9630565283E+01    1.2669939613E-26
  59.23062   -5.9730615308E+01    1.1463661962E-26
  59.33067   -5.9830665333E+01    1.0372231407E-26
  59.43072   -5.9930715358E+01    9.3847136035E-27
  59.53077   -6.0030765383E+01    8.4912152422E-27
  59.63082   -6.0130815408E+01    7.6827849347E-27
  59.73087   -6.0230865433E+01    6.9513235349E-27
  59.83092   -6.0330915458E+01    6.2895029989E-27
  59.93097   -6.0430965483E+01    5.6906929702E-27
  60.03102   -6.0531015508E+01    5.1488943540E-27
  60.13107   -6.0631065533E+01    4.6586792167E-27
  60.23112   -6.0731115558E+01    4.2151364064E-27
  60.33117   -6.0831165583E+01    3.8138223513E-27
  60.43122   -6.0931215608E+01    3.4507165428E-27
  60.53127   -6.1031265633E+01    3.1221812559E-27
  60.63132   -6.1131315658E+01    2.8249251058E-27
  60.73137   -6.1231365683E+01    2.5559700732E-27
  60.83142   -6.1331415708E+01    2.3126216698E-27
  60.93147   -6.1431465733E+01    2.0924419435E-27
  61.03152   -6.1531515758E+01    1.8932250546E-27
  61.13157   -6.1631565783E+01    1.7129751764E-27
  61.23162   -6.1731615808E+01    1.5498865008E-27
  61.33167   -6.1831665833E+01    1.4023251465E-27
  61.43172   -6.1931715858E+01    1.2688127909E-27
  61.53177   -6.2031765883E+01    1.1480118589E-27
  61.63182   -6.2131815908E+01    1.0387121234E-27
  61.73187   -6.2231865933E+01    9.3981858020E-28
  61.83192   -6.2331915958E+01    8.5034047818E-28
  61.93197   -6.2431965983E+01    7.6938139345E-28
  62.03202   -6.2532016008E+01    6.9613024874E-28
  62.13207   -6.2632066033E+01    6.2985318768E-28
  62.23212   -6.2732116058E+01    5.6988622281E-28
  62.33217   -6.2832166083E+01    5.1562858345E-28
  62.43222   -6.2932216108E+01    4.6653669702E-28
  62.53227   -6.3032266133E+01    4.2211874333E-28
  62.63232   -6.3132316158E+01    3.8192972730E-28
  62.73237   -6.3232366183E+01    3.4556702090E-28
  62.83242   -6.3332416208E+01    3.1266632942E-28
  62.93247   -6.3432466233E+01    2.8289804189E-28
  63.03252   -6.3532516258E+01    2.5596392887E-28
  63.13257   -6.3632566283E+01    2.3159415472E-28
  63.23262   -6.3732616308E+01    2.0954457425E-28
  63.33267   -6.3832666333E+01    1.8959428684E-28
  63.43272   -6.3932716358E+01    1.7154342330E-28
  63.53277   -6.4032766383E+01    1.5521114359E-28
  63.63282   -6.4132816408E+01    1.4043382503E-28
  63.73287   -6.4232866433E+01    1.2706342314E-28
  63.83292   -6.4332916458E+01    1.1496598840E-28
  63.93297   -6.4432966483E+01    1.0402032436E-28
  64.03302   -6.4533016508E+01    9.4116773406E-29
  64.13307   -6.4633066533E+01    8.5156118200E-29
  64.23312   -6.4733116558E+01    7.7048587669E-29
  64.33317   -6.4833166583E+01    6.9712957651E-29
  64.43322   -6.4933216608E+01    6.3075737161E-29
  64.53327   -6.5033266633E+01    5.7070432133E-29
  64.63332   -6.5133316658E+01    5.1636879257E-29
  64.73337   -6.5233366683E+01    4.6720643244E-29
  64.83342   -6.5333416708E+01    4.2272471468E-29
  64.93347   -6.5433466733E+01    3.8247800542E-29
  65.03352   -6.5533516758E+01    3.4606309864E-29
  65.13357   -6.5633566783E+01    3.1311517667E-29
  65.23362   -6.5733616808E+01    2.8330415535E-29
  65.33367   -6.5833666833E+01    2.5633137715E-29
  65.43372   -6.5933716858E+01    2.3192661904E-29
  65.53377   -6.6033766883E+01    2.0984538536E-29
  65.63382   -6.6133816908E+01    1.8986645837E-29
  65.73387   -6.6233866933E+01    1.7178968197E-29
  65.83392   -6.6333916958E+01    1.5543395650E-29
  65.93397   -6.6433966983E+01    1.4063542441E-29
  66.03402   -6.6534017009E+01    1.2724582867E-29
  66.13407   -6.6634067034E+01    1.1513102750E-29
  66.23412   -6.6734117059E+01    1.0416965044E-29
  66.33417   -6.6834167084E+01    9.4251882469E-30
  66.43422   -6.6934217109E+01    8.5278363820E-30
  66.53427   -6.7034267134E+01    7.7159194547E-30
  66.63432   -6.7134317159E+01    6.9813033887E-30
  66.73437   -6.7234367184E+01    6.3166285354E-30
  66.83442   -6.7334417209E+01    5.7152359428E-30
  66.93447   -6.7434467234E+01    5.1711006431E-30
  67.03452   -6.7534517259E+01    4.6787712928E-30
  67.13457   -6.7634567284E+01    4.2333155592E-30
  67.23462   -6.7734617309E+01    3.8302707062E-30
  67.33467   -6.7834667334E+01    3.4655988852E-30
  67.43472   -6.7934717359E+01    3.1356466826E-30
  67.53477   -6.8034767384E+01    2.8371085182E-30
  67.63482   -6.8134817409E+01    2.5669935292E-30
  67.73487   -6.8234867434E+01    2.3225956063E-30
  67.83492   -6.8334917459E+01    2.1014662830E-30
  67.93497   -6.8434967484E+01    1.9013902062E-30
  68.03502   -6.8535017509E+01    1.7203629415E-30
  68.13507   -6.8635067534E+01    1.5565708926E-30
  68.23512   -6.8735117559E+01    1.4083731318E-30
  68.33517   -6.8835167584E+01    1.2742849605E-30
  68.43522   -6.8935217609E+01    1.1529630351E-30
  68.53527   -6.9035267634E+01    1.0431919088E-30
  68.63532   -6.9135317659E+01    9.4387185487E-31
  68.73537   -6.9235367684E+01    8.5400784930E-31
  68.83542   -6.9335417709E+01    7.7269960207E-31
  68.93547   -6.9435467734E+01    6.9913253786E-31
  69.03552   -6.9535517759E+01    6.3256963533E-31
  69.13557   -6.9635567784E+01    5.7234404333E-31
  69.23562   -6.9735617809E+01    5.1785240017E-31
  69.33567   -6.9835667834E+01    4.6854878895E-31
  69.43572   -6.9935717859E+01    4.2393926832E-31
  69.53577   -7.0035767884E+01    3.8357692403E-31
  69.63582   -7.0135817909E+01    3.4705739157E-31
  69.73587   -7.0235867934E+01    3.1401480511E-31
  69.83592   -7.0335917959E+01    2.8411813211E-31
  69.93597   -7.0435967984E+01    2.5706785694E-31
  70.03602   -7.0536018009E+01    2.3259298017E-31
  70.13607   -7.0636068034E+01    2.1044830369E-31
  70.23612   -7.0736118059E+01    1.9041197414E-31
  70.33617   -7.0836168084E+01    1.7228326036E-31
  70.43622   -7.0936218109E+01    1.5588054235E-31
  70.53627   -7.1036268134E+01    1.4103949178E-31
  70.63632   -7.1136318159E+01    1.2761142566E-31
  70.73637   -7.1236368184E+01    1.1546181679E-31
  70.83642   -7.1336418209E+01    1.0446894599E-31
  70.93647   -7.1436468234E+01    9.4522682739E-32
  71.03652   -7.1536518259E+01    8.5523381781E-32
  71.13657   -7.1636568284E+01    7.7380884875E-32
  71.23662   -7.1736618309E+01    7.0013617556E-32
  71.33667   -7.1836668334E+01    6.3347771885E-32
  71.43672   -7.1936718359E+01    5.7316567017E-32
  71.53677   -7.2036768384E+01    5.1859580169E-32
  71.63682   -7.2136818409E+01    4.6922141281E-32
  71.73687   -7.2236868434E+01    4.2454785311E-32
  71.83692   -7.2336918459E+01    3.8412756678E-32
  71.93697   -7.2436968484E+01    3.4755560881E-32
  72.03702   -7.2537018509E+01    3.1446558816E-32
  72.13707   -7.2637068534E+01    2.8452599708E-32
  72.23712   -7.2737118559E+01    2.5743688996E-32
  72.33717   -7.2837168584E+01    2.3292687835E-32
  72.43722   -7.2937218609E+01    2.1075041215E-32
  72.53727   -7.3037268634E+01    1.9068531950E-32
  72.63732   -7.3137318659E+01    1.7253058109E-32
  72.73737   -7.3237368684E+01    1.5610431621E-32
  72.83742   -7.3337418709E+01    1.4124196062E-32
  72.93747   -7.3437468734E+01    1.2779461788E-32
  73.03752   -7.3537518759E+01    1.1562756766E-32
  73.13757   -7.3637568784E+01    1.0461891609E-32
  73.23762   -7.3737618809E+01    9.4658374504E-33
  73.33767   -7.3837668834E+01    8.5646154625E-33
  73.43772   -7.3937718859E+01    7.7491968782E-33
  73.53777   -7.4037768884E+01    7.0114125403E-33
  73.63782   -7.4137818909E+01    6.3438710596E-33
  73.73787   -7.4237868934E+01    5.7398847649E-33
  73.83792   -7.4337918959E+01    5.1934027040E-33
  73.93797   -7.4437968984E+01    4.6989500226E-33
  74.03802   -7.4538019010E+01    4.2515731156E-33
  74.13807   -7.4638069035E+01    3.8467900000E-33
  74.23812   -7.4738119060E+01    3.4805454126E-33
  74.33817   -7.4838169085E+01    3.1491701833E-33
  74.43822   -7.4938219110E+01    2.8493444756E-33
  74.53827   -7.5038269135E+01    2.5780645274E-33
  74.63832   -7.5138319160E+01    2.3326125586E-33
  74.73837   -7.5238369185E+01    2.1105295429E-33
  74.83842   -7.5338419210E+01    1.9095905726E-33
  74.93847   -7.5438469235E+01    1.7277825687E-33
  75.03852   -7.5538519260E+01    1.5632841132E-33
  75.13857   -7.5638569285E+01    1.4144472011E-33
  75.23862   -7.5738619310E+01    1.2797807307E-33
  75.33867   -7.5838669335E+01    1.1579355649E-33
  75.43872   -7.5938719360E+01    1.0476910147E-33
  75.53877   -7.6038769385E+01    9.4794261061E-34
  75.63882   -7.6138819410E+01    8.5769103715E-34
  75.73887   -7.6238869435E+01    7.7603212154E-34
  75.83892   -7.6338919460E+01    7.0214777534E-34
  75.93897   -7.6438969485E+01    6.3529779854E-34
  76.03902   -7.6539019510E+01    5.7481246400E-34
  76.13907   -7.6639069535E+01    5.2008580783E-34
  76.23912   -7.6739119560E+01    4.7056955868E-34
  76.33917   -7.6839169585E+01    4.2576764491E-34
  76.43922   -7.6939219610E+01    3.8523122483E-34
  76.53927   -7.7039269635E+01    3.4855418996E-34
  76.63932   -7.7139319660E+01    3.1536909655E-34
  76.73937   -7.7239369685E+01    2.8534348438E-34
  76.83942   -7.7339419710E+01    2.5817654605E-34
  76.93947   -7.7439469735E+01    2.3359611339E-34
  77.03952   -7.7539519760E+01    2.1135593075E-34
  77.13957   -7.7639569785E+01    1.9123318799E-34
  77.23962   -7.7739619810E+01    1.7302628820E-34
  77.33967   -7.7839669835E+01    1.5655282812E-34
  77.43972   -7.7939719860E+01    1.4164777067E-34
  77.53977   -7.8039769885E+01    1.2816179163E-34
  77.63982   -7.8139819910E+01    1.1595978359E-34
  77.73987   -7.8239869935E+01    1.0491950245E-34
  77.83992   -7.8339919960E+01    9.4930342690E-35
  77.93997   -7.8439969985E+01    8.5892229305E-35
  78.04002   -7.8540020010E+01    7.7714615222E-35
  78.14007   -7.8640070035E+01    7.0315574156E-35
  78.24012   -7.8740120060E+01    6.3620979847E-35
  78.34017   -7.8840170085E+01    5.7563763437E-35
  78.44022   -7.8940220110E+01    5.2083241551E-35
  78.54027   -7.9040270135E+01    4.7124508345E-35
  78.64032   -7.9140320160E+01    4.2637885443E-35
  78.74037   -7.9240370185E+01    3.8578424240E-35
  78.84042   -7.9340420210E+01    3.4905455592E-35
  78.94047   -7.9440470235E+01    3.1582182375E-35
  79.04052   -7.9540520260E+01    2.8575310840E-35
  79.14057   -7.9640570285E+01    2.5854717065E-35
  79.24062   -7.9740620310E+01    2.3393145161E-35
  79.34067   -7.9840670335E+01    2.1165934215E-35
  79.44072   -7.9940720360E+01    1.9150771224E-35
  79.54077   -8.0040770385E+01    1.7327467559E-35
  79.64082   -8.0140820410E+01    1.5677756708E-35
  79.74087   -8.0240870435E+01    1.4185111272E-35
  79.84092   -8.0340920460E+01    1.2834577392E-35
  79.94097   -8.0440970485E+01    1.1612624933E-35
  80.04102   -8.0541020510E+01    1.0507011934E-35
  80.14107   -8.0641070535E+01    9.5066619670E-36
  80.24112   -8.0741120560E+01    8.6015531648E-36
  80.34117   -8.0841170585E+01    7.7826178214E-36
  80.44122   -8.0941220610E+01    7.0416515476E-36
  80.54127   -8.1041270635E+01    6.3712310761E-36
  80.64132   -8.1141320660E+01    5.7646398932E-36
  80.74137   -8.1241370685E+01    5.2158009499E-36
  80.84142   -8.1341420710E+01    4.7192157797E-36
  80.94147   -8.1441470735E+01    4.2699094137E-36
  81.04152   -8.1541520760E+01    3.8633805386E-36
  81.14157   -8.1641570785E+01    3.4955564018E-36
  81.24162   -8.1741620810E+01    3.1627520086E-36
  81.34167   -8.1841670835E+01    2.8616332045E-36
  81.44172   -8.1941720860E+01    2.5891832730E-36
  81.54177   -8.2041770885E+01    2.3426727124E-36
  81.64182   -8.2141820910E+01    2.1196318911E-36
  81.74187   -8.2241870935E+01    1.9178263058E-36
  81.84192   -8.2341920960E+01    1.7352341955E-36
  81.94197   -8.2441970985E+01    1.5700262866E-36
  82.04202   -8.2542021011E+01    1.4205474668E-36
  82.14207   -8.2642071036E+01    1.2853002032E-36
  82.24212   -8.2742121061E+01    1.1629295403E-36
  82.34217   -8.2842171086E+01    1.0522095245E-36
  82.44222   -8.2942221111E+01    9.5203092282E-37
  82.54227   -8.3042271136E+01    8.6139010996E-37
  82.64232   -8.3142321161E+01    7.7937901360E-37
  82.74237   -8.3242371186E+01    7.0517601702E-37
  82.84242   -8.3342421211E+01    6.3803772785E-37
  82.94247   -8.3442471236E+01    5.7729153054E-37
  83.04252   -8.3542521261E+01    5.2232884779E-37
  83.14257   -8.3642571286E+01    4.7259904363E-37
  83.24262   -8.3742621311E+01    4.2760390698E-37
  83.34267   -8.3842671336E+01    3.8689266034E-37
  83.44272   -8.3942721361E+01    3.5005744377E-37
  83.54277   -8.4042771386E+01    3.1672922881E-37
  83.64282   -8.4142821411E+01    2.8657412138E-37
  83.74287   -8.4242871436E+01    2.5929001675E-37
  83.84292   -8.4342921461E+01    2.3460357294E-37
  83.94297   -8.4442971486E+01    2.1226747225E-37
  84.04302   -8.4543021511E+01    1.9205794359E-37
  84.14307   -8.4643071536E+01    1.7377252060E-37
  84.24312   -8.4743121561E+01    1.5722801333E-37
  84.34317   -8.4843171586E+01    1.4225867296E-37
  84.44322   -8.4943221611E+01    1.2871453123E-37
  84.54327   -8.5043271636E+01    1.1645989804E-37
  84.64332   -8.5143321661E+01    1.0537200208E-37
  84.74337   -8.5243371686E+01    9.5339760806E-38
  84.84342   -8.5343421711E+01    8.6262667605E-38
  84.94347   -8.5443471736E+01    7.8049784890E-38
  85.04352   -8.5543521761E+01    7.0618833041E-38
  85.14357   -8.5643571786E+01    6.3895366108E-38
  85.24362   -8.5743621811E+01    5.7812025974E-38
  85.34367   -8.5843671836E+01    5.2307867546E-38
  85.44372   -8.5943721861E+01    4.7327748183E-38
  85.54377   -8.6043771886E+01    4.2821775254E-38
  85.64382   -8.6143821911E+01    3.8744806299E-38
  85.74387   -8.6243871936E+01    3.5055996773E-38
  85.84392   -8.6343921961E+01    3.1718390854E-38
  85.94397   -8.6443971986E+01    2.8698551203E-38
  86.04402   -8.6544022011E+01    2.5966223979E-38
  86.14407   -8.6644072036E+01    2.3494035743E-38
  86.24412   -8.6744122061E+01    2.1257219221E-38
  86.34417   -8.6844172086E+01    1.9233365181E-38
  86.44422   -8.6944222111E+01    1.7402197924E-38
  86.54427   -8.7044272136E+01    1.5745372156E-38
  86.64432   -8.7144322161E+01    1.4246289199E-38
  86.74437   -8.7244372186E+01    1.2889930700E-38
  86.84442   -8.7344422211E+01    1.1662708172E-38
  86.94447   -8.7444472236E+01    1.0552326856E-38
  87.04452   -8.7544522261E+01    9.5476625525E-39
  87.14457   -8.7644572286E+01    8.6386501729E-39
  87.24462   -8.7744622311E+01    7.8161829034E-39
  87.34467   -8.7844672336E+01    7.0720209704E-39
  87.44472   -8.7944722361E+01    6.3987090916E-39
  87.54477   -8.8044772386E+01    5.7895017861E-39
  87.64482   -8.8144822411E+01    5.2382957955E-39
  87.74487   -8.8244872436E+01    4.7395689396E-39
  87.84492   -8.8344922461E+01    4.2883247930E-39
  87.94497   -8.8444972486E+01    3.8800426294E-39
  88.04502   -8.8545022511E+01    3.5106321308E-39
  88.14507   -8.8645072536E+01    3.1763924099E-39
  88.24512   -8.8745122561E+01    2.8739749326E-39
  88.34517   -8.8845172586E+01    2.6003499717E-39
  88.44522   -8.8945222611E+01    2.3527762538E-39
  88.54527   -8.9045272636E+01    2.1287734961E-39
  88.64532   -8.9145322661E+01    1.9260975583E-39
  88.74537   -8.9245372686E+01    1.7427179599E-39
  88.84542   -8.9345422711E+01    1.5767975379E-39
  88.94547   -8.9445472736E+01    1.4266740418E-39
  89.04552   -8.9545522761E+01    1.2908434803E-39
  89.14557   -8.9645572786E+01    1.1679450539E-39
  89.24562   -8.9745622811E+01    1.0567475218E-39
  89.34567   -8.9845672836E+01    9.5613686720E-40
  89.44572   -8.9945722861E+01    8.6510513623E-40
  89.54577   -9.0045772886E+01    7.8274034022E-40
  89.64582   -9.0145822911E+01    7.0821731897E-40
  89.74587   -9.0245872936E+01    6.4078947400E-40
  89.84592   -9.0345922961E+01    5.7978128887E-40
  89.94597   -9.0445972986E+01    5.2458156159E-40
  90.04602   -9.0546023012E+01    4.7463728141E-40
  90.14607   -9.0646073037E+01    4.2944808853E-40
  90.24612   -9.0746123062E+01    3.8856126134E-40
  90.34617   -9.0846173087E+01    3.5156718087E-40
  90.44622   -9.0946223112E+01    3.1809522708E-40
  90.54627   -9.1046273137E+01    2.8781006590E-40
  90.64632   -9.1146323162E+01    2.6040828966E-40
  90.74637   -9.1246373187E+01    2.3561537750E-40
  90.84642   -9.1346423212E+01    2.1318294508E-40
  90.94647   -9.1446473237E+01    1.9288625621E-40
  91.04652   -9.1546523262E+01    1.7452197137E-40
  91.14657   -9.1646573287E+01    1.5790611051E-40
  91.24662   -9.1746623312E+01    1.4287220996E-40
  91.34667   -9.1846673337E+01    1.2926965469E-40
  91.44672   -9.1946723362E+01    1.1696216940E-40
  91.54677   -9.2046773387E+01    1.0582645327E-40
  91.64682   -9.2146823412E+01    9.5750944673E-41
  91.74687   -9.2246873437E+01    8.6634703541E-41
  91.84692   -9.2346923462E+01    7.8386400086E-41
  91.94697   -9.2446973487E+01    7.0923399830E-41
  92.04702   -9.2547023512E+01    6.4170935749E-41
  92.14707   -9.2647073537E+01    5.8061359223E-41
  92.24712   -9.2747123562E+01    5.2533462314E-41
  92.34717   -9.2847173587E+01    4.7531864559E-41
  92.44722   -9.2947223612E+01    4.3006458150E-41
  92.54727   -9.3047273637E+01    3.8911905934E-41
  92.64732   -9.3147323662E+01    3.5207187212E-41
  92.74737   -9.3247373687E+01    3.1855186777E-41
  92.84742   -9.3347423712E+01    2.8822323081E-41
  92.94747   -9.3447473737E+01    2.6078211803E-41
  93.04752   -9.3547523762E+01    2.3595361447E-41
  93.14757   -9.3647573787E+01    2.1348897924E-41
  93.24762   -9.3747623812E+01    1.9316315352E-41
  93.34767   -9.3847673837E+01    1.7477250588E-41
  93.44772   -9.3947723862E+01    1.5813279217E-41
  93.54777   -9.4047773887E+01    1.4307730975E-41
  93.64782   -9.4147823912E+01    1.2945522737E-41
  93.74787   -9.4247873937E+01    1.1713007411E-41
  93.84792   -9.4347923962E+01    1.0597837213E-41
  93.94797   -9.4447973987E+01    9.5888399665E-42
  94.04802   -9.4548024012E+01    8.6759071741E-42
  94.14807   -9.4648074037E+01    7.8498927457E-42
  94.24812   -9.4748124062E+01    7.1025213713E-42
  94.34817   -9.4848174087E+01    6.4263056151E-42
  94.44822   -9.4948224112E+01    5.8144709040E-42
  94.54827   -9.5048274137E+01    5.2608876575E-42
  94.64832   -9.5148324162E+01    4.7600098790E-42
  94.74837   -9.5248374187E+01    4.3068195947E-42
  94.84842   -9.5348424212E+01    3.8967765808E-42
  94.94847   -9.5448474237E+01    3.5257728788E-42
  95.04852   -9.5548524262E+01    3.1900916399E-42
  95.14857   -9.5648574287E+01    2.8863698884E-42
  95.24862   -9.5748624312E+01    2.6115648305E-42
  95.34867   -9.5848674337E+01    2.3629233700E-42
  95.44872   -9.5948724362E+01    2.1379545273E-42
  95.54877   -9.6048774387E+01    1.9344044833E-42
  95.64882   -9.6148824412E+01    1.7502340005E-42
  95.74887   -9.6248874437E+01    1.5835979924E-42
  95.84892   -9.6348924462E+01    1.4328270397E-42
  95.94897   -9.6448974487E+01    1.2964106645E-42
  96.04902   -9.6549024512E+01    1.1729821985E-42
  96.14907   -9.6649074537E+01    1.0613050907E-42
  96.24912   -9.6749124562E+01    9.6026051981E-43
  96.34917   -9.6849174587E+01    8.6883618476E-43
  96.44922   -9.6949224612E+01    7.8611616366E-43
  96.54927   -9.7049274637E+01    7.1127173754E-43
  96.64932   -9.7149324662E+01    6.4355308796E-43
  96.74937   -9.7249374687E+01    5.8228178509E-43
  96.84942   -9.7349424712E+01    5.2684399096E-43
  96.94947   -9.7449474737E+01    4.7668430975E-43
  97.04952   -9.7549524762E+01    4.3130022371E-43
  97.14957   -9.7649574787E+01    3.9023705872E-43
  97.24962   -9.7749624812E+01    3.5308342919E-43
  97.34967   -9.7849674837E+01    3.1946711667E-43
  97.44972   -9.7949724862E+01    2.8905134084E-43
  97.54977   -9.8049774887E+01    2.6153138549E-43
  97.64982   -9.8149824912E+01    2.3663154579E-43
  97.74987   -9.8249874937E+01    2.1410236618E-43
  97.84992   -9.8349924962E+01    1.9371814121E-43
  97.94997   -9.8449974987E+01    1.7527465438E-43
  98.05003   -9.8550025013E+01    1.5858713220E-43
  98.15008   -9.8650075038E+01    1.4348839304E-43
  98.25013   -9.8750125063E+01    1.2982717231E-43
  98.35018   -9.8850175088E+01    1.1746660697E-43
  98.45023   -9.8950225113E+01    1.0628286442E-43
  98.55028   -9.9050275138E+01    9.6163901904E-44
  98.65033   -9.9150325163E+01    8.7008344004E-44
  98.75038   -9.9250375188E+01    7.8724467045E-44
  98.85043   -9.9350425213E+01    7.1229280163E-44
  98.95048   -9.9450475238E+01    6.4447693874E-44
  99.05053   -9.9550525263E+01    5.8311767803E-44
  99.15058   -9.9650575288E+01    5.2760030033E-44
  99.25063   -9.9750625313E+01    4.7736861254E-44
  99.35068   -9.9850675338E+01    4.3191937551E-44
  99.45073   -9.9950725363E+01    3.9079726241E-44
  99.55078   -1.0005077539E+02    3.5359029709E-44
  99.65083   -1.0015082541E+02    3.1992572677E-44
  99.75088   -1.0025087544E+02    2.8946628766E-44
  99.85093   -1.0035092546E+02    2.6190682611E-44
  99.95098   -1.0045097549E+02    2.3697124152E-44
 100.05103   -1.0055102551E+02    2.1440972021E-44
 100.15108   -1.0065107554E+02    1.9399623273E-44
 100.25113   -1.0075112556E+02    1.7552626941E-44
 100.35118   -1.0085117559E+02    1.5881479150E-44
 100.45123   -1.0095122561E+02    1.4369437739E-44
 100.55128   -1.0105127564E+02    1.3001354533E-44
 100.65133   -1.0115132566E+02    1.1763523582E-44
 100.75138   -1.0125137569E+02    1.0643543848E-44
 100.85143   -1.0135142571E+02    9.6301949716E-45
 100.95148   -1.0145147574E+02    8.7133248582E-45
 101.05153   -1.0155152576E+02    7.8837479727E-45
 101.15158   -1.0165157579E+02    7.1331533151E-45
 101.25163   -1.0175162581E+02    6.4540211575E-45
 101.35168   -1.0185167584E+02    5.8395477094E-45
 101.45173   -1.0195172586E+02    5.2835769542E-45
 101.55178   -1.0205177589E+02    4.7805389767E-45
 101.65183   -1.0215182591E+02    4.3253941612E-45
 101.75188   -1.0225187594E+02    3.9135827029E-45
 101.85193   -1.0235192596E+02    3.5409789262E-45
 101.95198   -1.0245197599E+02    3.2038499523E-45
 102.05203   -1.0255202601E+02    2.8988183016E-45
 102.15208   -1.0265207604E+02    2.6228280570E-45
 102.25213   -1.0275212606E+02    2.3731142490E-45
 102.35218   -1.0285217609E+02    2.1471751547E-45
 102.45223   -1.0295222611E+02    1.9427472346E-45
 102.55228   -1.0305227614E+02    1.7577824564E-45
 102.65233   -1.0315232616E+02    1.5904277761E-45
 102.75238   -1.0325237619E+02    1.4390065744E-45
 102.85243   -1.0335242621E+02    1.3020018590E-45
 102.95248   -1.0345247624E+02    1.1780410674E-45
 103.05253   -1.0355252626E+02    1.0658823157E-45
 103.15258   -1.0365257629E+02    9.6440195702E-46
 103.25263   -1.0375262631E+02    8.7258332466E-46
 103.35268   -1.0385267634E+02    7.8950654644E-46
 103.45273   -1.0395272636E+02    7.1433932928E-46
 103.55278   -1.0405277639E+02    6.4632862090E-46
 103.65283   -1.0415282641E+02    5.8479306552E-46
 103.75288   -1.0425287644E+02    5.2911617779E-46
 103.85293   -1.0435292646E+02    4.7874016657E-46
 103.95298   -1.0445297649E+02    4.3316034684E-46
 104.05303   -1.0455302651E+02    3.9192008353E-46
 104.15308   -1.0465307654E+02    3.5460621683E-46
 104.25313   -1.0475312656E+02    3.2084492299E-46
 104.35318   -1.0485317659E+02    2.9029796918E-46
 104.45323   -1.0495322661E+02    2.6265932503E-46
 104.55328   -1.0505327664E+02    2.3765209664E-46
 104.65333   -1.0515332666E+02    2.1502575258E-46
 104.75338   -1.0525337669E+02    1.9455361398E-46
 104.85343   -1.0535342671E+02    1.7603058359E-46
 104.95348   -1.0545347674E+02    1.5927109102E-46
 105.05353   -1.0555352676E+02    1.4410723362E-46
 105.15358   -1.0565357679E+02    1.3038709441E-46
 105.25363   -1.0575362681E+02    1.1797322009E-46
 105.35368   -1.0585367684E+02    1.0674124400E-46
 105.45373   -1.0595372686E+02    9.6578640147E-47
 105.55378   -1.0605377689E+02    8.7383595914E-47
 105.65383   -1.0615382691E+02    7.9063992029E-47
 105.75388   -1.0625387694E+02    7.1536479704E-47
 105.85393   -1.0635392696E+02    6.4725645609E-47
 105.95398   -1.0645397699E+02    5.8563256353E-47
 106.05403   -1.0655402701E+02    5.2987574899E-47
 106.15408   -1.0665407704E+02    4.7942742064E-47
 106.25413   -1.0675412706E+02    4.3378216892E-47
 106.35418   -1.0685417709E+02    3.9248270328E-47
 106.45423   -1.0695422711E+02    3.5511527077E-47
 106.55428   -1.0705427714E+02    3.2130551099E-47
 106.65433   -1.0715432716E+02    2.9071470559E-47
 106.75438   -1.0725437719E+02    2.6303638487E-47
 106.85443   -1.0735442721E+02    2.3799325742E-47
 106.95448   -1.0745447724E+02    2.1533443218E-47
 107.05453   -1.0755452726E+02    1.9483290486E-47
 107.15458   -1.0765457729E+02    1.7628328379E-47
 107.25463   -1.0775462731E+02    1.5949973217E-47
 107.35468   -1.0785467734E+02    1.4431410634E-47
 107.45473   -1.0795472736E+02    1.3057427122E-47
 107.55478   -1.0805477739E+02    1.1814257620E-47
 107.65483   -1.0815482741E+02    1.0689447608E-47
 107.75488   -1.0825487744E+02    9.6717283336E-48
 107.85493   -1.0835492746E+02    8.7509039183E-48
 107.95498   -1.0845497749E+02    7.9177492115E-48
 108.05503   -1.0855502751E+02    7.1639173692E-48
 108.15508   -1.0865507754E+02    6.4818562323E-48
 108.25513   -1.0875512756E+02    5.8647326666E-48
 108.35518   -1.0885517759E+02    5.3063641060E-48
 108.45523   -1.0895522761E+02    4.8011566129E-48
 108.55528   -1.0905527764E+02    4.3440488367E-48
 108.65533   -1.0915532766E+02    3.9304613069E-48
 108.75538   -1.0925537769E+02    3.5562505547E-48
 108.85543   -1.0935542771E+02    3.2176676019E-48
 108.95548   -1.0945547774E+02    2.9113204025E-48
 109.05553   -1.0955552776E+02    2.6341398599E-48
 109.15558   -1.0965557779E+02    2.3833490795E-48
 109.25563   -1.0975562781E+02    2.1564355490E-48
 109.35568   -1.0985567784E+02    1.9511259668E-48
 109.45573   -1.0995572786E+02    1.7653634675E-48
 109.55578   -1.1005577789E+02    1.5972870155E-48
 109.65583   -1.1015582791E+02    1.4452127604E-48
 109.75588   -1.1025587794E+02    1.3076171674E-48
 109.85593   -1.1035592796E+02    1.1831217544E-48
 109.95598   -1.1045597799E+02    1.0704792814E-48
 110.05603   -1.1055602801E+02    9.6856125554E-49
 110.15608   -1.1065607804E+02    8.7634662532E-49
 110.25613   -1.1075612806E+02    7.9291155136E-49
 110.35618   -1.1085617809E+02    7.1742015101E-49
 110.45623   -1.1095622811E+02    6.4911612423E-49
 110.55628   -1.1105627814E+02    5.8731517667E-49
 110.65633   -1.1115632816E+02    5.3139816417E-49
 110.75638   -1.1125637819E+02    4.8080488994E-49
 110.85643   -1.1135642821E+02    4.3502849235E-49
 110.95648   -1.1145647824E+02    3.9361036693E-49
 111.05653   -1.1155652826E+02    3.5613557199E-49
 111.15658   -1.1165657829E+02    3.2222867154E-49
 111.25663   -1.1175662831E+02    2.9154997401E-49
 111.35668   -1.1185667834E+02    2.6379212918E-49
 111.45673   -1.1195672836E+02    2.3867704895E-49
 111.55678   -1.1205677839E+02    2.1595312138E-49
 111.65683   -1.1215682841E+02    1.9539269000E-49
 111.75688   -1.1225687844E+02    1.7678977299E-49
 111.85693   -1.1235692846E+02    1.5995799963E-49
 111.95698   -1.1245697849E+02    1.4472874314E-49
 112.05703   -1.1255702851E+02    1.3094943135E-49
 112.15708   -1.1265707854E+02    1.1848201814E-49
 112.25713   -1.1275712856E+02    1.0720160048E-49
 112.35718   -1.1285717859E+02    9.6995167086E-50
 112.45723   -1.1295722861E+02    8.7760466219E-50
 112.55728   -1.1305727864E+02    7.9404981325E-50
 112.65733   -1.1315732866E+02    7.1845004144E-50
 112.75738   -1.1325737869E+02    6.5004796102E-50
 112.85743   -1.1335742871E+02    5.8815829528E-50
 112.95748   -1.1345747874E+02    5.3216101127E-50
 113.05753   -1.1355752876E+02    4.8149510802E-50
 113.15758   -1.1365757879E+02    4.3565299624E-50
 113.25763   -1.1375762881E+02    3.9417541316E-50
 113.35768   -1.1385767884E+02    3.5664682139E-50
 113.45773   -1.1395772886E+02    3.2269124598E-50
 113.55778   -1.1405777889E+02    2.9196850774E-50
 113.65783   -1.1415782891E+02    2.6417081521E-50
 113.75788   -1.1425787894E+02    2.3901968110E-50
 113.85793   -1.1435792896E+02    2.1626313227E-50
 113.95798   -1.1445797899E+02    1.9567318542E-50
 114.05803   -1.1455802901E+02    1.7704356304E-50
 114.15808   -1.1465807904E+02    1.6018762688E-50
 114.25813   -1.1475812906E+02    1.4493650807E-50
 114.35818   -1.1485817909E+02    1.3113741543E-50
 114.45823   -1.1495822911E+02    1.1865210466E-50
 114.55828   -1.1505827914E+02    1.0735549343E-50
 114.65833   -1.1515832916E+02    9.7134408218E-51
 114.75838   -1.1525837919E+02    8.7886450504E-51
 114.85843   -1.1535842921E+02    7.9518970917E-51
 114.95848   -1.1545847924E+02    7.1948141033E-51
 115.05853   -1.1555852926E+02    6.5098113549E-51
 115.15858   -1.1565857929E+02    5.8900262423E-51
 115.25863   -1.1575862931E+02    5.3292495348E-51
 115.35868   -1.1585867934E+02    4.8218631693E-51
 115.45873   -1.1595872936E+02    4.3627839665E-51
 115.55878   -1.1605877939E+02    3.9474127054E-51
 115.65883   -1.1615882941E+02    3.5715880470E-51
 115.75888   -1.1625887944E+02    3.2315448447E-51
 115.85893   -1.1635892946E+02    2.9238764229E-51
 115.95898   -1.1645897949E+02    2.6455004486E-51
 116.05903   -1.1655902951E+02    2.3936280511E-51
 116.15908   -1.1665907954E+02    2.1657358818E-51
 116.25913   -1.1675912956E+02    1.9595408349E-51
 116.35918   -1.1685917959E+02    1.7729771742E-51
 116.45923   -1.1695922961E+02    1.6041758376E-51
 116.55928   -1.1705927964E+02    1.4514457126E-51
 116.65933   -1.1715932966E+02    1.3132566937E-51
 116.75938   -1.1725937969E+02    1.1882243535E-51
 116.85943   -1.1735942971E+02    1.0750960730E-51
 116.95948   -1.1745947974E+02    9.7273849238E-52
 117.05953   -1.1755952976E+02    8.8012615645E-52
 117.15958   -1.1765957979E+02    7.9633124147E-52
 117.25963   -1.1775962981E+02    7.2051425980E-52
 117.35968   -1.1785967984E+02    6.5191564959E-52
 117.45973   -1.1795972986E+02    5.8984816525E-52
 117.55978   -1.1805977989E+02    5.3368999236E-52
 117.65983   -1.1815982991E+02    4.8287851811E-52
 117.75988   -1.1825987994E+02    4.3690469484E-52
 117.85993   -1.1835992996E+02    3.9530794023E-52
 117.95998   -1.1845997999E+02    3.5767152300E-52
 118.06003   -1.1856003002E+02    3.2361838796E-52
 118.16008   -1.1866008004E+02    2.9280737853E-52
 118.26013   -1.1876013007E+02    2.6492981892E-52
 118.36018   -1.1886018009E+02    2.3970642170E-52
 118.46023   -1.1896023012E+02    2.1688448977E-52
 118.56028   -1.1906028014E+02    1.9623538481E-52
 118.66033   -1.1916033017E+02    1.7755223665E-52
 118.76038   -1.1926038019E+02    1.6064787076E-52
 118.86043   -1.1936043022E+02    1.4535293313E-52
 118.96048   -1.1946048024E+02    1.3151419355E-52
 119.06053   -1.1956053027E+02    1.1899301055E-52
 119.16058   -1.1966058029E+02    1.0766394241E-52
 119.26063   -1.1976063032E+02    9.7413490432E-53
 119.36068   -1.1986068034E+02    8.8138961902E-53
 119.46073   -1.1996073037E+02    7.9747441249E-53
 119.56078   -1.2006078039E+02    7.2154859197E-53
 119.66083   -1.2016083042E+02    6.5285150522E-53
 119.76088   -1.2026088044E+02    5.9069492008E-53
 119.86093   -1.2036093047E+02    5.3445612949E-53
 119.96098   -1.2046098049E+02    4.8357171298E-53
 120.06103   -1.2056103052E+02    4.3753189212E-53
 120.16108   -1.2066108054E+02    3.9587542341E-53
 120.26113   -1.2076113057E+02    3.5818497732E-53
 120.36118   -1.2086118059E+02    3.2408295740E-53
 120.46123   -1.2096123062E+02    2.9322771732E-53
 120.56128   -1.2106128064E+02    2.6531013816E-53
 120.66133   -1.2116133067E+02    2.4005053156E-53
 120.76138   -1.2126138069E+02    2.1719583768E-53
 120.86143   -1.2136143072E+02    1.9651708996E-53
 120.96148   -1.2146148074E+02    1.7780712125E-53
 121.06153   -1.2156153077E+02    1.6087848835E-53
 121.16158   -1.2166158079E+02    1.4556159411E-53
 121.26163   -1.2176163082E+02    1.3170298837E-53
 121.36168   -1.2186168084E+02    1.1916383063E-53
 121.46173   -1.2196173087E+02    1.0781849907E-53
 121.56178   -1.2206178089E+02    9.7553332088E-54
 121.66183   -1.2216183092E+02    8.8265489534E-54
 121.76188   -1.2226188094E+02    7.9861922458E-54
 121.86193   -1.2236193097E+02    7.2258440897E-54
 121.96198   -1.2246198099E+02    6.5378870432E-54
 122.06203   -1.2256203102E+02    5.9154289047E-54
 122.16208   -1.2266208104E+02    5.3522336645E-54
 122.26213   -1.2276213107E+02    4.8426590296E-54
 122.36218   -1.2286218109E+02    4.3815998977E-54
 122.46223   -1.2296223112E+02    3.9644372123E-54
 122.56228   -1.2306228114E+02    3.5869916873E-54
 122.66233   -1.2316233117E+02    3.2454819376E-54
 122.76238   -1.2326238119E+02    2.9364865952E-54
 122.86243   -1.2336243122E+02    2.6569100336E-54
 122.96248   -1.2346248124E+02    2.4039513541E-54
 123.06253   -1.2356253127E+02    2.1750763254E-54
 123.16258   -1.2366258129E+02    1.9679919950E-54
 123.26263   -1.2376263132E+02    1.7806237175E-54
 123.36268   -1.2386268134E+02    1.6110943700E-54
 123.46273   -1.2396273137E+02    1.4577055464E-54
 123.56278   -1.2406278139E+02    1.3189205422E-54
 123.66283   -1.2416283142E+02    1.1933489592E-54
 123.76288   -1.2426288144E+02    1.0797327761E-54
 123.86293   -1.2436293147E+02    9.7693374493E-55
 123.96298   -1.2446298149E+02    8.8392198804E-55
 124.06303   -1.2456303152E+02    7.9976568011E-55
 124.16308   -1.2466308154E+02    7.2362171293E-55
 124.26313   -1.2476313157E+02    6.5472724881E-55
 124.36318   -1.2486318159E+02    5.9239207817E-55
 124.46323   -1.2496323162E+02    5.3599170481E-55
 124.56328   -1.2506328164E+02    4.8496108948E-55
 124.66333   -1.2516333167E+02    4.3878898908E-55
 124.76338   -1.2526338169E+02    3.9701283487E-55
 124.86343   -1.2536343172E+02    3.5921409829E-55
 124.96348   -1.2546348174E+02    3.2501409798E-55
 125.06353   -1.2556353177E+02    2.9407020601E-55
 125.16358   -1.2566358179E+02    2.6607241532E-55
 125.26363   -1.2576363182E+02    2.4074023395E-55
 125.36368   -1.2586368184E+02    2.1781987499E-55
 125.46373   -1.2596373187E+02    1.9708171402E-55
 125.56378   -1.2606378189E+02    1.7831798868E-55
 125.66383   -1.2616383192E+02    1.6134071719E-55
 125.76388   -1.2626388194E+02    1.4597981514E-55
 125.86393   -1.2636393197E+02    1.3208139148E-55
 125.96398   -1.2646398199E+02    1.1950620679E-55
 126.06403   -1.2656403202E+02    1.0812827833E-55
 126.16408   -1.2666408204E+02    9.7833617935E-56
 126.26413   -1.2676413207E+02    8.8519089970E-56
 126.36418   -1.2686418209E+02    8.0091378143E-56
 126.46423   -1.2696423212E+02    7.2466050600E-56
 126.56428   -1.2706428214E+02    6.5566714062E-56
 126.66433   -1.2716433217E+02    5.9324248491E-56
 126.76438   -1.2726438219E+02    5.3676114616E-56
 126.86443   -1.2736443222E+02    4.8565727397E-56
 126.96448   -1.2746448224E+02    4.3941889135E-56
 127.06453   -1.2756453227E+02    3.9758276550E-56
 127.16458   -1.2766458229E+02    3.5972976706E-56
 127.26463   -1.2776463232E+02    3.2548067103E-56
 127.36468   -1.2786468234E+02    2.9449235765E-56
 127.46473   -1.2796473237E+02    2.6645437481E-56
 127.56478   -1.2806478239E+02    2.4108582790E-56
 127.66483   -1.2816483242E+02    2.1813256569E-56
 127.76488   -1.2826488244E+02    1.9736463411E-56
 127.86493   -1.2836493247E+02    1.7857397255E-56
 127.96498   -1.2846498249E+02    1.6157232939E-56
 128.06503   -1.2856503252E+02    1.4618937604E-56
 128.16508   -1.2866508254E+02    1.3227100054E-56
 128.26513   -1.2876513257E+02    1.1967776358E-56
 128.36518   -1.2886518259E+02    1.0828350157E-56
 128.46523   -1.2896523262E+02    9.7974062703E-57
 128.56528   -1.2906528264E+02    8.8646163295E-57
 128.66533   -1.2916533267E+02    8.0206353090E-57
 128.76538   -1.2926538269E+02    7.2570079030E-57
 128.86543   -1.2936543272E+02    6.5660838170E-57
 128.96548   -1.2946548274E+02    5.9409411245E-57
 129.06553   -1.2956553277E+02    5.3753169208E-57
 129.16558   -1.2966558279E+02    4.8635445787E-57
 129.26563   -1.2976563282E+02    4.4004969787E-57
 129.36568   -1.2986568284E+02    3.9815351430E-57
 129.46573   -1.2996573287E+02    3.6024617609E-57
 129.56578   -1.3006578289E+02    3.2594791387E-57
 129.66583   -1.3016583292E+02    2.9491511530E-57
 129.76588   -1.3026588294E+02    2.6683688262E-57
 129.86593   -1.3036593297E+02    2.4143191797E-57
 129.96598   -1.3046598299E+02    2.1844570526E-57
 130.06603   -1.3056603302E+02    1.9764796034E-57
 130.16608   -1.3066608304E+02    1.7883032390E-57
 130.26613   -1.3076613307E+02    1.6180427408E-57
 130.36618   -1.3086618309E+02    1.4639923778E-57
 130.46623   -1.3096623312E+02    1.3246088179E-57
 130.56628   -1.3106628314E+02    1.1984956665E-57
 130.66633   -1.3116633317E+02    1.0843894764E-57
 130.76638   -1.3126638319E+02    9.8114709087E-58
 130.86643   -1.3136643322E+02    8.8773419039E-58
 130.96648   -1.3146648324E+02    8.0321493089E-58
 131.06653   -1.3156653327E+02    7.2674256798E-58
 131.16658   -1.3166658329E+02    6.5755097397E-58
 131.26663   -1.3176663332E+02    5.9494696254E-58
 131.36668   -1.3186668334E+02    5.3830334415E-58
 131.46673   -1.3196673337E+02    4.8705264262E-58
 131.56678   -1.3206678339E+02    4.4068140995E-58
 131.66683   -1.3216683342E+02    3.9872508243E-58
 131.76688   -1.3226688344E+02    3.6076332645E-58
 131.86693   -1.3236693347E+02    3.2641582746E-58
 131.96698   -1.3246698349E+02    2.9533847985E-58
 132.06703   -1.3256703352E+02    2.6721993953E-58
 132.16708   -1.3266708354E+02    2.4177850486E-58
 132.26713   -1.3276713357E+02    2.1875929436E-58
 132.36718   -1.3286718359E+02    1.9793169330E-58
 132.46723   -1.3296723362E+02    1.7908704326E-58
 132.56728   -1.3306728364E+02    1.6203655174E-58
 132.66733   -1.3316733367E+02    1.4660940079E-58
 132.76738   -1.3326738369E+02    1.3265103563E-58
 132.86743   -1.3336743372E+02    1.2002161635E-58
 132.96748   -1.3346748374E+02    1.0859461686E-58
 133.06753   -1.3356753377E+02    9.8255557375E-59
 133.16758   -1.3366758379E+02    8.8900857465E-59
 133.26763   -1.3376763382E+02    8.0436798377E-59
 133.36768   -1.3386768384E+02    7.2778584118E-59
 133.46773   -1.3396773387E+02    6.5849491938E-59
 133.56778   -1.3406778389E+02    5.9580103694E-59
 133.66783   -1.3416783392E+02    5.3907610396E-59
 133.76788   -1.3426788394E+02    4.8775182963E-59
 133.86793   -1.3436793397E+02    4.4131402888E-59
 133.96798   -1.3446798399E+02    3.9929747107E-59
 134.06803   -1.3456803402E+02    3.6128121920E-59
 134.16808   -1.3466808404E+02    3.2688441276E-59
 134.26813   -1.3476813407E+02    2.9576245215E-59
 134.36818   -1.3486818409E+02    2.6760354635E-59
 134.46823   -1.3496823412E+02    2.4212558930E-59
 134.56828   -1.3506828414E+02    2.1907333364E-59
 134.66833   -1.3516833417E+02    1.9821583357E-59
 134.76838   -1.3526838419E+02    1.7934413115E-59
 134.86843   -1.3536843422E+02    1.6226916285E-59
 134.96848   -1.3546848424E+02    1.4681986549E-59
 135.06853   -1.3556853427E+02    1.3284146244E-59
 135.16858   -1.3566858429E+02    1.2019391303E-59
 135.26863   -1.3576863432E+02    1.0875050955E-59
 135.36868   -1.3586868434E+02    9.8396607857E-60
 135.46873   -1.3596873437E+02    8.9028478835E-60
 135.56878   -1.3606878439E+02    8.0552269191E-60
 135.66883   -1.3616883442E+02    7.2883061205E-60
 135.76888   -1.3626888444E+02    6.5944021986E-60
 135.86893   -1.3636893447E+02    5.9665633740E-60
 135.96898   -1.3646898449E+02    5.3984997311E-60
 136.06903   -1.3656903452E+02    4.8845202037E-60
 136.16908   -1.3666908454E+02    4.4194755596E-60
 136.26913   -1.3676913457E+02    3.9987068140E-60
 136.36918   -1.3686918459E+02    3.6179985542E-60
 136.46923   -1.3696923462E+02    3.2735367074E-60
 136.56928   -1.3706928464E+02    2.9618703309E-60
 136.66933   -1.3716933467E+02    2.6798770385E-60
 136.76938   -1.3726938469E+02    2.4247317199E-60
 136.86943   -1.3736943472E+02    2.1938782373E-60
 136.96948   -1.3746948474E+02    1.9850038174E-60
 137.06953   -1.3756953477E+02    1.7960158810E-60
 137.16958   -1.3766958479E+02    1.6250210788E-60
 137.26963   -1.3776963482E+02    1.4703063232E-60
 137.36968   -1.3786968484E+02    1.3303216262E-60
 137.46973   -1.3796973487E+02    1.2036645706E-60
 137.56978   -1.3806978489E+02    1.0890662603E-60
 137.66983   -1.3816983492E+02    9.8537860824E-61
 137.76988   -1.3826988494E+02    8.9156283411E-61
 137.86993   -1.3836993497E+02    8.0667905769E-61
 137.96998   -1.3846998499E+02    7.2987688273E-61
 138.07004   -1.3857003502E+02    6.6038687737E-61
 138.17009   -1.3867008504E+02    5.9751286569E-61
 138.27014   -1.3877013507E+02    5.4062495318E-61
 138.37019   -1.3887018509E+02    4.8915321626E-61
 138.47024   -1.3897023512E+02    4.4258199250E-61
 138.57029   -1.3907028514E+02    4.0044471461E-61
 138.67034   -1.3917033517E+02    3.6231923616E-61
 138.77039   -1.3927038519E+02    3.2782360236E-61
 138.87044   -1.3937043522E+02    2.9661222353E-61
 138.97049   -1.3947048524E+02    2.6837241283E-61
 139.07054   -1.3957053527E+02    2.4282125365E-61
 139.17059   -1.3967058529E+02    2.1970276529E-61
 139.27064   -1.3977063532E+02    1.9878533839E-61
 139.37069   -1.3987068534E+02    1.7985941464E-61
 139.47074   -1.3997073537E+02    1.6273538731E-61
 139.57079   -1.4007078539E+02    1.4724170172E-61
 139.67084   -1.4017083542E+02    1.3322313656E-61
 139.77089   -1.4027088544E+02    1.2053924878E-61
 139.87094   -1.4037093547E+02    1.0906296662E-61
 139.97099   -1.4047098549E+02    9.8679316566E-62
 140.07104   -1.4057103552E+02    8.9284271457E-62
 140.17109   -1.4067108554E+02    8.0783708349E-62
 140.27114   -1.4077113557E+02    7.3092465539E-62
 140.37119   -1.4087118559E+02    6.6133489385E-62
 140.47124   -1.4097123562E+02    5.9837062356E-62
 140.57129   -1.4107128564E+02    5.4140104578E-62
 140.67134   -1.4117133567E+02    4.8985541875E-62
 140.77139   -1.4127138569E+02    4.4321733980E-62
 140.87144   -1.4137143572E+02    4.0101957187E-62
 140.97149   -1.4147148574E+02    3.6283936249E-62
 141.07154   -1.4157153577E+02    3.2829420859E-62
 141.17159   -1.4167158579E+02    2.9703802435E-62
 141.27164   -1.4177163582E+02    2.6875767407E-62
 141.37169   -1.4187168584E+02    2.4316983500E-62
 141.47174   -1.4197173587E+02    2.2001815896E-62
 141.57179   -1.4207178589E+02    1.9907070411E-62
 141.67184   -1.4217183592E+02    1.8011761131E-62
 141.77189   -1.4227188594E+02    1.6296900163E-62
 141.87194   -1.4237193597E+02    1.4745307412E-62
 141.97199   -1.4247198599E+02    1.3341438465E-62
 142.07204   -1.4257203602E+02    1.2071228855E-62
 142.17209   -1.4267208604E+02    1.0921953165E-62
 142.27214   -1.4277213607E+02    9.8820975375E-63
 142.37219   -1.4287218609E+02    8.9412443235E-63
 142.47224   -1.4297223612E+02    8.0899677169E-63
 142.57229   -1.4307228614E+02    7.3197393217E-63
 142.67234   -1.4317233617E+02    6.6228427125E-63
 142.77239   -1.4327238619E+02    5.9922961278E-63
 142.87244   -1.4337243622E+02    5.4217825249E-63
 142.97249   -1.4347248624E+02    4.9055862928E-63
 143.07254   -1.4357253627E+02    4.4385359918E-63
 143.17259   -1.4367258629E+02    4.0159525436E-63
 143.27264   -1.4377263632E+02    3.6336023549E-63
 143.37269   -1.4387268634E+02    3.2876549039E-63
 143.47274   -1.4397273637E+02    2.9746443643E-63
 143.57279   -1.4407278639E+02    2.6914348837E-63
 143.67284   -1.4417283642E+02    2.4351891676E-63
 143.77289   -1.4427288644E+02    2.2033400540E-63
 143.87294   -1.4437293647E+02    1.9935647949E-63
 143.97299   -1.4447298649E+02    1.8037617862E-63
 144.07304   -1.4457303652E+02    1.6320295131E-63
 144.17309   -1.4467308654E+02    1.4766474996E-63
 144.27314   -1.4477313657E+02    1.3360590728E-63
 144.37319   -1.4487318659E+02    1.2088557673E-63
 144.47324   -1.4497323662E+02    1.0937632144E-63
 144.57329   -1.4507328664E+02    9.8962837541E-64
 144.67334   -1.4517333667E+02    8.9540799011E-64
 144.77339   -1.4527338669E+02    8.1015812467E-64
 144.87344   -1.4537343672E+02    7.3302471524E-64
 144.97349   -1.4547348674E+02    6.6323501153E-64
 145.07354   -1.4557353677E+02    6.0008983513E-64
 145.17359   -1.4567358679E+02    5.4295657492E-64
 145.27364   -1.4577363682E+02    4.9126284931E-64
 145.37369   -1.4587368684E+02    4.4449077193E-64
 145.47374   -1.4597373687E+02    4.0217176327E-64
 145.57379   -1.4607378689E+02    3.6388185623E-64
 145.67384   -1.4617383692E+02    3.2923744874E-64
 145.77389   -1.4627388694E+02    2.9789146064E-64
 145.87394   -1.4637393697E+02    2.6952985653E-64
 145.97399   -1.4647398699E+02    2.4386849964E-64
 146.07404   -1.4657403702E+02    2.2065030524E-64
 146.17409   -1.4667408704E+02    1.9964266511E-64
 146.27414   -1.4677413707E+02    1.8063511713E-64
 146.37419   -1.4687418709E+02    1.6343723683E-64
 146.47424   -1.4697423712E+02    1.4787672967E-64
 146.57429   -1.4707428714E+02    1.3379770486E-64
 146.67434   -1.4717433717E+02    1.2105911367E-64
 146.77439   -1.4727438719E+02    1.0953333630E-64
 146.87444   -1.4737443722E+02    9.9104903358E-65
 146.97449   -1.4747448724E+02    8.9669339047E-65
 147.07454   -1.4757453727E+02    8.1132114484E-65
 147.17459   -1.4767458729E+02    7.3407700676E-65
 147.27464   -1.4777463732E+02    6.6418711664E-65
 147.37469   -1.4787468734E+02    6.0095129236E-65
 147.47474   -1.4797473737E+02    5.4373601467E-65
 147.57479   -1.4807478739E+02    4.9196808028E-65
 147.67484   -1.4817483742E+02    4.4512885938E-65
 147.77489   -1.4827488744E+02    4.0274909978E-65
 147.87494   -1.4837493747E+02    3.6440422578E-65
 147.97499   -1.4847498749E+02    3.2971008461E-65
 148.07504   -1.4857503752E+02    2.9831909787E-65
 148.17509   -1.4867508754E+02    2.6991677934E-65
 148.27514   -1.4877513757E+02    2.4421858436E-65
 148.37519   -1.4887518759E+02    2.2096705915E-65
 148.47524   -1.4897523762E+02    1.9992926156E-65
 148.57529   -1.4907528764E+02    1.8089442735E-65
 148.67534   -1.4917533767E+02    1.6367185869E-65
 148.77539   -1.4927538769E+02    1.4808901368E-65
 148.87544   -1.4937543772E+02    1.3398977777E-65
 148.97549   -1.4947548774E+02    1.2123289973E-65
 149.07554   -1.4957553777E+02    1.0969057656E-65
 149.17559   -1.4967558779E+02    9.9247173116E-66
 149.27564   -1.4977563782E+02    8.9798063608E-66
 149.37569   -1.4987568784E+02    8.1248583457E-66
 149.47574   -1.4997573787E+02    7.3513080889E-66
 149.57579   -1.5007578789E+02    6.6514058854E-66
 149.67584   -1.5017583792E+02    6.0181398626E-66
 149.77589   -1.5027588794E+02    5.4451657333E-66
 149.87594   -1.5037593797E+02    4.9267432364E-66
 149.97599   -1.5047598799E+02    4.4576786283E-66
 150.07604   -1.5057603802E+02    4.0332726509E-66
 150.17609   -1.5067608804E+02    3.6492734522E-66
 150.27614   -1.5077613807E+02    3.3018339898E-66
 150.37619   -1.5087618809E+02    2.9874734899E-66
 150.47624   -1.5097623812E+02    2.7030425760E-66
 150.57629   -1.5107628814E+02    2.4456917165E-66
 150.67634   -1.5117633817E+02    2.2128426778E-66
 150.77639   -1.5127638819E+02    2.0021626944E-66
 150.87644   -1.5137643822E+02    1.8115410982E-66
 150.97649   -1.5147648824E+02    1.6390681735E-66
 151.07654   -1.5157653827E+02    1.4830160244E-66
 151.17659   -1.5167658829E+02    1.3418212641E-66
 151.27664   -1.5177663832E+02    1.2140693527E-66
 151.37669   -1.5187668834E+02    1.0984804256E-66
 151.47674   -1.5197673837E+02    9.9389647110E-67
 151.57679   -1.5207678839E+02    8.9926972960E-67
 151.67684   -1.5217683842E+02    8.1365219627E-67
 151.77689   -1.5227688844E+02    7.3618612381E-67
 151.87694   -1.5237693847E+02    6.6609542919E-67
 151.97699   -1.5247698849E+02    6.0267791859E-67
 152.07704   -1.5257703852E+02    5.4529825253E-67
 152.17709   -1.5267708854E+02    4.9338158084E-67
 152.27714   -1.5277713857E+02    4.4640778360E-67
 152.37719   -1.5287718859E+02    4.0390626039E-67
 152.47724   -1.5297723862E+02    3.6545121562E-67
 152.57729   -1.5307728864E+02    3.3065739280E-67
 152.67734   -1.5317733867E+02    2.9917621489E-67
 152.77739   -1.5327738869E+02    2.7069229210E-67
 152.87744   -1.5337743872E+02    2.4492026222E-67
 152.97749   -1.5347748874E+02    2.2160193177E-67
 153.07754   -1.5357753877E+02    2.0050368933E-67
 153.17759   -1.5367758879E+02    1.8141416508E-67
 153.27764   -1.5377763882E+02    1.6414211331E-67
 153.37769   -1.5387768884E+02    1.4851449638E-67
 153.47774   -1.5397773887E+02    1.3437475117E-67
 153.57779   -1.5407778889E+02    1.2158122065E-67
 153.67784   -1.5417783892E+02    1.1000573460E-67
 153.77789   -1.5427788894E+02    9.9532325631E-68
 153.87794   -1.5437793897E+02    9.0056067367E-68
 153.97799   -1.5447798899E+02    8.1482023233E-68
 154.07804   -1.5457803902E+02    7.3724295368E-68
 154.17809   -1.5467808904E+02    6.6705164057E-68
 154.27814   -1.5477813907E+02    6.0354309114E-68
 154.37819   -1.5487818909E+02    5.4608105387E-68
 154.47824   -1.5497823912E+02    4.9408985335E-68
 154.57829   -1.5507828914E+02    4.4704862301E-68
 154.67834   -1.5517833917E+02    4.0448608685E-68
 154.77839   -1.5527838919E+02    3.6597583806E-68
 154.87844   -1.5537843922E+02    3.3113206707E-68
 154.97849   -1.5547848924E+02    2.9960569644E-68
 155.07854   -1.5557853927E+02    2.7108088364E-68
 155.17859   -1.5567858929E+02    2.4527185679E-68
 155.27864   -1.5577863932E+02    2.2192005179E-68
 155.37869   -1.5587868934E+02    2.0079152182E-68
 155.47874   -1.5597873937E+02    1.8167459367E-68
 155.57879   -1.5607878939E+02    1.6437774705E-68
 155.67884   -1.5617883942E+02    1.4872769593E-68
 155.77889   -1.5627888944E+02    1.3456765246E-68
 155.87894   -1.5637893947E+02    1.2175575622E-68
 155.97899   -1.5647898949E+02    1.1016365301E-68
 156.07904   -1.5657903952E+02    9.9675208974E-69
 156.17909   -1.5667908954E+02    9.0185347095E-69
 156.27914   -1.5677913957E+02    8.1598994517E-69
 156.37919   -1.5687918959E+02    7.3830130068E-69
 156.47924   -1.5697923962E+02    6.6800922463E-69
 156.57929   -1.5707928964E+02    6.0440950569E-69
 156.67934   -1.5717933967E+02    5.4686497895E-69
 156.77939   -1.5727938969E+02    4.9479914262E-69
 156.87944   -1.5737943972E+02    4.4769038237E-69
 156.97949   -1.5747948974E+02    4.0506674569E-69
 157.07954   -1.5757953977E+02    3.6650121362E-69
 157.17959   -1.5767958979E+02    3.3160742276E-69
 157.27964   -1.5777963982E+02    3.0003579454E-69
 157.37969   -1.5787968984E+02    2.7147003302E-69
 157.47974   -1.5797973987E+02    2.4562395610E-69
 157.57979   -1.5807978989E+02    2.2223862848E-69
 157.67984   -1.5817983992E+02    2.0107976751E-69
 157.77989   -1.5827988994E+02    1.8193539610E-69
 157.87994   -1.5837993997E+02    1.6461371905E-69
 157.97999   -1.5847998999E+02    1.4894120155E-69
 158.08004   -1.5858004002E+02    1.3476083067E-69
 158.18009   -1.5868009005E+02    1.2193054234E-69
 158.28014   -1.5878014007E+02    1.1032179813E-69
 158.38019   -1.5888019010E+02    9.9818297434E-70
 158.48024   -1.5898024012E+02    9.0314812410E-70
 158.58029   -1.5908029015E+02    8.1716133718E-70
 158.68034   -1.5918034017E+02    7.3936116698E-70
 158.78039   -1.5928039020E+02    6.6896818335E-70
 158.88044   -1.5938044022E+02    6.0527716401E-70
 158.98049   -1.5948049025E+02    5.4765002940E-70
 159.08054   -1.5958054027E+02    4.9550945010E-70
 159.18059   -1.5968059030E+02    4.4833306301E-70
 159.28064   -1.5978064032E+02    4.0564823809E-70
 159.38069   -1.5988069035E+02    3.6702734338E-70
 159.48074   -1.5998074037E+02    3.3208346084E-70
 159.58079   -1.6008079040E+02    3.0046651006E-70
 159.68084   -1.6018084042E+02    2.7185974104E-70
 159.78089   -1.6028089045E+02    2.4597656086E-70
 159.88094   -1.6038094047E+02    2.2255766250E-70
 159.98099   -1.6048099050E+02    2.0136842699E-70
 160.08104   -1.6058104052E+02    1.8219657294E-70
 160.18109   -1.6068109055E+02    1.6485002980E-70
 160.28114   -1.6078114057E+02    1.4915501366E-70
 160.38119   -1.6088119060E+02    1.3495428619E-70
 160.48124   -1.6098124062E+02    1.2210557938E-70
 160.58129   -1.6108129065E+02    1.1048017027E-70
 160.68134   -1.6118134067E+02    9.9961591303E-71
 160.78139   -1.6128139070E+02    9.0444463579E-71
 160.88144   -1.6138144072E+02    8.1833441079E-71
 160.98149   -1.6148149075E+02    7.4042255477E-71
 161.08154   -1.6158154077E+02    6.6992851870E-71
 161.18159   -1.6168159080E+02    6.0614606790E-71
 161.28164   -1.6178164082E+02    5.4843620682E-71
 161.38169   -1.6188169085E+02    4.9622077726E-71
 161.48174   -1.6198174087E+02    4.4897666625E-71
 161.58179   -1.6208179090E+02    4.0623056525E-71
 161.68184   -1.6218184092E+02    3.6755422842E-71
 161.78189   -1.6228189095E+02    3.3256018229E-71
 161.88194   -1.6238194097E+02    3.0089784389E-71
 161.98199   -1.6248199100E+02    2.7225000851E-71
 162.08204   -1.6258204102E+02    2.4632967181E-71
 162.18209   -1.6268209105E+02    2.2287715451E-71
 162.28214   -1.6278214107E+02    2.0165750086E-71
 162.38219   -1.6288219110E+02    1.8245812470E-71
 162.48224   -1.6298224112E+02    1.6508667979E-71
 162.58229   -1.6308229115E+02    1.4936913271E-71
 162.68234   -1.6318234117E+02    1.3514801943E-71
 162.78239   -1.6328239120E+02    1.2228086770E-71
 162.88244   -1.6338244122E+02    1.1063876976E-71
 162.98249   -1.6348249125E+02    1.0010509088E-71
 163.08254   -1.6358254127E+02    9.0574300868E-72
 163.18259   -1.6368259130E+02    8.1950916839E-72
 163.28264   -1.6378264132E+02    7.4148546624E-72
 163.38269   -1.6388269135E+02    6.7089023265E-72
 163.48274   -1.6398274137E+02    6.0701621914E-72
 163.58279   -1.6408279140E+02    5.4922351284E-72
 163.68284   -1.6418284142E+02    4.9693312557E-72
 163.78289   -1.6428289145E+02    4.4962119341E-72
 163.88294   -1.6438294147E+02    4.0681372837E-72
 163.98299   -1.6448299150E+02    3.6808186984E-72
 164.08304   -1.6458304152E+02    3.3303758810E-72
 164.18309   -1.6468309155E+02    3.0132979692E-72
 164.28314   -1.6478314157E+02    2.7264083622E-72
 164.38319   -1.6488319160E+02    2.4668328966E-72
 164.48324   -1.6498324162E+02    2.2319710517E-72
 164.58329   -1.6508329165E+02    2.0194698970E-72
 164.68334   -1.6518334167E+02    1.8272005194E-72
 164.78339   -1.6528339170E+02    1.6532366949E-72
 164.88344   -1.6538344172E+02    1.4958355914E-72
 164.98349   -1.6548349175E+02    1.3534203078E-72
 165.08354   -1.6558354177E+02    1.2245640764E-72
 165.18359   -1.6568359180E+02    1.1079759692E-72
 165.28364   -1.6578364182E+02    1.0024879645E-72
 165.38369   -1.6588369185E+02    9.0704324544E-73
 165.48374   -1.6598374187E+02    8.2068561242E-73
 165.58379   -1.6608379190E+02    7.4254990356E-73
 165.68384   -1.6618384192E+02    6.7185332719E-73
 165.78389   -1.6628389195E+02    6.0788761953E-73
 165.88394   -1.6638394197E+02    5.5001194907E-73
 165.98399   -1.6648399200E+02    4.9764649649E-73
 166.08404   -1.6658404202E+02    4.5026664582E-73
 166.18409   -1.6668409205E+02    4.0739772864E-73
 166.28414   -1.6678414207E+02    3.6861026871E-73
 166.38419   -1.6688419210E+02    3.3351567925E-73
 166.48424   -1.6698424212E+02    3.0176237005E-73
 166.58429   -1.6708429215E+02    2.7303222499E-73
 166.68434   -1.6718434217E+02    2.4703741514E-73
 166.78439   -1.6728439220E+02    2.2351751513E-73
 166.88444   -1.6738444222E+02    2.0223689412E-73
 166.98449   -1.6748449225E+02    1.8298235518E-73
 167.08454   -1.6758454227E+02    1.6556099941E-73
 167.18459   -1.6768459230E+02    1.4979829339E-73
 167.28464   -1.6778464232E+02    1.3553632064E-73
 167.38469   -1.6788469235E+02    1.2263219959E-73
 167.48474   -1.6798474237E+02    1.1095665209E-73
 167.58479   -1.6808479240E+02    1.0039270832E-73
 167.68484   -1.6818484242E+02    9.0834534876E-74
 167.78489   -1.6828489245E+02    8.2186374529E-74
 167.88494   -1.6838494247E+02    7.4361586894E-74
 167.98499   -1.6848499250E+02    6.7281780430E-74
 168.08504   -1.6858504252E+02    6.0876027085E-74
 168.18509   -1.6868509255E+02    5.5080151714E-74
 168.28514   -1.6878514257E+02    4.9836089148E-74
 168.38519   -1.6888519260E+02    4.5091302481E-74
 168.48524   -1.6898524262E+02    4.0798256728E-74
 168.58529   -1.6908529265E+02    3.6913942612E-74
 168.68534   -1.6918534267E+02    3.3399445673E-74
 168.78539   -1.6928539270E+02    3.0219556415E-74
 168.88544   -1.6938544272E+02    2.7342417562E-74
 168.98549   -1.6948549275E+02    2.4739204899E-74
 169.08554   -1.6958554277E+02    2.2383838505E-74
 169.18559   -1.6968559280E+02    2.0252721471E-74
 169.28564   -1.6978564282E+02    1.8324503498E-74
 169.38569   -1.6988569285E+02    1.6579867003E-74
 169.48574   -1.6998574287E+02    1.5001333590E-74
 169.58579   -1.7008579290E+02    1.3573088941E-74
 169.68584   -1.7018584292E+02    1.2280824389E-74
 169.78589   -1.7028589295E+02    1.1111593560E-74
 169.88594   -1.7038594297E+02    1.0053682679E-74
 169.98599   -1.7048599300E+02    9.0964932131E-75
 170.08604   -1.7058604302E+02    8.2304356942E-75
 170.18609   -1.7068609305E+02    7.4468336456E-75
 170.28614   -1.7078614307E+02    6.7378366596E-75
 170.38619   -1.7088619310E+02    6.0963417490E-75
 170.48624   -1.7098624312E+02    5.5159221867E-75
 170.58629   -1.7108629315E+02    4.9907631202E-75
 170.68634   -1.7118634317E+02    4.5156033170E-75
 170.78639   -1.7128639320E+02    4.0856824548E-75
 170.88644   -1.7138644322E+02    3.6966934315E-75
 170.98649   -1.7148649325E+02    3.3447392151E-75
 171.08654   -1.7158654327E+02    3.0262938012E-75
 171.18659   -1.7168659330E+02    2.7381668890E-75
 171.28664   -1.7178664332E+02    2.4774719194E-75
 171.38669   -1.7188669335E+02    2.2415971560E-75
 171.48674   -1.7198674337E+02    2.0281795207E-75
 171.58679   -1.7208679340E+02    1.8350809186E-75
 171.68684   -1.7218684342E+02    1.6603668183E-75
 171.78689   -1.7228689345E+02    1.5022868711E-75
 171.88694   -1.7238694347E+02    1.3592573750E-75
 171.98699   -1.7248699350E+02    1.2298454091E-75
 172.08704   -1.7258704352E+02    1.1127544776E-75
 172.18709   -1.7268709355E+02    1.0068115214E-75
 172.28714   -1.7278714357E+02    9.1095516577E-76
 172.38719   -1.7288719360E+02    8.2422508724E-76
 172.48724   -1.7298724362E+02    7.4575239262E-76
 172.58729   -1.7308729365E+02    6.7475091416E-76
 172.68734   -1.7318734367E+02    6.1050933349E-76
 172.78739   -1.7328739370E+02    5.5238405529E-76
 172.88744   -1.7338744372E+02    4.9979275959E-76
 172.98749   -1.7348749375E+02    4.5220856783E-76
 173.08754   -1.7358754377E+02    4.0915476445E-76
 173.18759   -1.7368759380E+02    3.7020002092E-76
 173.28764   -1.7378764382E+02    3.3495407458E-76
 173.38769   -1.7388769385E+02    3.0306381885E-76
 173.48774   -1.7398774387E+02    2.7420976566E-76
 173.58779   -1.7408779390E+02    2.4810284470E-76
 173.68784   -1.7418784392E+02    2.2448150744E-76
 173.78789   -1.7428789395E+02    2.0310910680E-76
 173.88794   -1.7438794397E+02    1.8377152637E-76
 173.98799   -1.7448799400E+02    1.6627503531E-76
 174.08804   -1.7458804402E+02    1.5044434747E-76
 174.18809   -1.7468809405E+02    1.3612086530E-76
 174.28814   -1.7478814407E+02    1.2316109101E-76
 174.38819   -1.7488819410E+02    1.1143518891E-76
 174.48824   -1.7498824412E+02    1.0082568468E-76
 174.58829   -1.7508829415E+02    9.1226288484E-77
 174.68834   -1.7518834417E+02    8.2540830119E-77
 174.78839   -1.7528839420E+02    7.4682295531E-77
 174.88844   -1.7538844422E+02    6.7571955089E-77
 174.98849   -1.7548849425E+02    6.1138574840E-77
 175.08854   -1.7558854427E+02    5.5317702863E-77
 175.18859   -1.7568859430E+02    5.0051023564E-77
 175.28864   -1.7578864432E+02    4.5285773454E-77
 175.38869   -1.7588869435E+02    4.0974212539E-77
 175.48874   -1.7598874437E+02    3.7073146049E-77
 175.58879   -1.7608879440E+02    3.3543491694E-77
 175.68884   -1.7618884442E+02    3.0349888125E-77
 175.78889   -1.7628889445E+02    2.7460340670E-77
 175.88894   -1.7638894447E+02    2.4845900803E-77
 175.98899   -1.7648899450E+02    2.2480376122E-77
 176.08904   -1.7658904452E+02    2.0340067949E-77
 176.18909   -1.7668909455E+02    1.8403533906E-77
 176.28914   -1.7678914457E+02    1.6651373096E-77
 176.38919   -1.7688919460E+02    1.5066031742E-77
 176.48924   -1.7698924462E+02    1.3631627322E-77
 176.58929   -1.7708929465E+02    1.2333789456E-77
 176.68934   -1.7718934467E+02    1.1159515937E-77
 176.78939   -1.7728939470E+02    1.0097042470E-77
 176.88944   -1.7738944472E+02    9.1357248119E-78
 176.98949   -1.7748949475E+02    8.2659321370E-78
 177.08954   -1.7758954477E+02    7.4789505486E-78
 177.18959   -1.7768959480E+02    6.7668957815E-78
 177.28964   -1.7778964482E+02    6.1226342145E-78
 177.38969   -1.7788969485E+02    5.5397114032E-78
 177.48974   -1.7798974487E+02    5.0122874167E-78
 177.58979   -1.7808979490E+02    4.5350783316E-78
 177.68984   -1.7818984492E+02    4.1033032952E-78
 177.78989   -1.7828989495E+02    3.7126366297E-78
 177.88994   -1.7838994497E+02    3.3591644957E-78
 177.98999   -1.7848999500E+02    3.0393456819E-78
 178.09005   -1.7859004502E+02    2.7499761283E-78
 178.19010   -1.7869009505E+02    2.4881568264E-78
 178.29015   -1.7879014507E+02    2.2512647761E-78
 178.39020   -1.7889019510E+02    2.0369267075E-78
 178.49025   -1.7899024512E+02    1.8429953046E-78
 178.59030   -1.7909029515E+02    1.6675276927E-78
 178.69035   -1.7919034517E+02    1.5087659740E-78
 178.79040   -1.7929039520E+02    1.3651196165E-78
 178.89045   -1.7939044522E+02    1.2351495192E-78
 178.99050   -1.7949049525E+02    1.1175535948E-78
 179.09055   -1.7959054527E+02    1.0111537250E-78
 179.19060   -1.7969059530E+02    9.1488395754E-79
 179.29065   -1.7979064532E+02    8.2777982721E-79
 179.39070   -1.7989069535E+02    7.4896869345E-79
 179.49075   -1.7999074537E+02    6.7766099792E-79
 179.59080   -1.8009079540E+02    6.1314235444E-79
 179.69085   -1.8019084542E+02    5.5476639199E-79
 179.79090   -1.8029089545E+02    5.0194827915E-79
 179.89095   -1.8039094547E+02    4.5415886502E-79
 179.99100   -1.8049099550E+02    4.1091937804E-79
 180.09105   -1.8059104552E+02    3.7179662945E-79
 180.19110   -1.8069109555E+02    3.3639867346E-79
 180.29115   -1.8079114557E+02    3.0437088058E-79
 180.39120   -1.8089119560E+02    2.7539238486E-79
 180.49125   -1.8099124562E+02    2.4917286928E-79
 180.59130   -1.8109129565E+02    2.2544965728E-79
 180.69135   -1.8119134567E+02    2.0398508118E-79
 180.79140   -1.8129139570E+02    1.8456410112E-79
 180.89145   -1.8139144572E+02    1.6699215072E-79
 180.99150   -1.8149149575E+02    1.5109318787E-79
 181.09155   -1.8159154577E+02    1.3670793100E-79
 181.19160   -1.8169159580E+02    1.2369226345E-79
 181.29165   -1.8179164582E+02    1.1191578956E-79
 181.39170   -1.8189169585E+02    1.0126052838E-79
 181.49175   -1.8199174587E+02    9.1619731657E-80
 181.59180   -1.8209179590E+02    8.2896814415E-80
 181.69185   -1.8219184592E+02    7.5004387330E-80
 181.79190   -1.8229189595E+02    6.7863381221E-80
 181.89195   -1.8239194597E+02    6.1402254918E-80
 181.99200   -1.8249199600E+02    5.5556278529E-80
 182.09205   -1.8259204602E+02    5.0266884955E-80
 182.19210   -1.8269209605E+02    4.5481083147E-80
 182.29215   -1.8279214607E+02    4.1150927217E-80
 182.39220   -1.8289219610E+02    3.7233036103E-80
 182.49225   -1.8299224612E+02    3.3688158960E-80
 182.59230   -1.8309229615E+02    3.0480781933E-80
 182.69235   -1.8319234617E+02    2.7578772361E-80
 182.79240   -1.8329239620E+02    2.4953056867E-80
 182.89245   -1.8339244622E+02    2.2577330088E-80
 182.99250   -1.8349249625E+02    2.0427791137E-80
 183.09255   -1.8359254627E+02    1.8482905158E-80
 183.19260   -1.8369259630E+02    1.6723187582E-80
 183.29265   -1.8379264632E+02    1.5131008926E-80
 183.39270   -1.8389269635E+02    1.3690418168E-80
 183.49275   -1.8399274637E+02    1.2386982953E-80
 183.59280   -1.8409279640E+02    1.1207644995E-80
 183.69285   -1.8419284642E+02    1.0140589264E-80
 183.79290   -1.8429289645E+02    9.1751256098E-81
 183.89295   -1.8439294647E+02    8.3015816699E-81
 183.99300   -1.8449299650E+02    7.5112059662E-81
 184.09305   -1.8459304652E+02    6.7960802303E-81
 184.19310   -1.8469309655E+02    6.1490400748E-81
 184.29315   -1.8479314657E+02    5.5636032184E-81
 184.39320   -1.8489319660E+02    5.0339045437E-81
 184.49325   -1.8499324662E+02    4.5546373385E-81
 184.59330   -1.8509329665E+02    4.1210001312E-81
 184.69335   -1.8519334667E+02    3.7286485881E-81
 184.79340   -1.8529339670E+02    3.3736519900E-81
 184.89345   -1.8539344672E+02    3.0524538531E-81
 184.99350   -1.8549349675E+02    2.7618362988E-81
 185.09355   -1.8559354677E+02    2.4988878156E-81
 185.19360   -1.8569359680E+02    2.2609740909E-81
 185.29365   -1.8579364682E+02    2.0457116194E-81
 185.39370   -1.8589369685E+02    1.8509438239E-81
 185.49375   -1.8599374687E+02    1.6747194506E-81
 185.59380   -1.8609379690E+02    1.5152730202E-81
 185.69385   -1.8619384692E+02    1.3710071408E-81
 185.79390   -1.8629389695E+02    1.2404765050E-81
 185.89395   -1.8639394697E+02    1.1223734098E-81
 185.99400   -1.8649399700E+02    1.0155146558E-81
 186.09405   -1.8659404702E+02    9.1882969350E-82
 186.19410   -1.8669409705E+02    8.3134989815E-82
 186.29415   -1.8679414707E+02    7.5219886563E-82
 186.39420   -1.8689419710E+02    6.8058363237E-82
 186.49425   -1.8699424712E+02    6.1578673116E-82
 186.59430   -1.8709429715E+02    5.5715900330E-82
 186.69435   -1.8719434717E+02    5.0411309509E-82
 186.79440   -1.8729439720E+02    4.5611757350E-82
 186.89445   -1.8739444722E+02    4.1269160211E-82
 186.99450   -1.8749449725E+02    3.7340012388E-82
 187.09455   -1.8759454727E+02    3.3784950264E-82
 187.19460   -1.8769459730E+02    3.0568357945E-82
 187.29465   -1.8779464732E+02    2.7658010449E-82
 187.39470   -1.8789469735E+02    2.5024750868E-82
 187.49475   -1.8799474737E+02    2.2642198258E-82
 187.59480   -1.8809479740E+02    2.0486483348E-82
 187.69485   -1.8819484742E+02    1.8536009410E-82
 187.79490   -1.8829489745E+02    1.6771235893E-82
 187.89495   -1.8839494747E+02    1.5174482660E-82
 187.99500   -1.8849499750E+02    1.3729752862E-82
 188.09505   -1.8859504752E+02    1.2422572675E-82
 188.19510   -1.8869509755E+02    1.1239846297E-82
 188.29515   -1.8879514757E+02    1.0169724749E-82
 188.39520   -1.8889519760E+02    9.2014871682E-83
 188.49525   -1.8899524762E+02    8.3254334010E-83
 188.59530   -1.8909529765E+02    7.5327868254E-83
 188.69535   -1.8919534767E+02    6.8156064224E-83
 188.79540   -1.8929539770E+02    6.1667072203E-83
 188.89545   -1.8939544772E+02    5.5795883130E-83
 188.99550   -1.8949549775E+02    5.0483677319E-83
 189.09555   -1.8959554777E+02    4.5677235177E-83
 189.19560   -1.8969559780E+02    4.1328404035E-83
 189.29565   -1.8979564782E+02    3.7393615735E-83
 189.39570   -1.8989569785E+02    3.3833450152E-83
 189.49575   -1.8999574787E+02    3.0612240263E-83
 189.59580   -1.9009579790E+02    2.7697714826E-83
 189.69585   -1.9019584792E+02    2.5060675077E-83
 189.79590   -1.9029589795E+02    2.2674702200E-83
 189.89595   -1.9039594797E+02    2.0515892660E-83
 189.99600   -1.9049599800E+02    1.8562618725E-83
 190.09605   -1.9059604802E+02    1.6795311792E-83
 190.19610   -1.9069609805E+02    1.5196266345E-83
 190.29615   -1.9079614807E+02    1.3749462569E-83
 190.39620   -1.9089619810E+02    1.2440405863E-83
 190.49625   -1.9099624812E+02    1.1255981626E-83
 190.59630   -1.9109629815E+02    1.0184323868E-83
 190.69635   -1.9119634817E+02    9.2146963366E-84
 190.79640   -1.9129639820E+02    8.3373849530E-84
 190.89645   -1.9139644822E+02    7.5436004959E-84
 190.99650   -1.9149649825E+02    6.8253905466E-84
 191.09655   -1.9159654827E+02    6.1755598191E-84
 191.19660   -1.9169659830E+02    5.5875980750E-84
 191.29665   -1.9179664832E+02    5.0556149016E-84
 191.39670   -1.9189669835E+02    4.5742807000E-84
 191.49675   -1.9199674837E+02    4.1387732906E-84
 191.59680   -1.9209679840E+02    3.7447296033E-84
 191.69685   -1.9219684842E+02    3.3882019664E-84
 191.79690   -1.9229689845E+02    3.0656185576E-84
 191.89695   -1.9239694847E+02    2.7737476201E-84
 191.99700   -1.9249699850E+02    2.5096650857E-84
 192.09705   -1.9259704852E+02    2.2707252804E-84
 192.19710   -1.9269709855E+02    2.0545344191E-84
 192.29715   -1.9279714857E+02    1.8589266239E-84
 192.39720   -1.9289719860E+02    1.6819422254E-84
 192.49725   -1.9299724862E+02    1.5218081301E-84
 192.59730   -1.9309729865E+02    1.3769200570E-84
 192.69735   -1.9319734867E+02    1.2458264652E-84
 192.79740   -1.9329739870E+02    1.1272140118E-84
 192.89745   -1.9339744872E+02    1.0198943945E-84
 192.99750   -1.9349749875E+02    9.2279244674E-85
 193.09755   -1.9359754877E+02    8.3493536619E-85
 193.19760   -1.9369759880E+02    7.5544296898E-85
 193.29765   -1.9379764882E+02    6.8351887163E-85
 193.39770   -1.9389769885E+02    6.1844251262E-85
 193.49775   -1.9399774887E+02    5.5956193353E-85
 193.59780   -1.9409779890E+02    5.0628724750E-85
 193.69785   -1.9419784892E+02    4.5808472955E-85
 193.79790   -1.9429789895E+02    4.1447146947E-85
 193.89795   -1.9439794897E+02    3.7501053391E-85
 193.99800   -1.9449799900E+02    3.3930658900E-85
 194.09805   -1.9459804902E+02    3.0700193975E-85
 194.19810   -1.9469809905E+02    2.7777294655E-85
 194.29815   -1.9479814907E+02    2.5132678282E-85
 194.39820   -1.9489819910E+02    2.2739850135E-85
 194.49825   -1.9499824912E+02    2.0574838001E-85
 194.59830   -1.9509829915E+02    1.8615952006E-85
 194.69835   -1.9519834917E+02    1.6843567327E-85
 194.79840   -1.9529839920E+02    1.5239927574E-85
 194.89845   -1.9539844922E+02    1.3788966907E-85
 194.99850   -1.9549849925E+02    1.2476149078E-85
 195.09855   -1.9559854927E+02    1.1288321806E-85
 195.19860   -1.9569859930E+02    1.0213585010E-85
 195.29865   -1.9579864932E+02    9.2411715877E-86
 195.39870   -1.9589869935E+02    8.3613395525E-86
 195.49875   -1.9599874937E+02    7.5652744296E-86
 195.59880   -1.9609879940E+02    6.8450009518E-86
 195.69885   -1.9619884942E+02    6.1933031598E-86
 195.79890   -1.9629889945E+02    5.6036521105E-86
 195.89895   -1.9639894947E+02    5.0701404670E-86
 195.99900   -1.9649899950E+02    4.5874233176E-86
 196.09905   -1.9659904952E+02    4.1506646279E-86
 196.19910   -1.9669909955E+02    3.7554887920E-86
 196.29915   -1.9679914957E+02    3.3979367959E-86
 196.39920   -1.9689919960E+02    3.0744265550E-86
 196.49925   -1.9699924962E+02    2.7817170271E-86
 196.59930   -1.9709929965E+02    2.5168757426E-86
 196.69935   -1.9719934967E+02    2.2772494262E-86
 196.79940   -1.9729939970E+02    2.0604374150E-86
 196.89945   -1.9739944972E+02    1.8642676083E-86
 196.99950   -1.9749949975E+02    1.6867747062E-86
 197.09955   -1.9759954977E+02    1.5261805208E-86
 197.19960   -1.9769959980E+02    1.3808761618E-86
 197.29965   -1.9779964982E+02    1.2494059178E-86
 197.39970   -1.9789969985E+02    1.1304526724E-86
 197.49975   -1.9799974987E+02    1.0228247092E-86
 197.59980   -1.9809979990E+02    9.2544377250E-87
 197.69985   -1.9819984992E+02    8.3733426494E-87
 197.79990   -1.9829989995E+02    7.5761347375E-87
 197.89995   -1.9839994997E+02    6.8548272732E-87
 198.00000   -1.9850000000E+02    6.2021939384E-87
 198.10005   -1.9860005003E+02    5.6116964171E-87
 198.20010   -1.9870010005E+02    5.0774188926E-87
 198.30015   -1.9880015008E+02    4.5940087800E-87
 198.40020   -1.9890020010E+02    4.1566231026E-87
 198.50025   -1.9900025013E+02    3.7608799731E-87
 198.60030   -1.9910030015E+02    3.4028146943E-87
 198.70035   -1.9920035018E+02    3.0788400392E-87
 198.80040   -1.9930040020E+02    2.7857103129E-87
 198.90045   -1.9940045023E+02    2.5204888363E-87
 199.00050   -1.9950050025E+02    2.2805185250E-87
 199.10055   -1.9960055028E+02    2.0633952700E-87
 199.20060   -1.9970060030E+02    1.8669438523E-87
 199.30065   -1.9980065033E+02    1.6891961507E-87
 199.40070   -1.9990070035E+02    1.5283714249E-87
 199.50075   -2.0000000000E+02    1.3838965267E-87
 199.60080   -2.0000000000E+02    1.3838965267E-87
 199.70085   -2.0000000000E+02    1.3838965267E-87
 199.80090   -2.0000000000E+02    1.3838965267E-87
 199.90095   -2.0000000000E+02    1.3838965267E-87
 200.00100   -2.0000000000E+02    1.3838965267E-87
