# r, u_l, exp(u_l)  X-he4  l=         3
   0.00100    0.0000000000E+00    1.0000000000E+00
   0.10105    0.0000000000E+00    1.0000000000E+00
   0.20110    0.0000000000E+00    1.0000000000E+00
   0.30115    0.0000000000E+00    1.0000000000E+00
   0.40120    0.0000000000E+00    1.0000000000E+00
   0.50125    0.0000000000E+00    1.0000000000E+00
   0.60130    0.0000000000E+00    1.0000000000E+00
   0.70135    0.0000000000E+00    1.0000000000E+00
   0.80140    0.0000000000E+00    1.0000000000E+00
   0.90145    0.0000000000E+00    1.0000000000E+00
   1.00150   -0.0000000000E+00    1.0000000000E+00
   1.10155   -0.0000000000E+00    1.0000000000E+00
   1.20160   -0.0000000000E+00    1.0000000000E+00
   1.30165   -0.0000000000E+00    1.0000000000E+00
   1.40170   -0.0000000000E+00    1.0000000000E+00
   1.50175   -0.0000000000E+00    1.0000000000E+00
   1.60180   -0.0000000000E+00    1.0000000000E+00
   1.70185   -0.0000000000E+00    1.0000000000E+00
   1.80190   -0.0000000000E+00    1.0000000000E+00
   1.90195   -0.0000000000E+00    1.0000000000E+00
   2.00200   -0.0000000000E+00    1.0000000000E+00
   2.10205   -0.0000000000E+00    1.0000000000E+00
   2.20210   -0.0000000000E+00    1.0000000000E+00
   2.30215   -0.0000000000E+00    1.0000000000E+00
   2.40220   -0.0000000000E+00    1.0000000000E+00
   2.50225   -0.0000000000E+00    1.0000000000E+00
   2.60230   -0.0000000000E+00    1.0000000000E+00
   2.70235   -0.0000000000E+00    1.0000000000E+00
   2.80240   -0.0000000000E+00    1.0000000000E+00
   2.90245   -0.0000000000E+00    1.0000000000E+00
   3.00250   -0.0000000000E+00    1.0000000000E+00
   3.10255   -0.0000000000E+00    1.0000000000E+00
   3.20260   -0.0000000000E+00    1.0000000000E+00
   3.30265   -0.0000000000E+00    1.0000000000E+00
   3.40270   -0.0000000000E+00    1.0000000000E+00
   3.50275   -0.0000000000E+00    1.0000000000E+00
   3.60280   -0.0000000000E+00    1.0000000000E+00
   3.70285   -0.0000000000E+00    1.0000000000E+00
   3.80290   -0.0000000000E+00    1.0000000000E+00
   3.90295   -0.0000000000E+00    1.0000000000E+00
   4.00300   -0.0000000000E+00    1.0000000000E+00
   4.10305   -0.0000000000E+00    1.0000000000E+00
   4.20310   -0.0000000000E+00    1.0000000000E+00
   4.30315   -0.0000000000E+00    1.0000000000E+00
   4.40320   -0.0000000000E+00    1.0000000000E+00
   4.50325   -0.0000000000E+00    1.0000000000E+00
   4.60330   -0.0000000000E+00    1.0000000000E+00
   4.70335   -0.0000000000E+00    1.0000000000E+00
   4.80340   -0.0000000000E+00    1.0000000000E+00
   4.90345   -0.0000000000E+00    1.0000000000E+00
   5.00350   -0.0000000000E+00    1.0000000000E+00
   5.10355   -0.0000000000E+00    1.0000000000E+00
   5.20360   -0.0000000000E+00    1.0000000000E+00
   5.30365   -0.0000000000E+00    1.0000000000E+00
   5.40370   -0.0000000000E+00    1.0000000000E+00
   5.50375   -0.0000000000E+00    1.0000000000E+00
   5.60380   -0.0000000000E+00    1.0000000000E+00
   5.70385   -0.0000000000E+00    1.0000000000E+00
   5.80390   -0.0000000000E+00    1.0000000000E+00
   5.90395   -0.0000000000E+00    1.0000000000E+00
   6.00400   -0.0000000000E+00    1.0000000000E+00
   6.10405   -0.0000000000E+00    1.0000000000E+00
   6.20410   -0.0000000000E+00    1.0000000000E+00
   6.30415   -0.0000000000E+00    1.0000000000E+00
   6.40420   -0.0000000000E+00    1.0000000000E+00
   6.50425   -0.0000000000E+00    1.0000000000E+00
   6.60430   -0.0000000000E+00    1.0000000000E+00
   6.70435   -0.0000000000E+00    1.0000000000E+00
   6.80440   -0.0000000000E+00    1.0000000000E+00
   6.90445   -0.0000000000E+00    1.0000000000E+00
   7.00450   -0.0000000000E+00    1.0000000000E+00
   7.10455   -0.0000000000E+00    1.0000000000E+00
   7.20460   -0.0000000000E+00    1.0000000000E+00
   7.30465   -0.0000000000E+00    1.0000000000E+00
   7.40470   -0.0000000000E+00    1.0000000000E+00
   7.50475   -0.0000000000E+00    1.0000000000E+00
   7.60480   -0.0000000000E+00    1.0000000000E+00
   7.70485   -0.0000000000E+00    1.0000000000E+00
   7.80490   -0.0000000000E+00    1.0000000000E+00
   7.90495   -0.0000000000E+00    1.0000000000E+00
   8.00500   -0.0000000000E+00    1.0000000000E+00
   8.10505   -0.0000000000E+00    1.0000000000E+00
   8.20510   -0.0000000000E+00    1.0000000000E+00
   8.30515   -0.0000000000E+00    1.0000000000E+00
   8.40520   -0.0000000000E+00    1.0000000000E+00
   8.50525   -0.0000000000E+00    1.0000000000E+00
   8.60530   -0.0000000000E+00    1.0000000000E+00
   8.70535   -0.0000000000E+00    1.0000000000E+00
   8.80540   -0.0000000000E+00    1.0000000000E+00
   8.90545   -0.0000000000E+00    1.0000000000E+00
   9.00550   -0.0000000000E+00    1.0000000000E+00
   9.10555   -0.0000000000E+00    1.0000000000E+00
   9.20560   -0.0000000000E+00    1.0000000000E+00
   9.30565   -0.0000000000E+00    1.0000000000E+00
   9.40570   -0.0000000000E+00    1.0000000000E+00
   9.50575   -0.0000000000E+00    1.0000000000E+00
   9.60580   -0.0000000000E+00    1.0000000000E+00
   9.70585   -0.0000000000E+00    1.0000000000E+00
   9.80590   -0.0000000000E+00    1.0000000000E+00
   9.90595   -0.0000000000E+00    1.0000000000E+00
  10.00600   -0.0000000000E+00    1.0000000000E+00
  10.10605   -0.0000000000E+00    1.0000000000E+00
  10.20610   -0.0000000000E+00    1.0000000000E+00
  10.30615   -0.0000000000E+00    1.0000000000E+00
  10.40620   -0.0000000000E+00    1.0000000000E+00
  10.50625   -0.0000000000E+00    1.0000000000E+00
  10.60630   -0.0000000000E+00    1.0000000000E+00
  10.70635   -0.0000000000E+00    1.0000000000E+00
  10.80640   -0.0000000000E+00    1.0000000000E+00
  10.90645   -0.0000000000E+00    1.0000000000E+00
  11.00650   -0.0000000000E+00    1.0000000000E+00
  11.10655   -0.0000000000E+00    1.0000000000E+00
  11.20660   -0.0000000000E+00    1.0000000000E+00
  11.30665   -0.0000000000E+00    1.0000000000E+00
  11.40670   -0.0000000000E+00    1.0000000000E+00
  11.50675   -0.0000000000E+00    1.0000000000E+00
  11.60680   -0.0000000000E+00    1.0000000000E+00
  11.70685   -0.0000000000E+00    1.0000000000E+00
  11.80690   -0.0000000000E+00    1.0000000000E+00
  11.90695   -0.0000000000E+00    1.0000000000E+00
  12.00700   -0.0000000000E+00    1.0000000000E+00
  12.10705   -0.0000000000E+00    1.0000000000E+00
  12.20710   -0.0000000000E+00    1.0000000000E+00
  12.30715   -0.0000000000E+00    1.0000000000E+00
  12.40720   -0.0000000000E+00    1.0000000000E+00
  12.50725   -0.0000000000E+00    1.0000000000E+00
  12.60730   -0.0000000000E+00    1.0000000000E+00
  12.70735   -0.0000000000E+00    1.0000000000E+00
  12.80740   -0.0000000000E+00    1.0000000000E+00
  12.90745   -0.0000000000E+00    1.0000000000E+00
  13.00750   -0.0000000000E+00    1.0000000000E+00
  13.10755   -0.0000000000E+00    1.0000000000E+00
  13.20760   -0.0000000000E+00    1.0000000000E+00
  13.30765   -0.0000000000E+00    1.0000000000E+00
  13.40770   -0.0000000000E+00    1.0000000000E+00
  13.50775   -0.0000000000E+00    1.0000000000E+00
  13.60780   -0.0000000000E+00    1.0000000000E+00
  13.70785   -0.0000000000E+00    1.0000000000E+00
  13.80790   -0.0000000000E+00    1.0000000000E+00
  13.90795   -0.0000000000E+00    1.0000000000E+00
  14.00800   -0.0000000000E+00    1.0000000000E+00
  14.10805   -0.0000000000E+00    1.0000000000E+00
  14.20810   -0.0000000000E+00    1.0000000000E+00
  14.30815   -0.0000000000E+00    1.0000000000E+00
  14.40820   -0.0000000000E+00    1.0000000000E+00
  14.50825   -0.0000000000E+00    1.0000000000E+00
  14.60830   -0.0000000000E+00    1.0000000000E+00
  14.70835   -0.0000000000E+00    1.0000000000E+00
  14.80840   -0.0000000000E+00    1.0000000000E+00
  14.90845   -0.0000000000E+00    1.0000000000E+00
  15.00850   -0.0000000000E+00    1.0000000000E+00
  15.10855   -0.0000000000E+00    1.0000000000E+00
  15.20860   -0.0000000000E+00    1.0000000000E+00
  15.30865   -0.0000000000E+00    1.0000000000E+00
  15.40870   -0.0000000000E+00    1.0000000000E+00
  15.50875   -0.0000000000E+00    1.0000000000E+00
  15.60880   -0.0000000000E+00    1.0000000000E+00
  15.70885   -0.0000000000E+00    1.0000000000E+00
  15.80890   -0.0000000000E+00    1.0000000000E+00
  15.90895   -0.0000000000E+00    1.0000000000E+00
  16.00900   -0.0000000000E+00    1.0000000000E+00
  16.10905   -0.0000000000E+00    1.0000000000E+00
  16.20910   -0.0000000000E+00    1.0000000000E+00
  16.30915   -0.0000000000E+00    1.0000000000E+00
  16.40920   -0.0000000000E+00    1.0000000000E+00
  16.50925   -0.0000000000E+00    1.0000000000E+00
  16.60930   -0.0000000000E+00    1.0000000000E+00
  16.70935   -0.0000000000E+00    1.0000000000E+00
  16.80940   -0.0000000000E+00    1.0000000000E+00
  16.90945   -0.0000000000E+00    1.0000000000E+00
  17.00950   -0.0000000000E+00    1.0000000000E+00
  17.10955   -0.0000000000E+00    1.0000000000E+00
  17.20960   -0.0000000000E+00    1.0000000000E+00
  17.30965   -0.0000000000E+00    1.0000000000E+00
  17.40970   -0.0000000000E+00    1.0000000000E+00
  17.50975   -0.0000000000E+00    1.0000000000E+00
  17.60980   -0.0000000000E+00    1.0000000000E+00
  17.70985   -0.0000000000E+00    1.0000000000E+00
  17.80990   -0.0000000000E+00    1.0000000000E+00
  17.90995   -0.0000000000E+00    1.0000000000E+00
  18.01001   -0.0000000000E+00    1.0000000000E+00
  18.11006   -0.0000000000E+00    1.0000000000E+00
  18.21011   -0.0000000000E+00    1.0000000000E+00
  18.31016   -0.0000000000E+00    1.0000000000E+00
  18.41021   -0.0000000000E+00    1.0000000000E+00
  18.51026   -0.0000000000E+00    1.0000000000E+00
  18.61031   -0.0000000000E+00    1.0000000000E+00
  18.71036   -0.0000000000E+00    1.0000000000E+00
  18.81041   -0.0000000000E+00    1.0000000000E+00
  18.91046   -0.0000000000E+00    1.0000000000E+00
  19.01051   -0.0000000000E+00    1.0000000000E+00
  19.11056   -0.0000000000E+00    1.0000000000E+00
  19.21061   -0.0000000000E+00    1.0000000000E+00
  19.31066   -0.0000000000E+00    1.0000000000E+00
  19.41071   -0.0000000000E+00    1.0000000000E+00
  19.51076   -0.0000000000E+00    1.0000000000E+00
  19.61081   -0.0000000000E+00    1.0000000000E+00
  19.71086   -0.0000000000E+00    1.0000000000E+00
  19.81091   -0.0000000000E+00    1.0000000000E+00
  19.91096   -0.0000000000E+00    1.0000000000E+00
  20.01101   -0.0000000000E+00    1.0000000000E+00
  20.11106   -0.0000000000E+00    1.0000000000E+00
  20.21111   -0.0000000000E+00    1.0000000000E+00
  20.31116   -0.0000000000E+00    1.0000000000E+00
  20.41121   -0.0000000000E+00    1.0000000000E+00
  20.51126   -0.0000000000E+00    1.0000000000E+00
  20.61131   -0.0000000000E+00    1.0000000000E+00
  20.71136   -0.0000000000E+00    1.0000000000E+00
  20.81141   -0.0000000000E+00    1.0000000000E+00
  20.91146   -0.0000000000E+00    1.0000000000E+00
  21.01151   -0.0000000000E+00    1.0000000000E+00
  21.11156   -0.0000000000E+00    1.0000000000E+00
  21.21161   -0.0000000000E+00    1.0000000000E+00
  21.31166   -0.0000000000E+00    1.0000000000E+00
  21.41171   -0.0000000000E+00    1.0000000000E+00
  21.51176   -0.0000000000E+00    1.0000000000E+00
  21.61181   -0.0000000000E+00    1.0000000000E+00
  21.71186   -0.0000000000E+00    1.0000000000E+00
  21.81191   -0.0000000000E+00    1.0000000000E+00
  21.91196   -0.0000000000E+00    1.0000000000E+00
  22.01201   -0.0000000000E+00    1.0000000000E+00
  22.11206   -0.0000000000E+00    1.0000000000E+00
  22.21211   -0.0000000000E+00    1.0000000000E+00
  22.31216   -0.0000000000E+00    1.0000000000E+00
  22.41221   -0.0000000000E+00    1.0000000000E+00
  22.51226   -0.0000000000E+00    1.0000000000E+00
  22.61231   -0.0000000000E+00    1.0000000000E+00
  22.71236   -0.0000000000E+00    1.0000000000E+00
  22.81241   -0.0000000000E+00    1.0000000000E+00
  22.91246   -0.0000000000E+00    1.0000000000E+00
  23.01251   -0.0000000000E+00    1.0000000000E+00
  23.11256   -0.0000000000E+00    1.0000000000E+00
  23.21261   -0.0000000000E+00    1.0000000000E+00
  23.31266   -0.0000000000E+00    1.0000000000E+00
  23.41271   -0.0000000000E+00    1.0000000000E+00
  23.51276   -0.0000000000E+00    1.0000000000E+00
  23.61281   -0.0000000000E+00    1.0000000000E+00
  23.71286   -0.0000000000E+00    1.0000000000E+00
  23.81291   -0.0000000000E+00    1.0000000000E+00
  23.91296   -0.0000000000E+00    1.0000000000E+00
  24.01301   -0.0000000000E+00    1.0000000000E+00
  24.11306   -0.0000000000E+00    1.0000000000E+00
  24.21311   -0.0000000000E+00    1.0000000000E+00
  24.31316   -0.0000000000E+00    1.0000000000E+00
  24.41321   -0.0000000000E+00    1.0000000000E+00
  24.51326   -0.0000000000E+00    1.0000000000E+00
  24.61331   -0.0000000000E+00    1.0000000000E+00
  24.71336   -0.0000000000E+00    1.0000000000E+00
  24.81341   -0.0000000000E+00    1.0000000000E+00
  24.91346   -0.0000000000E+00    1.0000000000E+00
  25.01351   -0.0000000000E+00    1.0000000000E+00
  25.11356   -0.0000000000E+00    1.0000000000E+00
  25.21361   -0.0000000000E+00    1.0000000000E+00
  25.31366   -0.0000000000E+00    1.0000000000E+00
  25.41371   -0.0000000000E+00    1.0000000000E+00
  25.51376   -0.0000000000E+00    1.0000000000E+00
  25.61381   -0.0000000000E+00    1.0000000000E+00
  25.71386   -0.0000000000E+00    1.0000000000E+00
  25.81391   -0.0000000000E+00    1.0000000000E+00
  25.91396   -0.0000000000E+00    1.0000000000E+00
  26.01401   -0.0000000000E+00    1.0000000000E+00
  26.11406   -0.0000000000E+00    1.0000000000E+00
  26.21411   -0.0000000000E+00    1.0000000000E+00
  26.31416   -0.0000000000E+00    1.0000000000E+00
  26.41421   -0.0000000000E+00    1.0000000000E+00
  26.51426   -0.0000000000E+00    1.0000000000E+00
  26.61431   -0.0000000000E+00    1.0000000000E+00
  26.71436   -0.0000000000E+00    1.0000000000E+00
  26.81441   -0.0000000000E+00    1.0000000000E+00
  26.91446   -0.0000000000E+00    1.0000000000E+00
  27.01451   -0.0000000000E+00    1.0000000000E+00
  27.11456   -0.0000000000E+00    1.0000000000E+00
  27.21461   -0.0000000000E+00    1.0000000000E+00
  27.31466   -0.0000000000E+00    1.0000000000E+00
  27.41471   -0.0000000000E+00    1.0000000000E+00
  27.51476   -0.0000000000E+00    1.0000000000E+00
  27.61481   -0.0000000000E+00    1.0000000000E+00
  27.71486   -0.0000000000E+00    1.0000000000E+00
  27.81491   -0.0000000000E+00    1.0000000000E+00
  27.91496   -0.0000000000E+00    1.0000000000E+00
  28.01501   -0.0000000000E+00    1.0000000000E+00
  28.11506   -0.0000000000E+00    1.0000000000E+00
  28.21511   -0.0000000000E+00    1.0000000000E+00
  28.31516   -0.0000000000E+00    1.0000000000E+00
  28.41521   -0.0000000000E+00    1.0000000000E+00
  28.51526   -0.0000000000E+00    1.0000000000E+00
  28.61531   -0.0000000000E+00    1.0000000000E+00
  28.71536   -0.0000000000E+00    1.0000000000E+00
  28.81541   -0.0000000000E+00    1.0000000000E+00
  28.91546   -0.0000000000E+00    1.0000000000E+00
  29.01551   -0.0000000000E+00    1.0000000000E+00
  29.11556   -0.0000000000E+00    1.0000000000E+00
  29.21561   -0.0000000000E+00    1.0000000000E+00
  29.31566   -0.0000000000E+00    1.0000000000E+00
  29.41571   -0.0000000000E+00    1.0000000000E+00
  29.51576   -0.0000000000E+00    1.0000000000E+00
  29.61581   -0.0000000000E+00    1.0000000000E+00
  29.71586   -0.0000000000E+00    1.0000000000E+00
  29.81591   -0.0000000000E+00    1.0000000000E+00
  29.91596   -0.0000000000E+00    1.0000000000E+00
  30.01601   -0.0000000000E+00    1.0000000000E+00
  30.11606   -0.0000000000E+00    1.0000000000E+00
  30.21611   -0.0000000000E+00    1.0000000000E+00
  30.31616   -0.0000000000E+00    1.0000000000E+00
  30.41621   -0.0000000000E+00    1.0000000000E+00
  30.51626   -0.0000000000E+00    1.0000000000E+00
  30.61631   -0.0000000000E+00    1.0000000000E+00
  30.71636   -0.0000000000E+00    1.0000000000E+00
  30.81641   -0.0000000000E+00    1.0000000000E+00
  30.91646   -0.0000000000E+00    1.0000000000E+00
  31.01651   -0.0000000000E+00    1.0000000000E+00
  31.11656   -0.0000000000E+00    1.0000000000E+00
  31.21661   -0.0000000000E+00    1.0000000000E+00
  31.31666   -0.0000000000E+00    1.0000000000E+00
  31.41671   -0.0000000000E+00    1.0000000000E+00
  31.51676   -0.0000000000E+00    1.0000000000E+00
  31.61681   -0.0000000000E+00    1.0000000000E+00
  31.71686   -0.0000000000E+00    1.0000000000E+00
  31.81691   -0.0000000000E+00    1.0000000000E+00
  31.91696   -0.0000000000E+00    1.0000000000E+00
  32.01701   -0.0000000000E+00    1.0000000000E+00
  32.11706   -0.0000000000E+00    1.0000000000E+00
  32.21711   -0.0000000000E+00    1.0000000000E+00
  32.31716   -0.0000000000E+00    1.0000000000E+00
  32.41721   -0.0000000000E+00    1.0000000000E+00
  32.51726   -0.0000000000E+00    1.0000000000E+00
  32.61731   -0.0000000000E+00    1.0000000000E+00
  32.71736   -0.0000000000E+00    1.0000000000E+00
  32.81741   -0.0000000000E+00    1.0000000000E+00
  32.91746   -0.0000000000E+00    1.0000000000E+00
  33.01751   -0.0000000000E+00    1.0000000000E+00
  33.11756   -0.0000000000E+00    1.0000000000E+00
  33.21761   -0.0000000000E+00    1.0000000000E+00
  33.31766   -0.0000000000E+00    1.0000000000E+00
  33.41771   -0.0000000000E+00    1.0000000000E+00
  33.51776   -0.0000000000E+00    1.0000000000E+00
  33.61781   -0.0000000000E+00    1.0000000000E+00
  33.71786   -0.0000000000E+00    1.0000000000E+00
  33.81791   -0.0000000000E+00    1.0000000000E+00
  33.91796   -0.0000000000E+00    1.0000000000E+00
  34.01801   -0.0000000000E+00    1.0000000000E+00
  34.11806   -0.0000000000E+00    1.0000000000E+00
  34.21811   -0.0000000000E+00    1.0000000000E+00
  34.31816   -0.0000000000E+00    1.0000000000E+00
  34.41821   -0.0000000000E+00    1.0000000000E+00
  34.51826   -0.0000000000E+00    1.0000000000E+00
  34.61831   -0.0000000000E+00    1.0000000000E+00
  34.71836   -0.0000000000E+00    1.0000000000E+00
  34.81841   -0.0000000000E+00    1.0000000000E+00
  34.91846   -0.0000000000E+00    1.0000000000E+00
  35.01851   -0.0000000000E+00    1.0000000000E+00
  35.11856   -0.0000000000E+00    1.0000000000E+00
  35.21861   -0.0000000000E+00    1.0000000000E+00
  35.31866   -0.0000000000E+00    1.0000000000E+00
  35.41871   -0.0000000000E+00    1.0000000000E+00
  35.51876   -0.0000000000E+00    1.0000000000E+00
  35.61881   -0.0000000000E+00    1.0000000000E+00
  35.71886   -0.0000000000E+00    1.0000000000E+00
  35.81891   -0.0000000000E+00    1.0000000000E+00
  35.91896   -0.0000000000E+00    1.0000000000E+00
  36.01901   -0.0000000000E+00    1.0000000000E+00
  36.11906   -0.0000000000E+00    1.0000000000E+00
  36.21911   -0.0000000000E+00    1.0000000000E+00
  36.31916   -0.0000000000E+00    1.0000000000E+00
  36.41921   -0.0000000000E+00    1.0000000000E+00
  36.51926   -0.0000000000E+00    1.0000000000E+00
  36.61931   -0.0000000000E+00    1.0000000000E+00
  36.71936   -0.0000000000E+00    1.0000000000E+00
  36.81941   -0.0000000000E+00    1.0000000000E+00
  36.91946   -0.0000000000E+00    1.0000000000E+00
  37.01951   -0.0000000000E+00    1.0000000000E+00
  37.11956   -0.0000000000E+00    1.0000000000E+00
  37.21961   -0.0000000000E+00    1.0000000000E+00
  37.31966   -0.0000000000E+00    1.0000000000E+00
  37.41971   -0.0000000000E+00    1.0000000000E+00
  37.51976   -0.0000000000E+00    1.0000000000E+00
  37.61981   -0.0000000000E+00    1.0000000000E+00
  37.71986   -0.0000000000E+00    1.0000000000E+00
  37.81991   -0.0000000000E+00    1.0000000000E+00
  37.91996   -0.0000000000E+00    1.0000000000E+00
  38.02001   -0.0000000000E+00    1.0000000000E+00
  38.12006   -0.0000000000E+00    1.0000000000E+00
  38.22011   -0.0000000000E+00    1.0000000000E+00
  38.32016   -0.0000000000E+00    1.0000000000E+00
  38.42021   -0.0000000000E+00    1.0000000000E+00
  38.52026   -0.0000000000E+00    1.0000000000E+00
  38.62031   -0.0000000000E+00    1.0000000000E+00
  38.72036   -0.0000000000E+00    1.0000000000E+00
  38.82041   -0.0000000000E+00    1.0000000000E+00
  38.92046   -0.0000000000E+00    1.0000000000E+00
  39.02051   -0.0000000000E+00    1.0000000000E+00
  39.12056   -0.0000000000E+00    1.0000000000E+00
  39.22061   -0.0000000000E+00    1.0000000000E+00
  39.32066   -0.0000000000E+00    1.0000000000E+00
  39.42071   -0.0000000000E+00    1.0000000000E+00
  39.52076   -0.0000000000E+00    1.0000000000E+00
  39.62081   -0.0000000000E+00    1.0000000000E+00
  39.72086   -0.0000000000E+00    1.0000000000E+00
  39.82091   -0.0000000000E+00    1.0000000000E+00
  39.92096   -0.0000000000E+00    1.0000000000E+00
  40.02101   -0.0000000000E+00    1.0000000000E+00
  40.12106   -0.0000000000E+00    1.0000000000E+00
  40.22111   -0.0000000000E+00    1.0000000000E+00
  40.32116   -0.0000000000E+00    1.0000000000E+00
  40.42121   -0.0000000000E+00    1.0000000000E+00
  40.52126   -0.0000000000E+00    1.0000000000E+00
  40.62131   -0.0000000000E+00    1.0000000000E+00
  40.72136   -0.0000000000E+00    1.0000000000E+00
  40.82141   -0.0000000000E+00    1.0000000000E+00
  40.92146   -0.0000000000E+00    1.0000000000E+00
  41.02151   -0.0000000000E+00    1.0000000000E+00
  41.12156   -0.0000000000E+00    1.0000000000E+00
  41.22161   -0.0000000000E+00    1.0000000000E+00
  41.32166   -0.0000000000E+00    1.0000000000E+00
  41.42171   -0.0000000000E+00    1.0000000000E+00
  41.52176   -0.0000000000E+00    1.0000000000E+00
  41.62181   -0.0000000000E+00    1.0000000000E+00
  41.72186   -0.0000000000E+00    1.0000000000E+00
  41.82191   -0.0000000000E+00    1.0000000000E+00
  41.92196   -0.0000000000E+00    1.0000000000E+00
  42.02201   -0.0000000000E+00    1.0000000000E+00
  42.12206   -0.0000000000E+00    1.0000000000E+00
  42.22211   -0.0000000000E+00    1.0000000000E+00
  42.32216   -0.0000000000E+00    1.0000000000E+00
  42.42221   -0.0000000000E+00    1.0000000000E+00
  42.52226   -0.0000000000E+00    1.0000000000E+00
  42.62231   -0.0000000000E+00    1.0000000000E+00
  42.72236   -0.0000000000E+00    1.0000000000E+00
  42.82241   -0.0000000000E+00    1.0000000000E+00
  42.92246   -0.0000000000E+00    1.0000000000E+00
  43.02251   -0.0000000000E+00    1.0000000000E+00
  43.12256   -0.0000000000E+00    1.0000000000E+00
  43.22261   -0.0000000000E+00    1.0000000000E+00
  43.32266   -0.0000000000E+00    1.0000000000E+00
  43.42271   -0.0000000000E+00    1.0000000000E+00
  43.52276   -0.0000000000E+00    1.0000000000E+00
  43.62281   -0.0000000000E+00    1.0000000000E+00
  43.72286   -0.0000000000E+00    1.0000000000E+00
  43.82291   -0.0000000000E+00    1.0000000000E+00
  43.92296   -0.0000000000E+00    1.0000000000E+00
  44.02301   -0.0000000000E+00    1.0000000000E+00
  44.12306   -0.0000000000E+00    1.0000000000E+00
  44.22311   -0.0000000000E+00    1.0000000000E+00
  44.32316   -0.0000000000E+00    1.0000000000E+00
  44.42321   -0.0000000000E+00    1.0000000000E+00
  44.52326   -0.0000000000E+00    1.0000000000E+00
  44.62331   -0.0000000000E+00    1.0000000000E+00
  44.72336   -0.0000000000E+00    1.0000000000E+00
  44.82341   -0.0000000000E+00    1.0000000000E+00
  44.92346   -0.0000000000E+00    1.0000000000E+00
  45.02351   -0.0000000000E+00    1.0000000000E+00
  45.12356   -0.0000000000E+00    1.0000000000E+00
  45.22361   -0.0000000000E+00    1.0000000000E+00
  45.32366   -0.0000000000E+00    1.0000000000E+00
  45.42371   -0.0000000000E+00    1.0000000000E+00
  45.52376   -0.0000000000E+00    1.0000000000E+00
  45.62381   -0.0000000000E+00    1.0000000000E+00
  45.72386   -0.0000000000E+00    1.0000000000E+00
  45.82391   -0.0000000000E+00    1.0000000000E+00
  45.92396   -0.0000000000E+00    1.0000000000E+00
  46.02401   -0.0000000000E+00    1.0000000000E+00
  46.12406   -0.0000000000E+00    1.0000000000E+00
  46.22411   -0.0000000000E+00    1.0000000000E+00
  46.32416   -0.0000000000E+00    1.0000000000E+00
  46.42421   -0.0000000000E+00    1.0000000000E+00
  46.52426   -0.0000000000E+00    1.0000000000E+00
  46.62431   -0.0000000000E+00    1.0000000000E+00
  46.72436   -0.0000000000E+00    1.0000000000E+00
  46.82441   -0.0000000000E+00    1.0000000000E+00
  46.92446   -0.0000000000E+00    1.0000000000E+00
  47.02451   -0.0000000000E+00    1.0000000000E+00
  47.12456   -0.0000000000E+00    1.0000000000E+00
  47.22461   -0.0000000000E+00    1.0000000000E+00
  47.32466   -0.0000000000E+00    1.0000000000E+00
  47.42471   -0.0000000000E+00    1.0000000000E+00
  47.52476   -0.0000000000E+00    1.0000000000E+00
  47.62481   -0.0000000000E+00    1.0000000000E+00
  47.72486   -0.0000000000E+00    1.0000000000E+00
  47.82491   -0.0000000000E+00    1.0000000000E+00
  47.92496   -0.0000000000E+00    1.0000000000E+00
  48.02501   -0.0000000000E+00    1.0000000000E+00
  48.12506   -0.0000000000E+00    1.0000000000E+00
  48.22511   -0.0000000000E+00    1.0000000000E+00
  48.32516   -0.0000000000E+00    1.0000000000E+00
  48.42521   -0.0000000000E+00    1.0000000000E+00
  48.52526   -0.0000000000E+00    1.0000000000E+00
  48.62531   -0.0000000000E+00    1.0000000000E+00
  48.72536   -0.0000000000E+00    1.0000000000E+00
  48.82541   -0.0000000000E+00    1.0000000000E+00
  48.92546   -0.0000000000E+00    1.0000000000E+00
  49.02551   -0.0000000000E+00    1.0000000000E+00
  49.12556   -0.0000000000E+00    1.0000000000E+00
  49.22561   -0.0000000000E+00    1.0000000000E+00
  49.32566   -0.0000000000E+00    1.0000000000E+00
  49.42571   -0.0000000000E+00    1.0000000000E+00
  49.52576   -0.0000000000E+00    1.0000000000E+00
  49.62581   -0.0000000000E+00    1.0000000000E+00
  49.72586   -0.0000000000E+00    1.0000000000E+00
  49.82591   -0.0000000000E+00    1.0000000000E+00
  49.92596   -0.0000000000E+00    1.0000000000E+00
  50.02601   -0.0000000000E+00    1.0000000000E+00
  50.12606   -0.0000000000E+00    1.0000000000E+00
  50.22611   -0.0000000000E+00    1.0000000000E+00
  50.32616   -0.0000000000E+00    1.0000000000E+00
  50.42621   -0.0000000000E+00    1.0000000000E+00
  50.52626   -0.0000000000E+00    1.0000000000E+00
  50.62631   -0.0000000000E+00    1.0000000000E+00
  50.72636   -0.0000000000E+00    1.0000000000E+00
  50.82641   -0.0000000000E+00    1.0000000000E+00
  50.92646   -0.0000000000E+00    1.0000000000E+00
  51.02651   -0.0000000000E+00    1.0000000000E+00
  51.12656   -0.0000000000E+00    1.0000000000E+00
  51.22661   -0.0000000000E+00    1.0000000000E+00
  51.32666   -0.0000000000E+00    1.0000000000E+00
  51.42671   -0.0000000000E+00    1.0000000000E+00
  51.52676   -0.0000000000E+00    1.0000000000E+00
  51.62681   -0.0000000000E+00    1.0000000000E+00
  51.72686   -0.0000000000E+00    1.0000000000E+00
  51.82691   -0.0000000000E+00    1.0000000000E+00
  51.92696   -0.0000000000E+00    1.0000000000E+00
  52.02701   -0.0000000000E+00    1.0000000000E+00
  52.12706   -0.0000000000E+00    1.0000000000E+00
  52.22711   -0.0000000000E+00    1.0000000000E+00
  52.32716   -0.0000000000E+00    1.0000000000E+00
  52.42721   -0.0000000000E+00    1.0000000000E+00
  52.52726   -0.0000000000E+00    1.0000000000E+00
  52.62731   -0.0000000000E+00    1.0000000000E+00
  52.72736   -0.0000000000E+00    1.0000000000E+00
  52.82741   -0.0000000000E+00    1.0000000000E+00
  52.92746   -0.0000000000E+00    1.0000000000E+00
  53.02751   -0.0000000000E+00    1.0000000000E+00
  53.12756   -0.0000000000E+00    1.0000000000E+00
  53.22761   -0.0000000000E+00    1.0000000000E+00
  53.32766   -0.0000000000E+00    1.0000000000E+00
  53.42771   -0.0000000000E+00    1.0000000000E+00
  53.52776   -0.0000000000E+00    1.0000000000E+00
  53.62781   -0.0000000000E+00    1.0000000000E+00
  53.72786   -0.0000000000E+00    1.0000000000E+00
  53.82791   -0.0000000000E+00    1.0000000000E+00
  53.92796   -0.0000000000E+00    1.0000000000E+00
  54.02801   -0.0000000000E+00    1.0000000000E+00
  54.12806   -0.0000000000E+00    1.0000000000E+00
  54.22811   -0.0000000000E+00    1.0000000000E+00
  54.32816   -0.0000000000E+00    1.0000000000E+00
  54.42821   -0.0000000000E+00    1.0000000000E+00
  54.52826   -0.0000000000E+00    1.0000000000E+00
  54.62831   -0.0000000000E+00    1.0000000000E+00
  54.72836   -0.0000000000E+00    1.0000000000E+00
  54.82841   -0.0000000000E+00    1.0000000000E+00
  54.92846   -0.0000000000E+00    1.0000000000E+00
  55.02851   -0.0000000000E+00    1.0000000000E+00
  55.12856   -0.0000000000E+00    1.0000000000E+00
  55.22861   -0.0000000000E+00    1.0000000000E+00
  55.32866   -0.0000000000E+00    1.0000000000E+00
  55.42871   -0.0000000000E+00    1.0000000000E+00
  55.52876   -0.0000000000E+00    1.0000000000E+00
  55.62881   -0.0000000000E+00    1.0000000000E+00
  55.72886   -0.0000000000E+00    1.0000000000E+00
  55.82891   -0.0000000000E+00    1.0000000000E+00
  55.92896   -0.0000000000E+00    1.0000000000E+00
  56.02901   -0.0000000000E+00    1.0000000000E+00
  56.12906   -0.0000000000E+00    1.0000000000E+00
  56.22911   -0.0000000000E+00    1.0000000000E+00
  56.32916   -0.0000000000E+00    1.0000000000E+00
  56.42921   -0.0000000000E+00    1.0000000000E+00
  56.52926   -0.0000000000E+00    1.0000000000E+00
  56.62931   -0.0000000000E+00    1.0000000000E+00
  56.72936   -0.0000000000E+00    1.0000000000E+00
  56.82941   -0.0000000000E+00    1.0000000000E+00
  56.92946   -0.0000000000E+00    1.0000000000E+00
  57.02951   -0.0000000000E+00    1.0000000000E+00
  57.12956   -0.0000000000E+00    1.0000000000E+00
  57.22961   -0.0000000000E+00    1.0000000000E+00
  57.32966   -0.0000000000E+00    1.0000000000E+00
  57.42971   -0.0000000000E+00    1.0000000000E+00
  57.52976   -0.0000000000E+00    1.0000000000E+00
  57.62981   -0.0000000000E+00    1.0000000000E+00
  57.72986   -0.0000000000E+00    1.0000000000E+00
  57.82991   -0.0000000000E+00    1.0000000000E+00
  57.92996   -0.0000000000E+00    1.0000000000E+00
  58.03002   -0.0000000000E+00    1.0000000000E+00
  58.13007   -0.0000000000E+00    1.0000000000E+00
  58.23012   -0.0000000000E+00    1.0000000000E+00
  58.33017   -0.0000000000E+00    1.0000000000E+00
  58.43022   -0.0000000000E+00    1.0000000000E+00
  58.53027   -0.0000000000E+00    1.0000000000E+00
  58.63032   -0.0000000000E+00    1.0000000000E+00
  58.73037   -0.0000000000E+00    1.0000000000E+00
  58.83042   -0.0000000000E+00    1.0000000000E+00
  58.93047   -0.0000000000E+00    1.0000000000E+00
  59.03052   -0.0000000000E+00    1.0000000000E+00
  59.13057   -0.0000000000E+00    1.0000000000E+00
  59.23062   -0.0000000000E+00    1.0000000000E+00
  59.33067   -0.0000000000E+00    1.0000000000E+00
  59.43072   -0.0000000000E+00    1.0000000000E+00
  59.53077   -0.0000000000E+00    1.0000000000E+00
  59.63082   -0.0000000000E+00    1.0000000000E+00
  59.73087   -0.0000000000E+00    1.0000000000E+00
  59.83092   -0.0000000000E+00    1.0000000000E+00
  59.93097   -0.0000000000E+00    1.0000000000E+00
  60.03102   -0.0000000000E+00    1.0000000000E+00
  60.13107   -0.0000000000E+00    1.0000000000E+00
  60.23112   -0.0000000000E+00    1.0000000000E+00
  60.33117   -0.0000000000E+00    1.0000000000E+00
  60.43122   -0.0000000000E+00    1.0000000000E+00
  60.53127   -0.0000000000E+00    1.0000000000E+00
  60.63132   -0.0000000000E+00    1.0000000000E+00
  60.73137   -0.0000000000E+00    1.0000000000E+00
  60.83142   -0.0000000000E+00    1.0000000000E+00
  60.93147   -0.0000000000E+00    1.0000000000E+00
  61.03152   -0.0000000000E+00    1.0000000000E+00
  61.13157   -0.0000000000E+00    1.0000000000E+00
  61.23162   -0.0000000000E+00    1.0000000000E+00
  61.33167   -0.0000000000E+00    1.0000000000E+00
  61.43172   -0.0000000000E+00    1.0000000000E+00
  61.53177   -0.0000000000E+00    1.0000000000E+00
  61.63182   -0.0000000000E+00    1.0000000000E+00
  61.73187   -0.0000000000E+00    1.0000000000E+00
  61.83192   -0.0000000000E+00    1.0000000000E+00
  61.93197   -0.0000000000E+00    1.0000000000E+00
  62.03202   -0.0000000000E+00    1.0000000000E+00
  62.13207   -0.0000000000E+00    1.0000000000E+00
  62.23212   -0.0000000000E+00    1.0000000000E+00
  62.33217   -0.0000000000E+00    1.0000000000E+00
  62.43222   -0.0000000000E+00    1.0000000000E+00
  62.53227   -0.0000000000E+00    1.0000000000E+00
  62.63232   -0.0000000000E+00    1.0000000000E+00
  62.73237   -0.0000000000E+00    1.0000000000E+00
  62.83242   -0.0000000000E+00    1.0000000000E+00
  62.93247   -0.0000000000E+00    1.0000000000E+00
  63.03252   -0.0000000000E+00    1.0000000000E+00
  63.13257   -0.0000000000E+00    1.0000000000E+00
  63.23262   -0.0000000000E+00    1.0000000000E+00
  63.33267   -0.0000000000E+00    1.0000000000E+00
  63.43272   -0.0000000000E+00    1.0000000000E+00
  63.53277   -0.0000000000E+00    1.0000000000E+00
  63.63282   -0.0000000000E+00    1.0000000000E+00
  63.73287   -0.0000000000E+00    1.0000000000E+00
  63.83292   -0.0000000000E+00    1.0000000000E+00
  63.93297   -0.0000000000E+00    1.0000000000E+00
  64.03302   -0.0000000000E+00    1.0000000000E+00
  64.13307   -0.0000000000E+00    1.0000000000E+00
  64.23312   -0.0000000000E+00    1.0000000000E+00
  64.33317   -0.0000000000E+00    1.0000000000E+00
  64.43322   -0.0000000000E+00    1.0000000000E+00
  64.53327   -0.0000000000E+00    1.0000000000E+00
  64.63332   -0.0000000000E+00    1.0000000000E+00
  64.73337   -0.0000000000E+00    1.0000000000E+00
  64.83342   -0.0000000000E+00    1.0000000000E+00
  64.93347   -0.0000000000E+00    1.0000000000E+00
  65.03352   -0.0000000000E+00    1.0000000000E+00
  65.13357   -0.0000000000E+00    1.0000000000E+00
  65.23362   -0.0000000000E+00    1.0000000000E+00
  65.33367   -0.0000000000E+00    1.0000000000E+00
  65.43372   -0.0000000000E+00    1.0000000000E+00
  65.53377   -0.0000000000E+00    1.0000000000E+00
  65.63382   -0.0000000000E+00    1.0000000000E+00
  65.73387   -0.0000000000E+00    1.0000000000E+00
  65.83392   -0.0000000000E+00    1.0000000000E+00
  65.93397   -0.0000000000E+00    1.0000000000E+00
  66.03402   -0.0000000000E+00    1.0000000000E+00
  66.13407   -0.0000000000E+00    1.0000000000E+00
  66.23412   -0.0000000000E+00    1.0000000000E+00
  66.33417   -0.0000000000E+00    1.0000000000E+00
  66.43422   -0.0000000000E+00    1.0000000000E+00
  66.53427   -0.0000000000E+00    1.0000000000E+00
  66.63432   -0.0000000000E+00    1.0000000000E+00
  66.73437   -0.0000000000E+00    1.0000000000E+00
  66.83442   -0.0000000000E+00    1.0000000000E+00
  66.93447   -0.0000000000E+00    1.0000000000E+00
  67.03452   -0.0000000000E+00    1.0000000000E+00
  67.13457   -0.0000000000E+00    1.0000000000E+00
  67.23462   -0.0000000000E+00    1.0000000000E+00
  67.33467   -0.0000000000E+00    1.0000000000E+00
  67.43472   -0.0000000000E+00    1.0000000000E+00
  67.53477   -0.0000000000E+00    1.0000000000E+00
  67.63482   -0.0000000000E+00    1.0000000000E+00
  67.73487   -0.0000000000E+00    1.0000000000E+00
  67.83492   -0.0000000000E+00    1.0000000000E+00
  67.93497   -0.0000000000E+00    1.0000000000E+00
  68.03502   -0.0000000000E+00    1.0000000000E+00
  68.13507   -0.0000000000E+00    1.0000000000E+00
  68.23512   -0.0000000000E+00    1.0000000000E+00
  68.33517   -0.0000000000E+00    1.0000000000E+00
  68.43522   -0.0000000000E+00    1.0000000000E+00
  68.53527   -0.0000000000E+00    1.0000000000E+00
  68.63532   -0.0000000000E+00    1.0000000000E+00
  68.73537   -0.0000000000E+00    1.0000000000E+00
  68.83542   -0.0000000000E+00    1.0000000000E+00
  68.93547   -0.0000000000E+00    1.0000000000E+00
  69.03552   -0.0000000000E+00    1.0000000000E+00
  69.13557   -0.0000000000E+00    1.0000000000E+00
  69.23562   -0.0000000000E+00    1.0000000000E+00
  69.33567   -0.0000000000E+00    1.0000000000E+00
  69.43572   -0.0000000000E+00    1.0000000000E+00
  69.53577   -0.0000000000E+00    1.0000000000E+00
  69.63582   -0.0000000000E+00    1.0000000000E+00
  69.73587   -0.0000000000E+00    1.0000000000E+00
  69.83592   -0.0000000000E+00    1.0000000000E+00
  69.93597   -0.0000000000E+00    1.0000000000E+00
  70.03602   -0.0000000000E+00    1.0000000000E+00
  70.13607   -0.0000000000E+00    1.0000000000E+00
  70.23612   -0.0000000000E+00    1.0000000000E+00
  70.33617   -0.0000000000E+00    1.0000000000E+00
  70.43622   -0.0000000000E+00    1.0000000000E+00
  70.53627   -0.0000000000E+00    1.0000000000E+00
  70.63632   -0.0000000000E+00    1.0000000000E+00
  70.73637   -0.0000000000E+00    1.0000000000E+00
  70.83642   -0.0000000000E+00    1.0000000000E+00
  70.93647   -0.0000000000E+00    1.0000000000E+00
  71.03652   -0.0000000000E+00    1.0000000000E+00
  71.13657   -0.0000000000E+00    1.0000000000E+00
  71.23662   -0.0000000000E+00    1.0000000000E+00
  71.33667   -0.0000000000E+00    1.0000000000E+00
  71.43672   -0.0000000000E+00    1.0000000000E+00
  71.53677   -0.0000000000E+00    1.0000000000E+00
  71.63682   -0.0000000000E+00    1.0000000000E+00
  71.73687   -0.0000000000E+00    1.0000000000E+00
  71.83692   -0.0000000000E+00    1.0000000000E+00
  71.93697   -0.0000000000E+00    1.0000000000E+00
  72.03702   -0.0000000000E+00    1.0000000000E+00
  72.13707   -0.0000000000E+00    1.0000000000E+00
  72.23712   -0.0000000000E+00    1.0000000000E+00
  72.33717   -0.0000000000E+00    1.0000000000E+00
  72.43722   -0.0000000000E+00    1.0000000000E+00
  72.53727   -0.0000000000E+00    1.0000000000E+00
  72.63732   -0.0000000000E+00    1.0000000000E+00
  72.73737   -0.0000000000E+00    1.0000000000E+00
  72.83742   -0.0000000000E+00    1.0000000000E+00
  72.93747   -0.0000000000E+00    1.0000000000E+00
  73.03752   -0.0000000000E+00    1.0000000000E+00
  73.13757   -0.0000000000E+00    1.0000000000E+00
  73.23762   -0.0000000000E+00    1.0000000000E+00
  73.33767   -0.0000000000E+00    1.0000000000E+00
  73.43772   -0.0000000000E+00    1.0000000000E+00
  73.53777   -0.0000000000E+00    1.0000000000E+00
  73.63782   -0.0000000000E+00    1.0000000000E+00
  73.73787   -0.0000000000E+00    1.0000000000E+00
  73.83792   -0.0000000000E+00    1.0000000000E+00
  73.93797   -0.0000000000E+00    1.0000000000E+00
  74.03802   -0.0000000000E+00    1.0000000000E+00
  74.13807   -0.0000000000E+00    1.0000000000E+00
  74.23812   -0.0000000000E+00    1.0000000000E+00
  74.33817   -0.0000000000E+00    1.0000000000E+00
  74.43822   -0.0000000000E+00    1.0000000000E+00
  74.53827   -0.0000000000E+00    1.0000000000E+00
  74.63832   -0.0000000000E+00    1.0000000000E+00
  74.73837   -0.0000000000E+00    1.0000000000E+00
  74.83842   -0.0000000000E+00    1.0000000000E+00
  74.93847   -0.0000000000E+00    1.0000000000E+00
  75.03852   -0.0000000000E+00    1.0000000000E+00
  75.13857   -0.0000000000E+00    1.0000000000E+00
  75.23862   -0.0000000000E+00    1.0000000000E+00
  75.33867   -0.0000000000E+00    1.0000000000E+00
  75.43872   -0.0000000000E+00    1.0000000000E+00
  75.53877   -0.0000000000E+00    1.0000000000E+00
  75.63882   -0.0000000000E+00    1.0000000000E+00
  75.73887   -0.0000000000E+00    1.0000000000E+00
  75.83892   -0.0000000000E+00    1.0000000000E+00
  75.93897   -0.0000000000E+00    1.0000000000E+00
  76.03902   -0.0000000000E+00    1.0000000000E+00
  76.13907   -0.0000000000E+00    1.0000000000E+00
  76.23912   -0.0000000000E+00    1.0000000000E+00
  76.33917   -0.0000000000E+00    1.0000000000E+00
  76.43922   -0.0000000000E+00    1.0000000000E+00
  76.53927   -0.0000000000E+00    1.0000000000E+00
  76.63932   -0.0000000000E+00    1.0000000000E+00
  76.73937   -0.0000000000E+00    1.0000000000E+00
  76.83942   -0.0000000000E+00    1.0000000000E+00
  76.93947   -0.0000000000E+00    1.0000000000E+00
  77.03952   -0.0000000000E+00    1.0000000000E+00
  77.13957   -0.0000000000E+00    1.0000000000E+00
  77.23962   -0.0000000000E+00    1.0000000000E+00
  77.33967   -0.0000000000E+00    1.0000000000E+00
  77.43972   -0.0000000000E+00    1.0000000000E+00
  77.53977   -0.0000000000E+00    1.0000000000E+00
  77.63982   -0.0000000000E+00    1.0000000000E+00
  77.73987   -0.0000000000E+00    1.0000000000E+00
  77.83992   -0.0000000000E+00    1.0000000000E+00
  77.93997   -0.0000000000E+00    1.0000000000E+00
  78.04002   -0.0000000000E+00    1.0000000000E+00
  78.14007   -0.0000000000E+00    1.0000000000E+00
  78.24012   -0.0000000000E+00    1.0000000000E+00
  78.34017   -0.0000000000E+00    1.0000000000E+00
  78.44022   -0.0000000000E+00    1.0000000000E+00
  78.54027   -0.0000000000E+00    1.0000000000E+00
  78.64032   -0.0000000000E+00    1.0000000000E+00
  78.74037   -0.0000000000E+00    1.0000000000E+00
  78.84042   -0.0000000000E+00    1.0000000000E+00
  78.94047   -0.0000000000E+00    1.0000000000E+00
  79.04052   -0.0000000000E+00    1.0000000000E+00
  79.14057   -0.0000000000E+00    1.0000000000E+00
  79.24062   -0.0000000000E+00    1.0000000000E+00
  79.34067   -0.0000000000E+00    1.0000000000E+00
  79.44072   -0.0000000000E+00    1.0000000000E+00
  79.54077   -0.0000000000E+00    1.0000000000E+00
  79.64082   -0.0000000000E+00    1.0000000000E+00
  79.74087   -0.0000000000E+00    1.0000000000E+00
  79.84092   -0.0000000000E+00    1.0000000000E+00
  79.94097   -0.0000000000E+00    1.0000000000E+00
  80.04102   -0.0000000000E+00    1.0000000000E+00
  80.14107   -0.0000000000E+00    1.0000000000E+00
  80.24112   -0.0000000000E+00    1.0000000000E+00
  80.34117   -0.0000000000E+00    1.0000000000E+00
  80.44122   -0.0000000000E+00    1.0000000000E+00
  80.54127   -0.0000000000E+00    1.0000000000E+00
  80.64132   -0.0000000000E+00    1.0000000000E+00
  80.74137   -0.0000000000E+00    1.0000000000E+00
  80.84142   -0.0000000000E+00    1.0000000000E+00
  80.94147   -0.0000000000E+00    1.0000000000E+00
  81.04152   -0.0000000000E+00    1.0000000000E+00
  81.14157   -0.0000000000E+00    1.0000000000E+00
  81.24162   -0.0000000000E+00    1.0000000000E+00
  81.34167   -0.0000000000E+00    1.0000000000E+00
  81.44172   -0.0000000000E+00    1.0000000000E+00
  81.54177   -0.0000000000E+00    1.0000000000E+00
  81.64182   -0.0000000000E+00    1.0000000000E+00
  81.74187   -0.0000000000E+00    1.0000000000E+00
  81.84192   -0.0000000000E+00    1.0000000000E+00
  81.94197   -0.0000000000E+00    1.0000000000E+00
  82.04202   -0.0000000000E+00    1.0000000000E+00
  82.14207   -0.0000000000E+00    1.0000000000E+00
  82.24212   -0.0000000000E+00    1.0000000000E+00
  82.34217   -0.0000000000E+00    1.0000000000E+00
  82.44222   -0.0000000000E+00    1.0000000000E+00
  82.54227   -0.0000000000E+00    1.0000000000E+00
  82.64232   -0.0000000000E+00    1.0000000000E+00
  82.74237   -0.0000000000E+00    1.0000000000E+00
  82.84242   -0.0000000000E+00    1.0000000000E+00
  82.94247   -0.0000000000E+00    1.0000000000E+00
  83.04252   -0.0000000000E+00    1.0000000000E+00
  83.14257   -0.0000000000E+00    1.0000000000E+00
  83.24262   -0.0000000000E+00    1.0000000000E+00
  83.34267   -0.0000000000E+00    1.0000000000E+00
  83.44272   -0.0000000000E+00    1.0000000000E+00
  83.54277   -0.0000000000E+00    1.0000000000E+00
  83.64282   -0.0000000000E+00    1.0000000000E+00
  83.74287   -0.0000000000E+00    1.0000000000E+00
  83.84292   -0.0000000000E+00    1.0000000000E+00
  83.94297   -0.0000000000E+00    1.0000000000E+00
  84.04302   -0.0000000000E+00    1.0000000000E+00
  84.14307   -0.0000000000E+00    1.0000000000E+00
  84.24312   -0.0000000000E+00    1.0000000000E+00
  84.34317   -0.0000000000E+00    1.0000000000E+00
  84.44322   -0.0000000000E+00    1.0000000000E+00
  84.54327   -0.0000000000E+00    1.0000000000E+00
  84.64332   -0.0000000000E+00    1.0000000000E+00
  84.74337   -0.0000000000E+00    1.0000000000E+00
  84.84342   -0.0000000000E+00    1.0000000000E+00
  84.94347   -0.0000000000E+00    1.0000000000E+00
  85.04352   -0.0000000000E+00    1.0000000000E+00
  85.14357   -0.0000000000E+00    1.0000000000E+00
  85.24362   -0.0000000000E+00    1.0000000000E+00
  85.34367   -0.0000000000E+00    1.0000000000E+00
  85.44372   -0.0000000000E+00    1.0000000000E+00
  85.54377   -0.0000000000E+00    1.0000000000E+00
  85.64382   -0.0000000000E+00    1.0000000000E+00
  85.74387   -0.0000000000E+00    1.0000000000E+00
  85.84392   -0.0000000000E+00    1.0000000000E+00
  85.94397   -0.0000000000E+00    1.0000000000E+00
  86.04402   -0.0000000000E+00    1.0000000000E+00
  86.14407   -0.0000000000E+00    1.0000000000E+00
  86.24412   -0.0000000000E+00    1.0000000000E+00
  86.34417   -0.0000000000E+00    1.0000000000E+00
  86.44422   -0.0000000000E+00    1.0000000000E+00
  86.54427   -0.0000000000E+00    1.0000000000E+00
  86.64432   -0.0000000000E+00    1.0000000000E+00
  86.74437   -0.0000000000E+00    1.0000000000E+00
  86.84442   -0.0000000000E+00    1.0000000000E+00
  86.94447   -0.0000000000E+00    1.0000000000E+00
  87.04452   -0.0000000000E+00    1.0000000000E+00
  87.14457   -0.0000000000E+00    1.0000000000E+00
  87.24462   -0.0000000000E+00    1.0000000000E+00
  87.34467   -0.0000000000E+00    1.0000000000E+00
  87.44472   -0.0000000000E+00    1.0000000000E+00
  87.54477   -0.0000000000E+00    1.0000000000E+00
  87.64482   -0.0000000000E+00    1.0000000000E+00
  87.74487   -0.0000000000E+00    1.0000000000E+00
  87.84492   -0.0000000000E+00    1.0000000000E+00
  87.94497   -0.0000000000E+00    1.0000000000E+00
  88.04502   -0.0000000000E+00    1.0000000000E+00
  88.14507   -0.0000000000E+00    1.0000000000E+00
  88.24512   -0.0000000000E+00    1.0000000000E+00
  88.34517   -0.0000000000E+00    1.0000000000E+00
  88.44522   -0.0000000000E+00    1.0000000000E+00
  88.54527   -0.0000000000E+00    1.0000000000E+00
  88.64532   -0.0000000000E+00    1.0000000000E+00
  88.74537   -0.0000000000E+00    1.0000000000E+00
  88.84542   -0.0000000000E+00    1.0000000000E+00
  88.94547   -0.0000000000E+00    1.0000000000E+00
  89.04552   -0.0000000000E+00    1.0000000000E+00
  89.14557   -0.0000000000E+00    1.0000000000E+00
  89.24562   -0.0000000000E+00    1.0000000000E+00
  89.34567   -0.0000000000E+00    1.0000000000E+00
  89.44572   -0.0000000000E+00    1.0000000000E+00
  89.54577   -0.0000000000E+00    1.0000000000E+00
  89.64582   -0.0000000000E+00    1.0000000000E+00
  89.74587   -0.0000000000E+00    1.0000000000E+00
  89.84592   -0.0000000000E+00    1.0000000000E+00
  89.94597   -0.0000000000E+00    1.0000000000E+00
  90.04602   -0.0000000000E+00    1.0000000000E+00
  90.14607   -0.0000000000E+00    1.0000000000E+00
  90.24612   -0.0000000000E+00    1.0000000000E+00
  90.34617   -0.0000000000E+00    1.0000000000E+00
  90.44622   -0.0000000000E+00    1.0000000000E+00
  90.54627   -0.0000000000E+00    1.0000000000E+00
  90.64632   -0.0000000000E+00    1.0000000000E+00
  90.74637   -0.0000000000E+00    1.0000000000E+00
  90.84642   -0.0000000000E+00    1.0000000000E+00
  90.94647   -0.0000000000E+00    1.0000000000E+00
  91.04652   -0.0000000000E+00    1.0000000000E+00
  91.14657   -0.0000000000E+00    1.0000000000E+00
  91.24662   -0.0000000000E+00    1.0000000000E+00
  91.34667   -0.0000000000E+00    1.0000000000E+00
  91.44672   -0.0000000000E+00    1.0000000000E+00
  91.54677   -0.0000000000E+00    1.0000000000E+00
  91.64682   -0.0000000000E+00    1.0000000000E+00
  91.74687   -0.0000000000E+00    1.0000000000E+00
  91.84692   -0.0000000000E+00    1.0000000000E+00
  91.94697   -0.0000000000E+00    1.0000000000E+00
  92.04702   -0.0000000000E+00    1.0000000000E+00
  92.14707   -0.0000000000E+00    1.0000000000E+00
  92.24712   -0.0000000000E+00    1.0000000000E+00
  92.34717   -0.0000000000E+00    1.0000000000E+00
  92.44722   -0.0000000000E+00    1.0000000000E+00
  92.54727   -0.0000000000E+00    1.0000000000E+00
  92.64732   -0.0000000000E+00    1.0000000000E+00
  92.74737   -0.0000000000E+00    1.0000000000E+00
  92.84742   -0.0000000000E+00    1.0000000000E+00
  92.94747   -0.0000000000E+00    1.0000000000E+00
  93.04752   -0.0000000000E+00    1.0000000000E+00
  93.14757   -0.0000000000E+00    1.0000000000E+00
  93.24762   -0.0000000000E+00    1.0000000000E+00
  93.34767   -0.0000000000E+00    1.0000000000E+00
  93.44772   -0.0000000000E+00    1.0000000000E+00
  93.54777   -0.0000000000E+00    1.0000000000E+00
  93.64782   -0.0000000000E+00    1.0000000000E+00
  93.74787   -0.0000000000E+00    1.0000000000E+00
  93.84792   -0.0000000000E+00    1.0000000000E+00
  93.94797   -0.0000000000E+00    1.0000000000E+00
  94.04802   -0.0000000000E+00    1.0000000000E+00
  94.14807   -0.0000000000E+00    1.0000000000E+00
  94.24812   -0.0000000000E+00    1.0000000000E+00
  94.34817   -0.0000000000E+00    1.0000000000E+00
  94.44822   -0.0000000000E+00    1.0000000000E+00
  94.54827   -0.0000000000E+00    1.0000000000E+00
  94.64832   -0.0000000000E+00    1.0000000000E+00
  94.74837   -0.0000000000E+00    1.0000000000E+00
  94.84842   -0.0000000000E+00    1.0000000000E+00
  94.94847   -0.0000000000E+00    1.0000000000E+00
  95.04852   -0.0000000000E+00    1.0000000000E+00
  95.14857   -0.0000000000E+00    1.0000000000E+00
  95.24862   -0.0000000000E+00    1.0000000000E+00
  95.34867   -0.0000000000E+00    1.0000000000E+00
  95.44872   -0.0000000000E+00    1.0000000000E+00
  95.54877   -0.0000000000E+00    1.0000000000E+00
  95.64882   -0.0000000000E+00    1.0000000000E+00
  95.74887   -0.0000000000E+00    1.0000000000E+00
  95.84892   -0.0000000000E+00    1.0000000000E+00
  95.94897   -0.0000000000E+00    1.0000000000E+00
  96.04902   -0.0000000000E+00    1.0000000000E+00
  96.14907   -0.0000000000E+00    1.0000000000E+00
  96.24912   -0.0000000000E+00    1.0000000000E+00
  96.34917   -0.0000000000E+00    1.0000000000E+00
  96.44922   -0.0000000000E+00    1.0000000000E+00
  96.54927   -0.0000000000E+00    1.0000000000E+00
  96.64932   -0.0000000000E+00    1.0000000000E+00
  96.74937   -0.0000000000E+00    1.0000000000E+00
  96.84942   -0.0000000000E+00    1.0000000000E+00
  96.94947   -0.0000000000E+00    1.0000000000E+00
  97.04952   -0.0000000000E+00    1.0000000000E+00
  97.14957   -0.0000000000E+00    1.0000000000E+00
  97.24962   -0.0000000000E+00    1.0000000000E+00
  97.34967   -0.0000000000E+00    1.0000000000E+00
  97.44972   -0.0000000000E+00    1.0000000000E+00
  97.54977   -0.0000000000E+00    1.0000000000E+00
  97.64982   -0.0000000000E+00    1.0000000000E+00
  97.74987   -0.0000000000E+00    1.0000000000E+00
  97.84992   -0.0000000000E+00    1.0000000000E+00
  97.94997   -0.0000000000E+00    1.0000000000E+00
  98.05003   -0.0000000000E+00    1.0000000000E+00
  98.15008   -0.0000000000E+00    1.0000000000E+00
  98.25013   -0.0000000000E+00    1.0000000000E+00
  98.35018   -0.0000000000E+00    1.0000000000E+00
  98.45023   -0.0000000000E+00    1.0000000000E+00
  98.55028   -0.0000000000E+00    1.0000000000E+00
  98.65033   -0.0000000000E+00    1.0000000000E+00
  98.75038   -0.0000000000E+00    1.0000000000E+00
  98.85043   -0.0000000000E+00    1.0000000000E+00
  98.95048   -0.0000000000E+00    1.0000000000E+00
  99.05053   -0.0000000000E+00    1.0000000000E+00
  99.15058   -0.0000000000E+00    1.0000000000E+00
  99.25063   -0.0000000000E+00    1.0000000000E+00
  99.35068   -0.0000000000E+00    1.0000000000E+00
  99.45073   -0.0000000000E+00    1.0000000000E+00
  99.55078   -0.0000000000E+00    1.0000000000E+00
  99.65083   -0.0000000000E+00    1.0000000000E+00
  99.75088   -0.0000000000E+00    1.0000000000E+00
  99.85093   -0.0000000000E+00    1.0000000000E+00
  99.95098   -0.0000000000E+00    1.0000000000E+00
 100.05103   -0.0000000000E+00    1.0000000000E+00
 100.15108   -0.0000000000E+00    1.0000000000E+00
 100.25113   -0.0000000000E+00    1.0000000000E+00
 100.35118   -0.0000000000E+00    1.0000000000E+00
 100.45123   -0.0000000000E+00    1.0000000000E+00
 100.55128   -0.0000000000E+00    1.0000000000E+00
 100.65133   -0.0000000000E+00    1.0000000000E+00
 100.75138   -0.0000000000E+00    1.0000000000E+00
 100.85143   -0.0000000000E+00    1.0000000000E+00
 100.95148   -0.0000000000E+00    1.0000000000E+00
 101.05153   -0.0000000000E+00    1.0000000000E+00
 101.15158   -0.0000000000E+00    1.0000000000E+00
 101.25163   -0.0000000000E+00    1.0000000000E+00
 101.35168   -0.0000000000E+00    1.0000000000E+00
 101.45173   -0.0000000000E+00    1.0000000000E+00
 101.55178   -0.0000000000E+00    1.0000000000E+00
 101.65183   -0.0000000000E+00    1.0000000000E+00
 101.75188   -0.0000000000E+00    1.0000000000E+00
 101.85193   -0.0000000000E+00    1.0000000000E+00
 101.95198   -0.0000000000E+00    1.0000000000E+00
 102.05203   -0.0000000000E+00    1.0000000000E+00
 102.15208   -0.0000000000E+00    1.0000000000E+00
 102.25213   -0.0000000000E+00    1.0000000000E+00
 102.35218   -0.0000000000E+00    1.0000000000E+00
 102.45223   -0.0000000000E+00    1.0000000000E+00
 102.55228   -0.0000000000E+00    1.0000000000E+00
 102.65233   -0.0000000000E+00    1.0000000000E+00
 102.75238   -0.0000000000E+00    1.0000000000E+00
 102.85243   -0.0000000000E+00    1.0000000000E+00
 102.95248   -0.0000000000E+00    1.0000000000E+00
 103.05253   -0.0000000000E+00    1.0000000000E+00
 103.15258   -0.0000000000E+00    1.0000000000E+00
 103.25263   -0.0000000000E+00    1.0000000000E+00
 103.35268   -0.0000000000E+00    1.0000000000E+00
 103.45273   -0.0000000000E+00    1.0000000000E+00
 103.55278   -0.0000000000E+00    1.0000000000E+00
 103.65283   -0.0000000000E+00    1.0000000000E+00
 103.75288   -0.0000000000E+00    1.0000000000E+00
 103.85293   -0.0000000000E+00    1.0000000000E+00
 103.95298   -0.0000000000E+00    1.0000000000E+00
 104.05303   -0.0000000000E+00    1.0000000000E+00
 104.15308   -0.0000000000E+00    1.0000000000E+00
 104.25313   -0.0000000000E+00    1.0000000000E+00
 104.35318   -0.0000000000E+00    1.0000000000E+00
 104.45323   -0.0000000000E+00    1.0000000000E+00
 104.55328   -0.0000000000E+00    1.0000000000E+00
 104.65333   -0.0000000000E+00    1.0000000000E+00
 104.75338   -0.0000000000E+00    1.0000000000E+00
 104.85343   -0.0000000000E+00    1.0000000000E+00
 104.95348   -0.0000000000E+00    1.0000000000E+00
 105.05353   -0.0000000000E+00    1.0000000000E+00
 105.15358   -0.0000000000E+00    1.0000000000E+00
 105.25363   -0.0000000000E+00    1.0000000000E+00
 105.35368   -0.0000000000E+00    1.0000000000E+00
 105.45373   -0.0000000000E+00    1.0000000000E+00
 105.55378   -0.0000000000E+00    1.0000000000E+00
 105.65383   -0.0000000000E+00    1.0000000000E+00
 105.75388   -0.0000000000E+00    1.0000000000E+00
 105.85393   -0.0000000000E+00    1.0000000000E+00
 105.95398   -0.0000000000E+00    1.0000000000E+00
 106.05403   -0.0000000000E+00    1.0000000000E+00
 106.15408   -0.0000000000E+00    1.0000000000E+00
 106.25413   -0.0000000000E+00    1.0000000000E+00
 106.35418   -0.0000000000E+00    1.0000000000E+00
 106.45423   -0.0000000000E+00    1.0000000000E+00
 106.55428   -0.0000000000E+00    1.0000000000E+00
 106.65433   -0.0000000000E+00    1.0000000000E+00
 106.75438   -0.0000000000E+00    1.0000000000E+00
 106.85443   -0.0000000000E+00    1.0000000000E+00
 106.95448   -0.0000000000E+00    1.0000000000E+00
 107.05453   -0.0000000000E+00    1.0000000000E+00
 107.15458   -0.0000000000E+00    1.0000000000E+00
 107.25463   -0.0000000000E+00    1.0000000000E+00
 107.35468   -0.0000000000E+00    1.0000000000E+00
 107.45473   -0.0000000000E+00    1.0000000000E+00
 107.55478   -0.0000000000E+00    1.0000000000E+00
 107.65483   -0.0000000000E+00    1.0000000000E+00
 107.75488   -0.0000000000E+00    1.0000000000E+00
 107.85493   -0.0000000000E+00    1.0000000000E+00
 107.95498   -0.0000000000E+00    1.0000000000E+00
 108.05503   -0.0000000000E+00    1.0000000000E+00
 108.15508   -0.0000000000E+00    1.0000000000E+00
 108.25513   -0.0000000000E+00    1.0000000000E+00
 108.35518   -0.0000000000E+00    1.0000000000E+00
 108.45523   -0.0000000000E+00    1.0000000000E+00
 108.55528   -0.0000000000E+00    1.0000000000E+00
 108.65533   -0.0000000000E+00    1.0000000000E+00
 108.75538   -0.0000000000E+00    1.0000000000E+00
 108.85543   -0.0000000000E+00    1.0000000000E+00
 108.95548   -0.0000000000E+00    1.0000000000E+00
 109.05553   -0.0000000000E+00    1.0000000000E+00
 109.15558   -0.0000000000E+00    1.0000000000E+00
 109.25563   -0.0000000000E+00    1.0000000000E+00
 109.35568   -0.0000000000E+00    1.0000000000E+00
 109.45573   -0.0000000000E+00    1.0000000000E+00
 109.55578   -0.0000000000E+00    1.0000000000E+00
 109.65583   -0.0000000000E+00    1.0000000000E+00
 109.75588   -0.0000000000E+00    1.0000000000E+00
 109.85593   -0.0000000000E+00    1.0000000000E+00
 109.95598   -0.0000000000E+00    1.0000000000E+00
 110.05603   -0.0000000000E+00    1.0000000000E+00
 110.15608   -0.0000000000E+00    1.0000000000E+00
 110.25613   -0.0000000000E+00    1.0000000000E+00
 110.35618   -0.0000000000E+00    1.0000000000E+00
 110.45623   -0.0000000000E+00    1.0000000000E+00
 110.55628   -0.0000000000E+00    1.0000000000E+00
 110.65633   -0.0000000000E+00    1.0000000000E+00
 110.75638   -0.0000000000E+00    1.0000000000E+00
 110.85643   -0.0000000000E+00    1.0000000000E+00
 110.95648   -0.0000000000E+00    1.0000000000E+00
 111.05653   -0.0000000000E+00    1.0000000000E+00
 111.15658   -0.0000000000E+00    1.0000000000E+00
 111.25663   -0.0000000000E+00    1.0000000000E+00
 111.35668   -0.0000000000E+00    1.0000000000E+00
 111.45673   -0.0000000000E+00    1.0000000000E+00
 111.55678   -0.0000000000E+00    1.0000000000E+00
 111.65683   -0.0000000000E+00    1.0000000000E+00
 111.75688   -0.0000000000E+00    1.0000000000E+00
 111.85693   -0.0000000000E+00    1.0000000000E+00
 111.95698   -0.0000000000E+00    1.0000000000E+00
 112.05703   -0.0000000000E+00    1.0000000000E+00
 112.15708   -0.0000000000E+00    1.0000000000E+00
 112.25713   -0.0000000000E+00    1.0000000000E+00
 112.35718   -0.0000000000E+00    1.0000000000E+00
 112.45723   -0.0000000000E+00    1.0000000000E+00
 112.55728   -0.0000000000E+00    1.0000000000E+00
 112.65733   -0.0000000000E+00    1.0000000000E+00
 112.75738   -0.0000000000E+00    1.0000000000E+00
 112.85743   -0.0000000000E+00    1.0000000000E+00
 112.95748   -0.0000000000E+00    1.0000000000E+00
 113.05753   -0.0000000000E+00    1.0000000000E+00
 113.15758   -0.0000000000E+00    1.0000000000E+00
 113.25763   -0.0000000000E+00    1.0000000000E+00
 113.35768   -0.0000000000E+00    1.0000000000E+00
 113.45773   -0.0000000000E+00    1.0000000000E+00
 113.55778   -0.0000000000E+00    1.0000000000E+00
 113.65783   -0.0000000000E+00    1.0000000000E+00
 113.75788   -0.0000000000E+00    1.0000000000E+00
 113.85793   -0.0000000000E+00    1.0000000000E+00
 113.95798   -0.0000000000E+00    1.0000000000E+00
 114.05803   -0.0000000000E+00    1.0000000000E+00
 114.15808   -0.0000000000E+00    1.0000000000E+00
 114.25813   -0.0000000000E+00    1.0000000000E+00
 114.35818   -0.0000000000E+00    1.0000000000E+00
 114.45823   -0.0000000000E+00    1.0000000000E+00
 114.55828   -0.0000000000E+00    1.0000000000E+00
 114.65833   -0.0000000000E+00    1.0000000000E+00
 114.75838   -0.0000000000E+00    1.0000000000E+00
 114.85843   -0.0000000000E+00    1.0000000000E+00
 114.95848   -0.0000000000E+00    1.0000000000E+00
 115.05853   -0.0000000000E+00    1.0000000000E+00
 115.15858   -0.0000000000E+00    1.0000000000E+00
 115.25863   -0.0000000000E+00    1.0000000000E+00
 115.35868   -0.0000000000E+00    1.0000000000E+00
 115.45873   -0.0000000000E+00    1.0000000000E+00
 115.55878   -0.0000000000E+00    1.0000000000E+00
 115.65883   -0.0000000000E+00    1.0000000000E+00
 115.75888   -0.0000000000E+00    1.0000000000E+00
 115.85893   -0.0000000000E+00    1.0000000000E+00
 115.95898   -0.0000000000E+00    1.0000000000E+00
 116.05903   -0.0000000000E+00    1.0000000000E+00
 116.15908   -0.0000000000E+00    1.0000000000E+00
 116.25913   -0.0000000000E+00    1.0000000000E+00
 116.35918   -0.0000000000E+00    1.0000000000E+00
 116.45923   -0.0000000000E+00    1.0000000000E+00
 116.55928   -0.0000000000E+00    1.0000000000E+00
 116.65933   -0.0000000000E+00    1.0000000000E+00
 116.75938   -0.0000000000E+00    1.0000000000E+00
 116.85943   -0.0000000000E+00    1.0000000000E+00
 116.95948   -0.0000000000E+00    1.0000000000E+00
 117.05953   -0.0000000000E+00    1.0000000000E+00
 117.15958   -0.0000000000E+00    1.0000000000E+00
 117.25963   -0.0000000000E+00    1.0000000000E+00
 117.35968   -0.0000000000E+00    1.0000000000E+00
 117.45973   -0.0000000000E+00    1.0000000000E+00
 117.55978   -0.0000000000E+00    1.0000000000E+00
 117.65983   -0.0000000000E+00    1.0000000000E+00
 117.75988   -0.0000000000E+00    1.0000000000E+00
 117.85993   -0.0000000000E+00    1.0000000000E+00
 117.95998   -0.0000000000E+00    1.0000000000E+00
 118.06003   -0.0000000000E+00    1.0000000000E+00
 118.16008   -0.0000000000E+00    1.0000000000E+00
 118.26013   -0.0000000000E+00    1.0000000000E+00
 118.36018   -0.0000000000E+00    1.0000000000E+00
 118.46023   -0.0000000000E+00    1.0000000000E+00
 118.56028   -0.0000000000E+00    1.0000000000E+00
 118.66033   -0.0000000000E+00    1.0000000000E+00
 118.76038   -0.0000000000E+00    1.0000000000E+00
 118.86043   -0.0000000000E+00    1.0000000000E+00
 118.96048   -0.0000000000E+00    1.0000000000E+00
 119.06053   -0.0000000000E+00    1.0000000000E+00
 119.16058   -0.0000000000E+00    1.0000000000E+00
 119.26063   -0.0000000000E+00    1.0000000000E+00
 119.36068   -0.0000000000E+00    1.0000000000E+00
 119.46073   -0.0000000000E+00    1.0000000000E+00
 119.56078   -0.0000000000E+00    1.0000000000E+00
 119.66083   -0.0000000000E+00    1.0000000000E+00
 119.76088   -0.0000000000E+00    1.0000000000E+00
 119.86093   -0.0000000000E+00    1.0000000000E+00
 119.96098   -0.0000000000E+00    1.0000000000E+00
 120.06103   -0.0000000000E+00    1.0000000000E+00
 120.16108   -0.0000000000E+00    1.0000000000E+00
 120.26113   -0.0000000000E+00    1.0000000000E+00
 120.36118   -0.0000000000E+00    1.0000000000E+00
 120.46123   -0.0000000000E+00    1.0000000000E+00
 120.56128   -0.0000000000E+00    1.0000000000E+00
 120.66133   -0.0000000000E+00    1.0000000000E+00
 120.76138   -0.0000000000E+00    1.0000000000E+00
 120.86143   -0.0000000000E+00    1.0000000000E+00
 120.96148   -0.0000000000E+00    1.0000000000E+00
 121.06153   -0.0000000000E+00    1.0000000000E+00
 121.16158   -0.0000000000E+00    1.0000000000E+00
 121.26163   -0.0000000000E+00    1.0000000000E+00
 121.36168   -0.0000000000E+00    1.0000000000E+00
 121.46173   -0.0000000000E+00    1.0000000000E+00
 121.56178   -0.0000000000E+00    1.0000000000E+00
 121.66183   -0.0000000000E+00    1.0000000000E+00
 121.76188   -0.0000000000E+00    1.0000000000E+00
 121.86193   -0.0000000000E+00    1.0000000000E+00
 121.96198   -0.0000000000E+00    1.0000000000E+00
 122.06203   -0.0000000000E+00    1.0000000000E+00
 122.16208   -0.0000000000E+00    1.0000000000E+00
 122.26213   -0.0000000000E+00    1.0000000000E+00
 122.36218   -0.0000000000E+00    1.0000000000E+00
 122.46223   -0.0000000000E+00    1.0000000000E+00
 122.56228   -0.0000000000E+00    1.0000000000E+00
 122.66233   -0.0000000000E+00    1.0000000000E+00
 122.76238   -0.0000000000E+00    1.0000000000E+00
 122.86243   -0.0000000000E+00    1.0000000000E+00
 122.96248   -0.0000000000E+00    1.0000000000E+00
 123.06253   -0.0000000000E+00    1.0000000000E+00
 123.16258   -0.0000000000E+00    1.0000000000E+00
 123.26263   -0.0000000000E+00    1.0000000000E+00
 123.36268   -0.0000000000E+00    1.0000000000E+00
 123.46273   -0.0000000000E+00    1.0000000000E+00
 123.56278   -0.0000000000E+00    1.0000000000E+00
 123.66283   -0.0000000000E+00    1.0000000000E+00
 123.76288   -0.0000000000E+00    1.0000000000E+00
 123.86293   -0.0000000000E+00    1.0000000000E+00
 123.96298   -0.0000000000E+00    1.0000000000E+00
 124.06303   -0.0000000000E+00    1.0000000000E+00
 124.16308   -0.0000000000E+00    1.0000000000E+00
 124.26313   -0.0000000000E+00    1.0000000000E+00
 124.36318   -0.0000000000E+00    1.0000000000E+00
 124.46323   -0.0000000000E+00    1.0000000000E+00
 124.56328   -0.0000000000E+00    1.0000000000E+00
 124.66333   -0.0000000000E+00    1.0000000000E+00
 124.76338   -0.0000000000E+00    1.0000000000E+00
 124.86343   -0.0000000000E+00    1.0000000000E+00
 124.96348   -0.0000000000E+00    1.0000000000E+00
 125.06353   -0.0000000000E+00    1.0000000000E+00
 125.16358   -0.0000000000E+00    1.0000000000E+00
 125.26363   -0.0000000000E+00    1.0000000000E+00
 125.36368   -0.0000000000E+00    1.0000000000E+00
 125.46373   -0.0000000000E+00    1.0000000000E+00
 125.56378   -0.0000000000E+00    1.0000000000E+00
 125.66383   -0.0000000000E+00    1.0000000000E+00
 125.76388   -0.0000000000E+00    1.0000000000E+00
 125.86393   -0.0000000000E+00    1.0000000000E+00
 125.96398   -0.0000000000E+00    1.0000000000E+00
 126.06403   -0.0000000000E+00    1.0000000000E+00
 126.16408   -0.0000000000E+00    1.0000000000E+00
 126.26413   -0.0000000000E+00    1.0000000000E+00
 126.36418   -0.0000000000E+00    1.0000000000E+00
 126.46423   -0.0000000000E+00    1.0000000000E+00
 126.56428   -0.0000000000E+00    1.0000000000E+00
 126.66433   -0.0000000000E+00    1.0000000000E+00
 126.76438   -0.0000000000E+00    1.0000000000E+00
 126.86443   -0.0000000000E+00    1.0000000000E+00
 126.96448   -0.0000000000E+00    1.0000000000E+00
 127.06453   -0.0000000000E+00    1.0000000000E+00
 127.16458   -0.0000000000E+00    1.0000000000E+00
 127.26463   -0.0000000000E+00    1.0000000000E+00
 127.36468   -0.0000000000E+00    1.0000000000E+00
 127.46473   -0.0000000000E+00    1.0000000000E+00
 127.56478   -0.0000000000E+00    1.0000000000E+00
 127.66483   -0.0000000000E+00    1.0000000000E+00
 127.76488   -0.0000000000E+00    1.0000000000E+00
 127.86493   -0.0000000000E+00    1.0000000000E+00
 127.96498   -0.0000000000E+00    1.0000000000E+00
 128.06503   -0.0000000000E+00    1.0000000000E+00
 128.16508   -0.0000000000E+00    1.0000000000E+00
 128.26513   -0.0000000000E+00    1.0000000000E+00
 128.36518   -0.0000000000E+00    1.0000000000E+00
 128.46523   -0.0000000000E+00    1.0000000000E+00
 128.56528   -0.0000000000E+00    1.0000000000E+00
 128.66533   -0.0000000000E+00    1.0000000000E+00
 128.76538   -0.0000000000E+00    1.0000000000E+00
 128.86543   -0.0000000000E+00    1.0000000000E+00
 128.96548   -0.0000000000E+00    1.0000000000E+00
 129.06553   -0.0000000000E+00    1.0000000000E+00
 129.16558   -0.0000000000E+00    1.0000000000E+00
 129.26563   -0.0000000000E+00    1.0000000000E+00
 129.36568   -0.0000000000E+00    1.0000000000E+00
 129.46573   -0.0000000000E+00    1.0000000000E+00
 129.56578   -0.0000000000E+00    1.0000000000E+00
 129.66583   -0.0000000000E+00    1.0000000000E+00
 129.76588   -0.0000000000E+00    1.0000000000E+00
 129.86593   -0.0000000000E+00    1.0000000000E+00
 129.96598   -0.0000000000E+00    1.0000000000E+00
 130.06603   -0.0000000000E+00    1.0000000000E+00
 130.16608   -0.0000000000E+00    1.0000000000E+00
 130.26613   -0.0000000000E+00    1.0000000000E+00
 130.36618   -0.0000000000E+00    1.0000000000E+00
 130.46623   -0.0000000000E+00    1.0000000000E+00
 130.56628   -0.0000000000E+00    1.0000000000E+00
 130.66633   -0.0000000000E+00    1.0000000000E+00
 130.76638   -0.0000000000E+00    1.0000000000E+00
 130.86643   -0.0000000000E+00    1.0000000000E+00
 130.96648   -0.0000000000E+00    1.0000000000E+00
 131.06653   -0.0000000000E+00    1.0000000000E+00
 131.16658   -0.0000000000E+00    1.0000000000E+00
 131.26663   -0.0000000000E+00    1.0000000000E+00
 131.36668   -0.0000000000E+00    1.0000000000E+00
 131.46673   -0.0000000000E+00    1.0000000000E+00
 131.56678   -0.0000000000E+00    1.0000000000E+00
 131.66683   -0.0000000000E+00    1.0000000000E+00
 131.76688   -0.0000000000E+00    1.0000000000E+00
 131.86693   -0.0000000000E+00    1.0000000000E+00
 131.96698   -0.0000000000E+00    1.0000000000E+00
 132.06703   -0.0000000000E+00    1.0000000000E+00
 132.16708   -0.0000000000E+00    1.0000000000E+00
 132.26713   -0.0000000000E+00    1.0000000000E+00
 132.36718   -0.0000000000E+00    1.0000000000E+00
 132.46723   -0.0000000000E+00    1.0000000000E+00
 132.56728   -0.0000000000E+00    1.0000000000E+00
 132.66733   -0.0000000000E+00    1.0000000000E+00
 132.76738   -0.0000000000E+00    1.0000000000E+00
 132.86743   -0.0000000000E+00    1.0000000000E+00
 132.96748   -0.0000000000E+00    1.0000000000E+00
 133.06753   -0.0000000000E+00    1.0000000000E+00
 133.16758   -0.0000000000E+00    1.0000000000E+00
 133.26763   -0.0000000000E+00    1.0000000000E+00
 133.36768   -0.0000000000E+00    1.0000000000E+00
 133.46773   -0.0000000000E+00    1.0000000000E+00
 133.56778   -0.0000000000E+00    1.0000000000E+00
 133.66783   -0.0000000000E+00    1.0000000000E+00
 133.76788   -0.0000000000E+00    1.0000000000E+00
 133.86793   -0.0000000000E+00    1.0000000000E+00
 133.96798   -0.0000000000E+00    1.0000000000E+00
 134.06803   -0.0000000000E+00    1.0000000000E+00
 134.16808   -0.0000000000E+00    1.0000000000E+00
 134.26813   -0.0000000000E+00    1.0000000000E+00
 134.36818   -0.0000000000E+00    1.0000000000E+00
 134.46823   -0.0000000000E+00    1.0000000000E+00
 134.56828   -0.0000000000E+00    1.0000000000E+00
 134.66833   -0.0000000000E+00    1.0000000000E+00
 134.76838   -0.0000000000E+00    1.0000000000E+00
 134.86843   -0.0000000000E+00    1.0000000000E+00
 134.96848   -0.0000000000E+00    1.0000000000E+00
 135.06853   -0.0000000000E+00    1.0000000000E+00
 135.16858   -0.0000000000E+00    1.0000000000E+00
 135.26863   -0.0000000000E+00    1.0000000000E+00
 135.36868   -0.0000000000E+00    1.0000000000E+00
 135.46873   -0.0000000000E+00    1.0000000000E+00
 135.56878   -0.0000000000E+00    1.0000000000E+00
 135.66883   -0.0000000000E+00    1.0000000000E+00
 135.76888   -0.0000000000E+00    1.0000000000E+00
 135.86893   -0.0000000000E+00    1.0000000000E+00
 135.96898   -0.0000000000E+00    1.0000000000E+00
 136.06903   -0.0000000000E+00    1.0000000000E+00
 136.16908   -0.0000000000E+00    1.0000000000E+00
 136.26913   -0.0000000000E+00    1.0000000000E+00
 136.36918   -0.0000000000E+00    1.0000000000E+00
 136.46923   -0.0000000000E+00    1.0000000000E+00
 136.56928   -0.0000000000E+00    1.0000000000E+00
 136.66933   -0.0000000000E+00    1.0000000000E+00
 136.76938   -0.0000000000E+00    1.0000000000E+00
 136.86943   -0.0000000000E+00    1.0000000000E+00
 136.96948   -0.0000000000E+00    1.0000000000E+00
 137.06953   -0.0000000000E+00    1.0000000000E+00
 137.16958   -0.0000000000E+00    1.0000000000E+00
 137.26963   -0.0000000000E+00    1.0000000000E+00
 137.36968   -0.0000000000E+00    1.0000000000E+00
 137.46973   -0.0000000000E+00    1.0000000000E+00
 137.56978   -0.0000000000E+00    1.0000000000E+00
 137.66983   -0.0000000000E+00    1.0000000000E+00
 137.76988   -0.0000000000E+00    1.0000000000E+00
 137.86993   -0.0000000000E+00    1.0000000000E+00
 137.96998   -0.0000000000E+00    1.0000000000E+00
 138.07004   -0.0000000000E+00    1.0000000000E+00
 138.17009   -0.0000000000E+00    1.0000000000E+00
 138.27014   -0.0000000000E+00    1.0000000000E+00
 138.37019   -0.0000000000E+00    1.0000000000E+00
 138.47024   -0.0000000000E+00    1.0000000000E+00
 138.57029   -0.0000000000E+00    1.0000000000E+00
 138.67034   -0.0000000000E+00    1.0000000000E+00
 138.77039   -0.0000000000E+00    1.0000000000E+00
 138.87044   -0.0000000000E+00    1.0000000000E+00
 138.97049   -0.0000000000E+00    1.0000000000E+00
 139.07054   -0.0000000000E+00    1.0000000000E+00
 139.17059   -0.0000000000E+00    1.0000000000E+00
 139.27064   -0.0000000000E+00    1.0000000000E+00
 139.37069   -0.0000000000E+00    1.0000000000E+00
 139.47074   -0.0000000000E+00    1.0000000000E+00
 139.57079   -0.0000000000E+00    1.0000000000E+00
 139.67084   -0.0000000000E+00    1.0000000000E+00
 139.77089   -0.0000000000E+00    1.0000000000E+00
 139.87094   -0.0000000000E+00    1.0000000000E+00
 139.97099   -0.0000000000E+00    1.0000000000E+00
 140.07104   -0.0000000000E+00    1.0000000000E+00
 140.17109   -0.0000000000E+00    1.0000000000E+00
 140.27114   -0.0000000000E+00    1.0000000000E+00
 140.37119   -0.0000000000E+00    1.0000000000E+00
 140.47124   -0.0000000000E+00    1.0000000000E+00
 140.57129   -0.0000000000E+00    1.0000000000E+00
 140.67134   -0.0000000000E+00    1.0000000000E+00
 140.77139   -0.0000000000E+00    1.0000000000E+00
 140.87144   -0.0000000000E+00    1.0000000000E+00
 140.97149   -0.0000000000E+00    1.0000000000E+00
 141.07154   -0.0000000000E+00    1.0000000000E+00
 141.17159   -0.0000000000E+00    1.0000000000E+00
 141.27164   -0.0000000000E+00    1.0000000000E+00
 141.37169   -0.0000000000E+00    1.0000000000E+00
 141.47174   -0.0000000000E+00    1.0000000000E+00
 141.57179   -0.0000000000E+00    1.0000000000E+00
 141.67184   -0.0000000000E+00    1.0000000000E+00
 141.77189   -0.0000000000E+00    1.0000000000E+00
 141.87194   -0.0000000000E+00    1.0000000000E+00
 141.97199   -0.0000000000E+00    1.0000000000E+00
 142.07204   -0.0000000000E+00    1.0000000000E+00
 142.17209   -0.0000000000E+00    1.0000000000E+00
 142.27214   -0.0000000000E+00    1.0000000000E+00
 142.37219   -0.0000000000E+00    1.0000000000E+00
 142.47224   -0.0000000000E+00    1.0000000000E+00
 142.57229   -0.0000000000E+00    1.0000000000E+00
 142.67234   -0.0000000000E+00    1.0000000000E+00
 142.77239   -0.0000000000E+00    1.0000000000E+00
 142.87244   -0.0000000000E+00    1.0000000000E+00
 142.97249   -0.0000000000E+00    1.0000000000E+00
 143.07254   -0.0000000000E+00    1.0000000000E+00
 143.17259   -0.0000000000E+00    1.0000000000E+00
 143.27264   -0.0000000000E+00    1.0000000000E+00
 143.37269   -0.0000000000E+00    1.0000000000E+00
 143.47274   -0.0000000000E+00    1.0000000000E+00
 143.57279   -0.0000000000E+00    1.0000000000E+00
 143.67284   -0.0000000000E+00    1.0000000000E+00
 143.77289   -0.0000000000E+00    1.0000000000E+00
 143.87294   -0.0000000000E+00    1.0000000000E+00
 143.97299   -0.0000000000E+00    1.0000000000E+00
 144.07304   -0.0000000000E+00    1.0000000000E+00
 144.17309   -0.0000000000E+00    1.0000000000E+00
 144.27314   -0.0000000000E+00    1.0000000000E+00
 144.37319   -0.0000000000E+00    1.0000000000E+00
 144.47324   -0.0000000000E+00    1.0000000000E+00
 144.57329   -0.0000000000E+00    1.0000000000E+00
 144.67334   -0.0000000000E+00    1.0000000000E+00
 144.77339   -0.0000000000E+00    1.0000000000E+00
 144.87344   -0.0000000000E+00    1.0000000000E+00
 144.97349   -0.0000000000E+00    1.0000000000E+00
 145.07354   -0.0000000000E+00    1.0000000000E+00
 145.17359   -0.0000000000E+00    1.0000000000E+00
 145.27364   -0.0000000000E+00    1.0000000000E+00
 145.37369   -0.0000000000E+00    1.0000000000E+00
 145.47374   -0.0000000000E+00    1.0000000000E+00
 145.57379   -0.0000000000E+00    1.0000000000E+00
 145.67384   -0.0000000000E+00    1.0000000000E+00
 145.77389   -0.0000000000E+00    1.0000000000E+00
 145.87394   -0.0000000000E+00    1.0000000000E+00
 145.97399   -0.0000000000E+00    1.0000000000E+00
 146.07404   -0.0000000000E+00    1.0000000000E+00
 146.17409   -0.0000000000E+00    1.0000000000E+00
 146.27414   -0.0000000000E+00    1.0000000000E+00
 146.37419   -0.0000000000E+00    1.0000000000E+00
 146.47424   -0.0000000000E+00    1.0000000000E+00
 146.57429   -0.0000000000E+00    1.0000000000E+00
 146.67434   -0.0000000000E+00    1.0000000000E+00
 146.77439   -0.0000000000E+00    1.0000000000E+00
 146.87444   -0.0000000000E+00    1.0000000000E+00
 146.97449   -0.0000000000E+00    1.0000000000E+00
 147.07454   -0.0000000000E+00    1.0000000000E+00
 147.17459   -0.0000000000E+00    1.0000000000E+00
 147.27464   -0.0000000000E+00    1.0000000000E+00
 147.37469   -0.0000000000E+00    1.0000000000E+00
 147.47474   -0.0000000000E+00    1.0000000000E+00
 147.57479   -0.0000000000E+00    1.0000000000E+00
 147.67484   -0.0000000000E+00    1.0000000000E+00
 147.77489   -0.0000000000E+00    1.0000000000E+00
 147.87494   -0.0000000000E+00    1.0000000000E+00
 147.97499   -0.0000000000E+00    1.0000000000E+00
 148.07504   -0.0000000000E+00    1.0000000000E+00
 148.17509   -0.0000000000E+00    1.0000000000E+00
 148.27514   -0.0000000000E+00    1.0000000000E+00
 148.37519   -0.0000000000E+00    1.0000000000E+00
 148.47524   -0.0000000000E+00    1.0000000000E+00
 148.57529   -0.0000000000E+00    1.0000000000E+00
 148.67534   -0.0000000000E+00    1.0000000000E+00
 148.77539   -0.0000000000E+00    1.0000000000E+00
 148.87544   -0.0000000000E+00    1.0000000000E+00
 148.97549   -0.0000000000E+00    1.0000000000E+00
 149.07554   -0.0000000000E+00    1.0000000000E+00
 149.17559   -0.0000000000E+00    1.0000000000E+00
 149.27564   -0.0000000000E+00    1.0000000000E+00
 149.37569   -0.0000000000E+00    1.0000000000E+00
 149.47574   -0.0000000000E+00    1.0000000000E+00
 149.57579   -0.0000000000E+00    1.0000000000E+00
 149.67584   -0.0000000000E+00    1.0000000000E+00
 149.77589   -0.0000000000E+00    1.0000000000E+00
 149.87594   -0.0000000000E+00    1.0000000000E+00
 149.97599   -0.0000000000E+00    1.0000000000E+00
 150.07604   -0.0000000000E+00    1.0000000000E+00
 150.17609   -0.0000000000E+00    1.0000000000E+00
 150.27614   -0.0000000000E+00    1.0000000000E+00
 150.37619   -0.0000000000E+00    1.0000000000E+00
 150.47624   -0.0000000000E+00    1.0000000000E+00
 150.57629   -0.0000000000E+00    1.0000000000E+00
 150.67634   -0.0000000000E+00    1.0000000000E+00
 150.77639   -0.0000000000E+00    1.0000000000E+00
 150.87644   -0.0000000000E+00    1.0000000000E+00
 150.97649   -0.0000000000E+00    1.0000000000E+00
 151.07654   -0.0000000000E+00    1.0000000000E+00
 151.17659   -0.0000000000E+00    1.0000000000E+00
 151.27664   -0.0000000000E+00    1.0000000000E+00
 151.37669   -0.0000000000E+00    1.0000000000E+00
 151.47674   -0.0000000000E+00    1.0000000000E+00
 151.57679   -0.0000000000E+00    1.0000000000E+00
 151.67684   -0.0000000000E+00    1.0000000000E+00
 151.77689   -0.0000000000E+00    1.0000000000E+00
 151.87694   -0.0000000000E+00    1.0000000000E+00
 151.97699   -0.0000000000E+00    1.0000000000E+00
 152.07704   -0.0000000000E+00    1.0000000000E+00
 152.17709   -0.0000000000E+00    1.0000000000E+00
 152.27714   -0.0000000000E+00    1.0000000000E+00
 152.37719   -0.0000000000E+00    1.0000000000E+00
 152.47724   -0.0000000000E+00    1.0000000000E+00
 152.57729   -0.0000000000E+00    1.0000000000E+00
 152.67734   -0.0000000000E+00    1.0000000000E+00
 152.77739   -0.0000000000E+00    1.0000000000E+00
 152.87744   -0.0000000000E+00    1.0000000000E+00
 152.97749   -0.0000000000E+00    1.0000000000E+00
 153.07754   -0.0000000000E+00    1.0000000000E+00
 153.17759   -0.0000000000E+00    1.0000000000E+00
 153.27764   -0.0000000000E+00    1.0000000000E+00
 153.37769   -0.0000000000E+00    1.0000000000E+00
 153.47774   -0.0000000000E+00    1.0000000000E+00
 153.57779   -0.0000000000E+00    1.0000000000E+00
 153.67784   -0.0000000000E+00    1.0000000000E+00
 153.77789   -0.0000000000E+00    1.0000000000E+00
 153.87794   -0.0000000000E+00    1.0000000000E+00
 153.97799   -0.0000000000E+00    1.0000000000E+00
 154.07804   -0.0000000000E+00    1.0000000000E+00
 154.17809   -0.0000000000E+00    1.0000000000E+00
 154.27814   -0.0000000000E+00    1.0000000000E+00
 154.37819   -0.0000000000E+00    1.0000000000E+00
 154.47824   -0.0000000000E+00    1.0000000000E+00
 154.57829   -0.0000000000E+00    1.0000000000E+00
 154.67834   -0.0000000000E+00    1.0000000000E+00
 154.77839   -0.0000000000E+00    1.0000000000E+00
 154.87844   -0.0000000000E+00    1.0000000000E+00
 154.97849   -0.0000000000E+00    1.0000000000E+00
 155.07854   -0.0000000000E+00    1.0000000000E+00
 155.17859   -0.0000000000E+00    1.0000000000E+00
 155.27864   -0.0000000000E+00    1.0000000000E+00
 155.37869   -0.0000000000E+00    1.0000000000E+00
 155.47874   -0.0000000000E+00    1.0000000000E+00
 155.57879   -0.0000000000E+00    1.0000000000E+00
 155.67884   -0.0000000000E+00    1.0000000000E+00
 155.77889   -0.0000000000E+00    1.0000000000E+00
 155.87894   -0.0000000000E+00    1.0000000000E+00
 155.97899   -0.0000000000E+00    1.0000000000E+00
 156.07904   -0.0000000000E+00    1.0000000000E+00
 156.17909   -0.0000000000E+00    1.0000000000E+00
 156.27914   -0.0000000000E+00    1.0000000000E+00
 156.37919   -0.0000000000E+00    1.0000000000E+00
 156.47924   -0.0000000000E+00    1.0000000000E+00
 156.57929   -0.0000000000E+00    1.0000000000E+00
 156.67934   -0.0000000000E+00    1.0000000000E+00
 156.77939   -0.0000000000E+00    1.0000000000E+00
 156.87944   -0.0000000000E+00    1.0000000000E+00
 156.97949   -0.0000000000E+00    1.0000000000E+00
 157.07954   -0.0000000000E+00    1.0000000000E+00
 157.17959   -0.0000000000E+00    1.0000000000E+00
 157.27964   -0.0000000000E+00    1.0000000000E+00
 157.37969   -0.0000000000E+00    1.0000000000E+00
 157.47974   -0.0000000000E+00    1.0000000000E+00
 157.57979   -0.0000000000E+00    1.0000000000E+00
 157.67984   -0.0000000000E+00    1.0000000000E+00
 157.77989   -0.0000000000E+00    1.0000000000E+00
 157.87994   -0.0000000000E+00    1.0000000000E+00
 157.97999   -0.0000000000E+00    1.0000000000E+00
 158.08004   -0.0000000000E+00    1.0000000000E+00
 158.18009   -0.0000000000E+00    1.0000000000E+00
 158.28014   -0.0000000000E+00    1.0000000000E+00
 158.38019   -0.0000000000E+00    1.0000000000E+00
 158.48024   -0.0000000000E+00    1.0000000000E+00
 158.58029   -0.0000000000E+00    1.0000000000E+00
 158.68034   -0.0000000000E+00    1.0000000000E+00
 158.78039   -0.0000000000E+00    1.0000000000E+00
 158.88044   -0.0000000000E+00    1.0000000000E+00
 158.98049   -0.0000000000E+00    1.0000000000E+00
 159.08054   -0.0000000000E+00    1.0000000000E+00
 159.18059   -0.0000000000E+00    1.0000000000E+00
 159.28064   -0.0000000000E+00    1.0000000000E+00
 159.38069   -0.0000000000E+00    1.0000000000E+00
 159.48074   -0.0000000000E+00    1.0000000000E+00
 159.58079   -0.0000000000E+00    1.0000000000E+00
 159.68084   -0.0000000000E+00    1.0000000000E+00
 159.78089   -0.0000000000E+00    1.0000000000E+00
 159.88094   -0.0000000000E+00    1.0000000000E+00
 159.98099   -0.0000000000E+00    1.0000000000E+00
 160.08104   -0.0000000000E+00    1.0000000000E+00
 160.18109   -0.0000000000E+00    1.0000000000E+00
 160.28114   -0.0000000000E+00    1.0000000000E+00
 160.38119   -0.0000000000E+00    1.0000000000E+00
 160.48124   -0.0000000000E+00    1.0000000000E+00
 160.58129   -0.0000000000E+00    1.0000000000E+00
 160.68134   -0.0000000000E+00    1.0000000000E+00
 160.78139   -0.0000000000E+00    1.0000000000E+00
 160.88144   -0.0000000000E+00    1.0000000000E+00
 160.98149   -0.0000000000E+00    1.0000000000E+00
 161.08154   -0.0000000000E+00    1.0000000000E+00
 161.18159   -0.0000000000E+00    1.0000000000E+00
 161.28164   -0.0000000000E+00    1.0000000000E+00
 161.38169   -0.0000000000E+00    1.0000000000E+00
 161.48174   -0.0000000000E+00    1.0000000000E+00
 161.58179   -0.0000000000E+00    1.0000000000E+00
 161.68184   -0.0000000000E+00    1.0000000000E+00
 161.78189   -0.0000000000E+00    1.0000000000E+00
 161.88194   -0.0000000000E+00    1.0000000000E+00
 161.98199   -0.0000000000E+00    1.0000000000E+00
 162.08204   -0.0000000000E+00    1.0000000000E+00
 162.18209   -0.0000000000E+00    1.0000000000E+00
 162.28214   -0.0000000000E+00    1.0000000000E+00
 162.38219   -0.0000000000E+00    1.0000000000E+00
 162.48224   -0.0000000000E+00    1.0000000000E+00
 162.58229   -0.0000000000E+00    1.0000000000E+00
 162.68234   -0.0000000000E+00    1.0000000000E+00
 162.78239   -0.0000000000E+00    1.0000000000E+00
 162.88244   -0.0000000000E+00    1.0000000000E+00
 162.98249   -0.0000000000E+00    1.0000000000E+00
 163.08254   -0.0000000000E+00    1.0000000000E+00
 163.18259   -0.0000000000E+00    1.0000000000E+00
 163.28264   -0.0000000000E+00    1.0000000000E+00
 163.38269   -0.0000000000E+00    1.0000000000E+00
 163.48274   -0.0000000000E+00    1.0000000000E+00
 163.58279   -0.0000000000E+00    1.0000000000E+00
 163.68284   -0.0000000000E+00    1.0000000000E+00
 163.78289   -0.0000000000E+00    1.0000000000E+00
 163.88294   -0.0000000000E+00    1.0000000000E+00
 163.98299   -0.0000000000E+00    1.0000000000E+00
 164.08304   -0.0000000000E+00    1.0000000000E+00
 164.18309   -0.0000000000E+00    1.0000000000E+00
 164.28314   -0.0000000000E+00    1.0000000000E+00
 164.38319   -0.0000000000E+00    1.0000000000E+00
 164.48324   -0.0000000000E+00    1.0000000000E+00
 164.58329   -0.0000000000E+00    1.0000000000E+00
 164.68334   -0.0000000000E+00    1.0000000000E+00
 164.78339   -0.0000000000E+00    1.0000000000E+00
 164.88344   -0.0000000000E+00    1.0000000000E+00
 164.98349   -0.0000000000E+00    1.0000000000E+00
 165.08354   -0.0000000000E+00    1.0000000000E+00
 165.18359   -0.0000000000E+00    1.0000000000E+00
 165.28364   -0.0000000000E+00    1.0000000000E+00
 165.38369   -0.0000000000E+00    1.0000000000E+00
 165.48374   -0.0000000000E+00    1.0000000000E+00
 165.58379   -0.0000000000E+00    1.0000000000E+00
 165.68384   -0.0000000000E+00    1.0000000000E+00
 165.78389   -0.0000000000E+00    1.0000000000E+00
 165.88394   -0.0000000000E+00    1.0000000000E+00
 165.98399   -0.0000000000E+00    1.0000000000E+00
 166.08404   -0.0000000000E+00    1.0000000000E+00
 166.18409   -0.0000000000E+00    1.0000000000E+00
 166.28414   -0.0000000000E+00    1.0000000000E+00
 166.38419   -0.0000000000E+00    1.0000000000E+00
 166.48424   -0.0000000000E+00    1.0000000000E+00
 166.58429   -0.0000000000E+00    1.0000000000E+00
 166.68434   -0.0000000000E+00    1.0000000000E+00
 166.78439   -0.0000000000E+00    1.0000000000E+00
 166.88444   -0.0000000000E+00    1.0000000000E+00
 166.98449   -0.0000000000E+00    1.0000000000E+00
 167.08454   -0.0000000000E+00    1.0000000000E+00
 167.18459   -0.0000000000E+00    1.0000000000E+00
 167.28464   -0.0000000000E+00    1.0000000000E+00
 167.38469   -0.0000000000E+00    1.0000000000E+00
 167.48474   -0.0000000000E+00    1.0000000000E+00
 167.58479   -0.0000000000E+00    1.0000000000E+00
 167.68484   -0.0000000000E+00    1.0000000000E+00
 167.78489   -0.0000000000E+00    1.0000000000E+00
 167.88494   -0.0000000000E+00    1.0000000000E+00
 167.98499   -0.0000000000E+00    1.0000000000E+00
 168.08504   -0.0000000000E+00    1.0000000000E+00
 168.18509   -0.0000000000E+00    1.0000000000E+00
 168.28514   -0.0000000000E+00    1.0000000000E+00
 168.38519   -0.0000000000E+00    1.0000000000E+00
 168.48524   -0.0000000000E+00    1.0000000000E+00
 168.58529   -0.0000000000E+00    1.0000000000E+00
 168.68534   -0.0000000000E+00    1.0000000000E+00
 168.78539   -0.0000000000E+00    1.0000000000E+00
 168.88544   -0.0000000000E+00    1.0000000000E+00
 168.98549   -0.0000000000E+00    1.0000000000E+00
 169.08554   -0.0000000000E+00    1.0000000000E+00
 169.18559   -0.0000000000E+00    1.0000000000E+00
 169.28564   -0.0000000000E+00    1.0000000000E+00
 169.38569   -0.0000000000E+00    1.0000000000E+00
 169.48574   -0.0000000000E+00    1.0000000000E+00
 169.58579   -0.0000000000E+00    1.0000000000E+00
 169.68584   -0.0000000000E+00    1.0000000000E+00
 169.78589   -0.0000000000E+00    1.0000000000E+00
 169.88594   -0.0000000000E+00    1.0000000000E+00
 169.98599   -0.0000000000E+00    1.0000000000E+00
 170.08604   -0.0000000000E+00    1.0000000000E+00
 170.18609   -0.0000000000E+00    1.0000000000E+00
 170.28614   -0.0000000000E+00    1.0000000000E+00
 170.38619   -0.0000000000E+00    1.0000000000E+00
 170.48624   -0.0000000000E+00    1.0000000000E+00
 170.58629   -0.0000000000E+00    1.0000000000E+00
 170.68634   -0.0000000000E+00    1.0000000000E+00
 170.78639   -0.0000000000E+00    1.0000000000E+00
 170.88644   -0.0000000000E+00    1.0000000000E+00
 170.98649   -0.0000000000E+00    1.0000000000E+00
 171.08654   -0.0000000000E+00    1.0000000000E+00
 171.18659   -0.0000000000E+00    1.0000000000E+00
 171.28664   -0.0000000000E+00    1.0000000000E+00
 171.38669   -0.0000000000E+00    1.0000000000E+00
 171.48674   -0.0000000000E+00    1.0000000000E+00
 171.58679   -0.0000000000E+00    1.0000000000E+00
 171.68684   -0.0000000000E+00    1.0000000000E+00
 171.78689   -0.0000000000E+00    1.0000000000E+00
 171.88694   -0.0000000000E+00    1.0000000000E+00
 171.98699   -0.0000000000E+00    1.0000000000E+00
 172.08704   -0.0000000000E+00    1.0000000000E+00
 172.18709   -0.0000000000E+00    1.0000000000E+00
 172.28714   -0.0000000000E+00    1.0000000000E+00
 172.38719   -0.0000000000E+00    1.0000000000E+00
 172.48724   -0.0000000000E+00    1.0000000000E+00
 172.58729   -0.0000000000E+00    1.0000000000E+00
 172.68734   -0.0000000000E+00    1.0000000000E+00
 172.78739   -0.0000000000E+00    1.0000000000E+00
 172.88744   -0.0000000000E+00    1.0000000000E+00
 172.98749   -0.0000000000E+00    1.0000000000E+00
 173.08754   -0.0000000000E+00    1.0000000000E+00
 173.18759   -0.0000000000E+00    1.0000000000E+00
 173.28764   -0.0000000000E+00    1.0000000000E+00
 173.38769   -0.0000000000E+00    1.0000000000E+00
 173.48774   -0.0000000000E+00    1.0000000000E+00
 173.58779   -0.0000000000E+00    1.0000000000E+00
 173.68784   -0.0000000000E+00    1.0000000000E+00
 173.78789   -0.0000000000E+00    1.0000000000E+00
 173.88794   -0.0000000000E+00    1.0000000000E+00
 173.98799   -0.0000000000E+00    1.0000000000E+00
 174.08804   -0.0000000000E+00    1.0000000000E+00
 174.18809   -0.0000000000E+00    1.0000000000E+00
 174.28814   -0.0000000000E+00    1.0000000000E+00
 174.38819   -0.0000000000E+00    1.0000000000E+00
 174.48824   -0.0000000000E+00    1.0000000000E+00
 174.58829   -0.0000000000E+00    1.0000000000E+00
 174.68834   -0.0000000000E+00    1.0000000000E+00
 174.78839   -0.0000000000E+00    1.0000000000E+00
 174.88844   -0.0000000000E+00    1.0000000000E+00
 174.98849   -0.0000000000E+00    1.0000000000E+00
 175.08854   -0.0000000000E+00    1.0000000000E+00
 175.18859   -0.0000000000E+00    1.0000000000E+00
 175.28864   -0.0000000000E+00    1.0000000000E+00
 175.38869   -0.0000000000E+00    1.0000000000E+00
 175.48874   -0.0000000000E+00    1.0000000000E+00
 175.58879   -0.0000000000E+00    1.0000000000E+00
 175.68884   -0.0000000000E+00    1.0000000000E+00
 175.78889   -0.0000000000E+00    1.0000000000E+00
 175.88894   -0.0000000000E+00    1.0000000000E+00
 175.98899   -0.0000000000E+00    1.0000000000E+00
 176.08904   -0.0000000000E+00    1.0000000000E+00
 176.18909   -0.0000000000E+00    1.0000000000E+00
 176.28914   -0.0000000000E+00    1.0000000000E+00
 176.38919   -0.0000000000E+00    1.0000000000E+00
 176.48924   -0.0000000000E+00    1.0000000000E+00
 176.58929   -0.0000000000E+00    1.0000000000E+00
 176.68934   -0.0000000000E+00    1.0000000000E+00
 176.78939   -0.0000000000E+00    1.0000000000E+00
 176.88944   -0.0000000000E+00    1.0000000000E+00
 176.98949   -0.0000000000E+00    1.0000000000E+00
 177.08954   -0.0000000000E+00    1.0000000000E+00
 177.18959   -0.0000000000E+00    1.0000000000E+00
 177.28964   -0.0000000000E+00    1.0000000000E+00
 177.38969   -0.0000000000E+00    1.0000000000E+00
 177.48974   -0.0000000000E+00    1.0000000000E+00
 177.58979   -0.0000000000E+00    1.0000000000E+00
 177.68984   -0.0000000000E+00    1.0000000000E+00
 177.78989   -0.0000000000E+00    1.0000000000E+00
 177.88994   -0.0000000000E+00    1.0000000000E+00
 177.98999   -0.0000000000E+00    1.0000000000E+00
 178.09005   -0.0000000000E+00    1.0000000000E+00
 178.19010   -0.0000000000E+00    1.0000000000E+00
 178.29015   -0.0000000000E+00    1.0000000000E+00
 178.39020   -0.0000000000E+00    1.0000000000E+00
 178.49025   -0.0000000000E+00    1.0000000000E+00
 178.59030   -0.0000000000E+00    1.0000000000E+00
 178.69035   -0.0000000000E+00    1.0000000000E+00
 178.79040   -0.0000000000E+00    1.0000000000E+00
 178.89045   -0.0000000000E+00    1.0000000000E+00
 178.99050   -0.0000000000E+00    1.0000000000E+00
 179.09055   -0.0000000000E+00    1.0000000000E+00
 179.19060   -0.0000000000E+00    1.0000000000E+00
 179.29065   -0.0000000000E+00    1.0000000000E+00
 179.39070   -0.0000000000E+00    1.0000000000E+00
 179.49075   -0.0000000000E+00    1.0000000000E+00
 179.59080   -0.0000000000E+00    1.0000000000E+00
 179.69085   -0.0000000000E+00    1.0000000000E+00
 179.79090   -0.0000000000E+00    1.0000000000E+00
 179.89095   -0.0000000000E+00    1.0000000000E+00
 179.99100   -0.0000000000E+00    1.0000000000E+00
 180.09105   -0.0000000000E+00    1.0000000000E+00
 180.19110   -0.0000000000E+00    1.0000000000E+00
 180.29115   -0.0000000000E+00    1.0000000000E+00
 180.39120   -0.0000000000E+00    1.0000000000E+00
 180.49125   -0.0000000000E+00    1.0000000000E+00
 180.59130   -0.0000000000E+00    1.0000000000E+00
 180.69135   -0.0000000000E+00    1.0000000000E+00
 180.79140   -0.0000000000E+00    1.0000000000E+00
 180.89145   -0.0000000000E+00    1.0000000000E+00
 180.99150   -0.0000000000E+00    1.0000000000E+00
 181.09155   -0.0000000000E+00    1.0000000000E+00
 181.19160   -0.0000000000E+00    1.0000000000E+00
 181.29165   -0.0000000000E+00    1.0000000000E+00
 181.39170   -0.0000000000E+00    1.0000000000E+00
 181.49175   -0.0000000000E+00    1.0000000000E+00
 181.59180   -0.0000000000E+00    1.0000000000E+00
 181.69185   -0.0000000000E+00    1.0000000000E+00
 181.79190   -0.0000000000E+00    1.0000000000E+00
 181.89195   -0.0000000000E+00    1.0000000000E+00
 181.99200   -0.0000000000E+00    1.0000000000E+00
 182.09205   -0.0000000000E+00    1.0000000000E+00
 182.19210   -0.0000000000E+00    1.0000000000E+00
 182.29215   -0.0000000000E+00    1.0000000000E+00
 182.39220   -0.0000000000E+00    1.0000000000E+00
 182.49225   -0.0000000000E+00    1.0000000000E+00
 182.59230   -0.0000000000E+00    1.0000000000E+00
 182.69235   -0.0000000000E+00    1.0000000000E+00
 182.79240   -0.0000000000E+00    1.0000000000E+00
 182.89245   -0.0000000000E+00    1.0000000000E+00
 182.99250   -0.0000000000E+00    1.0000000000E+00
 183.09255   -0.0000000000E+00    1.0000000000E+00
 183.19260   -0.0000000000E+00    1.0000000000E+00
 183.29265   -0.0000000000E+00    1.0000000000E+00
 183.39270   -0.0000000000E+00    1.0000000000E+00
 183.49275   -0.0000000000E+00    1.0000000000E+00
 183.59280   -0.0000000000E+00    1.0000000000E+00
 183.69285   -0.0000000000E+00    1.0000000000E+00
 183.79290   -0.0000000000E+00    1.0000000000E+00
 183.89295   -0.0000000000E+00    1.0000000000E+00
 183.99300   -0.0000000000E+00    1.0000000000E+00
 184.09305   -0.0000000000E+00    1.0000000000E+00
 184.19310   -0.0000000000E+00    1.0000000000E+00
 184.29315   -0.0000000000E+00    1.0000000000E+00
 184.39320   -0.0000000000E+00    1.0000000000E+00
 184.49325   -0.0000000000E+00    1.0000000000E+00
 184.59330   -0.0000000000E+00    1.0000000000E+00
 184.69335   -0.0000000000E+00    1.0000000000E+00
 184.79340   -0.0000000000E+00    1.0000000000E+00
 184.89345   -0.0000000000E+00    1.0000000000E+00
 184.99350   -0.0000000000E+00    1.0000000000E+00
 185.09355   -0.0000000000E+00    1.0000000000E+00
 185.19360   -0.0000000000E+00    1.0000000000E+00
 185.29365   -0.0000000000E+00    1.0000000000E+00
 185.39370   -0.0000000000E+00    1.0000000000E+00
 185.49375   -0.0000000000E+00    1.0000000000E+00
 185.59380   -0.0000000000E+00    1.0000000000E+00
 185.69385   -0.0000000000E+00    1.0000000000E+00
 185.79390   -0.0000000000E+00    1.0000000000E+00
 185.89395   -0.0000000000E+00    1.0000000000E+00
 185.99400   -0.0000000000E+00    1.0000000000E+00
 186.09405   -0.0000000000E+00    1.0000000000E+00
 186.19410   -0.0000000000E+00    1.0000000000E+00
 186.29415   -0.0000000000E+00    1.0000000000E+00
 186.39420   -0.0000000000E+00    1.0000000000E+00
 186.49425   -0.0000000000E+00    1.0000000000E+00
 186.59430   -0.0000000000E+00    1.0000000000E+00
 186.69435   -0.0000000000E+00    1.0000000000E+00
 186.79440   -0.0000000000E+00    1.0000000000E+00
 186.89445   -0.0000000000E+00    1.0000000000E+00
 186.99450   -0.0000000000E+00    1.0000000000E+00
 187.09455   -0.0000000000E+00    1.0000000000E+00
 187.19460   -0.0000000000E+00    1.0000000000E+00
 187.29465   -0.0000000000E+00    1.0000000000E+00
 187.39470   -0.0000000000E+00    1.0000000000E+00
 187.49475   -0.0000000000E+00    1.0000000000E+00
 187.59480   -0.0000000000E+00    1.0000000000E+00
 187.69485   -0.0000000000E+00    1.0000000000E+00
 187.79490   -0.0000000000E+00    1.0000000000E+00
 187.89495   -0.0000000000E+00    1.0000000000E+00
 187.99500   -0.0000000000E+00    1.0000000000E+00
 188.09505   -0.0000000000E+00    1.0000000000E+00
 188.19510   -0.0000000000E+00    1.0000000000E+00
 188.29515   -0.0000000000E+00    1.0000000000E+00
 188.39520   -0.0000000000E+00    1.0000000000E+00
 188.49525   -0.0000000000E+00    1.0000000000E+00
 188.59530   -0.0000000000E+00    1.0000000000E+00
 188.69535   -0.0000000000E+00    1.0000000000E+00
 188.79540   -0.0000000000E+00    1.0000000000E+00
 188.89545   -0.0000000000E+00    1.0000000000E+00
 188.99550   -0.0000000000E+00    1.0000000000E+00
 189.09555   -0.0000000000E+00    1.0000000000E+00
 189.19560   -0.0000000000E+00    1.0000000000E+00
 189.29565   -0.0000000000E+00    1.0000000000E+00
 189.39570   -0.0000000000E+00    1.0000000000E+00
 189.49575   -0.0000000000E+00    1.0000000000E+00
 189.59580   -0.0000000000E+00    1.0000000000E+00
 189.69585   -0.0000000000E+00    1.0000000000E+00
 189.79590   -0.0000000000E+00    1.0000000000E+00
 189.89595   -0.0000000000E+00    1.0000000000E+00
 189.99600   -0.0000000000E+00    1.0000000000E+00
 190.09605   -0.0000000000E+00    1.0000000000E+00
 190.19610   -0.0000000000E+00    1.0000000000E+00
 190.29615   -0.0000000000E+00    1.0000000000E+00
 190.39620   -0.0000000000E+00    1.0000000000E+00
 190.49625   -0.0000000000E+00    1.0000000000E+00
 190.59630   -0.0000000000E+00    1.0000000000E+00
 190.69635   -0.0000000000E+00    1.0000000000E+00
 190.79640   -0.0000000000E+00    1.0000000000E+00
 190.89645   -0.0000000000E+00    1.0000000000E+00
 190.99650   -0.0000000000E+00    1.0000000000E+00
 191.09655   -0.0000000000E+00    1.0000000000E+00
 191.19660   -0.0000000000E+00    1.0000000000E+00
 191.29665   -0.0000000000E+00    1.0000000000E+00
 191.39670   -0.0000000000E+00    1.0000000000E+00
 191.49675   -0.0000000000E+00    1.0000000000E+00
 191.59680   -0.0000000000E+00    1.0000000000E+00
 191.69685   -0.0000000000E+00    1.0000000000E+00
 191.79690   -0.0000000000E+00    1.0000000000E+00
 191.89695   -0.0000000000E+00    1.0000000000E+00
 191.99700   -0.0000000000E+00    1.0000000000E+00
 192.09705   -0.0000000000E+00    1.0000000000E+00
 192.19710   -0.0000000000E+00    1.0000000000E+00
 192.29715   -0.0000000000E+00    1.0000000000E+00
 192.39720   -0.0000000000E+00    1.0000000000E+00
 192.49725   -0.0000000000E+00    1.0000000000E+00
 192.59730   -0.0000000000E+00    1.0000000000E+00
 192.69735   -0.0000000000E+00    1.0000000000E+00
 192.79740   -0.0000000000E+00    1.0000000000E+00
 192.89745   -0.0000000000E+00    1.0000000000E+00
 192.99750   -0.0000000000E+00    1.0000000000E+00
 193.09755   -0.0000000000E+00    1.0000000000E+00
 193.19760   -0.0000000000E+00    1.0000000000E+00
 193.29765   -0.0000000000E+00    1.0000000000E+00
 193.39770   -0.0000000000E+00    1.0000000000E+00
 193.49775   -0.0000000000E+00    1.0000000000E+00
 193.59780   -0.0000000000E+00    1.0000000000E+00
 193.69785   -0.0000000000E+00    1.0000000000E+00
 193.79790   -0.0000000000E+00    1.0000000000E+00
 193.89795   -0.0000000000E+00    1.0000000000E+00
 193.99800   -0.0000000000E+00    1.0000000000E+00
 194.09805   -0.0000000000E+00    1.0000000000E+00
 194.19810   -0.0000000000E+00    1.0000000000E+00
 194.29815   -0.0000000000E+00    1.0000000000E+00
 194.39820   -0.0000000000E+00    1.0000000000E+00
 194.49825   -0.0000000000E+00    1.0000000000E+00
 194.59830   -0.0000000000E+00    1.0000000000E+00
 194.69835   -0.0000000000E+00    1.0000000000E+00
 194.79840   -0.0000000000E+00    1.0000000000E+00
 194.89845   -0.0000000000E+00    1.0000000000E+00
 194.99850   -0.0000000000E+00    1.0000000000E+00
 195.09855   -0.0000000000E+00    1.0000000000E+00
 195.19860   -0.0000000000E+00    1.0000000000E+00
 195.29865   -0.0000000000E+00    1.0000000000E+00
 195.39870   -0.0000000000E+00    1.0000000000E+00
 195.49875   -0.0000000000E+00    1.0000000000E+00
 195.59880   -0.0000000000E+00    1.0000000000E+00
 195.69885   -0.0000000000E+00    1.0000000000E+00
 195.79890   -0.0000000000E+00    1.0000000000E+00
 195.89895   -0.0000000000E+00    1.0000000000E+00
 195.99900   -0.0000000000E+00    1.0000000000E+00
 196.09905   -0.0000000000E+00    1.0000000000E+00
 196.19910   -0.0000000000E+00    1.0000000000E+00
 196.29915   -0.0000000000E+00    1.0000000000E+00
 196.39920   -0.0000000000E+00    1.0000000000E+00
 196.49925   -0.0000000000E+00    1.0000000000E+00
 196.59930   -0.0000000000E+00    1.0000000000E+00
 196.69935   -0.0000000000E+00    1.0000000000E+00
 196.79940   -0.0000000000E+00    1.0000000000E+00
 196.89945   -0.0000000000E+00    1.0000000000E+00
 196.99950   -0.0000000000E+00    1.0000000000E+00
 197.09955   -0.0000000000E+00    1.0000000000E+00
 197.19960   -0.0000000000E+00    1.0000000000E+00
 197.29965   -0.0000000000E+00    1.0000000000E+00
 197.39970   -0.0000000000E+00    1.0000000000E+00
 197.49975   -0.0000000000E+00    1.0000000000E+00
 197.59980   -0.0000000000E+00    1.0000000000E+00
 197.69985   -0.0000000000E+00    1.0000000000E+00
 197.79990   -0.0000000000E+00    1.0000000000E+00
 197.89995   -0.0000000000E+00    1.0000000000E+00
 198.00000   -0.0000000000E+00    1.0000000000E+00
 198.10005   -0.0000000000E+00    1.0000000000E+00
 198.20010   -0.0000000000E+00    1.0000000000E+00
 198.30015   -0.0000000000E+00    1.0000000000E+00
 198.40020   -0.0000000000E+00    1.0000000000E+00
 198.50025   -0.0000000000E+00    1.0000000000E+00
 198.60030   -0.0000000000E+00    1.0000000000E+00
 198.70035   -0.0000000000E+00    1.0000000000E+00
 198.80040   -0.0000000000E+00    1.0000000000E+00
 198.90045   -0.0000000000E+00    1.0000000000E+00
 199.00050   -0.0000000000E+00    1.0000000000E+00
 199.10055   -0.0000000000E+00    1.0000000000E+00
 199.20060   -0.0000000000E+00    1.0000000000E+00
 199.30065   -0.0000000000E+00    1.0000000000E+00
 199.40070   -0.0000000000E+00    1.0000000000E+00
 199.50075   -0.0000000000E+00    1.0000000000E+00
 199.60080   -0.0000000000E+00    1.0000000000E+00
 199.70085   -0.0000000000E+00    1.0000000000E+00
 199.80090   -0.0000000000E+00    1.0000000000E+00
 199.90095   -0.0000000000E+00    1.0000000000E+00
 200.00100   -0.0000000000E+00    1.0000000000E+00
