# r, u_l, exp(u_l)  X-he4  l=         0
   0.00100   -2.0000000000E+02    1.3838965267E-87
   0.10105   -2.0000000000E+02    1.3838965267E-87
   0.20110   -2.0000000000E+02    1.3838965267E-87
   0.30115   -2.0000000000E+02    1.3838965267E-87
   0.40120   -2.0000000000E+02    1.3838965267E-87
   0.50125   -2.0000000000E+02    1.3838965267E-87
   0.60130   -2.0000000000E+02    1.3838965267E-87
   0.70135   -2.0000000000E+02    1.3838965267E-87
   0.80140   -2.0000000000E+02    1.3838965267E-87
   0.90145   -2.0000000000E+02    1.3838965267E-87
   1.00150   -7.8853650839E+01    5.6792967648E-35
   1.10155   -3.2824466190E+01    5.5528438684E-15
   1.20160   -1.6357117105E+01    7.8739798904E-08
   1.30165   -1.0291438596E+01    3.3922277839E-05
   1.40170   -8.1893067070E+00    2.7760628004E-04
   1.50175   -7.6927799265E+00    4.5610845971E-04
   1.60180   -7.8739444684E+00    3.8053040783E-04
   1.70185   -8.3452131478E+00    2.3753082635E-04
   1.80190   -8.9366930922E+00    1.3147509812E-04
   1.90195   -9.5711540554E+00    6.9710886927E-05
   2.00200   -1.0212697410E+01    3.6701335641E-05
   2.10205   -1.0844595283E+01    1.9509768221E-05
   2.20210   -1.1459293842E+01    1.0550958578E-05
   2.30215   -1.2053728700E+01    5.8228035678E-06
   2.40220   -1.2627056990E+01    3.2820018890E-06
   2.50225   -1.3179529393E+01    1.8888745308E-06
   2.60230   -1.3711917321E+01    1.1091492024E-06
   2.70235   -1.4225218070E+01    6.6384438827E-07
   2.80240   -1.4720502463E+01    4.0454515985E-07
   2.90245   -1.5198836951E+01    2.5074309423E-07
   3.00250   -1.5661245160E+01    1.5790927780E-07
   3.10255   -1.6108690498E+01    1.0094495200E-07
   3.20260   -1.6542069990E+01    6.5444067507E-08
   3.30265   -1.6962214011E+01    4.2993624019E-08
   3.40270   -1.7369889009E+01    2.8599145151E-08
   3.50275   -1.7765801623E+01    1.9249098221E-08
   3.60280   -1.8150603309E+01    1.3100658922E-08
   3.70285   -1.8524895025E+01    9.0103220219E-09
   3.80290   -1.8889231727E+01    6.2590856381E-09
   3.90295   -1.9244126545E+01    4.3891662626E-09
   4.00300   -1.9590054631E+01    3.1056132699E-09
   4.10305   -1.9927456629E+01    2.2162336642E-09
   4.20310   -2.0256741826E+01    1.5944422850E-09
   4.30315   -2.0578290967E+01    1.1560105188E-09
   4.40320   -2.0892458795E+01    8.4434596471E-10
   4.50325   -2.1199576320E+01    6.2107062040E-10
   4.60330   -2.1499952868E+01    4.5992721468E-10
   4.70335   -2.1793877908E+01    3.4279863624E-10
   4.80340   -2.2081622702E+01    2.5708285194E-10
   4.90345   -2.2363441793E+01    1.9394591336E-10
   5.00350   -2.2639574339E+01    1.4714916152E-10
   5.10355   -2.2910245327E+01    1.1225530528E-10
   5.20360   -2.3175666663E+01    8.6086659111E-11
   5.30365   -2.3436038165E+01    6.6352600341E-11
   5.40370   -2.3691548463E+01    5.1391493014E-11
   5.50375   -2.3942375818E+01    3.9990634864E-11
   5.60380   -2.4188688865E+01    3.1259778866E-11
   5.70385   -2.4430647295E+01    2.4541702677E-11
   5.80390   -2.4668402475E+01    1.9348572439E-11
   5.90395   -2.4902098014E+01    1.5316383950E-11
   6.00400   -2.5131870287E+01    1.2172153326E-11
   6.10405   -2.5357848912E+01    9.7101546026E-12
   6.20410   -2.5580157185E+01    7.7746149346E-12
   6.30415   -2.5798912491E+01    6.2470454570E-12
   6.40420   -2.6014226669E+01    5.0369183001E-12
   6.50425   -2.6226206362E+01    4.0747718368E-12
   6.60430   -2.6434953328E+01    3.3070871542E-12
   6.70435   -2.6640564738E+01    2.6924629720E-12
   6.80440   -2.6843133447E+01    2.1987470351E-12
   6.90445   -2.7042748244E+01    1.8008753848E-12
   7.00450   -2.7239494088E+01    1.4792379082E-12
   7.10455   -2.7433452322E+01    1.2184368832E-12
   7.20460   -2.7624700880E+01    1.0063402507E-12
   7.30465   -2.7813314471E+01    8.3335683474E-13
   7.40470   -2.7999364757E+01    6.9187938244E-13
   7.50475   -2.8182920514E+01    5.7585499288E-13
   7.60480   -2.8364047787E+01    4.8045261496E-13
   7.70485   -2.8542810032E+01    4.0180478549E-13
   7.80490   -2.8719268250E+01    3.3680635305E-13
   7.90495   -2.8893481109E+01    2.8295709703E-13
   8.00500   -2.9065505068E+01    2.3823827462E-13
   8.10505   -2.9235394480E+01    2.0101547898E-13
   8.20510   -2.9403201698E+01    1.6996196838E-13
   8.30515   -2.9568977174E+01    1.4399797271E-13
   8.40520   -2.9732769545E+01    1.2224250892E-13
   8.50525   -2.9894625725E+01    1.0397501920E-13
   8.60530   -3.0054590979E+01    8.8604745356E-14
   8.70535   -3.0212709007E+01    7.5646213639E-14
   8.80540   -3.0369022007E+01    6.4699559147E-14
   8.90545   -3.0523570750E+01    5.5434694086E-14
   9.00550   -3.0676394639E+01    4.7578536963E-14
   9.10555   -3.0827531773E+01    4.0904685710E-14
   9.20560   -3.0977019001E+01    3.5225047058E-14
   9.30565   -3.1124891978E+01    3.0383035724E-14
   9.40570   -3.1271185214E+01    2.6248036365E-14
   9.50575   -3.1415932126E+01    2.2710883735E-14
   9.60580   -3.1559165080E+01    1.9680165778E-14
   9.70585   -3.1700915437E+01    1.7079193330E-14
   9.80590   -3.1841213592E+01    1.4843511036E-14
   9.90595   -3.1980089018E+01    1.2918848602E-14
  10.00600   -3.2117570296E+01    1.1259431121E-14
  10.10605   -3.2253685155E+01    9.8265827629E-15
  10.20610   -3.2388460505E+01    8.5875706915E-15
  10.30615   -3.2521922471E+01    7.5146460580E-15
  10.40620   -3.2654096417E+01    6.5842470018E-15
  10.50625   -3.2785006981E+01    5.7763350880E-15
  10.60630   -3.2914678102E+01    5.0738418566E-15
  10.70635   -3.3043133042E+01    4.4622064041E-15
  10.80640   -3.3170394416E+01    3.9289883632E-15
  10.90645   -3.3296484214E+01    3.4635434403E-15
  11.00650   -3.3421423823E+01    3.0567509524E-15
  11.10655   -3.3545234050E+01    2.7007846577E-15
  11.20660   -3.3667935142E+01    2.3889196940E-15
  11.30665   -3.3789546806E+01    2.1153696837E-15
  11.40670   -3.3910088230E+01    1.8751490791E-15
  11.50675   -3.4029578097E+01    1.6639566631E-15
  11.60680   -3.4148034606E+01    1.4780768084E-15
  11.70685   -3.4265475488E+01    1.3142956657E-15
  11.80690   -3.4381918022E+01    1.1698299231E-15
  11.90695   -3.4497379047E+01    1.0422661658E-15
  12.00700   -3.4611874982E+01    9.2950918799E-16
  12.10705   -3.4725421837E+01    8.2973787468E-16
  12.20710   -3.4838035225E+01    7.4136749620E-16
  12.30715   -3.4949730380E+01    6.6301743965E-16
  12.40720   -3.5060522163E+01    5.9348355850E-16
  12.50725   -3.5170425078E+01    5.3171444918E-16
  12.60730   -3.5279453284E+01    4.7679107162E-16
  12.70735   -3.5387620602E+01    4.2790922080E-16
  12.80740   -3.5494940529E+01    3.8436443240E-16
  12.90745   -3.5601426247E+01    3.4553896912E-16
  13.00750   -3.5707090632E+01    3.1089058758E-16
  13.10755   -3.5811946266E+01    2.7994283118E-16
  13.20760   -3.5916005442E+01    2.5227663210E-16
  13.30765   -3.6019280176E+01    2.2752303773E-16
  13.40770   -3.6121782213E+01    2.0535690406E-16
  13.50775   -3.6223523038E+01    1.8549142162E-16
  13.60780   -3.6324513879E+01    1.6767335901E-16
  13.70785   -3.6424765720E+01    1.5167892548E-16
  13.80790   -3.6524289303E+01    1.3731016852E-16
  13.90795   -3.6623095141E+01    1.2439183376E-16
  14.00800   -3.6721193517E+01    1.1276862546E-16
  14.10805   -3.6818594496E+01    1.0230281378E-16
  14.20810   -3.6915307931E+01    9.2872143170E-17
  14.30815   -3.7011343466E+01    8.4368002077E-17
  14.40820   -3.7106710545E+01    7.6693819815E-17
  14.50825   -3.7201418413E+01    6.9763661167E-17
  14.60830   -3.7295476128E+01    6.3500993118E-17
  14.70835   -3.7388892561E+01    5.7837601705E-17
  14.80840   -3.7481676402E+01    5.2712639822E-17
  14.90845   -3.7573836167E+01    4.8071789446E-17
  15.00850   -3.7665380199E+01    4.3866523854E-17
  15.10855   -3.7756316678E+01    4.0053457375E-17
  15.20860   -3.7846653618E+01    3.6593771771E-17
  15.30865   -3.7936398879E+01    3.3452709826E-17
  15.40870   -3.8025560166E+01    3.0599127871E-17
  15.50875   -3.8114145034E+01    2.8005100085E-17
  15.60880   -3.8202160894E+01    2.5645568288E-17
  15.70885   -3.8289615011E+01    2.3498031756E-17
  15.80890   -3.8376514517E+01    2.1542272266E-17
  15.90895   -3.8462866406E+01    1.9760110181E-17
  16.00900   -3.8548677540E+01    1.8135187907E-17
  16.10905   -3.8633954654E+01    1.6652777510E-17
  16.20910   -3.8718704358E+01    1.5299609660E-17
  16.30915   -3.8802933140E+01    1.4063721434E-17
  16.40920   -3.8886647368E+01    1.2934320799E-17
  16.50925   -3.8969853296E+01    1.1901665856E-17
  16.60930   -3.9052557061E+01    1.0956957172E-17
  16.70935   -3.9134764694E+01    1.0092241701E-17
  16.80940   -3.9216482114E+01    9.3003269922E-18
  16.90945   -3.9297715137E+01    8.5747045413E-18
  17.00950   -3.9378469476E+01    7.9094812463E-18
  17.10955   -3.9458750743E+01    7.2993180862E-18
  17.20960   -3.9538564451E+01    6.7393752159E-18
  17.30965   -3.9617916019E+01    6.2252627782E-18
  17.40970   -3.9696810771E+01    5.7529968077E-18
  17.50975   -3.9775253940E+01    5.3189596742E-18
  17.60980   -3.9853250669E+01    4.9198645775E-18
  17.70985   -3.9930806014E+01    4.5527236569E-18
  17.80990   -4.0007924947E+01    4.2148193315E-18
  17.90995   -4.0084612353E+01    3.9036785271E-18
  18.01001   -4.0160873040E+01    3.6170494860E-18
  18.11006   -4.0236711731E+01    3.3528808879E-18
  18.21011   -4.0312133076E+01    3.1093030406E-18
  18.31016   -4.0387141644E+01    2.8846109262E-18
  18.41021   -4.0461741933E+01    2.6772489095E-18
  18.51026   -4.0535938366E+01    2.4857969394E-18
  18.61031   -4.0609735294E+01    2.3089580899E-18
  18.71036   -4.0683137001E+01    2.1455473039E-18
  18.81041   -4.0756147698E+01    1.9944812186E-18
  18.91046   -4.0828771533E+01    1.8547689644E-18
  19.01051   -4.0901012586E+01    1.7255038378E-18
  19.11056   -4.0972874874E+01    1.6058557624E-18
  19.21061   -4.1044362350E+01    1.4950644608E-18
  19.31066   -4.1115478907E+01    1.3924332647E-18
  19.41071   -4.1186228376E+01    1.2973235027E-18
  19.51076   -4.1256614529E+01    1.2091494088E-18
  19.61081   -4.1326641082E+01    1.1273735005E-18
  19.71086   -4.1396311693E+01    1.0515023813E-18
  19.81091   -4.1465629964E+01    9.8108292700E-19
  19.91096   -4.1534599443E+01    9.1569881888E-19
  20.01101   -4.1603223624E+01    8.5496739052E-19
  20.11106   -4.1671505952E+01    7.9853675869E-19
  20.21111   -4.1739449815E+01    7.4608321141E-19
  20.31116   -4.1807058557E+01    6.9730882904E-19
  20.41121   -4.1874335468E+01    6.5193931660E-19
  20.51126   -4.1941283792E+01    6.0972202765E-19
  20.61131   -4.2007906725E+01    5.7042416191E-19
  20.71136   -4.2074207417E+01    5.3383112078E-19
  20.81141   -4.2140188972E+01    4.9974500608E-19
  20.91146   -4.2205854450E+01    4.6798324898E-19
  21.01151   -4.2271206867E+01    4.3837735736E-19
  21.11156   -4.2336249195E+01    4.1077177077E-19
  21.21161   -4.2400984365E+01    3.8502281336E-19
  21.31166   -4.2465415266E+01    3.6099773593E-19
  21.41171   -4.2529544748E+01    3.3857383924E-19
  21.51176   -4.2593375618E+01    3.1763767127E-19
  21.61181   -4.2656910648E+01    2.9808429193E-19
  21.71186   -4.2720152567E+01    2.7981659921E-19
  21.81191   -4.2783104071E+01    2.6274471151E-19
  21.91196   -4.2845767815E+01    2.4678540111E-19
  22.01201   -4.2908146421E+01    2.3186157443E-19
  22.11206   -4.2970242473E+01    2.1790179496E-19
  22.21211   -4.3032058522E+01    2.0483984525E-19
  22.31216   -4.3093597082E+01    1.9261432454E-19
  22.41221   -4.3154860635E+01    1.8116827904E-19
  22.51226   -4.3215851630E+01    1.7044886206E-19
  22.61231   -4.3276572484E+01    1.6040702144E-19
  22.71236   -4.3337025579E+01    1.5099721207E-19
  22.81241   -4.3397213270E+01    1.4217713124E-19
  22.91246   -4.3457137876E+01    1.3390747503E-19
  23.01251   -4.3516801691E+01    1.2615171401E-19
  23.11256   -4.3576206975E+01    1.1887588648E-19
  23.21261   -4.3635355961E+01    1.1204840801E-19
  23.31266   -4.3694250852E+01    1.0563989582E-19
  23.41271   -4.3752893823E+01    9.9623006792E-20
  23.51276   -4.3811287022E+01    9.3972288015E-20
  23.61281   -4.3869432570E+01    8.8664038901E-20
  23.71286   -4.3927332558E+01    8.3676183829E-20
  23.81291   -4.3984989054E+01    7.8988154554E-20
  23.91296   -4.4042404099E+01    7.4580781569E-20
  24.01301   -4.4099579707E+01    7.0436193695E-20
  24.11306   -4.4156517869E+01    6.6537725264E-20
  24.21311   -4.4213220550E+01    6.2869830283E-20
  24.31316   -4.4269689691E+01    5.9418003023E-20
  24.41321   -4.4325927210E+01    5.6168704542E-20
  24.51326   -4.4381934999E+01    5.3109294664E-20
  24.61331   -4.4437714930E+01    5.0227968997E-20
  24.71336   -4.4493268850E+01    4.7513700593E-20
  24.81341   -4.4548598584E+01    4.4956185892E-20
  24.91346   -4.4603705936E+01    4.2545794629E-20
  25.01351   -4.4658592688E+01    4.0273523381E-20
  25.11356   -4.4713260599E+01    3.8130952494E-20
  25.21361   -4.4767711409E+01    3.6110206122E-20
  25.31366   -4.4821946837E+01    3.4203915147E-20
  25.41371   -4.4875968581E+01    3.2405182753E-20
  25.51376   -4.4929778320E+01    3.0707552472E-20
  25.61381   -4.4983377711E+01    2.9104978497E-20
  25.71386   -4.5036768394E+01    2.7591798105E-20
  25.81391   -4.5089951990E+01    2.6162706028E-20
  25.91396   -4.5142930100E+01    2.4812730629E-20
  26.01401   -4.5195704306E+01    2.3537211747E-20
  26.11406   -4.5248276173E+01    2.2331780096E-20
  26.21411   -4.5300647247E+01    2.1192338092E-20
  26.31416   -4.5352819059E+01    2.0115042014E-20
  26.41421   -4.5404793119E+01    1.9096285395E-20
  26.51426   -4.5456570921E+01    1.8132683561E-20
  26.61431   -4.5508153944E+01    1.7221059225E-20
  26.71436   -4.5559543649E+01    1.6358429071E-20
  26.81441   -4.5610741479E+01    1.5541991248E-20
  26.91446   -4.5661748864E+01    1.4769113715E-20
  27.01451   -4.5712567215E+01    1.4037323373E-20
  27.11456   -4.5763197931E+01    1.3344295927E-20
  27.21461   -4.5813642391E+01    1.2687846434E-20
  27.31466   -4.5863901963E+01    1.2065920480E-20
  27.41471   -4.5913977998E+01    1.1476585942E-20
  27.51476   -4.5963871832E+01    1.0918025302E-20
  27.61481   -4.6013584787E+01    1.0388528470E-20
  27.71486   -4.6063118171E+01    9.8864860750E-21
  27.81491   -4.6112473277E+01    9.4103832000E-21
  27.91496   -4.6161651386E+01    8.9587935302E-21
  28.01501   -4.6210653761E+01    8.5303738776E-21
  28.11506   -4.6259481657E+01    8.1238590655E-21
  28.21511   -4.6308136312E+01    7.7380571425E-21
  28.31516   -4.6356618951E+01    7.3718449068E-21
  28.41521   -4.6404930788E+01    7.0241637178E-21
  28.51526   -4.6453073023E+01    6.6940155767E-21
  28.61531   -4.6501046843E+01    6.3804594573E-21
  28.71536   -4.6548853423E+01    6.0826078712E-21
  28.81541   -4.6596493925E+01    5.7996236502E-21
  28.91546   -4.6643969501E+01    5.5307169328E-21
  29.01551   -4.6691281290E+01    5.2751423404E-21
  29.11556   -4.6738430418E+01    5.0321963317E-21
  29.21561   -4.6785418000E+01    4.8012147217E-21
  29.31566   -4.6832245141E+01    4.5815703563E-21
  29.41571   -4.6878912933E+01    4.3726709318E-21
  29.51576   -4.6925422458E+01    4.1739569487E-21
  29.61581   -4.6971774787E+01    3.9848997927E-21
  29.71586   -4.7017970979E+01    3.8049999339E-21
  29.81591   -4.7064012083E+01    3.6337852363E-21
  29.91596   -4.7109899138E+01    3.4708093708E-21
  30.01601   -4.7155633172E+01    3.3156503252E-21
  30.11606   -4.7201215203E+01    3.1679090044E-21
  30.21611   -4.7246646238E+01    3.0272079161E-21
  30.31616   -4.7291927276E+01    2.8931899353E-21
  30.41621   -4.7337059304E+01    2.7655171431E-21
  30.51626   -4.7382043300E+01    2.6438697362E-21
  30.61631   -4.7426880233E+01    2.5279450003E-21
  30.71636   -4.7471571062E+01    2.4174563457E-21
  30.81641   -4.7516116737E+01    2.3121323997E-21
  30.91646   -4.7560518199E+01    2.2117161532E-21
  31.01651   -4.7604776378E+01    2.1159641575E-21
  31.11656   -4.7648892197E+01    2.0246457680E-21
  31.21661   -4.7692866570E+01    1.9375424334E-21
  31.31666   -4.7736700401E+01    1.8544470253E-21
  31.41671   -4.7780394586E+01    1.7751632073E-21
  31.51676   -4.7823950014E+01    1.6995048416E-21
  31.61681   -4.7867367563E+01    1.6272954283E-21
  31.71686   -4.7910648103E+01    1.5583675792E-21
  31.81691   -4.7953792498E+01    1.4925625200E-21
  31.91696   -4.7996801602E+01    1.4297296222E-21
  32.01701   -4.8039676261E+01    1.3697259617E-21
  32.11706   -4.8082417314E+01    1.3124159022E-21
  32.21711   -4.8125025591E+01    1.2576707028E-21
  32.31716   -4.8167501916E+01    1.2053681473E-21
  32.41721   -4.8209847104E+01    1.1553921950E-21
  32.51726   -4.8252061962E+01    1.1076326511E-21
  32.61731   -4.8294147291E+01    1.0619848552E-21
  32.71736   -4.8336103884E+01    1.0183493878E-21
  32.81741   -4.8377932526E+01    9.7663179291E-22
  32.91746   -4.8419633997E+01    9.3674231636E-22
  33.01751   -4.8461209067E+01    8.9859565829E-22
  33.11756   -4.8502658501E+01    8.6211073964E-22
  33.21761   -4.8543983057E+01    8.2721048147E-22
  33.31766   -4.8585183486E+01    7.9382159641E-22
  33.41771   -4.8626260530E+01    7.6187439156E-22
  33.51776   -4.8667214929E+01    7.3130258220E-22
  33.61781   -4.8708047411E+01    7.0204311569E-22
  33.71786   -4.8748758703E+01    6.7403600488E-22
  33.81791   -4.8789349520E+01    6.4722417064E-22
  33.91796   -4.8829820576E+01    6.2155329291E-22
  34.01801   -4.8870172574E+01    5.9697166972E-22
  34.11806   -4.8910406214E+01    5.7343008385E-22
  34.21811   -4.8950522189E+01    5.5088167667E-22
  34.31816   -4.8990521185E+01    5.2928182863E-22
  34.41821   -4.9030403882E+01    5.0858804626E-22
  34.51826   -4.9070170957E+01    4.8875985505E-22
  34.61831   -4.9109823077E+01    4.6975869810E-22
  34.71836   -4.9149360906E+01    4.5154784012E-22
  34.81841   -4.9188785102E+01    4.3409227644E-22
  34.91846   -4.9228096315E+01    4.1735864687E-22
  35.01851   -4.9267295193E+01    4.0131515407E-22
  35.11856   -4.9306382375E+01    3.8593148610E-22
  35.21861   -4.9345358498E+01    3.7117874318E-22
  35.31866   -4.9384224190E+01    3.5702936808E-22
  35.41871   -4.9422980076E+01    3.4345708025E-22
  35.51876   -4.9461626776E+01    3.3043681328E-22
  35.61881   -4.9500164903E+01    3.1794465565E-22
  35.71886   -4.9538595066E+01    3.0595779443E-22
  35.81891   -4.9576917869E+01    2.9445446203E-22
  35.91896   -4.9615133910E+01    2.8341388547E-22
  36.01901   -4.9653243783E+01    2.7281623842E-22
  36.11906   -4.9691248076E+01    2.6264259557E-22
  36.21911   -4.9729147374E+01    2.5287488937E-22
  36.31916   -4.9766942255E+01    2.4349586891E-22
  36.41921   -4.9804633293E+01    2.3448906094E-22
  36.51926   -4.9842221059E+01    2.2583873280E-22
  36.61931   -4.9879706116E+01    2.1752985722E-22
  36.71936   -4.9917089025E+01    2.0954807890E-22
  36.81941   -4.9954370342E+01    2.0187968275E-22
  36.91946   -4.9991550617E+01    1.9451156372E-22
  37.01951   -5.0028630397E+01    1.8743119810E-22
  37.11956   -5.0065610225E+01    1.8062661627E-22
  37.21961   -5.0102490638E+01    1.7408637678E-22
  37.31966   -5.0139272169E+01    1.6779954174E-22
  37.41971   -5.0175955348E+01    1.6175565336E-22
  37.51976   -5.0212540700E+01    1.5594471170E-22
  37.61981   -5.0249028745E+01    1.5035715346E-22
  37.71986   -5.0285420000E+01    1.4498383185E-22
  37.81991   -5.0321714978E+01    1.3981599740E-22
  37.91996   -5.0357914187E+01    1.3484527971E-22
  38.02001   -5.0394018131E+01    1.3006367011E-22
  38.12006   -5.0430027311E+01    1.2546350512E-22
  38.22011   -5.0465942224E+01    1.2103745072E-22
  38.32016   -5.0501763362E+01    1.1677848740E-22
  38.42021   -5.0537491213E+01    1.1267989586E-22
  38.52026   -5.0573126263E+01    1.0873524348E-22
  38.62031   -5.0608668993E+01    1.0493837137E-22
  38.72036   -5.0644119881E+01    1.0128338206E-22
  38.82041   -5.0679479399E+01    9.7764627769E-23
  38.92046   -5.0714748019E+01    9.4376699231E-23
  39.02051   -5.0749926207E+01    9.1114415043E-23
  39.12056   -5.0785014425E+01    8.7972811520E-23
  39.22061   -5.0820013133E+01    8.4947133026E-23
  39.32066   -5.0854922787E+01    8.2032822752E-23
  39.42071   -5.0889743839E+01    7.9225513929E-23
  39.52076   -5.0924476739E+01    7.6521021450E-23
  39.62081   -5.0959121930E+01    7.3915333880E-23
  39.72086   -5.0993679857E+01    7.1404605838E-23
  39.82091   -5.1028150957E+01    6.8985150726E-23
  39.92096   -5.1062535667E+01    6.6653433803E-23
  40.02101   -5.1096834417E+01    6.4406065569E-23
  40.12106   -5.1131047638E+01    6.2239795454E-23
  40.22111   -5.1165175756E+01    6.0151505801E-23
  40.32116   -5.1199219192E+01    5.8138206119E-23
  40.42121   -5.1233178366E+01    5.6197027597E-23
  40.52126   -5.1267053695E+01    5.4325217875E-23
  40.62131   -5.1300845592E+01    5.2520136040E-23
  40.72136   -5.1334554467E+01    5.0779247858E-23
  40.82141   -5.1368180728E+01    4.9100121219E-23
  40.92146   -5.1401724779E+01    4.7480421785E-23
  41.02151   -5.1435187020E+01    4.5917908833E-23
  41.12156   -5.1468567851E+01    4.4410431288E-23
  41.22161   -5.1501867667E+01    4.2955923929E-23
  41.32166   -5.1535086860E+01    4.1552403768E-23
  41.42171   -5.1568225820E+01    4.0197966584E-23
  41.52176   -5.1601284934E+01    3.8890783622E-23
  41.62181   -5.1634264587E+01    3.7629098423E-23
  41.72186   -5.1667165158E+01    3.6411223808E-23
  41.82191   -5.1699987028E+01    3.5235538986E-23
  41.92196   -5.1732730572E+01    3.4100486793E-23
  42.02201   -5.1765396163E+01    3.3004571048E-23
  42.12206   -5.1797984172E+01    3.1946354035E-23
  42.22211   -5.1830494967E+01    3.0924454078E-23
  42.32216   -5.1862928912E+01    2.9937543239E-23
  42.42221   -5.1895286372E+01    2.8984345105E-23
  42.52226   -5.1927567705E+01    2.8063632673E-23
  42.62231   -5.1959773269E+01    2.7174226330E-23
  42.72236   -5.1991903420E+01    2.6314991917E-23
  42.82241   -5.2023958510E+01    2.5484838874E-23
  42.92246   -5.2055938890E+01    2.4682718475E-23
  43.02251   -5.2087844906E+01    2.3907622123E-23
  43.12256   -5.2119676905E+01    2.3158579730E-23
  43.22261   -5.2151435229E+01    2.2434658165E-23
  43.32266   -5.2183120219E+01    2.1734959761E-23
  43.42271   -5.2214732212E+01    2.1058620889E-23
  43.52276   -5.2246271545E+01    2.0404810600E-23
  43.62281   -5.2277738551E+01    1.9772729310E-23
  43.72286   -5.2309133561E+01    1.9161607552E-23
  43.82291   -5.2340456905E+01    1.8570704775E-23
  43.92296   -5.2371708908E+01    1.7999308195E-23
  44.02301   -5.2402889896E+01    1.7446731696E-23
  44.12306   -5.2434000190E+01    1.6912314774E-23
  44.22311   -5.2465040111E+01    1.6395421522E-23
  44.32316   -5.2496009977E+01    1.5895439668E-23
  44.42321   -5.2526910103E+01    1.5411779643E-23
  44.52326   -5.2557740803E+01    1.4943873689E-23
  44.62331   -5.2588502388E+01    1.4491175008E-23
  44.72336   -5.2619195168E+01    1.4053156944E-23
  44.82341   -5.2649819450E+01    1.3629312197E-23
  44.92346   -5.2680375539E+01    1.3219152072E-23
  45.02351   -5.2710863739E+01    1.2822205755E-23
  45.12356   -5.2741284351E+01    1.2438019625E-23
  45.22361   -5.2771637674E+01    1.2066156586E-23
  45.32366   -5.2801924006E+01    1.1706195436E-23
  45.42371   -5.2832143641E+01    1.1357730247E-23
  45.52376   -5.2862296873E+01    1.1020369788E-23
  45.62381   -5.2892383993E+01    1.0693736958E-23
  45.72386   -5.2922405291E+01    1.0377468246E-23
  45.82391   -5.2952361054E+01    1.0071213216E-23
  45.92396   -5.2982251569E+01    9.7746340062E-24
  46.02401   -5.3012077118E+01    9.4874048535E-24
  46.12406   -5.3041837984E+01    9.2092116357E-24
  46.22411   -5.3071534447E+01    8.9397514309E-24
  46.32416   -5.3101166786E+01    8.6787320954E-24
  46.42421   -5.3130735276E+01    8.4258718582E-24
  46.52426   -5.3160240194E+01    8.1808989311E-24
  46.62431   -5.3189681810E+01    7.9435511352E-24
  46.72436   -5.3219060398E+01    7.7135755413E-24
  46.82441   -5.3248376226E+01    7.4907281250E-24
  46.92446   -5.3277629562E+01    7.2747734346E-24
  47.02451   -5.3306820673E+01    7.0654842734E-24
  47.12456   -5.3335949822E+01    6.8626413929E-24
  47.22461   -5.3365017272E+01    6.6660331990E-24
  47.32466   -5.3394023284E+01    6.4754554697E-24
  47.42471   -5.3422968118E+01    6.2907110828E-24
  47.52476   -5.3451852031E+01    6.1116097554E-24
  47.62481   -5.3480675279E+01    5.9379677927E-24
  47.72486   -5.3509438118E+01    5.7696078467E-24
  47.82491   -5.3538140799E+01    5.6063586846E-24
  47.92496   -5.3566783574E+01    5.4480549652E-24
  48.02501   -5.3595366693E+01    5.2945370252E-24
  48.12506   -5.3623890404E+01    5.1456506725E-24
  48.22511   -5.3652354953E+01    5.0012469881E-24
  48.32516   -5.3680760586E+01    4.8611821354E-24
  48.42521   -5.3709107546E+01    4.7253171765E-24
  48.52526   -5.3737396075E+01    4.5935178962E-24
  48.62531   -5.3765626414E+01    4.4656546315E-24
  48.72536   -5.3793798802E+01    4.3416021093E-24
  48.82541   -5.3821913477E+01    4.2212392882E-24
  48.92546   -5.3849970674E+01    4.1044492080E-24
  49.02551   -5.3877970628E+01    3.9911188437E-24
  49.12556   -5.3905913573E+01    3.8811389660E-24
  49.22561   -5.3933799741E+01    3.7744040057E-24
  49.32566   -5.3961629361E+01    3.6708119249E-24
  49.42571   -5.3989402664E+01    3.5702640912E-24
  49.52576   -5.4017119876E+01    3.4726651582E-24
  49.62581   -5.4044781223E+01    3.3779229491E-24
  49.72586   -5.4072386932E+01    3.2859483458E-24
  49.82591   -5.4099937225E+01    3.1966551811E-24
  49.92596   -5.4127432324E+01    3.1099601356E-24
  50.02601   -5.4154872451E+01    3.0257826381E-24
  50.12606   -5.4182257824E+01    2.9440447697E-24
  50.22611   -5.4209588663E+01    2.8646711715E-24
  50.32616   -5.4236865183E+01    2.7875889555E-24
  50.42621   -5.4264087602E+01    2.7127276190E-24
  50.52626   -5.4291256132E+01    2.6400189623E-24
  50.62631   -5.4318370988E+01    2.5693970084E-24
  50.72636   -5.4345432380E+01    2.5007979272E-24
  50.82641   -5.4372440520E+01    2.4341599612E-24
  50.92646   -5.4399395617E+01    2.3694233543E-24
  51.02651   -5.4426297878E+01    2.3065302831E-24
  51.12656   -5.4453147512E+01    2.2454247912E-24
  51.22661   -5.4479944723E+01    2.1860527251E-24
  51.32666   -5.4506689716E+01    2.1283616727E-24
  51.42671   -5.4533382694E+01    2.0723009043E-24
  51.52676   -5.4560023859E+01    2.0178213154E-24
  51.62681   -5.4586613413E+01    1.9648753715E-24
  51.72686   -5.4613151554E+01    1.9134170551E-24
  51.82691   -5.4639638482E+01    1.8634018147E-24
  51.92696   -5.4666074394E+01    1.8147865149E-24
  52.02701   -5.4692459486E+01    1.7675293893E-24
  52.12706   -5.4718793953E+01    1.7215899941E-24
  52.22711   -5.4745077990E+01    1.6769291642E-24
  52.32716   -5.4771311788E+01    1.6335089701E-24
  52.42721   -5.4797495542E+01    1.5912926770E-24
  52.52726   -5.4823629439E+01    1.5502447046E-24
  52.62731   -5.4849713672E+01    1.5103305890E-24
  52.72736   -5.4875748427E+01    1.4715169457E-24
  52.82741   -5.4901733893E+01    1.4337714336E-24
  52.92746   -5.4927670256E+01    1.3970627205E-24
  53.02751   -5.4953557701E+01    1.3613604501E-24
  53.12756   -5.4979396413E+01    1.3266352096E-24
  53.22761   -5.5005186574E+01    1.2928584987E-24
  53.32766   -5.5030928368E+01    1.2600026998E-24
  53.42771   -5.5056621975E+01    1.2280410490E-24
  53.52776   -5.5082267576E+01    1.1969476079E-24
  53.62781   -5.5107865349E+01    1.1666972372E-24
  53.72786   -5.5133415473E+01    1.1372655704E-24
  53.82791   -5.5158918125E+01    1.1086289885E-24
  53.92796   -5.5184373482E+01    1.0807645959E-24
  54.02801   -5.5209781718E+01    1.0536501971E-24
  54.12806   -5.5235143008E+01    1.0272642738E-24
  54.22811   -5.5260457525E+01    1.0015859632E-24
  54.32816   -5.5285725441E+01    9.7659503675E-25
  54.42821   -5.5310946929E+01    9.5227188000E-25
  54.52826   -5.5336122157E+01    9.2859747259E-25
  54.62831   -5.5361251296E+01    9.0555336935E-25
  54.72836   -5.5386334515E+01    8.8312168190E-25
  54.82841   -5.5411371980E+01    8.6128506088E-25
  54.92846   -5.5436363859E+01    8.4002667869E-25
  55.02851   -5.5461310318E+01    8.1933021300E-25
  55.12856   -5.5486211521E+01    7.9917983060E-25
  55.22861   -5.5511067632E+01    7.7956017196E-25
  55.32866   -5.5535878815E+01    7.6045633621E-25
  55.42871   -5.5560645232E+01    7.4185386667E-25
  55.52876   -5.5585367044E+01    7.2373873681E-25
  55.62881   -5.5610044412E+01    7.0609733673E-25
  55.72886   -5.5634677495E+01    6.8891646009E-25
  55.82891   -5.5659266452E+01    6.7218329141E-25
  55.92896   -5.5683811442E+01    6.5588539384E-25
  56.02901   -5.5708312620E+01    6.4001069736E-25
  56.12906   -5.5732770144E+01    6.2454748730E-25
  56.22911   -5.5757184168E+01    6.0948439326E-25
  56.32916   -5.5781554848E+01    5.9481037845E-25
  56.42921   -5.5805882337E+01    5.8051472931E-25
  56.52926   -5.5830166787E+01    5.6658704549E-25
  56.62931   -5.5854408352E+01    5.5301723017E-25
  56.72936   -5.5878607182E+01    5.3979548069E-25
  56.82941   -5.5902763429E+01    5.2691227949E-25
  56.92946   -5.5926877241E+01    5.1435838531E-25
  57.02951   -5.5950948767E+01    5.0212482475E-25
  57.12956   -5.5974978156E+01    4.9020288399E-25
  57.22961   -5.5998965556E+01    4.7858410092E-25
  57.32966   -5.6022911112E+01    4.6726025740E-25
  57.42971   -5.6046814971E+01    4.5622337182E-25
  57.52976   -5.6070677277E+01    4.4546569193E-25
  57.62981   -5.6094498175E+01    4.3497968783E-25
  57.72986   -5.6118277809E+01    4.2475804524E-25
  57.82991   -5.6142016322E+01    4.1479365896E-25
  57.92996   -5.6165713854E+01    4.0507962657E-25
  58.03002   -5.6189370549E+01    3.9560924227E-25
  58.13007   -5.6212986546E+01    3.8637599099E-25
  58.23012   -5.6236561985E+01    3.7737354263E-25
  58.33017   -5.6260097005E+01    3.6859574650E-25
  58.43022   -5.6283591746E+01    3.6003662595E-25
  58.53027   -5.6307046344E+01    3.5169037318E-25
  58.63032   -5.6330460937E+01    3.4355134414E-25
  58.73037   -5.6353835661E+01    3.3561405369E-25
  58.83042   -5.6377170651E+01    3.2787317086E-25
  58.93047   -5.6400466044E+01    3.2032351425E-25
  59.03052   -5.6423721972E+01    3.1296004761E-25
  59.13057   -5.6446938570E+01    3.0577787550E-25
  59.23062   -5.6470115970E+01    2.9877223918E-25
  59.33067   -5.6493254304E+01    2.9193851253E-25
  59.43072   -5.6516353705E+01    2.8527219815E-25
  59.53077   -5.6539414303E+01    2.7876892357E-25
  59.63082   -5.6562436228E+01    2.7242443758E-25
  59.73087   -5.6585419611E+01    2.6623460670E-25
  59.83092   -5.6608364579E+01    2.6019541166E-25
  59.93097   -5.6631271261E+01    2.5430294413E-25
  60.03102   -5.6654139785E+01    2.4855340345E-25
  60.13107   -5.6676970278E+01    2.4294309349E-25
  60.23112   -5.6699762866E+01    2.3746841963E-25
  60.33117   -5.6722517675E+01    2.3212588577E-25
  60.43122   -5.6745234830E+01    2.2691209152E-25
  60.53127   -5.6767914456E+01    2.2182372940E-25
  60.63132   -5.6790556676E+01    2.1685758214E-25
  60.73137   -5.6813161614E+01    2.1201052012E-25
  60.83142   -5.6835729393E+01    2.0727949881E-25
  60.93147   -5.6858260133E+01    2.0266155634E-25
  61.03152   -5.6880753958E+01    1.9815381109E-25
  61.13157   -5.6903210988E+01    1.9375345944E-25
  61.23162   -5.6925631342E+01    1.8945777352E-25
  61.33167   -5.6948015142E+01    1.8526409901E-25
  61.43172   -5.6970362505E+01    1.8116985309E-25
  61.53177   -5.6992673550E+01    1.7717252237E-25
  61.63182   -5.7014948396E+01    1.7326966093E-25
  61.73187   -5.7037187160E+01    1.6945888840E-25
  61.83192   -5.7059389958E+01    1.6573788809E-25
  61.93197   -5.7081556907E+01    1.6210440522E-25
  62.03202   -5.7103688122E+01    1.5855624513E-25
  62.13207   -5.7125783718E+01    1.5509127160E-25
  62.23212   -5.7147843811E+01    1.5170740521E-25
  62.33217   -5.7169868513E+01    1.4840262175E-25
  62.43222   -5.7191857940E+01    1.4517495064E-25
  62.53227   -5.7213812202E+01    1.4202247344E-25
  62.63232   -5.7235731413E+01    1.3894332240E-25
  62.73237   -5.7257615685E+01    1.3593567904E-25
  62.83242   -5.7279465129E+01    1.3299777276E-25
  62.93247   -5.7301279855E+01    1.3012787951E-25
  63.03252   -5.7323059975E+01    1.2732432053E-25
  63.13257   -5.7344805596E+01    1.2458546104E-25
  63.23262   -5.7366516830E+01    1.2190970903E-25
  63.33267   -5.7388193784E+01    1.1929551412E-25
  63.43272   -5.7409836567E+01    1.1674136637E-25
  63.53277   -5.7431445286E+01    1.1424579515E-25
  63.63282   -5.7453020048E+01    1.1180736810E-25
  63.73287   -5.7474560960E+01    1.0942469004E-25
  63.83292   -5.7496068129E+01    1.0709640198E-25
  63.93297   -5.7517541659E+01    1.0482118010E-25
  64.03302   -5.7538981656E+01    1.0259773479E-25
  64.13307   -5.7560388225E+01    1.0042480973E-25
  64.23312   -5.7581761470E+01    9.8301180969E-26
  64.33317   -5.7603101494E+01    9.6225656052E-26
  64.43322   -5.7624408400E+01    9.4197073148E-26
  64.53327   -5.7645682292E+01    9.2214300227E-26
  64.63332   -5.7666923272E+01    9.0276234253E-26
  64.73337   -5.7688131440E+01    8.8381800392E-26
  64.83342   -5.7709306900E+01    8.6529951254E-26
  64.93347   -5.7730449750E+01    8.4719666147E-26
  65.03352   -5.7751560093E+01    8.2949950362E-26
  65.13357   -5.7772638027E+01    8.1219834469E-26
  65.23362   -5.7793683652E+01    7.9528373640E-26
  65.33367   -5.7814697067E+01    7.7874646985E-26
  65.43372   -5.7835678371E+01    7.6257756914E-26
  65.53377   -5.7856627661E+01    7.4676828511E-26
  65.63382   -5.7877545035E+01    7.3131008927E-26
  65.73387   -5.7898430591E+01    7.1619466795E-26
  65.83392   -5.7919284425E+01    7.0141391652E-26
  65.93397   -5.7940106634E+01    6.8695993387E-26
  66.03402   -5.7960897312E+01    6.7282501698E-26
  66.13407   -5.7981656557E+01    6.5900165569E-26
  66.23412   -5.8002384462E+01    6.4548252755E-26
  66.33417   -5.8023081122E+01    6.3226049289E-26
  66.43422   -5.8043746632E+01    6.1932858997E-26
  66.53427   -5.8064381085E+01    6.0668003031E-26
  66.63432   -5.8084984574E+01    5.9430819411E-26
  66.73437   -5.8105557192E+01    5.8220662582E-26
  66.83442   -5.8126099032E+01    5.7036902982E-26
  66.93447   -5.8146610185E+01    5.5878926623E-26
  67.03452   -5.8167090744E+01    5.4746134685E-26
  67.13457   -5.8187540799E+01    5.3637943118E-26
  67.23462   -5.8207960442E+01    5.2553782255E-26
  67.33467   -5.8228349762E+01    5.1493096441E-26
  67.43472   -5.8248708850E+01    5.0455343665E-26
  67.53477   -5.8269037795E+01    4.9439995206E-26
  67.63482   -5.8289336686E+01    4.8446535290E-26
  67.73487   -5.8309605613E+01    4.7474460751E-26
  67.83492   -5.8329844663E+01    4.6523280710E-26
  67.93497   -5.8350053925E+01    4.5592516253E-26
  68.03502   -5.8370233486E+01    4.4681700123E-26
  68.13507   -5.8390383434E+01    4.3790376422E-26
  68.23512   -5.8410503855E+01    4.2918100317E-26
  68.33517   -5.8430594836E+01    4.2064437756E-26
  68.43522   -5.8450656463E+01    4.1228965193E-26
  68.53527   -5.8470688821E+01    4.0411269315E-26
  68.63532   -5.8490691997E+01    3.9610946786E-26
  68.73537   -5.8510666074E+01    3.8827603987E-26
  68.83542   -5.8530611138E+01    3.8060856771E-26
  68.93547   -5.8550527273E+01    3.7310330221E-26
  69.03552   -5.8570414562E+01    3.6575658415E-26
  69.13557   -5.8590273090E+01    3.5856484201E-26
  69.23562   -5.8610102939E+01    3.5152458967E-26
  69.33567   -5.8629904191E+01    3.4463242433E-26
  69.43572   -5.8649676931E+01    3.3788502436E-26
  69.53577   -5.8669421239E+01    3.3127914726E-26
  69.63582   -5.8689137197E+01    3.2481162764E-26
  69.73587   -5.8708824886E+01    3.1847937535E-26
  69.83592   -5.8728484389E+01    3.1227937349E-26
  69.93597   -5.8748115784E+01    3.0620867667E-26
  70.03602   -5.8767719154E+01    3.0026440914E-26
  70.13607   -5.8787294576E+01    2.9444376308E-26
  70.23612   -5.8806842132E+01    2.8874399690E-26
  70.33617   -5.8826361901E+01    2.8316243360E-26
  70.43622   -5.8845853960E+01    2.7769645913E-26
  70.53627   -5.8865318390E+01    2.7234352084E-26
  70.63632   -5.8884755268E+01    2.6710112596E-26
  70.73637   -5.8904164673E+01    2.6196684009E-26
  70.83642   -5.8923546681E+01    2.5693828579E-26
  70.93647   -5.8942901370E+01    2.5201314114E-26
  71.03652   -5.8962228818E+01    2.4718913837E-26
  71.13657   -5.8981529100E+01    2.4246406254E-26
  71.23662   -5.9000802294E+01    2.3783575021E-26
  71.33667   -5.9020048474E+01    2.3330208823E-26
  71.43672   -5.9039267717E+01    2.2886101241E-26
  71.53677   -5.9058460099E+01    2.2451050642E-26
  71.63682   -5.9077625693E+01    2.2024860054E-26
  71.73687   -5.9096764575E+01    2.1607337056E-26
  71.83692   -5.9115876820E+01    2.1198293665E-26
  71.93697   -5.9134962501E+01    2.0797546228E-26
  72.03702   -5.9154021692E+01    2.0404915318E-26
  72.13707   -5.9173054467E+01    2.0020225628E-26
  72.23712   -5.9192060899E+01    1.9643305874E-26
  72.33717   -5.9211041060E+01    1.9273988695E-26
  72.43722   -5.9229995024E+01    1.8912110559E-26
  72.53727   -5.9248922862E+01    1.8557511671E-26
  72.63732   -5.9267824647E+01    1.8210035880E-26
  72.73737   -5.9286700450E+01    1.7869530594E-26
  72.83742   -5.9305550343E+01    1.7535846693E-26
  72.93747   -5.9324374396E+01    1.7208838445E-26
  73.03752   -5.9343172681E+01    1.6888363425E-26
  73.13757   -5.9361945268E+01    1.6574282435E-26
  73.23762   -5.9380692227E+01    1.6266459427E-26
  73.33767   -5.9399413628E+01    1.5964761429E-26
  73.43772   -5.9418109541E+01    1.5669058468E-26
  73.53777   -5.9436780036E+01    1.5379223502E-26
  73.63782   -5.9455425180E+01    1.5095132348E-26
  73.73787   -5.9474045044E+01    1.4816663613E-26
  73.83792   -5.9492639695E+01    1.4543698632E-26
  73.93797   -5.9511209202E+01    1.4276121397E-26
  74.03802   -5.9529753632E+01    1.4013818499E-26
  74.13807   -5.9548273054E+01    1.3756679065E-26
  74.23812   -5.9566767535E+01    1.3504594696E-26
  74.33817   -5.9585237142E+01    1.3257459410E-26
  74.43822   -5.9603681942E+01    1.3015169588E-26
  74.53827   -5.9622102002E+01    1.2777623911E-26
  74.63832   -5.9640497387E+01    1.2544723314E-26
  74.73837   -5.9658868164E+01    1.2316370927E-26
  74.83842   -5.9677214398E+01    1.2092472026E-26
  74.93847   -5.9695536156E+01    1.1872933985E-26
  75.03852   -5.9713833503E+01    1.1657666220E-26
  75.13857   -5.9732106503E+01    1.1446580148E-26
  75.23862   -5.9750355221E+01    1.1239589138E-26
  75.33867   -5.9768579721E+01    1.1036608465E-26
  75.43872   -5.9786780069E+01    1.0837555265E-26
  75.53877   -5.9804956328E+01    1.0642348495E-26
  75.63882   -5.9823108562E+01    1.0450908884E-26
  75.73887   -5.9841236833E+01    1.0263158902E-26
  75.83892   -5.9859341206E+01    1.0079022708E-26
  75.93897   -5.9877421744E+01    9.8984261217E-27
  76.03902   -5.9895478509E+01    9.7212965771E-27
  76.13907   -5.9913511563E+01    9.5475630897E-27
  76.23912   -5.9931520969E+01    9.3771562184E-27
  76.33917   -5.9949506789E+01    9.2100080303E-27
  76.43922   -5.9967469084E+01    9.0460520662E-27
  76.53927   -5.9985407917E+01    8.8852233064E-27
  76.63932   -6.0003323347E+01    8.7274581380E-27
  76.73937   -6.0021215438E+01    8.5726943226E-27
  76.83942   -6.0039084248E+01    8.4208709647E-27
  76.93947   -6.0056929839E+01    8.2719284814E-27
  77.03952   -6.0074752271E+01    8.1258085721E-27
  77.13957   -6.0092551604E+01    7.9824541894E-27
  77.23962   -6.0110327898E+01    7.8418095107E-27
  77.33967   -6.0128081213E+01    7.7038199103E-27
  77.43972   -6.0145811607E+01    7.5684319320E-27
  77.53977   -6.0163519141E+01    7.4355932631E-27
  77.63982   -6.0181203872E+01    7.3052527082E-27
  77.73987   -6.0198865861E+01    7.1773601636E-27
  77.83992   -6.0216505164E+01    7.0518665936E-27
  77.93997   -6.0234121841E+01    6.9287240053E-27
  78.04002   -6.0251715949E+01    6.8078854261E-27
  78.14007   -6.0269287546E+01    6.6893048800E-27
  78.24012   -6.0286836691E+01    6.5729373657E-27
  78.34017   -6.0304363439E+01    6.4587388345E-27
  78.44022   -6.0321867849E+01    6.3466661689E-27
  78.54027   -6.0339349976E+01    6.2366771621E-27
  78.64032   -6.0356809879E+01    6.1287304972E-27
  78.74037   -6.0374247613E+01    6.0227857277E-27
  78.84042   -6.0391663235E+01    5.9188032578E-27
  78.94047   -6.0409056800E+01    5.8167443239E-27
  79.04052   -6.0426428365E+01    5.7165709754E-27
  79.14057   -6.0443777985E+01    5.6182460574E-27
  79.24062   -6.0461105716E+01    5.5217331925E-27
  79.34067   -6.0478411612E+01    5.4269967638E-27
  79.44072   -6.0495695729E+01    5.3340018980E-27
  79.54077   -6.0512958122E+01    5.2427144491E-27
  79.64082   -6.0530198845E+01    5.1531009823E-27
  79.74087   -6.0547417952E+01    5.0651287581E-27
  79.84092   -6.0564615498E+01    4.9787657173E-27
  79.94097   -6.0581791537E+01    4.8939804659E-27
  80.04102   -6.0598946123E+01    4.8107422604E-27
  80.14107   -6.0616079308E+01    4.7290209938E-27
  80.24112   -6.0633191146E+01    4.6487871814E-27
  80.34117   -6.0650281692E+01    4.5700119471E-27
  80.44122   -6.0667350996E+01    4.4926670107E-27
  80.54127   -6.0684399113E+01    4.4167246739E-27
  80.64132   -6.0701426095E+01    4.3421578088E-27
  80.74137   -6.0718431994E+01    4.2689398442E-27
  80.84142   -6.0735416863E+01    4.1970447548E-27
  80.94147   -6.0752380753E+01    4.1264470481E-27
  81.04152   -6.0769323716E+01    4.0571217539E-27
  81.14157   -6.0786245804E+01    3.9890444123E-27
  81.24162   -6.0803147069E+01    3.9221910629E-27
  81.34167   -6.0820027560E+01    3.8565382340E-27
  81.44172   -6.0836887331E+01    3.7920629319E-27
  81.54177   -6.0853726430E+01    3.7287426310E-27
  81.64182   -6.0870544910E+01    3.6665552633E-27
  81.74187   -6.0887342820E+01    3.6054792085E-27
  81.84192   -6.0904120211E+01    3.5454932849E-27
  81.94197   -6.0920877133E+01    3.4865767396E-27
  82.04202   -6.0937613636E+01    3.4287092392E-27
  82.14207   -6.0954329769E+01    3.3718708611E-27
  82.24212   -6.0971025582E+01    3.3160420847E-27
  82.34217   -6.0987701125E+01    3.2612037827E-27
  82.44222   -6.1004356447E+01    3.2073372126E-27
  82.54227   -6.1020991596E+01    3.1544240088E-27
  82.64232   -6.1037606622E+01    3.1024461745E-27
  82.74237   -6.1054201573E+01    3.0513860735E-27
  82.84242   -6.1070776498E+01    3.0012264232E-27
  82.94247   -6.1087331445E+01    2.9519502864E-27
  83.04252   -6.1103866462E+01    2.9035410646E-27
  83.14257   -6.1120381597E+01    2.8559824904E-27
  83.24262   -6.1136876898E+01    2.8092586207E-27
  83.34267   -6.1153352413E+01    2.7633538298E-27
  83.44272   -6.1169808189E+01    2.7182528029E-27
  83.54277   -6.1186244273E+01    2.6739405291E-27
  83.64282   -6.1202660712E+01    2.6304022956E-27
  83.74287   -6.1219057554E+01    2.5876236810E-27
  83.84292   -6.1235434845E+01    2.5455905493E-27
  83.94297   -6.1251792631E+01    2.5042890440E-27
  84.04302   -6.1268130960E+01    2.4637055822E-27
  84.14307   -6.1284449877E+01    2.4238268489E-27
  84.24312   -6.1300749429E+01    2.3846397914E-27
  84.34317   -6.1317029661E+01    2.3461316136E-27
  84.44322   -6.1333290619E+01    2.3082897713E-27
  84.54327   -6.1349532349E+01    2.2711019663E-27
  84.64332   -6.1365754897E+01    2.2345561413E-27
  84.74337   -6.1381958307E+01    2.1986404756E-27
  84.84342   -6.1398142625E+01    2.1633433794E-27
  84.94347   -6.1414307896E+01    2.1286534894E-27
  85.04352   -6.1430454164E+01    2.0945596640E-27
  85.14357   -6.1446581474E+01    2.0610509790E-27
  85.24362   -6.1462689871E+01    2.0281167227E-27
  85.34367   -6.1478779399E+01    1.9957463917E-27
  85.44372   -6.1494850103E+01    1.9639296868E-27
  85.54377   -6.1510902025E+01    1.9326565083E-27
  85.64382   -6.1526935211E+01    1.9019169525E-27
  85.74387   -6.1542949703E+01    1.8717013075E-27
  85.84392   -6.1558945547E+01    1.8420000488E-27
  85.94397   -6.1574922783E+01    1.8128038362E-27
  86.04402   -6.1590881457E+01    1.7841035094E-27
  86.14407   -6.1606821612E+01    1.7558900848E-27
  86.24412   -6.1622743289E+01    1.7281547516E-27
  86.34417   -6.1638646533E+01    1.7008888685E-27
  86.44422   -6.1654531385E+01    1.6740839598E-27
  86.54427   -6.1670397888E+01    1.6477317128E-27
  86.64432   -6.1686246085E+01    1.6218239737E-27
  86.74437   -6.1702076018E+01    1.5963527450E-27
  86.84442   -6.1717887729E+01    1.5713101817E-27
  86.94447   -6.1733681259E+01    1.5466885891E-27
  87.04452   -6.1749456652E+01    1.5224804187E-27
  87.14457   -6.1765213947E+01    1.4986782661E-27
  87.24462   -6.1780953187E+01    1.4752748678E-27
  87.34467   -6.1796674414E+01    1.4522630981E-27
  87.44472   -6.1812377668E+01    1.4296359669E-27
  87.54477   -6.1828062990E+01    1.4073866163E-27
  87.64482   -6.1843730421E+01    1.3855083187E-27
  87.74487   -6.1859380003E+01    1.3639944733E-27
  87.84492   -6.1875011776E+01    1.3428386045E-27
  87.94497   -6.1890625780E+01    1.3220343586E-27
  88.04502   -6.1906222056E+01    1.3015755019E-27
  88.14507   -6.1921800643E+01    1.2814559181E-27
  88.24512   -6.1937361583E+01    1.2616696057E-27
  88.34517   -6.1952904915E+01    1.2422106764E-27
  88.44522   -6.1968430679E+01    1.2230733522E-27
  88.54527   -6.1983938914E+01    1.2042519633E-27
  88.64532   -6.1999429661E+01    1.1857409463E-27
  88.74537   -6.2014902958E+01    1.1675348418E-27
  88.84542   -6.2030358845E+01    1.1496282925E-27
  88.94547   -6.2045797361E+01    1.1320160410E-27
  89.04552   -6.2061218545E+01    1.1146929280E-27
  89.14557   -6.2076622436E+01    1.0976538902E-27
  89.24562   -6.2092009073E+01    1.0808939585E-27
  89.34567   -6.2107378494E+01    1.0644082563E-27
  89.44572   -6.2122730738E+01    1.0481919973E-27
  89.54577   -6.2138065844E+01    1.0322404841E-27
  89.64582   -6.2153383849E+01    1.0165491063E-27
  89.74587   -6.2168684791E+01    1.0011133387E-27
  89.84592   -6.2183968710E+01    9.8592873987E-28
  89.94597   -6.2199235642E+01    9.7099095017E-28
  90.04602   -6.2214485625E+01    9.5629569052E-28
  90.14607   -6.2229718697E+01    9.4183876058E-28
  90.24612   -6.2244934896E+01    9.2761603734E-28
  90.34617   -6.2260134258E+01    9.1362347352E-28
  90.44622   -6.2275316821E+01    8.9985709618E-28
  90.54627   -6.2290482623E+01    8.8631300522E-28
  90.64632   -6.2305631699E+01    8.7298737199E-28
  90.74637   -6.2320764088E+01    8.5987643789E-28
  90.84642   -6.2335879825E+01    8.4697651304E-28
  90.94647   -6.2350978948E+01    8.3428397491E-28
  91.04652   -6.2366061493E+01    8.2179526705E-28
  91.14657   -6.2381127496E+01    8.0950689783E-28
  91.24662   -6.2396176993E+01    7.9741543911E-28
  91.34667   -6.2411210022E+01    7.8551752513E-28
  91.44672   -6.2426226617E+01    7.7380985121E-28
  91.54677   -6.2441226814E+01    7.6228917263E-28
  91.64682   -6.2456210651E+01    7.5095230346E-28
  91.74687   -6.2471178161E+01    7.3979611546E-28
  91.84692   -6.2486129381E+01    7.2881753692E-28
  91.94697   -6.2501064347E+01    7.1801355163E-28
  92.04702   -6.2515983093E+01    7.0738119779E-28
  92.14707   -6.2530885654E+01    6.9691756699E-28
  92.24712   -6.2545772067E+01    6.8661980317E-28
  92.34717   -6.2560642365E+01    6.7648510164E-28
  92.44722   -6.2575496584E+01    6.6651070809E-28
  92.54727   -6.2590334759E+01    6.5669391764E-28
  92.64732   -6.2605156923E+01    6.4703207390E-28
  92.74737   -6.2619963113E+01    6.3752256804E-28
  92.84742   -6.2634753361E+01    6.2816283791E-28
  92.94747   -6.2649527703E+01    6.1895036712E-28
  93.04752   -6.2664286172E+01    6.0988268423E-28
  93.14757   -6.2679028803E+01    6.0095736184E-28
  93.24762   -6.2693755630E+01    5.9217201580E-28
  93.34767   -6.2708466686E+01    5.8352430436E-28
  93.44772   -6.2723162006E+01    5.7501192742E-28
  93.54777   -6.2737841623E+01    5.6663262570E-28
  93.64782   -6.2752505570E+01    5.5838417999E-28
  93.74787   -6.2767153881E+01    5.5026441042E-28
  93.84792   -6.2781786589E+01    5.4227117568E-28
  93.94797   -6.2796403728E+01    5.3440237231E-28
  94.04802   -6.2811005331E+01    5.2665593403E-28
  94.14807   -6.2825591430E+01    5.1902983099E-28
  94.24812   -6.2840162059E+01    5.1152206913E-28
  94.34817   -6.2854717251E+01    5.0413068947E-28
  94.44822   -6.2869257037E+01    4.9685376752E-28
  94.54827   -6.2883781452E+01    4.8968941257E-28
  94.64832   -6.2898290526E+01    4.8263576712E-28
  94.74837   -6.2912784293E+01    4.7569100620E-28
  94.84842   -6.2927262785E+01    4.6885333683E-28
  94.94847   -6.2941726034E+01    4.6212099738E-28
  95.04852   -6.2956174072E+01    4.5549225703E-28
  95.14857   -6.2970606931E+01    4.4896541516E-28
  95.24862   -6.2985024644E+01    4.4253880080E-28
  95.34867   -6.2999427241E+01    4.3621077213E-28
  95.44872   -6.3013814755E+01    4.2997971586E-28
  95.54877   -6.3028187216E+01    4.2384404678E-28
  95.64882   -6.3042544658E+01    4.1780220719E-28
  95.74887   -6.3056887110E+01    4.1185266644E-28
  95.84892   -6.3071214605E+01    4.0599392038E-28
  95.94897   -6.3085527173E+01    4.0022449094E-28
  96.04902   -6.3099824845E+01    3.9454292558E-28
  96.14907   -6.3114107654E+01    3.8894779686E-28
  96.24912   -6.3128375628E+01    3.8343770202E-28
  96.34917   -6.3142628800E+01    3.7801126243E-28
  96.44922   -6.3156867200E+01    3.7266712324E-28
  96.54927   -6.3171090858E+01    3.6740395292E-28
  96.64932   -6.3185299805E+01    3.6222044280E-28
  96.74937   -6.3199494072E+01    3.5711530671E-28
  96.84942   -6.3213673689E+01    3.5208728052E-28
  96.94947   -6.3227838686E+01    3.4713512178E-28
  97.04952   -6.3241989093E+01    3.4225760930E-28
  97.14957   -6.3256124940E+01    3.3745354279E-28
  97.24962   -6.3270246257E+01    3.3272174244E-28
  97.34967   -6.3284353075E+01    3.2806104860E-28
  97.44972   -6.3298445422E+01    3.2347032138E-28
  97.54977   -6.3312523329E+01    3.1894844031E-28
  97.64982   -6.3326586825E+01    3.1449430397E-28
  97.74987   -6.3340635940E+01    3.1010682968E-28
  97.84992   -6.3354670702E+01    3.0578495314E-28
  97.94997   -6.3368691142E+01    3.0152762809E-28
  98.05003   -6.3382697289E+01    2.9733382602E-28
  98.15008   -6.3396689171E+01    2.9320253582E-28
  98.25013   -6.3410666818E+01    2.8913276348E-28
  98.35018   -6.3424630259E+01    2.8512353178E-28
  98.45023   -6.3438579522E+01    2.8117388000E-28
  98.55028   -6.3452514636E+01    2.7728286362E-28
  98.65033   -6.3466435631E+01    2.7344955402E-28
  98.75038   -6.3480342534E+01    2.6967303821E-28
  98.85043   -6.3494235375E+01    2.6595241855E-28
  98.95048   -6.3508114181E+01    2.6228681248E-28
  99.05053   -6.3521978981E+01    2.5867535222E-28
  99.15058   -6.3535829803E+01    2.5511718455E-28
  99.25063   -6.3549666676E+01    2.5161147056E-28
  99.35068   -6.3563489627E+01    2.4815738532E-28
  99.45073   -6.3577298684E+01    2.4475411772E-28
  99.55078   -6.3591093876E+01    2.4140087019E-28
  99.65083   -6.3604875231E+01    2.3809685843E-28
  99.75088   -6.3618642775E+01    2.3484131124E-28
  99.85093   -6.3632396537E+01    2.3163347024E-28
  99.95098   -6.3646136544E+01    2.2847258965E-28
 100.05103   -6.3659862825E+01    2.2535793609E-28
 100.15108   -6.3673575405E+01    2.2228878835E-28
 100.25113   -6.3687274313E+01    2.1926443717E-28
 100.35118   -6.3700959575E+01    2.1628418503E-28
 100.45123   -6.3714631220E+01    2.1334734596E-28
 100.55128   -6.3728289274E+01    2.1045324533E-28
 100.65133   -6.3741933764E+01    2.0760121962E-28
 100.75138   -6.3755564717E+01    2.0479061629E-28
 100.85143   -6.3769182159E+01    2.0202079355E-28
 100.95148   -6.3782786119E+01    1.9929112014E-28
 101.05153   -6.3796376622E+01    1.9660097523E-28
 101.15158   -6.3809953694E+01    1.9394974815E-28
 101.25163   -6.3823517364E+01    1.9133683829E-28
 101.35168   -6.3837067656E+01    1.8876165485E-28
 101.45173   -6.3850604598E+01    1.8622361673E-28
 101.55178   -6.3864128215E+01    1.8372215235E-28
 101.65183   -6.3877638534E+01    1.8125669946E-28
 101.75188   -6.3891135582E+01    1.7882670498E-28
 101.85193   -6.3904619383E+01    1.7643162490E-28
 101.95198   -6.3918089964E+01    1.7407092403E-28
 102.05203   -6.3931547352E+01    1.7174407592E-28
 102.15208   -6.3944991571E+01    1.6945056268E-28
 102.25213   -6.3958422648E+01    1.6718987486E-28
 102.35218   -6.3971840608E+01    1.6496151124E-28
 102.45223   -6.3985245478E+01    1.6276497876E-28
 102.55228   -6.3998637281E+01    1.6059979235E-28
 102.65233   -6.4012016045E+01    1.5846547479E-28
 102.75238   -6.4025381794E+01    1.5636155658E-28
 102.85243   -6.4038734553E+01    1.5428757581E-28
 102.95248   -6.4052074349E+01    1.5224307801E-28
 103.05253   -6.4065401205E+01    1.5022761607E-28
 103.15258   -6.4078715148E+01    1.4824075006E-28
 103.25263   -6.4092016202E+01    1.4628204714E-28
 103.35268   -6.4105304392E+01    1.4435108144E-28
 103.45273   -6.4118579743E+01    1.4244743392E-28
 103.55278   -6.4131842280E+01    1.4057069227E-28
 103.65283   -6.4145092027E+01    1.3872045079E-28
 103.75288   -6.4158329010E+01    1.3689631030E-28
 103.85293   -6.4171553252E+01    1.3509787798E-28
 103.95298   -6.4184764779E+01    1.3332476730E-28
 104.05303   -6.4197963614E+01    1.3157659791E-28
 104.15308   -6.4211149783E+01    1.2985299554E-28
 104.25313   -6.4224323309E+01    1.2815359187E-28
 104.35318   -6.4237484217E+01    1.2647802445E-28
 104.45323   -6.4250632530E+01    1.2482593660E-28
 104.55328   -6.4263768274E+01    1.2319697733E-28
 104.65333   -6.4276891471E+01    1.2159080119E-28
 104.75338   -6.4290002147E+01    1.2000706824E-28
 104.85343   -6.4303100324E+01    1.1844544392E-28
 104.95348   -6.4316186027E+01    1.1690559896E-28
 105.05353   -6.4329259280E+01    1.1538720932E-28
 105.15358   -6.4342320105E+01    1.1388995607E-28
 105.25363   -6.4355368528E+01    1.1241352531E-28
 105.35368   -6.4368404570E+01    1.1095760812E-28
 105.45373   -6.4381428257E+01    1.0952190042E-28
 105.55378   -6.4394439610E+01    1.0810610294E-28
 105.65383   -6.4407438655E+01    1.0670992111E-28
 105.75388   -6.4420425413E+01    1.0533306498E-28
 105.85393   -6.4433399908E+01    1.0397524918E-28
 105.95398   -6.4446362163E+01    1.0263619280E-28
 106.05403   -6.4459312202E+01    1.0131561933E-28
 106.15408   -6.4472250047E+01    1.0001325660E-28
 106.25413   -6.4485175721E+01    9.8728836704E-29
 106.35418   -6.4498089247E+01    9.7462095907E-29
 106.45423   -6.4510990649E+01    9.6212774604E-29
 106.55428   -6.4523879948E+01    9.4980617239E-29
 106.65433   -6.4536757168E+01    9.3765372237E-29
 106.75438   -6.4549622331E+01    9.2566791946E-29
 106.85443   -6.4562475459E+01    9.1384632562E-29
 106.95448   -6.4575316576E+01    9.0218654074E-29
 107.05453   -6.4588145704E+01    8.9068620197E-29
 107.15458   -6.4600962864E+01    8.7934298315E-29
 107.25463   -6.4613768080E+01    8.6815459414E-29
 107.35468   -6.4626561374E+01    8.5711878029E-29
 107.45473   -6.4639342767E+01    8.4623332185E-29
 107.55478   -6.4652112282E+01    8.3549603335E-29
 107.65483   -6.4664869942E+01    8.2490476309E-29
 107.75488   -6.4677615767E+01    8.1445739260E-29
 107.85493   -6.4690349781E+01    8.0415183601E-29
 107.95498   -6.4703072004E+01    7.9398603964E-29
 108.05503   -6.4715782459E+01    7.8395798135E-29
 108.15508   -6.4728481168E+01    7.7406567015E-29
 108.25513   -6.4741168151E+01    7.6430714557E-29
 108.35518   -6.4753843432E+01    7.5468047727E-29
 108.45523   -6.4766507031E+01    7.4518376448E-29
 108.55528   -6.4779158970E+01    7.3581513555E-29
 108.65533   -6.4791799271E+01    7.2657274749E-29
 108.75538   -6.4804427954E+01    7.1745478545E-29
 108.85543   -6.4817045041E+01    7.0845946235E-29
 108.95548   -6.4829650555E+01    6.9958501834E-29
 109.05553   -6.4842244514E+01    6.9082972044E-29
 109.15558   -6.4854826942E+01    6.8219186203E-29
 109.25563   -6.4867397859E+01    6.7366976251E-29
 109.35568   -6.4879957285E+01    6.6526176680E-29
 109.45573   -6.4892505243E+01    6.5696624497E-29
 109.55578   -6.4905041753E+01    6.4878159185E-29
 109.65583   -6.4917566836E+01    6.4070622658E-29
 109.75588   -6.4930080512E+01    6.3273859229E-29
 109.85593   -6.4942582803E+01    6.2487715565E-29
 109.95598   -6.4955073730E+01    6.1712040651E-29
 110.05603   -6.4967553312E+01    6.0946685758E-29
 110.15608   -6.4980021570E+01    6.0191504397E-29
 110.25613   -6.4992478526E+01    5.9446352293E-29
 110.35618   -6.5004924199E+01    5.8711087343E-29
 110.45623   -6.5017358611E+01    5.7985569582E-29
 110.55628   -6.5029781780E+01    5.7269661154E-29
 110.65633   -6.5042193728E+01    5.6563226272E-29
 110.75638   -6.5054594475E+01    5.5866131188E-29
 110.85643   -6.5066984042E+01    5.5178244161E-29
 110.95648   -6.5079362447E+01    5.4499435426E-29
 111.05653   -6.5091729712E+01    5.3829577158E-29
 111.15658   -6.5104085857E+01    5.3168543447E-29
 111.25663   -6.5116430901E+01    5.2516210265E-29
 111.35668   -6.5128764864E+01    5.1872455434E-29
 111.45673   -6.5141087767E+01    5.1237158602E-29
 111.55678   -6.5153399629E+01    5.0610201210E-29
 111.65683   -6.5165700470E+01    4.9991466464E-29
 111.75688   -6.5177990309E+01    4.9380839309E-29
 111.85693   -6.5190269167E+01    4.8778206401E-29
 111.95698   -6.5202537063E+01    4.8183456078E-29
 112.05703   -6.5214794016E+01    4.7596478339E-29
 112.15708   -6.5227040046E+01    4.7017164809E-29
 112.25713   -6.5239275173E+01    4.6445408723E-29
 112.35718   -6.5251499416E+01    4.5881104895E-29
 112.45723   -6.5263712794E+01    4.5324149693E-29
 112.55728   -6.5275915326E+01    4.4774441019E-29
 112.65733   -6.5288107033E+01    4.4231878280E-29
 112.75738   -6.5300287932E+01    4.3696362369E-29
 112.85743   -6.5312458044E+01    4.3167795638E-29
 112.95748   -6.5324617387E+01    4.2646081877E-29
 113.05753   -6.5336765980E+01    4.2131126292E-29
 113.15758   -6.5348903843E+01    4.1622835481E-29
 113.25763   -6.5361030995E+01    4.1121117416E-29
 113.35768   -6.5373147453E+01    4.0625881417E-29
 113.45773   -6.5385253238E+01    4.0137038134E-29
 113.55778   -6.5397348367E+01    3.9654499527E-29
 113.65783   -6.5409432860E+01    3.9178178843E-29
 113.75788   -6.5421506736E+01    3.8707990597E-29
 113.85793   -6.5433570012E+01    3.8243850555E-29
 113.95798   -6.5445622708E+01    3.7785675711E-29
 114.05803   -6.5457664843E+01    3.7333384269E-29
 114.15808   -6.5469696434E+01    3.6886895626E-29
 114.25813   -6.5481717500E+01    3.6446130352E-29
 114.35818   -6.5493728060E+01    3.6011010172E-29
 114.45823   -6.5505728132E+01    3.5581457948E-29
 114.55828   -6.5517717734E+01    3.5157397665E-29
 114.65833   -6.5529696884E+01    3.4738754406E-29
 114.75838   -6.5541665602E+01    3.4325454345E-29
 114.85843   -6.5553623904E+01    3.3917424721E-29
 114.95848   -6.5565571809E+01    3.3514593828E-29
 115.05853   -6.5577509336E+01    3.3116890996E-29
 115.15858   -6.5589436501E+01    3.2724246577E-29
 115.25863   -6.5601353324E+01    3.2336591927E-29
 115.35868   -6.5613259822E+01    3.1953859391E-29
 115.45873   -6.5625156012E+01    3.1575982290E-29
 115.55878   -6.5637041914E+01    3.1202894906E-29
 115.65883   -6.5648917544E+01    3.0834532464E-29
 115.75888   -6.5660782920E+01    3.0470831121E-29
 115.85893   -6.5672638061E+01    3.0111727950E-29
 115.95898   -6.5684482983E+01    2.9757160928E-29
 116.05903   -6.5696317705E+01    2.9407068919E-29
 116.15908   -6.5708142244E+01    2.9061391664E-29
 116.25913   -6.5719956616E+01    2.8720069766E-29
 116.35918   -6.5731760841E+01    2.8383044678E-29
 116.45923   -6.5743554936E+01    2.8050258687E-29
 116.55928   -6.5755338916E+01    2.7721654906E-29
 116.65933   -6.5767112801E+01    2.7397177259E-29
 116.75938   -6.5778876608E+01    2.7076770467E-29
 116.85943   -6.5790630353E+01    2.6760380040E-29
 116.95948   -6.5802374054E+01    2.6447952262E-29
 117.05953   -6.5814107728E+01    2.6139434182E-29
 117.15958   -6.5825831392E+01    2.5834773598E-29
 117.25963   -6.5837545063E+01    2.5533919051E-29
 117.35968   -6.5849248758E+01    2.5236819811E-29
 117.45973   -6.5860942495E+01    2.4943425866E-29
 117.55978   -6.5872626289E+01    2.4653687913E-29
 117.65983   -6.5884300159E+01    2.4367557343E-29
 117.75988   -6.5895964121E+01    2.4084986238E-29
 117.85993   -6.5907618192E+01    2.3805927353E-29
 117.95998   -6.5919262388E+01    2.3530334111E-29
 118.06003   -6.5930896726E+01    2.3258160592E-29
 118.16008   -6.5942521223E+01    2.2989361520E-29
 118.26013   -6.5954135896E+01    2.2723892259E-29
 118.36018   -6.5965740762E+01    2.2461708799E-29
 118.46023   -6.5977335835E+01    2.2202767747E-29
 118.56028   -6.5988921135E+01    2.1947026320E-29
 118.66033   -6.6000496676E+01    2.1694442337E-29
 118.76038   -6.6012062475E+01    2.1444974203E-29
 118.86043   -6.6023618549E+01    2.1198580911E-29
 118.96048   -6.6035164913E+01    2.0955222022E-29
 119.06053   -6.6046701585E+01    2.0714857667E-29
 119.16058   -6.6058228581E+01    2.0477448530E-29
 119.26063   -6.6069745916E+01    2.0242955845E-29
 119.36068   -6.6081253608E+01    2.0011341387E-29
 119.46073   -6.6092751671E+01    1.9782567463E-29
 119.56078   -6.6104240123E+01    1.9556596904E-29
 119.66083   -6.6115718979E+01    1.9333393057E-29
 119.76088   -6.6127188255E+01    1.9112919781E-29
 119.86093   -6.6138647968E+01    1.8895141434E-29
 119.96098   -6.6150098133E+01    1.8680022870E-29
 120.06103   -6.6161538766E+01    1.8467529430E-29
 120.16108   -6.6172969883E+01    1.8257626933E-29
 120.26113   -6.6184391500E+01    1.8050281673E-29
 120.36118   -6.6195803633E+01    1.7845460410E-29
 120.46123   -6.6207206297E+01    1.7643130361E-29
 120.56128   -6.6218599508E+01    1.7443259199E-29
 120.66133   -6.6229983282E+01    1.7245815039E-29
 120.76138   -6.6241357635E+01    1.7050766438E-29
 120.86143   -6.6252722581E+01    1.6858082385E-29
 120.96148   -6.6264078137E+01    1.6667732295E-29
 121.06153   -6.6275424319E+01    1.6479686004E-29
 121.16158   -6.6286761141E+01    1.6293913763E-29
 121.26163   -6.6298088618E+01    1.6110386229E-29
 121.36168   -6.6309406768E+01    1.5929074465E-29
 121.46173   -6.6320715604E+01    1.5749949927E-29
 121.56178   -6.6332015142E+01    1.5572984462E-29
 121.66183   -6.6343305398E+01    1.5398150305E-29
 121.76188   -6.6354586386E+01    1.5225420067E-29
 121.86193   -6.6365858122E+01    1.5054766735E-29
 121.96198   -6.6377120621E+01    1.4886163664E-29
 122.06203   -6.6388373899E+01    1.4719584573E-29
 122.16208   -6.6399617970E+01    1.4555003537E-29
 122.26213   -6.6410852849E+01    1.4392394986E-29
 122.36218   -6.6422078551E+01    1.4231733697E-29
 122.46223   -6.6433295092E+01    1.4072994789E-29
 122.56228   -6.6444502486E+01    1.3916153721E-29
 122.66233   -6.6455700749E+01    1.3761186281E-29
 122.76238   -6.6466889894E+01    1.3608068590E-29
 122.86243   -6.6478069938E+01    1.3456777089E-29
 122.96248   -6.6489240894E+01    1.3307288539E-29
 123.06253   -6.6500402778E+01    1.3159580016E-29
 123.16258   -6.6511555604E+01    1.3013628904E-29
 123.26263   -6.6522699388E+01    1.2869412893E-29
 123.36268   -6.6533834142E+01    1.2726909975E-29
 123.46273   -6.6544959884E+01    1.2586098438E-29
 123.56278   -6.6556076626E+01    1.2446956862E-29
 123.66283   -6.6567184383E+01    1.2309464116E-29
 123.76288   -6.6578283170E+01    1.2173599352E-29
 123.86293   -6.6589373002E+01    1.2039342003E-29
 123.96298   -6.6600453893E+01    1.1906671779E-29
 124.06303   -6.6611525857E+01    1.1775568660E-29
 124.16308   -6.6622588909E+01    1.1646012897E-29
 124.26313   -6.6633643063E+01    1.1517985002E-29
 124.36318   -6.6644688333E+01    1.1391465751E-29
 124.46323   -6.6655724734E+01    1.1266436176E-29
 124.56328   -6.6666752280E+01    1.1142877561E-29
 124.66333   -6.6677770985E+01    1.1020771443E-29
 124.76338   -6.6688780863E+01    1.0900099603E-29
 124.86343   -6.6699781928E+01    1.0780844064E-29
 124.96348   -6.6710774195E+01    1.0662987091E-29
 125.06353   -6.6721757678E+01    1.0546511183E-29
 125.16358   -6.6732732390E+01    1.0431399074E-29
 125.26363   -6.6743698346E+01    1.0317633724E-29
 125.36368   -6.6754655560E+01    1.0205198321E-29
 125.46373   -6.6765604045E+01    1.0094076278E-29
 125.56378   -6.6776543816E+01    9.9842512247E-30
 125.66383   -6.6787474886E+01    9.8757070091E-30
 125.76388   -6.6798397269E+01    9.7684276928E-30
 125.86393   -6.6809310979E+01    9.6623975481E-30
 125.96398   -6.6820216030E+01    9.5576010553E-30
 126.06403   -6.6831112435E+01    9.4540228993E-30
 126.16408   -6.6842000209E+01    9.3516479672E-30
 126.26413   -6.6852879364E+01    9.2504613454E-30
 126.36418   -6.6863749915E+01    9.1504483167E-30
 126.46423   -6.6874611876E+01    9.0515943574E-30
 126.56428   -6.6885465258E+01    8.9538851351E-30
 126.66433   -6.6896310078E+01    8.8573065056E-30
 126.76438   -6.6907146346E+01    8.7618445104E-30
 126.86443   -6.6917974079E+01    8.6674853741E-30
 126.96448   -6.6928793288E+01    8.5742155020E-30
 127.06453   -6.6939603987E+01    8.4820214775E-30
 127.16458   -6.6950406189E+01    8.3908900595E-30
 127.26463   -6.6961199909E+01    8.3008081801E-30
 127.36468   -6.6971985158E+01    8.2117629423E-30
 127.46473   -6.6982761951E+01    8.1237416174E-30
 127.56478   -6.6993530301E+01    8.0367316429E-30
 127.66483   -6.7004290221E+01    7.9507206199E-30
 127.76488   -6.7015041724E+01    7.8656963112E-30
 127.86493   -6.7025784824E+01    7.7816466390E-30
 127.96498   -6.7036519533E+01    7.6985596824E-30
 128.06503   -6.7047245864E+01    7.6164236754E-30
 128.16508   -6.7057963831E+01    7.5352270052E-30
 128.26513   -6.7068673447E+01    7.4549582092E-30
 128.36518   -6.7079374725E+01    7.3756059738E-30
 128.46523   -6.7090067677E+01    7.2971591320E-30
 128.56528   -6.7100752317E+01    7.2196066611E-30
 128.66533   -6.7111428658E+01    7.1429376812E-30
 128.76538   -6.7122096712E+01    7.0671414532E-30
 128.86543   -6.7132756493E+01    6.9922073764E-30
 128.96548   -6.7143408013E+01    6.9181249871E-30
 129.06553   -6.7154051284E+01    6.8448839567E-30
 129.16558   -6.7164686321E+01    6.7724740895E-30
 129.26563   -6.7175313135E+01    6.7008853210E-30
 129.36568   -6.7185931739E+01    6.6301077166E-30
 129.46573   -6.7196542146E+01    6.5601314691E-30
 129.56578   -6.7207144369E+01    6.4909468975E-30
 129.66583   -6.7217738420E+01    6.4225444449E-30
 129.76588   -6.7228324311E+01    6.3549146772E-30
 129.86593   -6.7238902056E+01    6.2880482811E-30
 129.96598   -6.7249471667E+01    6.2219360627E-30
 130.06603   -6.7260033157E+01    6.1565689457E-30
 130.16608   -6.7270586537E+01    6.0919379698E-30
 130.26613   -6.7281131821E+01    6.0280342894E-30
 130.36618   -6.7291669020E+01    5.9648491717E-30
 130.46623   -6.7302198148E+01    5.9023739955E-30
 130.56628   -6.7312719216E+01    5.8406002493E-30
 130.66633   -6.7323232237E+01    5.7795195303E-30
 130.76638   -6.7333737223E+01    5.7191235423E-30
 130.86643   -6.7344234187E+01    5.6594040951E-30
 130.96648   -6.7354723140E+01    5.6003531023E-30
 131.06653   -6.7365204095E+01    5.5419625804E-30
 131.16658   -6.7375677065E+01    5.4842246469E-30
 131.26663   -6.7386142061E+01    5.4271315197E-30
 131.36668   -6.7396599095E+01    5.3706755151E-30
 131.46673   -6.7407048180E+01    5.3148490467E-30
 131.56678   -6.7417489327E+01    5.2596446241E-30
 131.66683   -6.7427922550E+01    5.2050548517E-30
 131.76688   -6.7438347859E+01    5.1510724272E-30
 131.86693   -6.7448765266E+01    5.0976901407E-30
 131.96698   -6.7459174785E+01    5.0449008731E-30
 132.06703   -6.7469576426E+01    4.9926975950E-30
 132.16708   -6.7479970202E+01    4.9410733658E-30
 132.26713   -6.7490356124E+01    4.8900213319E-30
 132.36718   -6.7500734205E+01    4.8395347263E-30
 132.46723   -6.7511104456E+01    4.7896068667E-30
 132.56728   -6.7521466888E+01    4.7402311549E-30
 132.66733   -6.7531821515E+01    4.6914010756E-30
 132.76738   -6.7542168347E+01    4.6431101950E-30
 132.86743   -6.7552507397E+01    4.5953521600E-30
 132.96748   -6.7562838676E+01    4.5481206970E-30
 133.06753   -6.7573162195E+01    4.5014096111E-30
 133.16758   -6.7583477967E+01    4.4552127847E-30
 133.26763   -6.7593786003E+01    4.4095241765E-30
 133.36768   -6.7604086314E+01    4.3643378209E-30
 133.46773   -6.7614378913E+01    4.3196478266E-30
 133.56778   -6.7624663810E+01    4.2754483756E-30
 133.66783   -6.7634941017E+01    4.2317337225E-30
 133.76788   -6.7645210547E+01    4.1884981935E-30
 133.86793   -6.7655472409E+01    4.1457361852E-30
 133.96798   -6.7665726616E+01    4.1034421639E-30
 134.06803   -6.7675973179E+01    4.0616106647E-30
 134.16808   -6.7686212110E+01    4.0202362905E-30
 134.26813   -6.7696443420E+01    3.9793137110E-30
 134.36818   -6.7706667120E+01    3.9388376621E-30
 134.46823   -6.7716883221E+01    3.8988029447E-30
 134.56828   -6.7727091735E+01    3.8592044244E-30
 134.66833   -6.7737292674E+01    3.8200370299E-30
 134.76838   -6.7747486047E+01    3.7812957526E-30
 134.86843   -6.7757671867E+01    3.7429756460E-30
 134.96848   -6.7767850145E+01    3.7050718244E-30
 135.06853   -6.7778020892E+01    3.6675794624E-30
 135.16858   -6.7788184119E+01    3.6304937940E-30
 135.26863   -6.7798339838E+01    3.5938101120E-30
 135.36868   -6.7808488058E+01    3.5575237668E-30
 135.46873   -6.7818628792E+01    3.5216301664E-30
 135.56878   -6.7828762050E+01    3.4861247748E-30
 135.66883   -6.7838887844E+01    3.4510031119E-30
 135.76888   -6.7849006184E+01    3.4162607524E-30
 135.86893   -6.7859117082E+01    3.3818933254E-30
 135.96898   -6.7869220548E+01    3.3478965134E-30
 136.06903   -6.7879316593E+01    3.3142660518E-30
 136.16908   -6.7889405228E+01    3.2809977281E-30
 136.26913   -6.7899486465E+01    3.2480873813E-30
 136.36918   -6.7909560313E+01    3.2155309013E-30
 136.46923   -6.7919626784E+01    3.1833242280E-30
 136.56928   -6.7929685889E+01    3.1514633509E-30
 136.66933   -6.7939737638E+01    3.1199443083E-30
 136.76938   -6.7949782042E+01    3.0887631868E-30
 136.86943   -6.7959819112E+01    3.0579161206E-30
 136.96948   -6.7969848859E+01    3.0273992909E-30
 137.06953   -6.7979871292E+01    2.9972089253E-30
 137.16958   -6.7989886424E+01    2.9673412971E-30
 137.26963   -6.7999894264E+01    2.9377927249E-30
 137.36968   -6.8009894824E+01    2.9085595720E-30
 137.46973   -6.8019888113E+01    2.8796382456E-30
 137.56978   -6.8029874142E+01    2.8510251966E-30
 137.66983   -6.8039852922E+01    2.8227169185E-30
 137.76988   -6.8049824464E+01    2.7947099475E-30
 137.86993   -6.8059788778E+01    2.7670008614E-30
 137.96998   -6.8069745874E+01    2.7395862796E-30
 138.07004   -6.8079695762E+01    2.7124628620E-30
 138.17009   -6.8089638455E+01    2.6856273089E-30
 138.27014   -6.8099573960E+01    2.6590763603E-30
 138.37019   -6.8109502290E+01    2.6328067954E-30
 138.47024   -6.8119423454E+01    2.6068154321E-30
 138.57029   -6.8129337463E+01    2.5810991268E-30
 138.67034   -6.8139244328E+01    2.5556547733E-30
 138.77039   -6.8149144057E+01    2.5304793030E-30
 138.87044   -6.8159036662E+01    2.5055696838E-30
 138.97049   -6.8168922154E+01    2.4809229201E-30
 139.07054   -6.8178800541E+01    2.4565360523E-30
 139.17059   -6.8188671835E+01    2.4324061559E-30
 139.27064   -6.8198536045E+01    2.4085303416E-30
 139.37069   -6.8208393182E+01    2.3849057545E-30
 139.47074   -6.8218243256E+01    2.3615295741E-30
 139.57079   -6.8228086277E+01    2.3383990130E-30
 139.67084   -6.8237922255E+01    2.3155113176E-30
 139.77089   -6.8247751200E+01    2.2928637667E-30
 139.87094   -6.8257573123E+01    2.2704536717E-30
 139.97099   -6.8267388033E+01    2.2482783761E-30
 140.07104   -6.8277195940E+01    2.2263352546E-30
 140.17109   -6.8286996854E+01    2.2046217135E-30
 140.27114   -6.8296790786E+01    2.1831351896E-30
 140.37119   -6.8306577745E+01    2.1618731504E-30
 140.47124   -6.8316357741E+01    2.1408330932E-30
 140.57129   -6.8326130784E+01    2.1200125450E-30
 140.67134   -6.8335896884E+01    2.0994090620E-30
 140.77139   -6.8345656051E+01    2.0790202296E-30
 140.87144   -6.8355408294E+01    2.0588436615E-30
 140.97149   -6.8365153624E+01    2.0388769996E-30
 141.07154   -6.8374892050E+01    2.0191179137E-30
 141.17159   -6.8384623582E+01    1.9995641011E-30
 141.27164   -6.8394348231E+01    1.9802132862E-30
 141.37169   -6.8404066004E+01    1.9610632204E-30
 141.47174   -6.8413776913E+01    1.9421116812E-30
 141.57179   -6.8423480967E+01    1.9233564726E-30
 141.67184   -6.8433178176E+01    1.9047954243E-30
 141.77189   -6.8442868549E+01    1.8864263914E-30
 141.87194   -6.8452552096E+01    1.8682472542E-30
 141.97199   -6.8462228826E+01    1.8502559181E-30
 142.07204   -6.8471898750E+01    1.8324503127E-30
 142.17209   -6.8481561876E+01    1.8148283922E-30
 142.27214   -6.8491218215E+01    1.7973881345E-30
 142.37219   -6.8500867776E+01    1.7801275413E-30
 142.47224   -6.8510510568E+01    1.7630446375E-30
 142.57229   -6.8520146600E+01    1.7461374713E-30
 142.67234   -6.8529775884E+01    1.7294041136E-30
 142.77239   -6.8539398427E+01    1.7128426576E-30
 142.87244   -6.8549014239E+01    1.6964512190E-30
 142.97249   -6.8558623330E+01    1.6802279354E-30
 143.07254   -6.8568225709E+01    1.6641709661E-30
 143.17259   -6.8577821385E+01    1.6482784915E-30
 143.27264   -6.8587410368E+01    1.6325487137E-30
 143.37269   -6.8596992667E+01    1.6169798552E-30
 143.47274   -6.8606568292E+01    1.6015701594E-30
 143.57279   -6.8616137252E+01    1.5863178900E-30
 143.67284   -6.8625699555E+01    1.5712213309E-30
 143.77289   -6.8635255212E+01    1.5562787858E-30
 143.87294   -6.8644804231E+01    1.5414885780E-30
 143.97299   -6.8654346622E+01    1.5268490503E-30
 144.07304   -6.8663882394E+01    1.5123585647E-30
 144.17309   -6.8673411556E+01    1.4980155019E-30
 144.27314   -6.8682934118E+01    1.4838182616E-30
 144.37319   -6.8692450088E+01    1.4697652617E-30
 144.47324   -6.8701959475E+01    1.4558549385E-30
 144.57329   -6.8711462289E+01    1.4420857463E-30
 144.67334   -6.8720958539E+01    1.4284561570E-30
 144.77339   -6.8730448234E+01    1.4149646605E-30
 144.87344   -6.8739931383E+01    1.4016097636E-30
 144.97349   -6.8749407994E+01    1.3883899905E-30
 145.07354   -6.8758878078E+01    1.3753038824E-30
 145.17359   -6.8768341642E+01    1.3623499971E-30
 145.27364   -6.8777798697E+01    1.3495269090E-30
 145.37369   -6.8787249250E+01    1.3368332089E-30
 145.47374   -6.8796693311E+01    1.3242675035E-30
 145.57379   -6.8806130889E+01    1.3118284157E-30
 145.67384   -6.8815561992E+01    1.2995145841E-30
 145.77389   -6.8824986630E+01    1.2873246627E-30
 145.87394   -6.8834404811E+01    1.2752573210E-30
 145.97399   -6.8843816545E+01    1.2633112437E-30
 146.07404   -6.8853221839E+01    1.2514851305E-30
 146.17409   -6.8862620704E+01    1.2397776959E-30
 146.27414   -6.8872013147E+01    1.2281876689E-30
 146.37419   -6.8881399177E+01    1.2167137932E-30
 146.47424   -6.8890778804E+01    1.2053548267E-30
 146.57429   -6.8900152036E+01    1.1941095413E-30
 146.67434   -6.8909518881E+01    1.1829767229E-30
 146.77439   -6.8918879349E+01    1.1719551714E-30
 146.87444   -6.8928233448E+01    1.1610437000E-30
 146.97449   -6.8937581186E+01    1.1502411355E-30
 147.07454   -6.8946922573E+01    1.1395463181E-30
 147.17459   -6.8956257617E+01    1.1289581008E-30
 147.27464   -6.8965586327E+01    1.1184753499E-30
 147.37469   -6.8974908710E+01    1.1080969445E-30
 147.47474   -6.8984224777E+01    1.0978217760E-30
 147.57479   -6.8993534535E+01    1.0876487488E-30
 147.67484   -6.9002837992E+01    1.0775767793E-30
 147.77489   -6.9012135159E+01    1.0676047963E-30
 147.87494   -6.9021426042E+01    1.0577317406E-30
 147.97499   -6.9030710650E+01    1.0479565650E-30
 148.07504   -6.9039988993E+01    1.0382782339E-30
 148.17509   -6.9049261078E+01    1.0286957236E-30
 148.27514   -6.9058526913E+01    1.0192080216E-30
 148.37519   -6.9067786508E+01    1.0098141271E-30
 148.47524   -6.9077039871E+01    1.0005130504E-30
 148.57529   -6.9086287010E+01    9.9130381267E-31
 148.67534   -6.9095527933E+01    9.8218544638E-31
 148.77539   -6.9104762648E+01    9.7315699467E-31
 148.87544   -6.9113991165E+01    9.6421751141E-31
 148.97549   -6.9123213492E+01    9.5536606106E-31
 149.07554   -6.9132429636E+01    9.4660171854E-31
 149.17559   -6.9141639606E+01    9.3792356908E-31
 149.27564   -6.9150843410E+01    9.2933070814E-31
 149.37569   -6.9160041057E+01    9.2082224126E-31
 149.47574   -6.9169232555E+01    9.1239728396E-31
 149.57579   -6.9178417912E+01    9.0405496160E-31
 149.67584   -6.9187597136E+01    8.9579440928E-31
 149.77589   -6.9196770236E+01    8.8761477173E-31
 149.87594   -6.9205937219E+01    8.7951520316E-31
 149.97599   -6.9215098093E+01    8.7149486720E-31
 150.07604   -6.9224252868E+01    8.6355293677E-31
 150.17609   -6.9233401551E+01    8.5568859395E-31
 150.27614   -6.9242544150E+01    8.4790102989E-31
 150.37619   -6.9251680673E+01    8.4018944472E-31
 150.47624   -6.9260811128E+01    8.3255304739E-31
 150.57629   -6.9269935524E+01    8.2499105565E-31
 150.67634   -6.9279053868E+01    8.1750269586E-31
 150.77639   -6.9288166169E+01    8.1008720294E-31
 150.87644   -6.9297272434E+01    8.0274382028E-31
 150.97649   -6.9306372672E+01    7.9547179959E-31
 151.07654   -6.9315466890E+01    7.8827040085E-31
 151.17659   -6.9324555096E+01    7.8113889220E-31
 151.27664   -6.9333637299E+01    7.7407654981E-31
 151.37669   -6.9342713505E+01    7.6708265787E-31
 151.47674   -6.9351783725E+01    7.6015650839E-31
 151.57679   -6.9360847964E+01    7.5329740119E-31
 151.67684   -6.9369906231E+01    7.4650464379E-31
 151.77689   -6.9378958534E+01    7.3977755128E-31
 151.87694   -6.9388004881E+01    7.3311544630E-31
 151.97699   -6.9397045279E+01    7.2651765889E-31
 152.07704   -6.9406079737E+01    7.1998352645E-31
 152.17709   -6.9415108262E+01    7.1351239362E-31
 152.27714   -6.9424130862E+01    7.0710361221E-31
 152.37719   -6.9433147544E+01    7.0075654114E-31
 152.47724   -6.9442158317E+01    6.9447054630E-31
 152.57729   -6.9451163189E+01    6.8824500054E-31
 152.67734   -6.9460162166E+01    6.8207928354E-31
 152.77739   -6.9469155257E+01    6.7597278173E-31
 152.87744   -6.9478142470E+01    6.6992488825E-31
 152.97749   -6.9487123811E+01    6.6393500285E-31
 153.07754   -6.9496099290E+01    6.5800253180E-31
 153.17759   -6.9505068913E+01    6.5212688783E-31
 153.27764   -6.9514032687E+01    6.4630749007E-31
 153.37769   -6.9522990622E+01    6.4054376395E-31
 153.47774   -6.9531942724E+01    6.3483514112E-31
 153.57779   -6.9540889001E+01    6.2918105943E-31
 153.67784   -6.9549829460E+01    6.2358096281E-31
 153.77789   -6.9558764109E+01    6.1803430122E-31
 153.87794   -6.9567692956E+01    6.1254053055E-31
 153.97799   -6.9576616008E+01    6.0709911262E-31
 154.07804   -6.9585533273E+01    6.0170951505E-31
 154.17809   -6.9594444758E+01    5.9637121120E-31
 154.27814   -6.9603350471E+01    5.9108368015E-31
 154.37819   -6.9612250418E+01    5.8584640657E-31
 154.47824   -6.9621144609E+01    5.8065888071E-31
 154.57829   -6.9630033049E+01    5.7552059832E-31
 154.67834   -6.9638915747E+01    5.7043106055E-31
 154.77839   -6.9647792710E+01    5.6538977397E-31
 154.87844   -6.9656663945E+01    5.6039625041E-31
 154.97849   -6.9665529460E+01    5.5545000697E-31
 155.07854   -6.9674389262E+01    5.5055056595E-31
 155.17859   -6.9683243359E+01    5.4569745477E-31
 155.27864   -6.9692091757E+01    5.4089020592E-31
 155.37869   -6.9700934465E+01    5.3612835690E-31
 155.47874   -6.9709771489E+01    5.3141145017E-31
 155.57879   -6.9718602836E+01    5.2673903310E-31
 155.67884   -6.9727428515E+01    5.2211065790E-31
 155.77889   -6.9736248532E+01    5.1752588156E-31
 155.87894   -6.9745062895E+01    5.1298426581E-31
 155.97899   -6.9753871611E+01    5.0848537708E-31
 156.07904   -6.9762674686E+01    5.0402878641E-31
 156.17909   -6.9771472130E+01    4.9961406943E-31
 156.27914   -6.9780263947E+01    4.9524080627E-31
 156.37919   -6.9789050147E+01    4.9090858157E-31
 156.47924   -6.9797830735E+01    4.8661698436E-31
 156.57929   -6.9806605719E+01    4.8236560808E-31
 156.67934   -6.9815375107E+01    4.7815405046E-31
 156.77939   -6.9824138905E+01    4.7398191352E-31
 156.87944   -6.9832897120E+01    4.6984880352E-31
 156.97949   -6.9841649761E+01    4.6575433087E-31
 157.07954   -6.9850396833E+01    4.6169811015E-31
 157.17959   -6.9859138343E+01    4.5767976000E-31
 157.27964   -6.9867874300E+01    4.5369890310E-31
 157.37969   -6.9876604709E+01    4.4975516614E-31
 157.47974   -6.9885329579E+01    4.4584817976E-31
 157.57979   -6.9894048915E+01    4.4197757850E-31
 157.67984   -6.9902762726E+01    4.3814300076E-31
 157.77989   -6.9911471018E+01    4.3434408876E-31
 157.87994   -6.9920173797E+01    4.3058048851E-31
 157.97999   -6.9928871072E+01    4.2685184973E-31
 158.08004   -6.9937562849E+01    4.2315782585E-31
 158.18009   -6.9946249134E+01    4.1949807396E-31
 158.28014   -6.9954929936E+01    4.1587225473E-31
 158.38019   -6.9963605260E+01    4.1228003244E-31
 158.48024   -6.9972275114E+01    4.0872107487E-31
 158.58029   -6.9980939505E+01    4.0519505330E-31
 158.68034   -6.9989598439E+01    4.0170164246E-31
 158.78039   -6.9998251923E+01    3.9824052050E-31
 158.88044   -7.0006899965E+01    3.9481136896E-31
 158.98049   -7.0015542571E+01    3.9141387268E-31
 159.08054   -7.0024179747E+01    3.8804771984E-31
 159.18059   -7.0032811502E+01    3.8471260186E-31
 159.28064   -7.0041437841E+01    3.8140821340E-31
 159.38069   -7.0050058771E+01    3.7813425231E-31
 159.48074   -7.0058674300E+01    3.7489041961E-31
 159.58079   -7.0067284433E+01    3.7167641941E-31
 159.68084   -7.0075889178E+01    3.6849195895E-31
 159.78089   -7.0084488542E+01    3.6533674849E-31
 159.88094   -7.0093082531E+01    3.6221050133E-31
 159.98099   -7.0101671151E+01    3.5911293374E-31
 160.08104   -7.0110254410E+01    3.5604376497E-31
 160.18109   -7.0118832315E+01    3.5300271717E-31
 160.28114   -7.0127404871E+01    3.4998951537E-31
 160.38119   -7.0135972086E+01    3.4700388750E-31
 160.48124   -7.0144533966E+01    3.4404556426E-31
 160.58129   -7.0153090518E+01    3.4111427919E-31
 160.68134   -7.0161641749E+01    3.3820976857E-31
 160.78139   -7.0170187665E+01    3.3533177143E-31
 160.88144   -7.0178728272E+01    3.3248002948E-31
 160.98149   -7.0187263578E+01    3.2965428713E-31
 161.08154   -7.0195793589E+01    3.2685429142E-31
 161.18159   -7.0204318312E+01    3.2407979201E-31
 161.28164   -7.0212837752E+01    3.2133054114E-31
 161.38169   -7.0221351918E+01    3.1860629362E-31
 161.48174   -7.0229860814E+01    3.1590680678E-31
 161.58179   -7.0238364448E+01    3.1323184047E-31
 161.68184   -7.0246862826E+01    3.1058115699E-31
 161.78189   -7.0255355955E+01    3.0795452112E-31
 161.88194   -7.0263843842E+01    3.0535170004E-31
 161.98199   -7.0272326492E+01    3.0277246332E-31
 162.08204   -7.0280803912E+01    3.0021658292E-31
 162.18209   -7.0289276108E+01    2.9768383314E-31
 162.28214   -7.0297743088E+01    2.9517399058E-31
 162.38219   -7.0306204857E+01    2.9268683415E-31
 162.48224   -7.0314661422E+01    2.9022214502E-31
 162.58229   -7.0323112789E+01    2.8777970662E-31
 162.68234   -7.0331558965E+01    2.8535930458E-31
 162.78239   -7.0339999956E+01    2.8296072673E-31
 162.88244   -7.0348435768E+01    2.8058376306E-31
 162.98249   -7.0356866408E+01    2.7822820574E-31
 163.08254   -7.0365291882E+01    2.7589384903E-31
 163.18259   -7.0373712197E+01    2.7358048932E-31
 163.28264   -7.0382127358E+01    2.7128792505E-31
 163.38269   -7.0390537372E+01    2.6901595674E-31
 163.48274   -7.0398942246E+01    2.6676438693E-31
 163.58279   -7.0407341985E+01    2.6453302017E-31
 163.68284   -7.0415736597E+01    2.6232166303E-31
 163.78289   -7.0424126086E+01    2.6013012400E-31
 163.88294   -7.0432510460E+01    2.5795821355E-31
 163.98299   -7.0440889725E+01    2.5580574408E-31
 164.08304   -7.0449263886E+01    2.5367252988E-31
 164.18309   -7.0457632951E+01    2.5155838713E-31
 164.28314   -7.0465996925E+01    2.4946313387E-31
 164.38319   -7.0474355814E+01    2.4738659001E-31
 164.48324   -7.0482709625E+01    2.4532857725E-31
 164.58329   -7.0491058364E+01    2.4328891911E-31
 164.68334   -7.0499402037E+01    2.4126744092E-31
 164.78339   -7.0507740650E+01    2.3926396973E-31
 164.88344   -7.0516074210E+01    2.3727833438E-31
 164.98349   -7.0524402722E+01    2.3531036542E-31
 165.08354   -7.0532726193E+01    2.3335989512E-31
 165.18359   -7.0541044628E+01    2.3142675743E-31
 165.28364   -7.0549358034E+01    2.2951078798E-31
 165.38369   -7.0557666417E+01    2.2761182406E-31
 165.48374   -7.0565969783E+01    2.2572970460E-31
 165.58379   -7.0574268137E+01    2.2386427015E-31
 165.68384   -7.0582561487E+01    2.2201536286E-31
 165.78389   -7.0590849838E+01    2.2018282648E-31
 165.88394   -7.0599133196E+01    2.1836650631E-31
 165.98399   -7.0607411567E+01    2.1656624921E-31
 166.08404   -7.0615684957E+01    2.1478190360E-31
 166.18409   -7.0623953373E+01    2.1301331938E-31
 166.28414   -7.0632216819E+01    2.1126034800E-31
 166.38419   -7.0640475303E+01    2.0952284236E-31
 166.48424   -7.0648728829E+01    2.0780065684E-31
 166.58429   -7.0656977405E+01    2.0609364731E-31
 166.68434   -7.0665221035E+01    2.0440167103E-31
 166.78439   -7.0673459727E+01    2.0272458674E-31
 166.88444   -7.0681693485E+01    2.0106225454E-31
 166.98449   -7.0689922315E+01    1.9941453596E-31
 167.08454   -7.0698146225E+01    1.9778129391E-31
 167.18459   -7.0706365219E+01    1.9616239266E-31
 167.28464   -7.0714579303E+01    1.9455769782E-31
 167.38469   -7.0722788483E+01    1.9296707635E-31
 167.48474   -7.0730992766E+01    1.9139039655E-31
 167.58479   -7.0739192156E+01    1.8982752800E-31
 167.68484   -7.0747386660E+01    1.8827834160E-31
 167.78489   -7.0755576284E+01    1.8674270952E-31
 167.88494   -7.0763761033E+01    1.8522050521E-31
 167.98499   -7.0771940914E+01    1.8371160336E-31
 168.08504   -7.0780115931E+01    1.8221587992E-31
 168.18509   -7.0788286091E+01    1.8073321206E-31
 168.28514   -7.0796451400E+01    1.7926347817E-31
 168.38519   -7.0804611863E+01    1.7780655783E-31
 168.48524   -7.0812767486E+01    1.7636233184E-31
 168.58529   -7.0820918275E+01    1.7493068216E-31
 168.68534   -7.0829064236E+01    1.7351149192E-31
 168.78539   -7.0837205374E+01    1.7210464540E-31
 168.88544   -7.0845341694E+01    1.7071002802E-31
 168.98549   -7.0853473204E+01    1.6932752635E-31
 169.08554   -7.0861599907E+01    1.6795702806E-31
 169.18559   -7.0869721811E+01    1.6659842193E-31
 169.28564   -7.0877838921E+01    1.6525159784E-31
 169.38569   -7.0885951242E+01    1.6391644675E-31
 169.48574   -7.0894058780E+01    1.6259286069E-31
 169.58579   -7.0902161541E+01    1.6128073275E-31
 169.68584   -7.0910259530E+01    1.5997995709E-31
 169.78589   -7.0918352753E+01    1.5869042889E-31
 169.88594   -7.0926441215E+01    1.5741204436E-31
 169.98599   -7.0934524923E+01    1.5614470074E-31
 170.08604   -7.0942603881E+01    1.5488829625E-31
 170.18609   -7.0950678096E+01    1.5364273014E-31
 170.28614   -7.0958747572E+01    1.5240790263E-31
 170.38619   -7.0966812316E+01    1.5118371492E-31
 170.48624   -7.0974872333E+01    1.4997006917E-31
 170.58629   -7.0982927629E+01    1.4876686851E-31
 170.68634   -7.0990978209E+01    1.4757401699E-31
 170.78639   -7.0999024078E+01    1.4639141963E-31
 170.88644   -7.1007065243E+01    1.4521898235E-31
 170.98649   -7.1015101708E+01    1.4405661200E-31
 171.08654   -7.1023133479E+01    1.4290421634E-31
 171.18659   -7.1031160562E+01    1.4176170402E-31
 171.28664   -7.1039182961E+01    1.4062898458E-31
 171.38669   -7.1047200684E+01    1.3950596845E-31
 171.48674   -7.1055213734E+01    1.3839256692E-31
 171.58679   -7.1063222118E+01    1.3728869215E-31
 171.68684   -7.1071225841E+01    1.3619425714E-31
 171.78689   -7.1079224908E+01    1.3510917574E-31
 171.88694   -7.1087219325E+01    1.3403336266E-31
 171.98699   -7.1095209097E+01    1.3296673340E-31
 172.08704   -7.1103194229E+01    1.3190920429E-31
 172.18709   -7.1111174728E+01    1.3086069248E-31
 172.28714   -7.1119150597E+01    1.2982111593E-31
 172.38719   -7.1127121844E+01    1.2879039336E-31
 172.48724   -7.1135088472E+01    1.2776844430E-31
 172.58729   -7.1143050488E+01    1.2675518905E-31
 172.68734   -7.1151007896E+01    1.2575054870E-31
 172.78739   -7.1158960703E+01    1.2475444506E-31
 172.88744   -7.1166908913E+01    1.2376680073E-31
 172.98749   -7.1174852532E+01    1.2278753905E-31
 173.08754   -7.1182791565E+01    1.2181658408E-31
 173.18759   -7.1190726017E+01    1.2085386063E-31
 173.28764   -7.1198655893E+01    1.1989929422E-31
 173.38769   -7.1206581200E+01    1.1895281110E-31
 173.48774   -7.1214501941E+01    1.1801433822E-31
 173.58779   -7.1222418123E+01    1.1708380324E-31
 173.68784   -7.1230329751E+01    1.1616113449E-31
 173.78789   -7.1238236830E+01    1.1524626102E-31
 173.88794   -7.1246139365E+01    1.1433911255E-31
 173.98799   -7.1254037361E+01    1.1343961946E-31
 174.08804   -7.1261930823E+01    1.1254771280E-31
 174.18809   -7.1269819758E+01    1.1166332430E-31
 174.28814   -7.1277704169E+01    1.1078638632E-31
 174.38819   -7.1285584063E+01    1.0991683189E-31
 174.48824   -7.1293459444E+01    1.0905459465E-31
 174.58829   -7.1301330317E+01    1.0819960889E-31
 174.68834   -7.1309196688E+01    1.0735180954E-31
 174.78839   -7.1317058562E+01    1.0651113213E-31
 174.88844   -7.1324915944E+01    1.0567751281E-31
 174.98849   -7.1332768839E+01    1.0485088835E-31
 175.08854   -7.1340617252E+01    1.0403119610E-31
 175.18859   -7.1348461189E+01    1.0321837403E-31
 175.28864   -7.1356300654E+01    1.0241236068E-31
 175.38869   -7.1364135652E+01    1.0161309519E-31
 175.48874   -7.1371966189E+01    1.0082051728E-31
 175.58879   -7.1379792270E+01    1.0003456721E-31
 175.68884   -7.1387613900E+01    9.9255185860E-32
 175.78889   -7.1395431084E+01    9.8482314623E-32
 175.88894   -7.1403243826E+01    9.7715895474E-32
 175.98899   -7.1411052133E+01    9.6955870928E-32
 176.08904   -7.1418856008E+01    9.6202184049E-32
 176.18909   -7.1426655458E+01    9.5454778435E-32
 176.28914   -7.1434450486E+01    9.4713598223E-32
 176.38919   -7.1442241099E+01    9.3978588074E-32
 176.48924   -7.1450027301E+01    9.3249693173E-32
 176.58929   -7.1457809096E+01    9.2526859224E-32
 176.68934   -7.1465586491E+01    9.1810032440E-32
 176.78939   -7.1473359490E+01    9.1099159545E-32
 176.88944   -7.1481128098E+01    9.0394187764E-32
 176.98949   -7.1488892320E+01    8.9695064818E-32
 177.08954   -7.1496652161E+01    8.9001738922E-32
 177.18959   -7.1504407625E+01    8.8314158778E-32
 177.28964   -7.1512158719E+01    8.7632273568E-32
 177.38969   -7.1519905446E+01    8.6956032956E-32
 177.48974   -7.1527647812E+01    8.6285387075E-32
 177.58979   -7.1535385822E+01    8.5620286529E-32
 177.68984   -7.1543119480E+01    8.4960682384E-32
 177.78989   -7.1550848791E+01    8.4306526166E-32
 177.88994   -7.1558573760E+01    8.3657769855E-32
 177.98999   -7.1566294393E+01    8.3014365879E-32
 178.09005   -7.1574010694E+01    8.2376267115E-32
 178.19010   -7.1581722667E+01    8.1743426879E-32
 178.29015   -7.1589430319E+01    8.1115798923E-32
 178.39020   -7.1597133653E+01    8.0493337433E-32
 178.49025   -7.1604832674E+01    7.9875997022E-32
 178.59030   -7.1612527387E+01    7.9263732726E-32
 178.69035   -7.1620217798E+01    7.8656500002E-32
 178.79040   -7.1627903911E+01    7.8054254723E-32
 178.89045   -7.1635585730E+01    7.7456953172E-32
 178.99050   -7.1643263260E+01    7.6864552039E-32
 179.09055   -7.1650936507E+01    7.6277008418E-32
 179.19060   -7.1658605475E+01    7.5694279804E-32
 179.29065   -7.1666270169E+01    7.5116324083E-32
 179.39070   -7.1673930593E+01    7.4543099537E-32
 179.49075   -7.1681586753E+01    7.3974564833E-32
 179.59080   -7.1689238653E+01    7.3410679023E-32
 179.69085   -7.1696886298E+01    7.2851401538E-32
 179.79090   -7.1704529692E+01    7.2296692185E-32
 179.89095   -7.1712168840E+01    7.1746511147E-32
 179.99100   -7.1719803748E+01    7.1200818971E-32
 180.09105   -7.1727434419E+01    7.0659576572E-32
 180.19110   -7.1735060859E+01    7.0122745228E-32
 180.29115   -7.1742683072E+01    6.9590286571E-32
 180.39120   -7.1750301063E+01    6.9062162593E-32
 180.49125   -7.1757914836E+01    6.8538335633E-32
 180.59130   -7.1765524396E+01    6.8018768379E-32
 180.69135   -7.1773129748E+01    6.7503423864E-32
 180.79140   -7.1780730897E+01    6.6992265461E-32
 180.89145   -7.1788327847E+01    6.6485256883E-32
 180.99150   -7.1795920602E+01    6.5982362174E-32
 181.09155   -7.1803509168E+01    6.5483545711E-32
 181.19160   -7.1811093549E+01    6.4988772199E-32
 181.29165   -7.1818673750E+01    6.4498006668E-32
 181.39170   -7.1826249775E+01    6.4011214467E-32
 181.49175   -7.1833821628E+01    6.3528361267E-32
 181.59180   -7.1841389316E+01    6.3049413051E-32
 181.69185   -7.1848952841E+01    6.2574336117E-32
 181.79190   -7.1856512209E+01    6.2103097071E-32
 181.89195   -7.1864067424E+01    6.1635662824E-32
 181.99200   -7.1871618491E+01    6.1172000591E-32
 182.09205   -7.1879165414E+01    6.0712077889E-32
 182.19210   -7.1886708198E+01    6.0255862531E-32
 182.29215   -7.1894246847E+01    5.9803322623E-32
 182.39220   -7.1901781366E+01    5.9354426565E-32
 182.49225   -7.1909311760E+01    5.8909143044E-32
 182.59230   -7.1916838033E+01    5.8467441035E-32
 182.69235   -7.1924360189E+01    5.8029289794E-32
 182.79240   -7.1931878234E+01    5.7594658859E-32
 182.89245   -7.1939392170E+01    5.7163518046E-32
 182.99250   -7.1946902004E+01    5.6735837444E-32
 183.09255   -7.1954407739E+01    5.6311587417E-32
 183.19260   -7.1961909380E+01    5.5890738597E-32
 183.29265   -7.1969406932E+01    5.5473261884E-32
 183.39270   -7.1976900398E+01    5.5059128443E-32
 183.49275   -7.1984389784E+01    5.4648309701E-32
 183.59280   -7.1991875094E+01    5.4240777343E-32
 183.69285   -7.1999356331E+01    5.3836503312E-32
 183.79290   -7.2006833502E+01    5.3435459808E-32
 183.89295   -7.2014306609E+01    5.3037619279E-32
 183.99300   -7.2021775658E+01    5.2642954425E-32
 184.09305   -7.2029240653E+01    5.2251438194E-32
 184.19310   -7.2036701598E+01    5.1863043778E-32
 184.29315   -7.2044158498E+01    5.1477744610E-32
 184.39320   -7.2051611357E+01    5.1095514367E-32
 184.49325   -7.2059060179E+01    5.0716326961E-32
 184.59330   -7.2066504969E+01    5.0340156541E-32
 184.69335   -7.2073945732E+01    4.9966977488E-32
 184.79340   -7.2081382471E+01    4.9596764416E-32
 184.89345   -7.2088815191E+01    4.9229492168E-32
 184.99350   -7.2096243896E+01    4.8865135812E-32
 185.09355   -7.2103668590E+01    4.8503670642E-32
 185.19360   -7.2111089279E+01    4.8145072174E-32
 185.29365   -7.2118505966E+01    4.7789316146E-32
 185.39370   -7.2125918655E+01    4.7436378511E-32
 185.49375   -7.2133327352E+01    4.7086235441E-32
 185.59380   -7.2140732059E+01    4.6738863322E-32
 185.69385   -7.2148132782E+01    4.6394238750E-32
 185.79390   -7.2155529525E+01    4.6052338534E-32
 185.89395   -7.2162922292E+01    4.5713139688E-32
 185.99400   -7.2170311087E+01    4.5376619434E-32
 186.09405   -7.2177695915E+01    4.5042755199E-32
 186.19410   -7.2185076779E+01    4.4711524610E-32
 186.29415   -7.2192453685E+01    4.4382905496E-32
 186.39420   -7.2199826636E+01    4.4056875883E-32
 186.49425   -7.2207195637E+01    4.3733413994E-32
 186.59430   -7.2214560691E+01    4.3412498248E-32
 186.69435   -7.2221921804E+01    4.3094107255E-32
 186.79440   -7.2229278979E+01    4.2778219817E-32
 186.89445   -7.2236632220E+01    4.2464814925E-32
 186.99450   -7.2243981532E+01    4.2153871758E-32
 187.09455   -7.2251326919E+01    4.1845369678E-32
 187.19460   -7.2258668385E+01    4.1539288234E-32
 187.29465   -7.2266005934E+01    4.1235607156E-32
 187.39470   -7.2273339571E+01    4.0934306354E-32
 187.49475   -7.2280669300E+01    4.0635365917E-32
 187.59480   -7.2287995124E+01    4.0338766112E-32
 187.69485   -7.2295317048E+01    4.0044487380E-32
 187.79490   -7.2302635077E+01    3.9752510335E-32
 187.89495   -7.2309949213E+01    3.9462815766E-32
 187.99500   -7.2317259462E+01    3.9175384630E-32
 188.09505   -7.2324565828E+01    3.8890198054E-32
 188.19510   -7.2331868314E+01    3.8607237331E-32
 188.29515   -7.2339166925E+01    3.8326483922E-32
 188.39520   -7.2346461665E+01    3.8047919449E-32
 188.49525   -7.2353752538E+01    3.7771525700E-32
 188.59530   -7.2361039549E+01    3.7497284621E-32
 188.69535   -7.2368322700E+01    3.7225178320E-32
 188.79540   -7.2375601997E+01    3.6955189061E-32
 188.89545   -7.2382877443E+01    3.6687299268E-32
 188.99550   -7.2390149042E+01    3.6421491515E-32
 189.09555   -7.2397416799E+01    3.6157748535E-32
 189.19560   -7.2404680718E+01    3.5896053209E-32
 189.29565   -7.2411940802E+01    3.5636388572E-32
 189.39570   -7.2419197056E+01    3.5378737806E-32
 189.49575   -7.2426449484E+01    3.5123084243E-32
 189.59580   -7.2433698089E+01    3.4869411360E-32
 189.69585   -7.2440942877E+01    3.4617702780E-32
 189.79590   -7.2448183850E+01    3.4367942271E-32
 189.89595   -7.2455421013E+01    3.4120113742E-32
 189.99600   -7.2462654369E+01    3.3874201243E-32
 190.09605   -7.2469883924E+01    3.3630188965E-32
 190.19610   -7.2477109681E+01    3.3388061239E-32
 190.29615   -7.2484331643E+01    3.3147802530E-32
 190.39620   -7.2491549815E+01    3.2909397441E-32
 190.49625   -7.2498764201E+01    3.2672830711E-32
 190.59630   -7.2505974805E+01    3.2438087210E-32
 190.69635   -7.2513181631E+01    3.2205151943E-32
 190.79640   -7.2520384682E+01    3.1974010043E-32
 190.89645   -7.2527583963E+01    3.1744646776E-32
 190.99650   -7.2534779478E+01    3.1517047535E-32
 191.09655   -7.2541971230E+01    3.1291197840E-32
 191.19660   -7.2549159224E+01    3.1067083339E-32
 191.29665   -7.2556343463E+01    3.0844689804E-32
 191.39670   -7.2563523951E+01    3.0624003131E-32
 191.49675   -7.2570700693E+01    3.0405009340E-32
 191.59680   -7.2577873692E+01    3.0187694571E-32
 191.69685   -7.2585042952E+01    2.9972045087E-32
 191.79690   -7.2592208477E+01    2.9758047267E-32
 191.89695   -7.2599370271E+01    2.9545687611E-32
 191.99700   -7.2606528338E+01    2.9334952737E-32
 192.09705   -7.2613682681E+01    2.9125829376E-32
 192.19710   -7.2620833305E+01    2.8918304377E-32
 192.29715   -7.2627980213E+01    2.8712364702E-32
 192.39720   -7.2635123409E+01    2.8507997426E-32
 192.49725   -7.2642262898E+01    2.8305189736E-32
 192.59730   -7.2649398683E+01    2.8103928931E-32
 192.69735   -7.2656530767E+01    2.7904202419E-32
 192.79740   -7.2663659155E+01    2.7705997716E-32
 192.89745   -7.2670783851E+01    2.7509302447E-32
 192.99750   -7.2677904857E+01    2.7314104346E-32
 193.09755   -7.2685022179E+01    2.7120391249E-32
 193.19760   -7.2692135820E+01    2.6928151100E-32
 193.29765   -7.2699245784E+01    2.6737371945E-32
 193.39770   -7.2706352074E+01    2.6548041935E-32
 193.49775   -7.2713454694E+01    2.6360149322E-32
 193.59780   -7.2720553649E+01    2.6173682460E-32
 193.69785   -7.2727648942E+01    2.5988629802E-32
 193.79790   -7.2734740576E+01    2.5804979902E-32
 193.89795   -7.2741828556E+01    2.5622721411E-32
 193.99800   -7.2748912885E+01    2.5441843079E-32
 194.09805   -7.2755993567E+01    2.5262333752E-32
 194.19810   -7.2763070606E+01    2.5084182371E-32
 194.29815   -7.2770144005E+01    2.4907377973E-32
 194.39820   -7.2777213769E+01    2.4731909689E-32
 194.49825   -7.2784279900E+01    2.4557766744E-32
 194.59830   -7.2791342404E+01    2.4384938453E-32
 194.69835   -7.2798401282E+01    2.4213414224E-32
 194.79840   -7.2805456540E+01    2.4043183557E-32
 194.89845   -7.2812508181E+01    2.3874236039E-32
 194.99850   -7.2819556209E+01    2.3706561349E-32
 195.09855   -7.2826600627E+01    2.3540149253E-32
 195.19860   -7.2833641438E+01    2.3374989603E-32
 195.29865   -7.2840678648E+01    2.3211072340E-32
 195.39870   -7.2847712259E+01    2.3048387490E-32
 195.49875   -7.2854742275E+01    2.2886925163E-32
 195.59880   -7.2861768700E+01    2.2726675556E-32
 195.69885   -7.2868791537E+01    2.2567628947E-32
 195.79890   -7.2875810790E+01    2.2409775698E-32
 195.89895   -7.2882826463E+01    2.2253106253E-32
 195.99900   -7.2889838559E+01    2.2097611137E-32
 196.09905   -7.2896847083E+01    2.1943280956E-32
 196.19910   -7.2903852037E+01    2.1790106396E-32
 196.29915   -7.2910853426E+01    2.1638078222E-32
 196.39920   -7.2917851252E+01    2.1487187276E-32
 196.49925   -7.2924845520E+01    2.1337424481E-32
 196.59930   -7.2931836233E+01    2.1188780833E-32
 196.69935   -7.2938823395E+01    2.1041247408E-32
 196.79940   -7.2945807010E+01    2.0894815356E-32
 196.89945   -7.2952787080E+01    2.0749475902E-32
 196.99950   -7.2959763610E+01    2.0605220345E-32
 197.09955   -7.2966736604E+01    2.0462040058E-32
 197.19960   -7.2973706064E+01    2.0319926488E-32
 197.29965   -7.2980671994E+01    2.0178871152E-32
 197.39970   -7.2987634399E+01    2.0038865641E-32
 197.49975   -7.2994593281E+01    1.9899901617E-32
 197.59980   -7.3001548644E+01    1.9761970809E-32
 197.69985   -7.3008500492E+01    1.9625065021E-32
 197.79990   -7.3015448828E+01    1.9489176122E-32
 197.89995   -7.3022393656E+01    1.9354296051E-32
 198.00000   -7.3029334979E+01    1.9220416815E-32
 198.10005   -7.3036272801E+01    1.9087530488E-32
 198.20010   -7.3043207125E+01    1.8955629212E-32
 198.30015   -7.3050137956E+01    1.8824705193E-32
 198.40020   -7.3057065295E+01    1.8694750704E-32
 198.50025   -7.3063989148E+01    1.8565758083E-32
 198.60030   -7.3070909517E+01    1.8437719731E-32
 198.70035   -7.3077826406E+01    1.8310628114E-32
 198.80040   -7.3084739819E+01    1.8184475761E-32
 198.90045   -7.3091649758E+01    1.8059255264E-32
 199.00050   -7.3098556228E+01    1.7934959277E-32
 199.10055   -7.3105459232E+01    1.7811580514E-32
 199.20060   -7.3112358774E+01    1.7689111752E-32
 199.30065   -7.3119254856E+01    1.7567545828E-32
 199.40070   -7.3126147483E+01    1.7446875639E-32
 199.50075   -7.3133036657E+01    1.7327094140E-32
 199.60080   -7.3139922383E+01    1.7208194347E-32
 199.70085   -7.3146804663E+01    1.7090169332E-32
 199.80090   -7.3153683502E+01    1.6973012228E-32
 199.90095   -7.3160558903E+01    1.6856716223E-32
 200.00100   -7.3167430868E+01    1.6741274561E-32
