# r, u_l, exp(u_l)  X-he4  l=         2
   0.00100   -2.0000000000E+02    1.3838965267E-87
   0.10105   -2.0000000000E+02    1.3838965267E-87
   0.20110   -2.0000000000E+02    1.3838965267E-87
   0.30115   -2.0000000000E+02    1.3838965267E-87
   0.40120   -2.0000000000E+02    1.3838965267E-87
   0.50125   -1.4682220863E+02    1.7215711350E-64
   0.60130   -8.2673464181E+01    1.2455773612E-36
   0.70135   -5.0865911626E+01    8.1136312130E-23
   0.80140   -3.3394392144E+01    3.1405069959E-15
   0.90145   -2.3038727995E+01    9.8720548919E-11
   1.00150   -1.6528782391E+01    6.6319465161E-08
   1.10155   -1.2239988885E+01    4.8332623419E-06
   1.20160   -9.3043627300E+00    9.1026241034E-05
   1.30165   -7.2300422273E+00    7.2449026926E-04
   1.40170   -5.7244190171E+00    3.2652497793E-03
   1.50175   -4.6061599407E+00    9.9901073498E-03
   1.60180   -3.7589057689E+00    2.3309232111E-02
   1.70185   -3.1057105098E+00    4.4792681611E-02
   1.80190   -2.5943391011E+00    7.4695225760E-02
   1.90195   -2.1885036536E+00    1.1208434019E-01
   2.00200   -1.8624735082E+00    1.5528804867E-01
   2.10205   -1.5976672447E+00    2.0236804292E-01
   2.20210   -1.3804440490E+00    2.5146686465E-01
   2.30215   -1.2006403376E+00    3.0100140766E-01
   2.40220   -1.0505806278E+00    3.4973462450E-01
   2.50225   -9.2439675261E-01    3.9677069778E-01
   2.60230   -8.1755151238E-01    4.4151136725E-01
   2.70235   -7.2650030601E-01    4.8359847871E-01
   2.80240   -6.4844742244E-01    5.2285692284E-01
   2.90245   -5.8116825516E-01    5.5924464434E-01
   3.00250   -5.2287806750E-01    5.9281193763E-01
   3.10255   -4.7213405340E-01    6.2366990224E-01
   3.20260   -4.2776149819E-01    6.5196689154E-01
   3.30265   -3.8879757792E-01    6.7787147228E-01
   3.40270   -3.5444820239E-01    7.0156045580E-01
   3.50275   -3.2405459795E-01    7.2321075548E-01
   3.60280   -2.9706722915E-01    7.4299405982E-01
   3.70285   -2.7302529764E-01    7.6107353402E-01
   3.80290   -2.5154051362E-01    7.7760195350E-01
   3.90295   -2.3228416527E-01    7.9272082757E-01
   4.00300   -2.1497675221E-01    8.0656019070E-01
   4.10305   -1.9937962568E-01    8.1923883020E-01
   4.20310   -1.8528820965E-01    8.3086478609E-01
   4.30315   -1.7252647484E-01    8.4153600899E-01
   4.40320   -1.6094241140E-01    8.5134109724E-01
   4.50325   -1.5040430214E-01    8.6036006068E-01
   4.60330   -1.4079764077E-01    8.6866507631E-01
   4.70335   -1.3202257233E-01    8.7632121425E-01
   4.80340   -1.2399175870E-01    8.8338712111E-01
   4.90345   -1.1662859138E-01    8.8991565414E-01
   5.00350   -1.0986568937E-01    8.9595446342E-01
   5.10355   -1.0364363219E-01    9.0154652234E-01
   5.20360   -9.7909887327E-02    9.0673060799E-01
   5.30365   -9.2617899418E-02    9.1154173439E-01
   5.40370   -8.7726314130E-02    9.1601154184E-01
   5.50375   -8.3198314886E-02    9.2016864598E-01
   5.60380   -7.9001054278E-02    9.2403895025E-01
   5.70385   -7.5105165291E-02    9.2764592504E-01
   5.80390   -7.1484339949E-02    9.3101085716E-01
   5.90395   -6.8114965136E-02    9.3415307237E-01
   6.00400   -6.4975807011E-02    9.3709013411E-01
   6.10405   -6.2047736871E-02    9.3983802079E-01
   6.20410   -5.9313492433E-02    9.4241128404E-01
   6.30415   -5.6757469484E-02    9.4482319004E-01
   6.40420   -5.4365539639E-02    9.4708584580E-01
   6.50425   -5.2124890567E-02    9.4921031203E-01
   6.60430   -5.0023885647E-02    9.5120670404E-01
   6.70435   -4.8051940426E-02    9.5308428219E-01
   6.80440   -4.6199413654E-02    9.5485153277E-01
   6.90445   -4.4457511001E-02    9.5651624065E-01
   7.00450   -4.2818199813E-02    9.5808555437E-01
   7.10455   -4.1274133511E-02    9.5956604468E-01
   7.20460   -3.9818584427E-02    9.6096375713E-01
   7.30465   -3.8445384028E-02    9.6228425939E-01
   7.40470   -3.7148869637E-02    9.6353268391E-01
   7.50475   -3.5923836855E-02    9.6471376632E-01
   7.60480   -3.4765497027E-02    9.6583188015E-01
   7.70485   -3.3669439142E-02    9.6689106816E-01
   7.80490   -3.2631595659E-02    9.6789507066E-01
   7.90495   -3.1648211827E-02    9.6884735118E-01
   8.00500   -3.0715818069E-02    9.6975111967E-01
   8.10505   -2.9831205129E-02    9.7060935360E-01
   8.20510   -2.8991401650E-02    9.7142481708E-01
   8.30515   -2.8193653920E-02    9.7220007821E-01
   8.40520   -2.7435407576E-02    9.7293752492E-01
   8.50525   -2.6714291023E-02    9.7363937930E-01
   8.60530   -2.6028100417E-02    9.7430771077E-01
   8.70535   -2.5374786038E-02    9.7494444798E-01
   8.80540   -2.4752439905E-02    9.7555138973E-01
   8.90545   -2.4159284513E-02    9.7613021495E-01
   9.00550   -2.3593662587E-02    9.7668249178E-01
   9.10555   -2.3054027730E-02    9.7720968593E-01
   9.20560   -2.2538935904E-02    9.7771316831E-01
   9.30565   -2.2047037636E-02    9.7819422203E-01
   9.40570   -2.1577070904E-02    9.7865404881E-01
   9.50575   -2.1127854624E-02    9.7909377490E-01
   9.60580   -2.0698282675E-02    9.7951445647E-01
   9.70585   -2.0287318435E-02    9.7991708461E-01
   9.80590   -1.9893989760E-02    9.8030258991E-01
   9.90595   -1.9517384365E-02    9.8067184668E-01
  10.00600   -1.9156645595E-02    9.8102567686E-01
  10.10605   -1.8810968516E-02    9.8136485357E-01
  10.20610   -1.8479596326E-02    9.8169010447E-01
  10.30615   -1.8161817047E-02    9.8200211482E-01
  10.40620   -1.7856960464E-02    9.8230153026E-01
  10.50625   -1.7564395316E-02    9.8258895950E-01
  10.60630   -1.7283526683E-02    9.8286497668E-01
  10.70635   -1.7013793583E-02    9.8313012365E-01
  10.80640   -1.6754666745E-02    9.8338491206E-01
  10.90645   -1.6505646543E-02    9.8362982527E-01
  11.00650   -1.6266261090E-02    9.8386532012E-01
  11.10655   -1.6036064460E-02    9.8409182867E-01
  11.20660   -1.5814635050E-02    9.8430975968E-01
  11.30665   -1.5601574048E-02    9.8451950004E-01
  11.40670   -1.5396504020E-02    9.8472141619E-01
  11.50675   -1.5199067586E-02    9.8491585526E-01
  11.60680   -1.5008926198E-02    9.8510314634E-01
  11.70685   -1.4825758994E-02    9.8528360145E-01
  11.80690   -1.4649261737E-02    9.8545751665E-01
  11.90695   -1.4479145823E-02    9.8562517292E-01
  12.00700   -1.4315137355E-02    9.8578683705E-01
  12.10705   -1.4156976282E-02    9.8594276249E-01
  12.20710   -1.4004415591E-02    9.8609319007E-01
  12.30715   -1.3857220556E-02    9.8623834877E-01
  12.40720   -1.3715168036E-02    9.8637845637E-01
  12.50725   -1.3578045811E-02    9.8651372005E-01
  12.60730   -1.3445651973E-02    9.8664433703E-01
  12.70735   -1.3317794346E-02    9.8677049510E-01
  12.80740   -1.3194289945E-02    9.8689237313E-01
  12.90745   -1.3074964473E-02    9.8701014155E-01
  13.00750   -1.2959651843E-02    9.8712396285E-01
  13.10755   -1.2848193734E-02    9.8723399195E-01
  13.20760   -1.2740439173E-02    9.8734037665E-01
  13.30765   -1.2636244142E-02    9.8744325797E-01
  13.40770   -1.2535471209E-02    9.8754277054E-01
  13.50775   -1.2437989181E-02    9.8763904290E-01
  13.60780   -1.2343672780E-02    9.8773219785E-01
  13.70785   -1.2252402332E-02    9.8782235273E-01
  13.80790   -1.2164063482E-02    9.8790961967E-01
  13.90795   -1.2078546919E-02    9.8799410592E-01
  14.00800   -1.1995748122E-02    9.8807591403E-01
  14.10805   -1.1915567117E-02    9.8815514213E-01
  14.20810   -1.1837908251E-02    9.8823188412E-01
  14.30815   -1.1762679973E-02    9.8830622989E-01
  14.40820   -1.1689794636E-02    9.8837826555E-01
  14.50825   -1.1619168304E-02    9.8844807355E-01
  14.60830   -1.1550720568E-02    9.8851573290E-01
  14.70835   -1.1484374380E-02    9.8858131932E-01
  14.80840   -1.1420055888E-02    9.8864490543E-01
  14.90845   -1.1357694284E-02    9.8870656083E-01
  15.00850   -1.1297221663E-02    9.8876635232E-01
  15.10855   -1.1238572879E-02    9.8882434396E-01
  15.20860   -1.1181685422E-02    9.8888059726E-01
  15.30865   -1.1126499293E-02    9.8893517126E-01
  15.40870   -1.1072956888E-02    9.8898812265E-01
  15.50875   -1.1021002887E-02    9.8903950587E-01
  15.60880   -1.0970584153E-02    9.8908937325E-01
  15.70885   -1.0921649629E-02    9.8913777505E-01
  15.80890   -1.0874150244E-02    9.8918475960E-01
  15.90895   -1.0828038830E-02    9.8923037336E-01
  16.00900   -1.0783270031E-02    9.8927466101E-01
  16.10905   -1.0739800223E-02    9.8931766552E-01
  16.20910   -1.0697587444E-02    9.8935942825E-01
  16.30915   -1.0656591312E-02    9.8939998899E-01
  16.40920   -1.0616772966E-02    9.8943938605E-01
  16.50925   -1.0578094992E-02    9.8947765630E-01
  16.60930   -1.0540521366E-02    9.8951483526E-01
  16.70935   -1.0504017394E-02    9.8955095714E-01
  16.80940   -1.0468549653E-02    9.8958605490E-01
  16.90945   -1.0434085940E-02    9.8962016030E-01
  17.00950   -1.0400595220E-02    9.8965330395E-01
  17.10955   -1.0368047575E-02    9.8968551536E-01
  17.20960   -1.0336414162E-02    9.8971682298E-01
  17.30965   -1.0305667167E-02    9.8974725427E-01
  17.40970   -1.0275779759E-02    9.8977683569E-01
  17.50975   -1.0246726057E-02    9.8980559279E-01
  17.60980   -1.0218481084E-02    9.8983355022E-01
  17.70985   -1.0191020737E-02    9.8986073176E-01
  17.80990   -1.0164321748E-02    9.8988716040E-01
  17.90995   -1.0138361651E-02    9.8991285830E-01
  18.01001   -1.0113118752E-02    9.8993784688E-01
  18.11006   -1.0088572098E-02    9.8996214684E-01
  18.21011   -1.0064701446E-02    9.8998577817E-01
  18.31016   -1.0041487238E-02    9.9000876017E-01
  18.41021   -1.0018910572E-02    9.9003111152E-01
  18.51026   -9.9969531794E-03    9.9005285026E-01
  18.61031   -9.9755973972E-03    9.9007399384E-01
  18.71036   -9.9548261480E-03    9.9009455912E-01
  18.81041   -9.9346229162E-03    9.9011456244E-01
  18.91046   -9.9149717269E-03    9.9013401956E-01
  19.01051   -9.8958571259E-03    9.9015294575E-01
  19.11056   -9.8772641597E-03    9.9017135580E-01
  19.21061   -9.8591783576E-03    9.9018926401E-01
  19.31066   -9.8415857129E-03    9.9020668421E-01
  19.41071   -9.8244726667E-03    9.9022362981E-01
  19.51076   -9.8078260908E-03    9.9024011378E-01
  19.61081   -9.7916332722E-03    9.9025614869E-01
  19.71086   -9.7758818983E-03    9.9027174670E-01
  19.81091   -9.7605600419E-03    9.9028691962E-01
  19.91096   -9.7456561479E-03    9.9030167886E-01
  20.01101   -9.7311590194E-03    9.9031603550E-01
  20.11106   -9.7170578057E-03    9.9033000026E-01
  20.21111   -9.7033419891E-03    9.9034358353E-01
  20.31116   -9.6900013740E-03    9.9035679541E-01
  20.41121   -9.6770260752E-03    9.9036964567E-01
  20.51126   -9.6644065070E-03    9.9038214379E-01
  20.61131   -9.6521333730E-03    9.9039429896E-01
  20.71136   -9.6401976559E-03    9.9040612009E-01
  20.81141   -9.6285906080E-03    9.9041761585E-01
  20.91146   -9.6173037419E-03    9.9042879462E-01
  21.01151   -9.6063288218E-03    9.9043966456E-01
  21.11156   -9.5956578547E-03    9.9045023357E-01
  21.21161   -9.5852830823E-03    9.9046050932E-01
  21.31166   -9.5751969732E-03    9.9047049926E-01
  21.41171   -9.5653922149E-03    9.9048021063E-01
  21.51176   -9.5558617073E-03    9.9048965045E-01
  21.61181   -9.5465985547E-03    9.9049882555E-01
  21.71186   -9.5375960597E-03    9.9050774255E-01
  21.81191   -9.5288477165E-03    9.9051640789E-01
  21.91196   -9.5203472046E-03    9.9052482783E-01
  22.01201   -9.5120883827E-03    9.9053300843E-01
  22.11206   -9.5040652829E-03    9.9054095561E-01
  22.21211   -9.4962721053E-03    9.9054867510E-01
  22.31216   -9.4887032122E-03    9.9055617248E-01
  22.41221   -9.4813531233E-03    9.9056345319E-01
  22.51226   -9.4742165105E-03    9.9057052248E-01
  22.61231   -9.4672881930E-03    9.9057738549E-01
  22.71236   -9.4605631328E-03    9.9058404720E-01
  22.81241   -9.4540364300E-03    9.9059051247E-01
  22.91246   -9.4477033186E-03    9.9059678601E-01
  23.01251   -9.4415591625E-03    9.9060287241E-01
  23.11256   -9.4355994510E-03    9.9060877614E-01
  23.21261   -9.4298197954E-03    9.9061450153E-01
  23.31266   -9.4242159248E-03    9.9062005282E-01
  23.41271   -9.4187836829E-03    9.9062543413E-01
  23.51276   -9.4135190240E-03    9.9063064944E-01
  23.61281   -9.4084180104E-03    9.9063570268E-01
  23.71286   -9.4034768081E-03    9.9064059762E-01
  23.81291   -9.3986916846E-03    9.9064533797E-01
  23.91296   -9.3940590053E-03    9.9064992732E-01
  24.01301   -9.3895752307E-03    9.9065436918E-01
  24.11306   -9.3852369137E-03    9.9065866697E-01
  24.21311   -9.3810406965E-03    9.9066282399E-01
  24.31316   -9.3769833085E-03    9.9066684350E-01
  24.41321   -9.3730615632E-03    9.9067072866E-01
  24.51326   -9.3692723559E-03    9.9067448252E-01
  24.61331   -9.3656126616E-03    9.9067810809E-01
  24.71336   -9.3620795321E-03    9.9068160829E-01
  24.81341   -9.3586700944E-03    9.9068498596E-01
  24.91346   -9.3553815480E-03    9.9068824388E-01
  25.01351   -9.3522111631E-03    9.9069138475E-01
  25.11356   -9.3491562785E-03    9.9069441120E-01
  25.21361   -9.3462142996E-03    9.9069732581E-01
  25.31366   -9.3433826967E-03    9.9070013108E-01
  25.41371   -9.3406590027E-03    9.9070282944E-01
  25.51376   -9.3380408119E-03    9.9070542330E-01
  25.61381   -9.3355257778E-03    9.9070791496E-01
  25.71386   -9.3331116117E-03    9.9071030669E-01
  25.81391   -9.3307960811E-03    9.9071260072E-01
  25.91396   -9.3285770079E-03    9.9071479918E-01
  26.01401   -9.3264522672E-03    9.9071690420E-01
  26.11406   -9.3244197855E-03    9.9071891781E-01
  26.21411   -9.3224775395E-03    9.9072084203E-01
  26.31416   -9.3206235548E-03    9.9072267882E-01
  26.41421   -9.3188559042E-03    9.9072443007E-01
  26.51426   -9.3171727068E-03    9.9072609766E-01
  26.61431   -9.3155721267E-03    9.9072768339E-01
  26.71436   -9.3140523714E-03    9.9072918906E-01
  26.81441   -9.3126116910E-03    9.9073061638E-01
  26.91446   -9.3112483770E-03    9.9073196706E-01
  27.01451   -9.3099607612E-03    9.9073324275E-01
  27.11456   -9.3087472145E-03    9.9073444505E-01
  27.21461   -9.3076061458E-03    9.9073557554E-01
  27.31466   -9.3065360014E-03    9.9073663577E-01
  27.41471   -9.3055352635E-03    9.9073762724E-01
  27.51476   -9.3046024495E-03    9.9073855142E-01
  27.61481   -9.3037361112E-03    9.9073940973E-01
  27.71486   -9.3029348337E-03    9.9074020359E-01
  27.81491   -9.3021972346E-03    9.9074093436E-01
  27.91496   -9.3015219632E-03    9.9074160338E-01
  28.01501   -9.3009076994E-03    9.9074221196E-01
  28.11506   -9.3003531535E-03    9.9074276137E-01
  28.21511   -9.2998570649E-03    9.9074325286E-01
  28.31516   -9.2994182013E-03    9.9074368766E-01
  28.41521   -9.2990353586E-03    9.9074406696E-01
  28.51526   -9.2987073595E-03    9.9074439193E-01
  28.61531   -9.2984330532E-03    9.9074466369E-01
  28.71536   -9.2982113145E-03    9.9074488338E-01
  28.81541   -9.2980410434E-03    9.9074505208E-01
  28.91546   -9.2979211644E-03    9.9074517085E-01
  29.01551   -9.2978506257E-03    9.9074524073E-01
  29.11556   -9.2978283989E-03    9.9074526275E-01
  29.21561   -9.2978534779E-03    9.9074523791E-01
  29.31566   -9.2979248793E-03    9.9074516717E-01
  29.41571   -9.2980416406E-03    9.9074505148E-01
  29.51576   -9.2982028208E-03    9.9074489180E-01
  29.61581   -9.2984074992E-03    9.9074468901E-01
  29.71586   -9.2986547752E-03    9.9074444402E-01
  29.81591   -9.2989437676E-03    9.9074415771E-01
  29.91596   -9.2992736143E-03    9.9074383091E-01
  30.01601   -9.2996434718E-03    9.9074346448E-01
  30.11606   -9.3000525146E-03    9.9074305922E-01
  30.21611   -9.3004999352E-03    9.9074261594E-01
  30.31616   -9.3009849430E-03    9.9074213543E-01
  30.41621   -9.3015067644E-03    9.9074161844E-01
  30.51626   -9.3020646424E-03    9.9074106572E-01
  30.61631   -9.3026578358E-03    9.9074047802E-01
  30.71636   -9.3032856193E-03    9.9073985605E-01
  30.81641   -9.3039472826E-03    9.9073920052E-01
  30.91646   -9.3046421308E-03    9.9073851210E-01
  31.01651   -9.3053694832E-03    9.9073779149E-01
  31.11656   -9.3061286735E-03    9.9073703933E-01
  31.21661   -9.3069190492E-03    9.9073625627E-01
  31.31666   -9.3077399717E-03    9.9073544296E-01
  31.41671   -9.3085908153E-03    9.9073460000E-01
  31.51676   -9.3094709675E-03    9.9073372800E-01
  31.61681   -9.3103798283E-03    9.9073282756E-01
  31.71686   -9.3113168103E-03    9.9073189926E-01
  31.81691   -9.3122813380E-03    9.9073094368E-01
  31.91696   -9.3132728477E-03    9.9072996136E-01
  32.01701   -9.3142907874E-03    9.9072895285E-01
  32.11706   -9.3153346164E-03    9.9072791870E-01
  32.21711   -9.3164038047E-03    9.9072685943E-01
  32.31716   -9.3174978333E-03    9.9072577555E-01
  32.41721   -9.3186161939E-03    9.9072466756E-01
  32.51726   -9.3197583882E-03    9.9072353596E-01
  32.61731   -9.3209239280E-03    9.9072238123E-01
  32.71736   -9.3221123351E-03    9.9072120385E-01
  32.81741   -9.3233231408E-03    9.9072000428E-01
  32.91746   -9.3245558858E-03    9.9071878298E-01
  33.01751   -9.3258101200E-03    9.9071754038E-01
  33.11756   -9.3270854023E-03    9.9071627694E-01
  33.21761   -9.3283813003E-03    9.9071499307E-01
  33.31766   -9.3296973905E-03    9.9071368920E-01
  33.41771   -9.3310332573E-03    9.9071236574E-01
  33.51776   -9.3323884938E-03    9.9071102309E-01
  33.61781   -9.3337627008E-03    9.9070966165E-01
  33.71786   -9.3351554873E-03    9.9070828181E-01
  33.81791   -9.3365664696E-03    9.9070688394E-01
  33.91796   -9.3379952718E-03    9.9070546841E-01
  34.01801   -9.3394415253E-03    9.9070403560E-01
  34.11806   -9.3409048687E-03    9.9070258586E-01
  34.21811   -9.3423849476E-03    9.9070111955E-01
  34.31816   -9.3438814147E-03    9.9069963700E-01
  34.41821   -9.3453939291E-03    9.9069813855E-01
  34.51826   -9.3469221568E-03    9.9069662454E-01
  34.61831   -9.3484657701E-03    9.9069509529E-01
  34.71836   -9.3500244477E-03    9.9069355111E-01
  34.81841   -9.3515978746E-03    9.9069199233E-01
  34.91846   -9.3531857416E-03    9.9069041925E-01
  35.01851   -9.3547877457E-03    9.9068883216E-01
  35.11856   -9.3564035895E-03    9.9068723136E-01
  35.21861   -9.3580329815E-03    9.9068561714E-01
  35.31866   -9.3596756355E-03    9.9068398979E-01
  35.41871   -9.3613312709E-03    9.9068234958E-01
  35.51876   -9.3629996126E-03    9.9068069679E-01
  35.61881   -9.3646803904E-03    9.9067903167E-01
  35.71886   -9.3663733395E-03    9.9067735451E-01
  35.81891   -9.3680781999E-03    9.9067566554E-01
  35.91896   -9.3697947166E-03    9.9067396503E-01
  36.01901   -9.3715226395E-03    9.9067225322E-01
  36.11906   -9.3732617230E-03    9.9067053036E-01
  36.21911   -9.3750117264E-03    9.9066879669E-01
  36.31916   -9.3767724132E-03    9.9066705243E-01
  36.41921   -9.3785435515E-03    9.9066529782E-01
  36.51926   -9.3803249138E-03    9.9066353309E-01
  36.61931   -9.3821162767E-03    9.9066175846E-01
  36.71936   -9.3839174210E-03    9.9065997413E-01
  36.81941   -9.3857281316E-03    9.9065818034E-01
  36.91946   -9.3875481975E-03    9.9065637727E-01
  37.01951   -9.3893774114E-03    9.9065456515E-01
  37.11956   -9.3912155699E-03    9.9065274418E-01
  37.21961   -9.3930624736E-03    9.9065091454E-01
  37.31966   -9.3949179264E-03    9.9064907643E-01
  37.41971   -9.3967817362E-03    9.9064723005E-01
  37.51976   -9.3986537140E-03    9.9064537559E-01
  37.61981   -9.4005336747E-03    9.9064351321E-01
  37.71986   -9.4024214364E-03    9.9064164312E-01
  37.81991   -9.4043168204E-03    9.9063976547E-01
  37.91996   -9.4062196516E-03    9.9063788045E-01
  38.02001   -9.4081297577E-03    9.9063598823E-01
  38.12006   -9.4100469700E-03    9.9063408897E-01
  38.22011   -9.4119711224E-03    9.9063218284E-01
  38.32016   -9.4139020522E-03    9.9063027000E-01
  38.42021   -9.4158395995E-03    9.9062835061E-01
  38.52026   -9.4177836073E-03    9.9062642483E-01
  38.62031   -9.4197339214E-03    9.9062449280E-01
  38.72036   -9.4216903905E-03    9.9062255467E-01
  38.82041   -9.4236528661E-03    9.9062061060E-01
  38.92046   -9.4256212020E-03    9.9061866073E-01
  39.02051   -9.4275952551E-03    9.9061670520E-01
  39.12056   -9.4295748847E-03    9.9061474414E-01
  39.22061   -9.4315599525E-03    9.9061277771E-01
  39.32066   -9.4335503229E-03    9.9061080602E-01
  39.42071   -9.4355458626E-03    9.9060882922E-01
  39.52076   -9.4375464407E-03    9.9060684743E-01
  39.62081   -9.4395519286E-03    9.9060486079E-01
  39.72086   -9.4415622003E-03    9.9060286940E-01
  39.82091   -9.4435771316E-03    9.9060087341E-01
  39.92096   -9.4455966008E-03    9.9059887292E-01
  40.02101   -9.4476204884E-03    9.9059686806E-01
  40.12106   -9.4496486769E-03    9.9059485895E-01
  40.22111   -9.4516810508E-03    9.9059284569E-01
  40.32116   -9.4537174970E-03    9.9059082840E-01
  40.42121   -9.4557579040E-03    9.9058880720E-01
  40.52126   -9.4578021626E-03    9.9058678218E-01
  40.62131   -9.4598501654E-03    9.9058475346E-01
  40.72136   -9.4619018069E-03    9.9058272114E-01
  40.82141   -9.4639569834E-03    9.9058068532E-01
  40.92146   -9.4660155933E-03    9.9057864610E-01
  41.02151   -9.4680775364E-03    9.9057660358E-01
  41.12156   -9.4701427146E-03    9.9057455787E-01
  41.22161   -9.4722110314E-03    9.9057250905E-01
  41.32166   -9.4742823921E-03    9.9057045722E-01
  41.42171   -9.4763567034E-03    9.9056840247E-01
  41.52176   -9.4784338739E-03    9.9056634489E-01
  41.62181   -9.4805138137E-03    9.9056428457E-01
  41.72186   -9.4825964347E-03    9.9056222161E-01
  41.82191   -9.4846816499E-03    9.9056015607E-01
  41.92196   -9.4867693743E-03    9.9055808806E-01
  42.02201   -9.4888595240E-03    9.9055601765E-01
  42.12206   -9.4909520169E-03    9.9055394492E-01
  42.22211   -9.4930467721E-03    9.9055186995E-01
  42.32216   -9.4951437102E-03    9.9054979283E-01
  42.42221   -9.4972427533E-03    9.9054771362E-01
  42.52226   -9.4993438247E-03    9.9054563241E-01
  42.62231   -9.5014468491E-03    9.9054354927E-01
  42.72236   -9.5035517525E-03    9.9054146428E-01
  42.82241   -9.5056584622E-03    9.9053937750E-01
  42.92246   -9.5077669069E-03    9.9053728900E-01
  43.02251   -9.5098770162E-03    9.9053519886E-01
  43.12256   -9.5119887214E-03    9.9053310715E-01
  43.22261   -9.5141019547E-03    9.9053101392E-01
  43.32266   -9.5162166494E-03    9.9052891925E-01
  43.42271   -9.5183327402E-03    9.9052682321E-01
  43.52276   -9.5204501629E-03    9.9052472584E-01
  43.62281   -9.5225688542E-03    9.9052262723E-01
  43.72286   -9.5246887522E-03    9.9052052743E-01
  43.82291   -9.5268097959E-03    9.9051842649E-01
  43.92296   -9.5289319254E-03    9.9051632448E-01
  44.02301   -9.5310550818E-03    9.9051422147E-01
  44.12306   -9.5331792073E-03    9.9051211749E-01
  44.22311   -9.5353042451E-03    9.9051001262E-01
  44.32316   -9.5374301394E-03    9.9050790690E-01
  44.42321   -9.5395568353E-03    9.9050580039E-01
  44.52326   -9.5416842789E-03    9.9050369315E-01
  44.62331   -9.5438124172E-03    9.9050158522E-01
  44.72336   -9.5459411983E-03    9.9049947666E-01
  44.82341   -9.5480705708E-03    9.9049736752E-01
  44.92346   -9.5502004847E-03    9.9049525785E-01
  45.02351   -9.5523308905E-03    9.9049314770E-01
  45.12356   -9.5544617398E-03    9.9049103711E-01
  45.22361   -9.5565929848E-03    9.9048892613E-01
  45.32366   -9.5587245787E-03    9.9048681481E-01
  45.42371   -9.5608564755E-03    9.9048470320E-01
  45.52376   -9.5629886301E-03    9.9048259134E-01
  45.62381   -9.5651209979E-03    9.9048047927E-01
  45.72386   -9.5672535354E-03    9.9047836703E-01
  45.82391   -9.5693861995E-03    9.9047625468E-01
  45.92396   -9.5715189483E-03    9.9047414224E-01
  46.02401   -9.5736517403E-03    9.9047202977E-01
  46.12406   -9.5757845348E-03    9.9046991730E-01
  46.22411   -9.5779172918E-03    9.9046780487E-01
  46.32416   -9.5800499721E-03    9.9046569252E-01
  46.42421   -9.5821825371E-03    9.9046358029E-01
  46.52426   -9.5843149490E-03    9.9046146821E-01
  46.62431   -9.5864471703E-03    9.9045935633E-01
  46.72436   -9.5885791647E-03    9.9045724468E-01
  46.82441   -9.5907108961E-03    9.9045513330E-01
  46.92446   -9.5928423292E-03    9.9045302221E-01
  47.02451   -9.5949734293E-03    9.9045091146E-01
  47.12456   -9.5971041624E-03    9.9044880107E-01
  47.22461   -9.5992344950E-03    9.9044669109E-01
  47.32466   -9.6013643941E-03    9.9044458154E-01
  47.42471   -9.6034938275E-03    9.9044247246E-01
  47.52476   -9.6056227635E-03    9.9044036387E-01
  47.62481   -9.6077511708E-03    9.9043825581E-01
  47.72486   -9.6098790188E-03    9.9043614831E-01
  47.82491   -9.6120062775E-03    9.9043404140E-01
  47.92496   -9.6141329173E-03    9.9043193511E-01
  48.02501   -9.6162589092E-03    9.9042982946E-01
  48.12506   -9.6183842246E-03    9.9042772448E-01
  48.22511   -9.6205088356E-03    9.9042562021E-01
  48.32516   -9.6226327147E-03    9.9042351667E-01
  48.42521   -9.6247558349E-03    9.9042141388E-01
  48.52526   -9.6268781696E-03    9.9041931188E-01
  48.62531   -9.6289996927E-03    9.9041721069E-01
  48.72536   -9.6311203788E-03    9.9041511032E-01
  48.82541   -9.6332402027E-03    9.9041301082E-01
  48.92546   -9.6353591396E-03    9.9041091220E-01
  49.02551   -9.6374771655E-03    9.9040881449E-01
  49.12556   -9.6395942564E-03    9.9040671770E-01
  49.22561   -9.6417103890E-03    9.9040462187E-01
  49.32566   -9.6438255404E-03    9.9040252702E-01
  49.42571   -9.6459396881E-03    9.9040043317E-01
  49.52576   -9.6480528099E-03    9.9039834033E-01
  49.62581   -9.6501648842E-03    9.9039624854E-01
  49.72586   -9.6522758896E-03    9.9039415781E-01
  49.82591   -9.6543858052E-03    9.9039206816E-01
  49.92596   -9.6564946104E-03    9.9038997962E-01
  50.02601   -9.6586022852E-03    9.9038789220E-01
  50.12606   -9.6607088096E-03    9.9038580593E-01
  50.22611   -9.6628141643E-03    9.9038372082E-01
  50.32616   -9.6649183303E-03    9.9038163689E-01
  50.42621   -9.6670212887E-03    9.9037955416E-01
  50.52626   -9.6691230212E-03    9.9037747265E-01
  50.62631   -9.6712235099E-03    9.9037539237E-01
  50.72636   -9.6733227369E-03    9.9037331335E-01
  50.82641   -9.6754206850E-03    9.9037123560E-01
  50.92646   -9.6775173371E-03    9.9036915914E-01
  51.02651   -9.6796126766E-03    9.9036708398E-01
  51.12656   -9.6817066869E-03    9.9036501015E-01
  51.22661   -9.6837993521E-03    9.9036293765E-01
  51.32666   -9.6858906562E-03    9.9036086650E-01
  51.42671   -9.6879805840E-03    9.9035879672E-01
  51.52676   -9.6900691201E-03    9.9035672832E-01
  51.62681   -9.6921562498E-03    9.9035466132E-01
  51.72686   -9.6942419582E-03    9.9035259573E-01
  51.82691   -9.6963262313E-03    9.9035053157E-01
  51.92696   -9.6984090548E-03    9.9034846884E-01
  52.02701   -9.7004904151E-03    9.9034640758E-01
  52.12706   -9.7025702986E-03    9.9034434777E-01
  52.22711   -9.7046486920E-03    9.9034228945E-01
  52.32716   -9.7067255824E-03    9.9034023262E-01
  52.42721   -9.7088009571E-03    9.9033817729E-01
  52.52726   -9.7108748036E-03    9.9033612349E-01
  52.62731   -9.7129471097E-03    9.9033407121E-01
  52.72736   -9.7150178633E-03    9.9033202047E-01
  52.82741   -9.7170870527E-03    9.9032997129E-01
  52.92746   -9.7191546664E-03    9.9032792367E-01
  53.02751   -9.7212206932E-03    9.9032587763E-01
  53.12756   -9.7232851220E-03    9.9032383318E-01
  53.22761   -9.7253479419E-03    9.9032179032E-01
  53.32766   -9.7274091424E-03    9.9031974907E-01
  53.42771   -9.7294687131E-03    9.9031770944E-01
  53.52776   -9.7315266439E-03    9.9031567143E-01
  53.62781   -9.7335829246E-03    9.9031363507E-01
  53.72786   -9.7356375457E-03    9.9031160035E-01
  53.82791   -9.7376904976E-03    9.9030956729E-01
  53.92796   -9.7397417709E-03    9.9030753590E-01
  54.02801   -9.7417913564E-03    9.9030550618E-01
  54.12806   -9.7438392453E-03    9.9030347815E-01
  54.22811   -9.7458854288E-03    9.9030145181E-01
  54.32816   -9.7479298982E-03    9.9029942717E-01
  54.42821   -9.7499726453E-03    9.9029740424E-01
  54.52826   -9.7520136618E-03    9.9029538303E-01
  54.62831   -9.7540529397E-03    9.9029336354E-01
  54.72836   -9.7560904712E-03    9.9029134579E-01
  54.82841   -9.7581262485E-03    9.9028932978E-01
  54.92846   -9.7601602643E-03    9.9028731552E-01
  55.02851   -9.7621925111E-03    9.9028530301E-01
  55.12856   -9.7642229818E-03    9.9028329227E-01
  55.22861   -9.7662516694E-03    9.9028128329E-01
  55.32866   -9.7682785671E-03    9.9027927610E-01
  55.42871   -9.7703036682E-03    9.9027727068E-01
  55.52876   -9.7723269662E-03    9.9027526706E-01
  55.62881   -9.7743484547E-03    9.9027326523E-01
  55.72886   -9.7763681275E-03    9.9027126521E-01
  55.82891   -9.7783859786E-03    9.9026926699E-01
  55.92896   -9.7804020019E-03    9.9026727058E-01
  56.02901   -9.7824161918E-03    9.9026527600E-01
  56.12906   -9.7844285427E-03    9.9026328324E-01
  56.22911   -9.7864390489E-03    9.9026129231E-01
  56.32916   -9.7884477052E-03    9.9025930322E-01
  56.42921   -9.7904545064E-03    9.9025731597E-01
  56.52926   -9.7924594473E-03    9.9025533056E-01
  56.62931   -9.7944625230E-03    9.9025334701E-01
  56.72936   -9.7964637287E-03    9.9025136531E-01
  56.82941   -9.7984630597E-03    9.9024938547E-01
  56.92946   -9.8004605115E-03    9.9024740750E-01
  57.02951   -9.8024560795E-03    9.9024543139E-01
  57.12956   -9.8044497594E-03    9.9024345716E-01
  57.22961   -9.8064415471E-03    9.9024148481E-01
  57.32966   -9.8084314384E-03    9.9023951434E-01
  57.42971   -9.8104194295E-03    9.9023754575E-01
  57.52976   -9.8124055163E-03    9.9023557906E-01
  57.62981   -9.8143896952E-03    9.9023361426E-01
  57.72986   -9.8163719625E-03    9.9023165135E-01
  57.82991   -9.8183523148E-03    9.9022969034E-01
  57.92996   -9.8203307485E-03    9.9022773124E-01
  58.03002   -9.8223072605E-03    9.9022577405E-01
  58.13007   -9.8242818473E-03    9.9022381876E-01
  58.23012   -9.8262545061E-03    9.9022186539E-01
  58.33017   -9.8282252336E-03    9.9021991394E-01
  58.43022   -9.8301940272E-03    9.9021796440E-01
  58.53027   -9.8321608838E-03    9.9021601678E-01
  58.63032   -9.8341258008E-03    9.9021407109E-01
  58.73037   -9.8360887757E-03    9.9021212733E-01
  58.83042   -9.8380498058E-03    9.9021018550E-01
  58.93047   -9.8400088887E-03    9.9020824559E-01
  59.03052   -9.8419660221E-03    9.9020630763E-01
  59.13057   -9.8439212037E-03    9.9020437160E-01
  59.23062   -9.8458744313E-03    9.9020243750E-01
  59.33067   -9.8478257029E-03    9.9020050535E-01
  59.43072   -9.8497750165E-03    9.9019857514E-01
  59.53077   -9.8517223701E-03    9.9019664688E-01
  59.63082   -9.8536677619E-03    9.9019472056E-01
  59.73087   -9.8556111902E-03    9.9019279619E-01
  59.83092   -9.8575526532E-03    9.9019087377E-01
  59.93097   -9.8594921494E-03    9.9018895330E-01
  60.03102   -9.8614296773E-03    9.9018703478E-01
  60.13107   -9.8633652354E-03    9.9018511822E-01
  60.23112   -9.8652988223E-03    9.9018320361E-01
  60.33117   -9.8672304367E-03    9.9018129096E-01
  60.43122   -9.8691600775E-03    9.9017938027E-01
  60.53127   -9.8710877434E-03    9.9017747153E-01
  60.63132   -9.8730134334E-03    9.9017556476E-01
  60.73137   -9.8749371465E-03    9.9017365995E-01
  60.83142   -9.8768588817E-03    9.9017175710E-01
  60.93147   -9.8787786381E-03    9.9016985621E-01
  61.03152   -9.8806964149E-03    9.9016795729E-01
  61.13157   -9.8826122114E-03    9.9016606033E-01
  61.23162   -9.8845260268E-03    9.9016416534E-01
  61.33167   -9.8864378606E-03    9.9016227231E-01
  61.43172   -9.8883477122E-03    9.9016038125E-01
  61.53177   -9.8902555811E-03    9.9015849216E-01
  61.63182   -9.8921614668E-03    9.9015660503E-01
  61.73187   -9.8940653689E-03    9.9015471987E-01
  61.83192   -9.8959672871E-03    9.9015283668E-01
  61.93197   -9.8978672213E-03    9.9015095545E-01
  62.03202   -9.8997651710E-03    9.9014907620E-01
  62.13207   -9.9016611362E-03    9.9014719891E-01
  62.23212   -9.9035551168E-03    9.9014532359E-01
  62.33217   -9.9054471127E-03    9.9014345025E-01
  62.43222   -9.9073371238E-03    9.9014157886E-01
  62.53227   -9.9092251504E-03    9.9013970945E-01
  62.63232   -9.9111111924E-03    9.9013784201E-01
  62.73237   -9.9129952500E-03    9.9013597653E-01
  62.83242   -9.9148773234E-03    9.9013411303E-01
  62.93247   -9.9167574129E-03    9.9013225149E-01
  63.03252   -9.9186355187E-03    9.9013039192E-01
  63.13257   -9.9205116413E-03    9.9012853431E-01
  63.23262   -9.9223857809E-03    9.9012667868E-01
  63.33267   -9.9242579380E-03    9.9012482501E-01
  63.43272   -9.9261281131E-03    9.9012297330E-01
  63.53277   -9.9279963067E-03    9.9012112356E-01
  63.63282   -9.9298625194E-03    9.9011927579E-01
  63.73287   -9.9317267517E-03    9.9011742997E-01
  63.83292   -9.9335890044E-03    9.9011558613E-01
  63.93297   -9.9354492781E-03    9.9011374424E-01
  64.03302   -9.9373075736E-03    9.9011190432E-01
  64.13307   -9.9391638915E-03    9.9011006636E-01
  64.23312   -9.9410182328E-03    9.9010823036E-01
  64.33317   -9.9428705982E-03    9.9010639632E-01
  64.43322   -9.9447209887E-03    9.9010456424E-01
  64.53327   -9.9465694051E-03    9.9010273411E-01
  64.63332   -9.9484158485E-03    9.9010090595E-01
  64.73337   -9.9502603198E-03    9.9009907974E-01
  64.83342   -9.9521028200E-03    9.9009725548E-01
  64.93347   -9.9539433502E-03    9.9009543318E-01
  65.03352   -9.9557819115E-03    9.9009361283E-01
  65.13357   -9.9576185050E-03    9.9009179443E-01
  65.23362   -9.9594531319E-03    9.9008997798E-01
  65.33367   -9.9612857934E-03    9.9008816348E-01
  65.43372   -9.9631164907E-03    9.9008635093E-01
  65.53377   -9.9649452251E-03    9.9008454033E-01
  65.63382   -9.9667719978E-03    9.9008273167E-01
  65.73387   -9.9685968102E-03    9.9008092496E-01
  65.83392   -9.9704196636E-03    9.9007912019E-01
  65.93397   -9.9722405593E-03    9.9007731736E-01
  66.03402   -9.9740594989E-03    9.9007551647E-01
  66.13407   -9.9758764837E-03    9.9007371752E-01
  66.23412   -9.9776915152E-03    9.9007192051E-01
  66.33417   -9.9795045949E-03    9.9007012543E-01
  66.43422   -9.9813157242E-03    9.9006833229E-01
  66.53427   -9.9831249048E-03    9.9006654108E-01
  66.63432   -9.9849321382E-03    9.9006475180E-01
  66.73437   -9.9867374260E-03    9.9006296445E-01
  66.83442   -9.9885407697E-03    9.9006117902E-01
  66.93447   -9.9903421712E-03    9.9005939553E-01
  67.03452   -9.9921416319E-03    9.9005761396E-01
  67.13457   -9.9939391536E-03    9.9005583431E-01
  67.23462   -9.9957347381E-03    9.9005405658E-01
  67.33467   -9.9975283870E-03    9.9005228077E-01
  67.43472   -9.9993201021E-03    9.9005050688E-01
  67.53477   -1.0001109885E-02    9.9004873491E-01
  67.63482   -1.0002897738E-02    9.9004696485E-01
  67.73487   -1.0004683662E-02    9.9004519670E-01
  67.83492   -1.0006467660E-02    9.9004343046E-01
  67.93497   -1.0008249734E-02    9.9004166614E-01
  68.03502   -1.0010029884E-02    9.9003990371E-01
  68.13507   -1.0011808113E-02    9.9003814320E-01
  68.23512   -1.0013584424E-02    9.9003638458E-01
  68.33517   -1.0015358817E-02    9.9003462787E-01
  68.43522   -1.0017131296E-02    9.9003287306E-01
  68.53527   -1.0018901861E-02    9.9003112014E-01
  68.63532   -1.0020670515E-02    9.9002936912E-01
  68.73537   -1.0022437260E-02    9.9002761999E-01
  68.83542   -1.0024202098E-02    9.9002587276E-01
  68.93547   -1.0025965031E-02    9.9002412741E-01
  69.03552   -1.0027726061E-02    9.9002238395E-01
  69.13557   -1.0029485190E-02    9.9002064237E-01
  69.23562   -1.0031242420E-02    9.9001890268E-01
  69.33567   -1.0032997753E-02    9.9001716487E-01
  69.43572   -1.0034751192E-02    9.9001542893E-01
  69.53577   -1.0036502739E-02    9.9001369488E-01
  69.63582   -1.0038252395E-02    9.9001196270E-01
  69.73587   -1.0040000163E-02    9.9001023239E-01
  69.83592   -1.0041746045E-02    9.9000850395E-01
  69.93597   -1.0043490044E-02    9.9000677737E-01
  70.03602   -1.0045232161E-02    9.9000505267E-01
  70.13607   -1.0046972398E-02    9.9000332983E-01
  70.23612   -1.0048710759E-02    9.9000160884E-01
  70.33617   -1.0050447245E-02    9.8999988972E-01
  70.43622   -1.0052181858E-02    9.8999817246E-01
  70.53627   -1.0053914601E-02    9.8999645705E-01
  70.63632   -1.0055645476E-02    9.8999474349E-01
  70.73637   -1.0057374485E-02    9.8999303178E-01
  70.83642   -1.0059101631E-02    9.8999132192E-01
  70.93647   -1.0060826916E-02    9.8998961390E-01
  71.03652   -1.0062550342E-02    9.8998790773E-01
  71.13657   -1.0064271912E-02    9.8998620340E-01
  71.23662   -1.0065991628E-02    9.8998450090E-01
  71.33667   -1.0067709492E-02    9.8998280025E-01
  71.43672   -1.0069425506E-02    9.8998110142E-01
  71.53677   -1.0071139674E-02    9.8997940443E-01
  71.63682   -1.0072851998E-02    9.8997770927E-01
  71.73687   -1.0074562479E-02    9.8997601593E-01
  71.83692   -1.0076271120E-02    9.8997432442E-01
  71.93697   -1.0077977924E-02    9.8997263473E-01
  72.03702   -1.0079682894E-02    9.8997094686E-01
  72.13707   -1.0081386030E-02    9.8996926080E-01
  72.23712   -1.0083087337E-02    9.8996757656E-01
  72.33717   -1.0084786816E-02    9.8996589413E-01
  72.43722   -1.0086484471E-02    9.8996421352E-01
  72.53727   -1.0088180302E-02    9.8996253470E-01
  72.63732   -1.0089874314E-02    9.8996085770E-01
  72.73737   -1.0091566508E-02    9.8995918249E-01
  72.83742   -1.0093256886E-02    9.8995750909E-01
  72.93747   -1.0094945452E-02    9.8995583748E-01
  73.03752   -1.0096632208E-02    9.8995416767E-01
  73.13757   -1.0098317156E-02    9.8995249965E-01
  73.23762   -1.0100000299E-02    9.8995083342E-01
  73.33767   -1.0101681639E-02    9.8994916898E-01
  73.43772   -1.0103361179E-02    9.8994750632E-01
  73.53777   -1.0105038922E-02    9.8994584544E-01
  73.63782   -1.0106714870E-02    9.8994418635E-01
  73.73787   -1.0108389025E-02    9.8994252903E-01
  73.83792   -1.0110061390E-02    9.8994087348E-01
  73.93797   -1.0111731968E-02    9.8993921971E-01
  74.03802   -1.0113400761E-02    9.8993756771E-01
  74.13807   -1.0115067772E-02    9.8993591747E-01
  74.23812   -1.0116733003E-02    9.8993426900E-01
  74.33817   -1.0118396457E-02    9.8993262230E-01
  74.43822   -1.0120058137E-02    9.8993097735E-01
  74.53827   -1.0121718045E-02    9.8992933415E-01
  74.63832   -1.0123376183E-02    9.8992769271E-01
  74.73837   -1.0125032554E-02    9.8992605303E-01
  74.83842   -1.0126687162E-02    9.8992441509E-01
  74.93847   -1.0128340008E-02    9.8992277890E-01
  75.03852   -1.0129991095E-02    9.8992114445E-01
  75.13857   -1.0131640425E-02    9.8991951175E-01
  75.23862   -1.0133288002E-02    9.8991788078E-01
  75.33867   -1.0134933828E-02    9.8991625155E-01
  75.43872   -1.0136577905E-02    9.8991462405E-01
  75.53877   -1.0138220236E-02    9.8991299828E-01
  75.63882   -1.0139860824E-02    9.8991137425E-01
  75.73887   -1.0141499671E-02    9.8990975193E-01
  75.83892   -1.0143136781E-02    9.8990813134E-01
  75.93897   -1.0144772155E-02    9.8990651248E-01
  76.03902   -1.0146405796E-02    9.8990489533E-01
  76.13907   -1.0148037707E-02    9.8990327989E-01
  76.23912   -1.0149667891E-02    9.8990166617E-01
  76.33917   -1.0151296350E-02    9.8990005415E-01
  76.43922   -1.0152923086E-02    9.8989844385E-01
  76.53927   -1.0154548103E-02    9.8989683525E-01
  76.63932   -1.0156171404E-02    9.8989522835E-01
  76.73937   -1.0157792989E-02    9.8989362315E-01
  76.83942   -1.0159412864E-02    9.8989201965E-01
  76.93947   -1.0161031029E-02    9.8989041784E-01
  77.03952   -1.0162647488E-02    9.8988881773E-01
  77.13957   -1.0164262244E-02    9.8988721930E-01
  77.23962   -1.0165875298E-02    9.8988562256E-01
  77.33967   -1.0167486654E-02    9.8988402750E-01
  77.43972   -1.0169096314E-02    9.8988243413E-01
  77.53977   -1.0170704281E-02    9.8988084243E-01
  77.63982   -1.0172310558E-02    9.8987925241E-01
  77.73987   -1.0173915147E-02    9.8987766406E-01
  77.83992   -1.0175518052E-02    9.8987607738E-01
  77.93997   -1.0177119273E-02    9.8987449237E-01
  78.04002   -1.0178718815E-02    9.8987290903E-01
  78.14007   -1.0180316680E-02    9.8987132734E-01
  78.24012   -1.0181912870E-02    9.8986974732E-01
  78.34017   -1.0183507389E-02    9.8986816896E-01
  78.44022   -1.0185100238E-02    9.8986659225E-01
  78.54027   -1.0186691421E-02    9.8986501719E-01
  78.64032   -1.0188280941E-02    9.8986344378E-01
  78.74037   -1.0189868799E-02    9.8986187202E-01
  78.84042   -1.0191454998E-02    9.8986030190E-01
  78.94047   -1.0193039542E-02    9.8985873343E-01
  79.04052   -1.0194622433E-02    9.8985716659E-01
  79.14057   -1.0196203673E-02    9.8985560139E-01
  79.24062   -1.0197783265E-02    9.8985403782E-01
  79.34067   -1.0199361212E-02    9.8985247589E-01
  79.44072   -1.0200937516E-02    9.8985091558E-01
  79.54077   -1.0202512181E-02    9.8984935690E-01
  79.64082   -1.0204085208E-02    9.8984779984E-01
  79.74087   -1.0205656601E-02    9.8984624440E-01
  79.84092   -1.0207226362E-02    9.8984469058E-01
  79.94097   -1.0208794493E-02    9.8984313837E-01
  80.04102   -1.0210360998E-02    9.8984158778E-01
  80.14107   -1.0211925879E-02    9.8984003880E-01
  80.24112   -1.0213489139E-02    9.8983849142E-01
  80.34117   -1.0215050780E-02    9.8983694565E-01
  80.44122   -1.0216610805E-02    9.8983540148E-01
  80.54127   -1.0218169216E-02    9.8983385891E-01
  80.64132   -1.0219726017E-02    9.8983231794E-01
  80.74137   -1.0221281210E-02    9.8983077856E-01
  80.84142   -1.0222834797E-02    9.8982924077E-01
  80.94147   -1.0224386781E-02    9.8982770458E-01
  81.04152   -1.0225937165E-02    9.8982616996E-01
  81.14157   -1.0227485952E-02    9.8982463694E-01
  81.24162   -1.0229033144E-02    9.8982310549E-01
  81.34167   -1.0230578743E-02    9.8982157562E-01
  81.44172   -1.0232122753E-02    9.8982004733E-01
  81.54177   -1.0233665175E-02    9.8981852061E-01
  81.64182   -1.0235206013E-02    9.8981699546E-01
  81.74187   -1.0236745270E-02    9.8981547188E-01
  81.84192   -1.0238282947E-02    9.8981394986E-01
  81.94197   -1.0239819048E-02    9.8981242941E-01
  82.04202   -1.0241353574E-02    9.8981091052E-01
  82.14207   -1.0242886530E-02    9.8980939318E-01
  82.24212   -1.0244417916E-02    9.8980787740E-01
  82.34217   -1.0245947737E-02    9.8980636317E-01
  82.44222   -1.0247475994E-02    9.8980485050E-01
  82.54227   -1.0249002690E-02    9.8980333937E-01
  82.64232   -1.0250527828E-02    9.8980182978E-01
  82.74237   -1.0252051410E-02    9.8980032174E-01
  82.84242   -1.0253573439E-02    9.8979881523E-01
  82.94247   -1.0255093918E-02    9.8979731027E-01
  83.04252   -1.0256612849E-02    9.8979580684E-01
  83.14257   -1.0258130234E-02    9.8979430493E-01
  83.24262   -1.0259646077E-02    9.8979280456E-01
  83.34267   -1.0261160380E-02    9.8979130572E-01
  83.44272   -1.0262673145E-02    9.8978980840E-01
  83.54277   -1.0264184375E-02    9.8978831260E-01
  83.64282   -1.0265694072E-02    9.8978681832E-01
  83.74287   -1.0267202240E-02    9.8978532556E-01
  83.84292   -1.0268708881E-02    9.8978383431E-01
  83.94297   -1.0270213996E-02    9.8978234457E-01
  84.04302   -1.0271717590E-02    9.8978085634E-01
  84.14307   -1.0273219664E-02    9.8977936962E-01
  84.24312   -1.0274720222E-02    9.8977788440E-01
  84.34317   -1.0276219264E-02    9.8977640068E-01
  84.44322   -1.0277716795E-02    9.8977491846E-01
  84.54327   -1.0279212817E-02    9.8977343773E-01
  84.64332   -1.0280707332E-02    9.8977195850E-01
  84.74337   -1.0282200342E-02    9.8977048077E-01
  84.84342   -1.0283691851E-02    9.8976900452E-01
  84.94347   -1.0285181861E-02    9.8976752975E-01
  85.04352   -1.0286670374E-02    9.8976605647E-01
  85.14357   -1.0288157392E-02    9.8976458467E-01
  85.24362   -1.0289642920E-02    9.8976311435E-01
  85.34367   -1.0291126958E-02    9.8976164550E-01
  85.44372   -1.0292609510E-02    9.8976017813E-01
  85.54377   -1.0294090578E-02    9.8975871223E-01
  85.64382   -1.0295570164E-02    9.8975724780E-01
  85.74387   -1.0297048271E-02    9.8975578483E-01
  85.84392   -1.0298524902E-02    9.8975432333E-01
  85.94397   -1.0300000059E-02    9.8975286329E-01
  86.04402   -1.0301473744E-02    9.8975140471E-01
  86.14407   -1.0302945961E-02    9.8974994758E-01
  86.24412   -1.0304416711E-02    9.8974849190E-01
  86.34417   -1.0305885997E-02    9.8974703768E-01
  86.44422   -1.0307353822E-02    9.8974558491E-01
  86.54427   -1.0308820187E-02    9.8974413358E-01
  86.64432   -1.0310285096E-02    9.8974268370E-01
  86.74437   -1.0311748551E-02    9.8974123525E-01
  86.84442   -1.0313210554E-02    9.8973978825E-01
  86.94447   -1.0314671109E-02    9.8973834268E-01
  87.04452   -1.0316130216E-02    9.8973689855E-01
  87.14457   -1.0317587880E-02    9.8973545585E-01
  87.24462   -1.0319044102E-02    9.8973401457E-01
  87.34467   -1.0320498884E-02    9.8973257473E-01
  87.44472   -1.0321952230E-02    9.8973113630E-01
  87.54477   -1.0323404141E-02    9.8972969930E-01
  87.64482   -1.0324854621E-02    9.8972826372E-01
  87.74487   -1.0326303671E-02    9.8972682956E-01
  87.84492   -1.0327751293E-02    9.8972539681E-01
  87.94497   -1.0329197492E-02    9.8972396547E-01
  88.04502   -1.0330642268E-02    9.8972253554E-01
  88.14507   -1.0332085624E-02    9.8972110702E-01
  88.24512   -1.0333527563E-02    9.8971967990E-01
  88.34517   -1.0334968087E-02    9.8971825419E-01
  88.44522   -1.0336407199E-02    9.8971682987E-01
  88.54527   -1.0337844901E-02    9.8971540696E-01
  88.64532   -1.0339281194E-02    9.8971398544E-01
  88.74537   -1.0340716083E-02    9.8971256531E-01
  88.84542   -1.0342149569E-02    9.8971114657E-01
  88.94547   -1.0343581654E-02    9.8970972922E-01
  89.04552   -1.0345012341E-02    9.8970831326E-01
  89.14557   -1.0346441632E-02    9.8970689868E-01
  89.24562   -1.0347869531E-02    9.8970548548E-01
  89.34567   -1.0349296038E-02    9.8970407365E-01
  89.44572   -1.0350721156E-02    9.8970266321E-01
  89.54577   -1.0352144889E-02    9.8970125414E-01
  89.64582   -1.0353567237E-02    9.8969984644E-01
  89.74587   -1.0354988204E-02    9.8969844011E-01
  89.84592   -1.0356407792E-02    9.8969703515E-01
  89.94597   -1.0357826003E-02    9.8969563155E-01
  90.04602   -1.0359242840E-02    9.8969422931E-01
  90.14607   -1.0360658305E-02    9.8969282844E-01
  90.24612   -1.0362072400E-02    9.8969142892E-01
  90.34617   -1.0363485128E-02    9.8969003075E-01
  90.44622   -1.0364896490E-02    9.8968863394E-01
  90.54627   -1.0366306490E-02    9.8968723848E-01
  90.64632   -1.0367715130E-02    9.8968584437E-01
  90.74637   -1.0369122411E-02    9.8968445161E-01
  90.84642   -1.0370528337E-02    9.8968306019E-01
  90.94647   -1.0371932909E-02    9.8968167010E-01
  91.04652   -1.0373336130E-02    9.8968028136E-01
  91.14657   -1.0374738003E-02    9.8967889396E-01
  91.24662   -1.0376138528E-02    9.8967750789E-01
  91.34667   -1.0377537710E-02    9.8967612315E-01
  91.44672   -1.0378935550E-02    9.8967473974E-01
  91.54677   -1.0380332050E-02    9.8967335766E-01
  91.64682   -1.0381727213E-02    9.8967197691E-01
  91.74687   -1.0383121040E-02    9.8967059748E-01
  91.84692   -1.0384513535E-02    9.8966921937E-01
  91.94697   -1.0385904700E-02    9.8966784258E-01
  92.04702   -1.0387294536E-02    9.8966646710E-01
  92.14707   -1.0388683046E-02    9.8966509294E-01
  92.24712   -1.0390070233E-02    9.8966372009E-01
  92.34717   -1.0391456098E-02    9.8966234855E-01
  92.44722   -1.0392840643E-02    9.8966097832E-01
  92.54727   -1.0394223872E-02    9.8965960939E-01
  92.64732   -1.0395605787E-02    9.8965824177E-01
  92.74737   -1.0396986388E-02    9.8965687545E-01
  92.84742   -1.0398365680E-02    9.8965551042E-01
  92.94747   -1.0399743663E-02    9.8965414669E-01
  93.04752   -1.0401120341E-02    9.8965278426E-01
  93.14757   -1.0402495715E-02    9.8965142312E-01
  93.24762   -1.0403869788E-02    9.8965006327E-01
  93.34767   -1.0405242562E-02    9.8964870470E-01
  93.44772   -1.0406614039E-02    9.8964734742E-01
  93.54777   -1.0407984221E-02    9.8964599142E-01
  93.64782   -1.0409353111E-02    9.8964463671E-01
  93.74787   -1.0410720711E-02    9.8964328327E-01
  93.84792   -1.0412087022E-02    9.8964193111E-01
  93.94797   -1.0413452047E-02    9.8964058023E-01
  94.04802   -1.0414815789E-02    9.8963923061E-01
  94.14807   -1.0416178250E-02    9.8963788227E-01
  94.24812   -1.0417539430E-02    9.8963653520E-01
  94.34817   -1.0418899334E-02    9.8963518939E-01
  94.44822   -1.0420257963E-02    9.8963384484E-01
  94.54827   -1.0421615319E-02    9.8963250156E-01
  94.64832   -1.0422971404E-02    9.8963115953E-01
  94.74837   -1.0424326221E-02    9.8962981876E-01
  94.84842   -1.0425679771E-02    9.8962847925E-01
  94.94847   -1.0427032057E-02    9.8962714099E-01
  95.04852   -1.0428383081E-02    9.8962580398E-01
  95.14857   -1.0429732845E-02    9.8962446822E-01
  95.24862   -1.0431081352E-02    9.8962313371E-01
  95.34867   -1.0432428603E-02    9.8962180044E-01
  95.44872   -1.0433774600E-02    9.8962046841E-01
  95.54877   -1.0435119345E-02    9.8961913762E-01
  95.64882   -1.0436462842E-02    9.8961780807E-01
  95.74887   -1.0437805091E-02    9.8961647976E-01
  95.84892   -1.0439146095E-02    9.8961515268E-01
  95.94897   -1.0440485857E-02    9.8961382683E-01
  96.04902   -1.0441824377E-02    9.8961250222E-01
  96.14907   -1.0443161659E-02    9.8961117883E-01
  96.24912   -1.0444497704E-02    9.8960985666E-01
  96.34917   -1.0445832515E-02    9.8960853572E-01
  96.44922   -1.0447166093E-02    9.8960721600E-01
  96.54927   -1.0448498440E-02    9.8960589750E-01
  96.64932   -1.0449829560E-02    9.8960458022E-01
  96.74937   -1.0451159453E-02    9.8960326415E-01
  96.84942   -1.0452488122E-02    9.8960194930E-01
  96.94947   -1.0453815569E-02    9.8960063566E-01
  97.04952   -1.0455141795E-02    9.8959932322E-01
  97.14957   -1.0456466804E-02    9.8959801199E-01
  97.24962   -1.0457790597E-02    9.8959670197E-01
  97.34967   -1.0459113176E-02    9.8959539315E-01
  97.44972   -1.0460434543E-02    9.8959408554E-01
  97.54977   -1.0461754701E-02    9.8959277912E-01
  97.64982   -1.0463073651E-02    9.8959147389E-01
  97.74987   -1.0464391395E-02    9.8959016987E-01
  97.84992   -1.0465707935E-02    9.8958886703E-01
  97.94997   -1.0467023274E-02    9.8958756539E-01
  98.05003   -1.0468337413E-02    9.8958626493E-01
  98.15008   -1.0469650354E-02    9.8958496567E-01
  98.25013   -1.0470962100E-02    9.8958366758E-01
  98.35018   -1.0472272652E-02    9.8958237068E-01
  98.45023   -1.0473582013E-02    9.8958107496E-01
  98.55028   -1.0474890184E-02    9.8957978042E-01
  98.65033   -1.0476197167E-02    9.8957848706E-01
  98.75038   -1.0477502965E-02    9.8957719487E-01
  98.85043   -1.0478807579E-02    9.8957590385E-01
  98.95048   -1.0480111012E-02    9.8957461401E-01
  99.05053   -1.0481413265E-02    9.8957332533E-01
  99.15058   -1.0482714340E-02    9.8957203783E-01
  99.25063   -1.0484014240E-02    9.8957075148E-01
  99.35068   -1.0485312966E-02    9.8956946630E-01
  99.45073   -1.0486610520E-02    9.8956818228E-01
  99.55078   -1.0487906904E-02    9.8956689942E-01
  99.65083   -1.0489202121E-02    9.8956561772E-01
  99.75088   -1.0490496171E-02    9.8956433717E-01
  99.85093   -1.0491789058E-02    9.8956305778E-01
  99.95098   -1.0493080782E-02    9.8956177954E-01
 100.05103   -1.0494371347E-02    9.8956050244E-01
 100.15108   -1.0495660753E-02    9.8955922650E-01
 100.25113   -1.0496949004E-02    9.8955795170E-01
 100.35118   -1.0498236100E-02    9.8955667805E-01
 100.45123   -1.0499522043E-02    9.8955540553E-01
 100.55128   -1.0500806837E-02    9.8955413416E-01
 100.65133   -1.0502090482E-02    9.8955286392E-01
 100.75138   -1.0503372980E-02    9.8955159482E-01
 100.85143   -1.0504654333E-02    9.8955032686E-01
 100.95148   -1.0505934544E-02    9.8954906003E-01
 101.05153   -1.0507213614E-02    9.8954779433E-01
 101.15158   -1.0508491545E-02    9.8954652975E-01
 101.25163   -1.0509768339E-02    9.8954526631E-01
 101.35168   -1.0511043997E-02    9.8954400399E-01
 101.45173   -1.0512318523E-02    9.8954274279E-01
 101.55178   -1.0513591917E-02    9.8954148271E-01
 101.65183   -1.0514864181E-02    9.8954022375E-01
 101.75188   -1.0516135318E-02    9.8953896591E-01
 101.85193   -1.0517405328E-02    9.8953770919E-01
 101.95198   -1.0518674215E-02    9.8953645358E-01
 102.05203   -1.0519941980E-02    9.8953519908E-01
 102.15208   -1.0521208625E-02    9.8953394569E-01
 102.25213   -1.0522474151E-02    9.8953269341E-01
 102.35218   -1.0523738561E-02    9.8953144224E-01
 102.45223   -1.0525001856E-02    9.8953019217E-01
 102.55228   -1.0526264038E-02    9.8952894320E-01
 102.65233   -1.0527525110E-02    9.8952769533E-01
 102.75238   -1.0528785072E-02    9.8952644857E-01
 102.85243   -1.0530043927E-02    9.8952520290E-01
 102.95248   -1.0531301676E-02    9.8952395832E-01
 103.05253   -1.0532558322E-02    9.8952271484E-01
 103.15258   -1.0533813865E-02    9.8952147246E-01
 103.25263   -1.0535068309E-02    9.8952023116E-01
 103.35268   -1.0536321655E-02    9.8951899095E-01
 103.45273   -1.0537573904E-02    9.8951775182E-01
 103.55278   -1.0538825058E-02    9.8951651379E-01
 103.65283   -1.0540075120E-02    9.8951527683E-01
 103.75288   -1.0541324091E-02    9.8951404095E-01
 103.85293   -1.0542571972E-02    9.8951280616E-01
 103.95298   -1.0543818766E-02    9.8951157244E-01
 104.05303   -1.0545064475E-02    9.8951033980E-01
 104.15308   -1.0546309099E-02    9.8950910823E-01
 104.25313   -1.0547552642E-02    9.8950787774E-01
 104.35318   -1.0548795104E-02    9.8950664831E-01
 104.45323   -1.0550036487E-02    9.8950541995E-01
 104.55328   -1.0551276794E-02    9.8950419266E-01
 104.65333   -1.0552516026E-02    9.8950296644E-01
 104.75338   -1.0553754184E-02    9.8950174128E-01
 104.85343   -1.0554991271E-02    9.8950051718E-01
 104.95348   -1.0556227289E-02    9.8949929414E-01
 105.05353   -1.0557462238E-02    9.8949807216E-01
 105.15358   -1.0558696121E-02    9.8949685124E-01
 105.25363   -1.0559928939E-02    9.8949563137E-01
 105.35368   -1.0561160695E-02    9.8949441255E-01
 105.45373   -1.0562391390E-02    9.8949319479E-01
 105.55378   -1.0563621025E-02    9.8949197807E-01
 105.65383   -1.0564849603E-02    9.8949076240E-01
 105.75388   -1.0566077125E-02    9.8948954778E-01
 105.85393   -1.0567303592E-02    9.8948833421E-01
 105.95398   -1.0568529008E-02    9.8948712167E-01
 106.05403   -1.0569753372E-02    9.8948591018E-01
 106.15408   -1.0570976688E-02    9.8948469973E-01
 106.25413   -1.0572198956E-02    9.8948349031E-01
 106.35418   -1.0573420179E-02    9.8948228193E-01
 106.45423   -1.0574640357E-02    9.8948107459E-01
 106.55428   -1.0575859494E-02    9.8947986828E-01
 106.65433   -1.0577077590E-02    9.8947866300E-01
 106.75438   -1.0578294647E-02    9.8947745875E-01
 106.85443   -1.0579510667E-02    9.8947625552E-01
 106.95448   -1.0580725651E-02    9.8947505333E-01
 107.05453   -1.0581939602E-02    9.8947385215E-01
 107.15458   -1.0583152521E-02    9.8947265200E-01
 107.25463   -1.0584364409E-02    9.8947145287E-01
 107.35468   -1.0585575268E-02    9.8947025476E-01
 107.45473   -1.0586785100E-02    9.8946905767E-01
 107.55478   -1.0587993907E-02    9.8946786159E-01
 107.65483   -1.0589201689E-02    9.8946666653E-01
 107.75488   -1.0590408450E-02    9.8946547248E-01
 107.85493   -1.0591614190E-02    9.8946427945E-01
 107.95498   -1.0592818911E-02    9.8946308742E-01
 108.05503   -1.0594022615E-02    9.8946189640E-01
 108.15508   -1.0595225303E-02    9.8946070639E-01
 108.25513   -1.0596426978E-02    9.8945951738E-01
 108.35518   -1.0597627640E-02    9.8945832937E-01
 108.45523   -1.0598827291E-02    9.8945714237E-01
 108.55528   -1.0600025933E-02    9.8945595636E-01
 108.65533   -1.0601223568E-02    9.8945477136E-01
 108.75538   -1.0602420196E-02    9.8945358735E-01
 108.85543   -1.0603615821E-02    9.8945240433E-01
 108.95548   -1.0604810443E-02    9.8945122231E-01
 109.05553   -1.0606004064E-02    9.8945004128E-01
 109.15558   -1.0607196685E-02    9.8944886124E-01
 109.25563   -1.0608388309E-02    9.8944768219E-01
 109.35568   -1.0609578936E-02    9.8944650413E-01
 109.45573   -1.0610768569E-02    9.8944532705E-01
 109.55578   -1.0611957208E-02    9.8944415096E-01
 109.65583   -1.0613144856E-02    9.8944297585E-01
 109.75588   -1.0614331515E-02    9.8944180172E-01
 109.85593   -1.0615517185E-02    9.8944062857E-01
 109.95598   -1.0616701868E-02    9.8943945640E-01
 110.05603   -1.0617885566E-02    9.8943828520E-01
 110.15608   -1.0619068280E-02    9.8943711498E-01
 110.25613   -1.0620250012E-02    9.8943594573E-01
 110.35618   -1.0621430764E-02    9.8943477745E-01
 110.45623   -1.0622610537E-02    9.8943361014E-01
 110.55628   -1.0623789333E-02    9.8943244380E-01
 110.65633   -1.0624967153E-02    9.8943127843E-01
 110.75638   -1.0626143998E-02    9.8943011403E-01
 110.85643   -1.0627319871E-02    9.8942895058E-01
 110.95648   -1.0628494773E-02    9.8942778810E-01
 111.05653   -1.0629668705E-02    9.8942662658E-01
 111.15658   -1.0630841668E-02    9.8942546602E-01
 111.25663   -1.0632013666E-02    9.8942430642E-01
 111.35668   -1.0633184698E-02    9.8942314777E-01
 111.45673   -1.0634354767E-02    9.8942199008E-01
 111.55678   -1.0635523873E-02    9.8942083334E-01
 111.65683   -1.0636692020E-02    9.8941967755E-01
 111.75688   -1.0637859207E-02    9.8941852271E-01
 111.85693   -1.0639025437E-02    9.8941736882E-01
 111.95698   -1.0640190711E-02    9.8941621588E-01
 112.05703   -1.0641355030E-02    9.8941506389E-01
 112.15708   -1.0642518397E-02    9.8941391283E-01
 112.25713   -1.0643680812E-02    9.8941276273E-01
 112.35718   -1.0644842277E-02    9.8941161356E-01
 112.45723   -1.0646002794E-02    9.8941046533E-01
 112.55728   -1.0647162364E-02    9.8940931804E-01
 112.65733   -1.0648320988E-02    9.8940817169E-01
 112.75738   -1.0649478669E-02    9.8940702627E-01
 112.85743   -1.0650635407E-02    9.8940588178E-01
 112.95748   -1.0651791203E-02    9.8940473823E-01
 113.05753   -1.0652946061E-02    9.8940359561E-01
 113.15758   -1.0654099980E-02    9.8940245392E-01
 113.25763   -1.0655252963E-02    9.8940131316E-01
 113.35768   -1.0656405010E-02    9.8940017332E-01
 113.45773   -1.0657556124E-02    9.8939903441E-01
 113.55778   -1.0658706306E-02    9.8939789642E-01
 113.65783   -1.0659855556E-02    9.8939675936E-01
 113.75788   -1.0661003878E-02    9.8939562321E-01
 113.85793   -1.0662151272E-02    9.8939448799E-01
 113.95798   -1.0663297739E-02    9.8939335368E-01
 114.05803   -1.0664443281E-02    9.8939222029E-01
 114.15808   -1.0665587900E-02    9.8939108781E-01
 114.25813   -1.0666731597E-02    9.8938995625E-01
 114.35818   -1.0667874372E-02    9.8938882560E-01
 114.45823   -1.0669016229E-02    9.8938769586E-01
 114.55828   -1.0670157168E-02    9.8938656703E-01
 114.65833   -1.0671297191E-02    9.8938543911E-01
 114.75838   -1.0672436298E-02    9.8938431209E-01
 114.85843   -1.0673574492E-02    9.8938318598E-01
 114.95848   -1.0674711774E-02    9.8938206077E-01
 115.05853   -1.0675848146E-02    9.8938093647E-01
 115.15858   -1.0676983608E-02    9.8937981306E-01
 115.25863   -1.0678118162E-02    9.8937869056E-01
 115.35868   -1.0679251809E-02    9.8937756895E-01
 115.45873   -1.0680384552E-02    9.8937644824E-01
 115.55878   -1.0681516391E-02    9.8937532843E-01
 115.65883   -1.0682647327E-02    9.8937420951E-01
 115.75888   -1.0683777363E-02    9.8937309148E-01
 115.85893   -1.0684906499E-02    9.8937197435E-01
 115.95898   -1.0686034737E-02    9.8937085810E-01
 116.05903   -1.0687162078E-02    9.8936974274E-01
 116.15908   -1.0688288524E-02    9.8936862827E-01
 116.25913   -1.0689414076E-02    9.8936751468E-01
 116.35918   -1.0690538735E-02    9.8936640198E-01
 116.45923   -1.0691662503E-02    9.8936529017E-01
 116.55928   -1.0692785382E-02    9.8936417923E-01
 116.65933   -1.0693907371E-02    9.8936306917E-01
 116.75938   -1.0695028474E-02    9.8936196000E-01
 116.85943   -1.0696148691E-02    9.8936085170E-01
 116.95948   -1.0697268023E-02    9.8935974428E-01
 117.05953   -1.0698386473E-02    9.8935863773E-01
 117.15958   -1.0699504040E-02    9.8935753205E-01
 117.25963   -1.0700620727E-02    9.8935642725E-01
 117.35968   -1.0701736536E-02    9.8935532332E-01
 117.45973   -1.0702851466E-02    9.8935422026E-01
 117.55978   -1.0703965520E-02    9.8935311806E-01
 117.65983   -1.0705078700E-02    9.8935201674E-01
 117.75988   -1.0706191005E-02    9.8935091628E-01
 117.85993   -1.0707302438E-02    9.8934981668E-01
 117.95998   -1.0708413001E-02    9.8934871794E-01
 118.06003   -1.0709522693E-02    9.8934762007E-01
 118.16008   -1.0710631517E-02    9.8934652306E-01
 118.26013   -1.0711739474E-02    9.8934542691E-01
 118.36018   -1.0712846566E-02    9.8934433161E-01
 118.46023   -1.0713952793E-02    9.8934323717E-01
 118.56028   -1.0715058157E-02    9.8934214359E-01
 118.66033   -1.0716162659E-02    9.8934105086E-01
 118.76038   -1.0717266301E-02    9.8933995898E-01
 118.86043   -1.0718369083E-02    9.8933886796E-01
 118.96048   -1.0719471008E-02    9.8933777778E-01
 119.06053   -1.0720572076E-02    9.8933668845E-01
 119.16058   -1.0721672289E-02    9.8933559997E-01
 119.26063   -1.0722771648E-02    9.8933451234E-01
 119.36068   -1.0723870154E-02    9.8933342555E-01
 119.46073   -1.0724967809E-02    9.8933233960E-01
 119.56078   -1.0726064613E-02    9.8933125450E-01
 119.66083   -1.0727160569E-02    9.8933017024E-01
 119.76088   -1.0728255677E-02    9.8932908681E-01
 119.86093   -1.0729349939E-02    9.8932800423E-01
 119.96098   -1.0730443356E-02    9.8932692248E-01
 120.06103   -1.0731535930E-02    9.8932584157E-01
 120.16108   -1.0732627660E-02    9.8932476149E-01
 120.26113   -1.0733718550E-02    9.8932368225E-01
 120.36118   -1.0734808600E-02    9.8932260384E-01
 120.46123   -1.0735897811E-02    9.8932152626E-01
 120.56128   -1.0736986184E-02    9.8932044951E-01
 120.66133   -1.0738073722E-02    9.8931937358E-01
 120.76138   -1.0739160424E-02    9.8931829849E-01
 120.86143   -1.0740246293E-02    9.8931722422E-01
 120.96148   -1.0741331329E-02    9.8931615077E-01
 121.06153   -1.0742415535E-02    9.8931507815E-01
 121.16158   -1.0743498910E-02    9.8931400635E-01
 121.26163   -1.0744581457E-02    9.8931293538E-01
 121.36168   -1.0745663176E-02    9.8931186522E-01
 121.46173   -1.0746744069E-02    9.8931079588E-01
 121.56178   -1.0747824137E-02    9.8930972736E-01
 121.66183   -1.0748903381E-02    9.8930865965E-01
 121.76188   -1.0749981803E-02    9.8930759276E-01
 121.86193   -1.0751059404E-02    9.8930652668E-01
 121.96198   -1.0752136184E-02    9.8930546141E-01
 122.06203   -1.0753212146E-02    9.8930439696E-01
 122.16208   -1.0754287290E-02    9.8930333332E-01
 122.26213   -1.0755361617E-02    9.8930227048E-01
 122.36218   -1.0756435130E-02    9.8930120845E-01
 122.46223   -1.0757507828E-02    9.8930014723E-01
 122.56228   -1.0758579713E-02    9.8929908682E-01
 122.66233   -1.0759650787E-02    9.8929802720E-01
 122.76238   -1.0760721051E-02    9.8929696840E-01
 122.86243   -1.0761790505E-02    9.8929591039E-01
 122.96248   -1.0762859152E-02    9.8929485318E-01
 123.06253   -1.0763926991E-02    9.8929379677E-01
 123.16258   -1.0764994025E-02    9.8929274116E-01
 123.26263   -1.0766060255E-02    9.8929168635E-01
 123.36268   -1.0767125681E-02    9.8929063233E-01
 123.46273   -1.0768190306E-02    9.8928957911E-01
 123.56278   -1.0769254129E-02    9.8928852668E-01
 123.66283   -1.0770317153E-02    9.8928747505E-01
 123.76288   -1.0771379378E-02    9.8928642420E-01
 123.86293   -1.0772440806E-02    9.8928537415E-01
 123.96298   -1.0773501438E-02    9.8928432488E-01
 124.06303   -1.0774561275E-02    9.8928327640E-01
 124.16308   -1.0775620318E-02    9.8928222871E-01
 124.26313   -1.0776678568E-02    9.8928118180E-01
 124.36318   -1.0777736027E-02    9.8928013567E-01
 124.46323   -1.0778792695E-02    9.8927909033E-01
 124.56328   -1.0779848575E-02    9.8927804578E-01
 124.66333   -1.0780903666E-02    9.8927700200E-01
 124.76338   -1.0781957970E-02    9.8927595900E-01
 124.86343   -1.0783011489E-02    9.8927491678E-01
 124.96348   -1.0784064223E-02    9.8927387534E-01
 125.06353   -1.0785116174E-02    9.8927283467E-01
 125.16358   -1.0786167343E-02    9.8927179478E-01
 125.26363   -1.0787217730E-02    9.8927075566E-01
 125.36368   -1.0788267337E-02    9.8926971731E-01
 125.46373   -1.0789316166E-02    9.8926867974E-01
 125.56378   -1.0790364216E-02    9.8926764294E-01
 125.66383   -1.0791411491E-02    9.8926660690E-01
 125.76388   -1.0792457989E-02    9.8926557164E-01
 125.86393   -1.0793503714E-02    9.8926453714E-01
 125.96398   -1.0794548665E-02    9.8926350341E-01
 126.06403   -1.0795592844E-02    9.8926247044E-01
 126.16408   -1.0796636252E-02    9.8926143823E-01
 126.26413   -1.0797678890E-02    9.8926040679E-01
 126.36418   -1.0798720760E-02    9.8925937611E-01
 126.46423   -1.0799761861E-02    9.8925834619E-01
 126.56428   -1.0800802197E-02    9.8925731703E-01
 126.66433   -1.0801841767E-02    9.8925628863E-01
 126.76438   -1.0802880572E-02    9.8925526099E-01
 126.86443   -1.0803918615E-02    9.8925423410E-01
 126.96448   -1.0804955895E-02    9.8925320797E-01
 127.06453   -1.0805992415E-02    9.8925218259E-01
 127.16458   -1.0807028174E-02    9.8925115796E-01
 127.26463   -1.0808063175E-02    9.8925013408E-01
 127.36468   -1.0809097418E-02    9.8924911096E-01
 127.46473   -1.0810130904E-02    9.8924808859E-01
 127.56478   -1.0811163635E-02    9.8924706696E-01
 127.66483   -1.0812195612E-02    9.8924604608E-01
 127.76488   -1.0813226835E-02    9.8924502595E-01
 127.86493   -1.0814257306E-02    9.8924400656E-01
 127.96498   -1.0815287025E-02    9.8924298792E-01
 128.06503   -1.0816315995E-02    9.8924197002E-01
 128.16508   -1.0817344215E-02    9.8924095286E-01
 128.26513   -1.0818371688E-02    9.8923993644E-01
 128.36518   -1.0819398413E-02    9.8923892076E-01
 128.46523   -1.0820424393E-02    9.8923790582E-01
 128.56528   -1.0821449628E-02    9.8923689162E-01
 128.66533   -1.0822474119E-02    9.8923587816E-01
 128.76538   -1.0823497868E-02    9.8923486543E-01
 128.86543   -1.0824520875E-02    9.8923385344E-01
 128.96548   -1.0825543142E-02    9.8923284218E-01
 129.06553   -1.0826564669E-02    9.8923183165E-01
 129.16558   -1.0827585458E-02    9.8923082185E-01
 129.26563   -1.0828605509E-02    9.8922981279E-01
 129.36568   -1.0829624824E-02    9.8922880445E-01
 129.46573   -1.0830643404E-02    9.8922779684E-01
 129.56578   -1.0831661249E-02    9.8922678996E-01
 129.66583   -1.0832678362E-02    9.8922578381E-01
 129.76588   -1.0833694742E-02    9.8922477838E-01
 129.86593   -1.0834710391E-02    9.8922377367E-01
 129.96598   -1.0835725311E-02    9.8922276969E-01
 130.06603   -1.0836739501E-02    9.8922176643E-01
 130.16608   -1.0837752963E-02    9.8922076389E-01
 130.26613   -1.0838765698E-02    9.8921976208E-01
 130.36618   -1.0839777707E-02    9.8921876098E-01
 130.46623   -1.0840788992E-02    9.8921776060E-01
 130.56628   -1.0841799552E-02    9.8921676093E-01
 130.66633   -1.0842809390E-02    9.8921576198E-01
 130.76638   -1.0843818506E-02    9.8921476375E-01
 130.86643   -1.0844826901E-02    9.8921376623E-01
 130.96648   -1.0845834576E-02    9.8921276943E-01
 131.06653   -1.0846841533E-02    9.8921177333E-01
 131.16658   -1.0847847771E-02    9.8921077795E-01
 131.26663   -1.0848853293E-02    9.8920978328E-01
 131.36668   -1.0849858099E-02    9.8920878931E-01
 131.46673   -1.0850862191E-02    9.8920779606E-01
 131.56678   -1.0851865568E-02    9.8920680351E-01
 131.66683   -1.0852868233E-02    9.8920581167E-01
 131.76688   -1.0853870186E-02    9.8920482053E-01
 131.86693   -1.0854871429E-02    9.8920383010E-01
 131.96698   -1.0855871962E-02    9.8920284037E-01
 132.06703   -1.0856871785E-02    9.8920185134E-01
 132.16708   -1.0857870902E-02    9.8920086301E-01
 132.26713   -1.0858869311E-02    9.8919987538E-01
 132.36718   -1.0859867015E-02    9.8919888846E-01
 132.46723   -1.0860864013E-02    9.8919790223E-01
 132.56728   -1.0861860308E-02    9.8919691669E-01
 132.66733   -1.0862855901E-02    9.8919593186E-01
 132.76738   -1.0863850791E-02    9.8919494772E-01
 132.86743   -1.0864844980E-02    9.8919396427E-01
 132.96748   -1.0865838470E-02    9.8919298152E-01
 133.06753   -1.0866831260E-02    9.8919199946E-01
 133.16758   -1.0867823353E-02    9.8919101809E-01
 133.26763   -1.0868814749E-02    9.8919003741E-01
 133.36768   -1.0869805448E-02    9.8918905742E-01
 133.46773   -1.0870795453E-02    9.8918807812E-01
 133.56778   -1.0871784763E-02    9.8918709950E-01
 133.66783   -1.0872773381E-02    9.8918612158E-01
 133.76788   -1.0873761306E-02    9.8918514433E-01
 133.86793   -1.0874748540E-02    9.8918416778E-01
 133.96798   -1.0875735084E-02    9.8918319190E-01
 134.06803   -1.0876720938E-02    9.8918221671E-01
 134.16808   -1.0877706105E-02    9.8918124221E-01
 134.26813   -1.0878690583E-02    9.8918026838E-01
 134.36818   -1.0879674376E-02    9.8917929523E-01
 134.46823   -1.0880657483E-02    9.8917832276E-01
 134.56828   -1.0881639905E-02    9.8917735097E-01
 134.66833   -1.0882621644E-02    9.8917637986E-01
 134.76838   -1.0883602700E-02    9.8917540942E-01
 134.86843   -1.0884583074E-02    9.8917443966E-01
 134.96848   -1.0885562768E-02    9.8917347057E-01
 135.06853   -1.0886541781E-02    9.8917250216E-01
 135.16858   -1.0887520116E-02    9.8917153442E-01
 135.26863   -1.0888497773E-02    9.8917056735E-01
 135.36868   -1.0889474753E-02    9.8916960095E-01
 135.46873   -1.0890451056E-02    9.8916863522E-01
 135.56878   -1.0891426685E-02    9.8916767016E-01
 135.66883   -1.0892401639E-02    9.8916670577E-01
 135.76888   -1.0893375920E-02    9.8916574204E-01
 135.86893   -1.0894349528E-02    9.8916477898E-01
 135.96898   -1.0895322465E-02    9.8916381659E-01
 136.06903   -1.0896294732E-02    9.8916285486E-01
 136.16908   -1.0897266328E-02    9.8916189379E-01
 136.26913   -1.0898237256E-02    9.8916093338E-01
 136.36918   -1.0899207516E-02    9.8915997364E-01
 136.46923   -1.0900177109E-02    9.8915901456E-01
 136.56928   -1.0901146037E-02    9.8915805614E-01
 136.66933   -1.0902114299E-02    9.8915709837E-01
 136.76938   -1.0903081896E-02    9.8915614127E-01
 136.86943   -1.0904048831E-02    9.8915518482E-01
 136.96948   -1.0905015103E-02    9.8915422903E-01
 137.06953   -1.0905980714E-02    9.8915327389E-01
 137.16958   -1.0906945664E-02    9.8915231941E-01
 137.26963   -1.0907909954E-02    9.8915136558E-01
 137.36968   -1.0908873586E-02    9.8915041240E-01
 137.46973   -1.0909836559E-02    9.8914945987E-01
 137.56978   -1.0910798876E-02    9.8914850800E-01
 137.66983   -1.0911760536E-02    9.8914755677E-01
 137.76988   -1.0912721541E-02    9.8914660620E-01
 137.86993   -1.0913681892E-02    9.8914565627E-01
 137.96998   -1.0914641589E-02    9.8914470699E-01
 138.07004   -1.0915600634E-02    9.8914375836E-01
 138.17009   -1.0916559027E-02    9.8914281037E-01
 138.27014   -1.0917516769E-02    9.8914186303E-01
 138.37019   -1.0918473861E-02    9.8914091633E-01
 138.47024   -1.0919430305E-02    9.8913997027E-01
 138.57029   -1.0920386100E-02    9.8913902486E-01
 138.67034   -1.0921341247E-02    9.8913808008E-01
 138.77039   -1.0922295748E-02    9.8913713595E-01
 138.87044   -1.0923249604E-02    9.8913619246E-01
 138.97049   -1.0924202814E-02    9.8913524960E-01
 139.07054   -1.0925155381E-02    9.8913430738E-01
 139.17059   -1.0926107305E-02    9.8913336580E-01
 139.27064   -1.0927058587E-02    9.8913242486E-01
 139.37069   -1.0928009228E-02    9.8913148455E-01
 139.47074   -1.0928959228E-02    9.8913054488E-01
 139.57079   -1.0929908588E-02    9.8912960584E-01
 139.67084   -1.0930857310E-02    9.8912866743E-01
 139.77089   -1.0931805394E-02    9.8912772965E-01
 139.87094   -1.0932752841E-02    9.8912679251E-01
 139.97099   -1.0933699652E-02    9.8912585599E-01
 140.07104   -1.0934645827E-02    9.8912492010E-01
 140.17109   -1.0935591368E-02    9.8912398485E-01
 140.27114   -1.0936536276E-02    9.8912305022E-01
 140.37119   -1.0937480550E-02    9.8912211621E-01
 140.47124   -1.0938424193E-02    9.8912118284E-01
 140.57129   -1.0939367205E-02    9.8912025008E-01
 140.67134   -1.0940309586E-02    9.8911931795E-01
 140.77139   -1.0941251338E-02    9.8911838645E-01
 140.87144   -1.0942192462E-02    9.8911745557E-01
 140.97149   -1.0943132958E-02    9.8911652531E-01
 141.07154   -1.0944072826E-02    9.8911559567E-01
 141.17159   -1.0945012069E-02    9.8911466665E-01
 141.27164   -1.0945950687E-02    9.8911373825E-01
 141.37169   -1.0946888680E-02    9.8911281047E-01
 141.47174   -1.0947826049E-02    9.8911188330E-01
 141.57179   -1.0948762796E-02    9.8911095676E-01
 141.67184   -1.0949698921E-02    9.8911003083E-01
 141.77189   -1.0950634425E-02    9.8910910551E-01
 141.87194   -1.0951569308E-02    9.8910818081E-01
 141.97199   -1.0952503572E-02    9.8910725672E-01
 142.07204   -1.0953437217E-02    9.8910633325E-01
 142.17209   -1.0954370245E-02    9.8910541038E-01
 142.27214   -1.0955302655E-02    9.8910448813E-01
 142.37219   -1.0956234449E-02    9.8910356649E-01
 142.47224   -1.0957165628E-02    9.8910264546E-01
 142.57229   -1.0958096192E-02    9.8910172504E-01
 142.67234   -1.0959026143E-02    9.8910080522E-01
 142.77239   -1.0959955480E-02    9.8909988601E-01
 142.87244   -1.0960884206E-02    9.8909896741E-01
 142.97249   -1.0961812319E-02    9.8909804941E-01
 143.07254   -1.0962739823E-02    9.8909713202E-01
 143.17259   -1.0963666716E-02    9.8909621524E-01
 143.27264   -1.0964593001E-02    9.8909529905E-01
 143.37269   -1.0965518677E-02    9.8909438347E-01
 143.47274   -1.0966443746E-02    9.8909346849E-01
 143.57279   -1.0967368209E-02    9.8909255411E-01
 143.67284   -1.0968292065E-02    9.8909164033E-01
 143.77289   -1.0969215317E-02    9.8909072715E-01
 143.87294   -1.0970137964E-02    9.8908981457E-01
 143.97299   -1.0971060008E-02    9.8908890259E-01
 144.07304   -1.0971981449E-02    9.8908799120E-01
 144.17309   -1.0972902289E-02    9.8908708041E-01
 144.27314   -1.0973822527E-02    9.8908617021E-01
 144.37319   -1.0974742165E-02    9.8908526061E-01
 144.47324   -1.0975661204E-02    9.8908435160E-01
 144.57329   -1.0976579644E-02    9.8908344319E-01
 144.67334   -1.0977497486E-02    9.8908253537E-01
 144.77339   -1.0978414730E-02    9.8908162814E-01
 144.87344   -1.0979331379E-02    9.8908072150E-01
 144.97349   -1.0980247431E-02    9.8907981545E-01
 145.07354   -1.0981162889E-02    9.8907890999E-01
 145.17359   -1.0982077753E-02    9.8907800512E-01
 145.27364   -1.0982992023E-02    9.8907710083E-01
 145.37369   -1.0983905701E-02    9.8907619714E-01
 145.47374   -1.0984818787E-02    9.8907529402E-01
 145.57379   -1.0985731282E-02    9.8907439150E-01
 145.67384   -1.0986643187E-02    9.8907348956E-01
 145.77389   -1.0987554502E-02    9.8907258820E-01
 145.87394   -1.0988465229E-02    9.8907168743E-01
 145.97399   -1.0989375367E-02    9.8907078723E-01
 146.07404   -1.0990284919E-02    9.8906988762E-01
 146.17409   -1.0991193884E-02    9.8906898859E-01
 146.27414   -1.0992102263E-02    9.8906809014E-01
 146.37419   -1.0993010057E-02    9.8906719227E-01
 146.47424   -1.0993917267E-02    9.8906629498E-01
 146.57429   -1.0994823893E-02    9.8906539827E-01
 146.67434   -1.0995729937E-02    9.8906450213E-01
 146.77439   -1.0996635399E-02    9.8906360657E-01
 146.87444   -1.0997540280E-02    9.8906271159E-01
 146.97449   -1.0998444580E-02    9.8906181718E-01
 147.07454   -1.0999348301E-02    9.8906092335E-01
 147.17459   -1.1000251442E-02    9.8906003008E-01
 147.27464   -1.1001154005E-02    9.8905913740E-01
 147.37469   -1.1002055991E-02    9.8905824528E-01
 147.47474   -1.1002957400E-02    9.8905735373E-01
 147.57479   -1.1003858233E-02    9.8905646276E-01
 147.67484   -1.1004758491E-02    9.8905557235E-01
 147.77489   -1.1005658174E-02    9.8905468252E-01
 147.87494   -1.1006557283E-02    9.8905379325E-01
 147.97499   -1.1007455819E-02    9.8905290455E-01
 148.07504   -1.1008353783E-02    9.8905201641E-01
 148.17509   -1.1009251175E-02    9.8905112885E-01
 148.27514   -1.1010147996E-02    9.8905024185E-01
 148.37519   -1.1011044247E-02    9.8904935541E-01
 148.47524   -1.1011939929E-02    9.8904846954E-01
 148.57529   -1.1012835042E-02    9.8904758423E-01
 148.67534   -1.1013729587E-02    9.8904669948E-01
 148.77539   -1.1014623564E-02    9.8904581529E-01
 148.87544   -1.1015516975E-02    9.8904493167E-01
 148.97549   -1.1016409820E-02    9.8904404861E-01
 149.07554   -1.1017302100E-02    9.8904316610E-01
 149.17559   -1.1018193816E-02    9.8904228416E-01
 149.27564   -1.1019084968E-02    9.8904140277E-01
 149.37569   -1.1019975556E-02    9.8904052194E-01
 149.47574   -1.1020865583E-02    9.8903964167E-01
 149.57579   -1.1021755048E-02    9.8903876196E-01
 149.67584   -1.1022643952E-02    9.8903788280E-01
 149.77589   -1.1023532296E-02    9.8903700419E-01
 149.87594   -1.1024420080E-02    9.8903612614E-01
 149.97599   -1.1025307306E-02    9.8903524864E-01
 150.07604   -1.1026193973E-02    9.8903437170E-01
 150.17609   -1.1027080083E-02    9.8903349530E-01
 150.27614   -1.1027965637E-02    9.8903261946E-01
 150.37619   -1.1028850635E-02    9.8903174417E-01
 150.47624   -1.1029735077E-02    9.8903086943E-01
 150.57629   -1.1030618965E-02    9.8902999524E-01
 150.67634   -1.1031502299E-02    9.8902912159E-01
 150.77639   -1.1032385079E-02    9.8902824850E-01
 150.87644   -1.1033267308E-02    9.8902737595E-01
 150.97649   -1.1034148984E-02    9.8902650395E-01
 151.07654   -1.1035030110E-02    9.8902563249E-01
 151.17659   -1.1035910685E-02    9.8902476158E-01
 151.27664   -1.1036790710E-02    9.8902389121E-01
 151.37669   -1.1037670186E-02    9.8902302139E-01
 151.47674   -1.1038549114E-02    9.8902215211E-01
 151.57679   -1.1039427494E-02    9.8902128338E-01
 151.67684   -1.1040305327E-02    9.8902041518E-01
 151.77689   -1.1041182614E-02    9.8901954753E-01
 151.87694   -1.1042059356E-02    9.8901868041E-01
 151.97699   -1.1042935552E-02    9.8901781384E-01
 152.07704   -1.1043811204E-02    9.8901694780E-01
 152.17709   -1.1044686313E-02    9.8901608231E-01
 152.27714   -1.1045560878E-02    9.8901521735E-01
 152.37719   -1.1046434902E-02    9.8901435292E-01
 152.47724   -1.1047308384E-02    9.8901348904E-01
 152.57729   -1.1048181325E-02    9.8901262569E-01
 152.67734   -1.1049053725E-02    9.8901176287E-01
 152.77739   -1.1049925586E-02    9.8901090059E-01
 152.87744   -1.1050796909E-02    9.8901003885E-01
 152.97749   -1.1051667693E-02    9.8900917763E-01
 153.07754   -1.1052537939E-02    9.8900831695E-01
 153.17759   -1.1053407649E-02    9.8900745680E-01
 153.27764   -1.1054276822E-02    9.8900659718E-01
 153.37769   -1.1055145460E-02    9.8900573810E-01
 153.47774   -1.1056013563E-02    9.8900487954E-01
 153.57779   -1.1056881132E-02    9.8900402151E-01
 153.67784   -1.1057748167E-02    9.8900316401E-01
 153.77789   -1.1058614669E-02    9.8900230703E-01
 153.87794   -1.1059480639E-02    9.8900145059E-01
 153.97799   -1.1060346077E-02    9.8900059467E-01
 154.07804   -1.1061210984E-02    9.8899973927E-01
 154.17809   -1.1062075361E-02    9.8899888441E-01
 154.27814   -1.1062939209E-02    9.8899803006E-01
 154.37819   -1.1063802527E-02    9.8899717624E-01
 154.47824   -1.1064665317E-02    9.8899632295E-01
 154.57829   -1.1065527579E-02    9.8899547017E-01
 154.67834   -1.1066389315E-02    9.8899461792E-01
 154.77839   -1.1067250523E-02    9.8899376619E-01
 154.87844   -1.1068111206E-02    9.8899291498E-01
 154.97849   -1.1068971364E-02    9.8899206429E-01
 155.07854   -1.1069830998E-02    9.8899121412E-01
 155.17859   -1.1070690107E-02    9.8899036447E-01
 155.27864   -1.1071548694E-02    9.8898951534E-01
 155.37869   -1.1072406757E-02    9.8898866672E-01
 155.47874   -1.1073264299E-02    9.8898781862E-01
 155.57879   -1.1074121320E-02    9.8898697104E-01
 155.67884   -1.1074977820E-02    9.8898612397E-01
 155.77889   -1.1075833800E-02    9.8898527742E-01
 155.87894   -1.1076689260E-02    9.8898443138E-01
 155.97899   -1.1077544202E-02    9.8898358586E-01
 156.07904   -1.1078398625E-02    9.8898274085E-01
 156.17909   -1.1079252531E-02    9.8898189635E-01
 156.27914   -1.1080105920E-02    9.8898105236E-01
 156.37919   -1.1080958793E-02    9.8898020889E-01
 156.47924   -1.1081811151E-02    9.8897936593E-01
 156.57929   -1.1082662993E-02    9.8897852347E-01
 156.67934   -1.1083514321E-02    9.8897768153E-01
 156.77939   -1.1084365135E-02    9.8897684009E-01
 156.87944   -1.1085215436E-02    9.8897599916E-01
 156.97949   -1.1086065225E-02    9.8897515874E-01
 157.07954   -1.1086914502E-02    9.8897431883E-01
 157.17959   -1.1087763267E-02    9.8897347942E-01
 157.27964   -1.1088611522E-02    9.8897264052E-01
 157.37969   -1.1089459266E-02    9.8897180213E-01
 157.47974   -1.1090306502E-02    9.8897096423E-01
 157.57979   -1.1091153228E-02    9.8897012685E-01
 157.67984   -1.1091999446E-02    9.8896928996E-01
 157.77989   -1.1092845157E-02    9.8896845358E-01
 157.87994   -1.1093690361E-02    9.8896761770E-01
 157.97999   -1.1094535058E-02    9.8896678232E-01
 158.08004   -1.1095379250E-02    9.8896594745E-01
 158.18009   -1.1096222936E-02    9.8896511307E-01
 158.28014   -1.1097066118E-02    9.8896427919E-01
 158.38019   -1.1097908796E-02    9.8896344581E-01
 158.48024   -1.1098750971E-02    9.8896261293E-01
 158.58029   -1.1099592643E-02    9.8896178055E-01
 158.68034   -1.1100433813E-02    9.8896094867E-01
 158.78039   -1.1101274481E-02    9.8896011728E-01
 158.88044   -1.1102114649E-02    9.8895928639E-01
 158.98049   -1.1102954316E-02    9.8895845599E-01
 159.08054   -1.1103793483E-02    9.8895762609E-01
 159.18059   -1.1104632151E-02    9.8895679668E-01
 159.28064   -1.1105470321E-02    9.8895596777E-01
 159.38069   -1.1106307993E-02    9.8895513935E-01
 159.48074   -1.1107145167E-02    9.8895431142E-01
 159.58079   -1.1107981845E-02    9.8895348399E-01
 159.68084   -1.1108818026E-02    9.8895265704E-01
 159.78089   -1.1109653712E-02    9.8895183059E-01
 159.88094   -1.1110488903E-02    9.8895100463E-01
 159.98099   -1.1111323600E-02    9.8895017915E-01
 160.08104   -1.1112157803E-02    9.8894935417E-01
 160.18109   -1.1112991512E-02    9.8894852967E-01
 160.28114   -1.1113824729E-02    9.8894770566E-01
 160.38119   -1.1114657454E-02    9.8894688214E-01
 160.48124   -1.1115489687E-02    9.8894605911E-01
 160.58129   -1.1116321430E-02    9.8894523656E-01
 160.68134   -1.1117152682E-02    9.8894441450E-01
 160.78139   -1.1117983445E-02    9.8894359292E-01
 160.88144   -1.1118813718E-02    9.8894277183E-01
 160.98149   -1.1119643503E-02    9.8894195122E-01
 161.08154   -1.1120472800E-02    9.8894113109E-01
 161.18159   -1.1121301609E-02    9.8894031145E-01
 161.28164   -1.1122129932E-02    9.8893949229E-01
 161.38169   -1.1122957768E-02    9.8893867361E-01
 161.48174   -1.1123785119E-02    9.8893785541E-01
 161.58179   -1.1124611984E-02    9.8893703769E-01
 161.68184   -1.1125438365E-02    9.8893622045E-01
 161.78189   -1.1126264262E-02    9.8893540369E-01
 161.88194   -1.1127089676E-02    9.8893458741E-01
 161.98199   -1.1127914607E-02    9.8893377161E-01
 162.08204   -1.1128739055E-02    9.8893295629E-01
 162.18209   -1.1129563022E-02    9.8893214144E-01
 162.28214   -1.1130386508E-02    9.8893132707E-01
 162.38219   -1.1131209513E-02    9.8893051317E-01
 162.48224   -1.1132032038E-02    9.8892969975E-01
 162.58229   -1.1132854084E-02    9.8892888681E-01
 162.68234   -1.1133675650E-02    9.8892807434E-01
 162.78239   -1.1134496739E-02    9.8892726234E-01
 162.88244   -1.1135317350E-02    9.8892645081E-01
 162.98249   -1.1136137483E-02    9.8892563976E-01
 163.08254   -1.1136957140E-02    9.8892482918E-01
 163.18259   -1.1137776321E-02    9.8892401908E-01
 163.28264   -1.1138595026E-02    9.8892320944E-01
 163.38269   -1.1139413257E-02    9.8892240027E-01
 163.48274   -1.1140231012E-02    9.8892159158E-01
 163.58279   -1.1141048294E-02    9.8892078335E-01
 163.68284   -1.1141865103E-02    9.8891997559E-01
 163.78289   -1.1142681439E-02    9.8891916830E-01
 163.88294   -1.1143497303E-02    9.8891836148E-01
 163.98299   -1.1144312695E-02    9.8891755512E-01
 164.08304   -1.1145127616E-02    9.8891674923E-01
 164.18309   -1.1145942066E-02    9.8891594381E-01
 164.28314   -1.1146756047E-02    9.8891513885E-01
 164.38319   -1.1147569557E-02    9.8891433436E-01
 164.48324   -1.1148382599E-02    9.8891353033E-01
 164.58329   -1.1149195173E-02    9.8891272676E-01
 164.68334   -1.1150007279E-02    9.8891192366E-01
 164.78339   -1.1150818917E-02    9.8891112102E-01
 164.88344   -1.1151630089E-02    9.8891031885E-01
 164.98349   -1.1152440794E-02    9.8890951713E-01
 165.08354   -1.1153251034E-02    9.8890871588E-01
 165.18359   -1.1154060808E-02    9.8890791509E-01
 165.28364   -1.1154870118E-02    9.8890711475E-01
 165.38369   -1.1155678964E-02    9.8890631488E-01
 165.48374   -1.1156487346E-02    9.8890551547E-01
 165.58379   -1.1157295266E-02    9.8890471651E-01
 165.68384   -1.1158102723E-02    9.8890391801E-01
 165.78389   -1.1158909718E-02    9.8890311997E-01
 165.88394   -1.1159716251E-02    9.8890232239E-01
 165.98399   -1.1160522324E-02    9.8890152526E-01
 166.08404   -1.1161327936E-02    9.8890072859E-01
 166.18409   -1.1162133088E-02    9.8889993238E-01
 166.28414   -1.1162937782E-02    9.8889913662E-01
 166.38419   -1.1163742016E-02    9.8889834131E-01
 166.48424   -1.1164545792E-02    9.8889754646E-01
 166.58429   -1.1165349111E-02    9.8889675206E-01
 166.68434   -1.1166151972E-02    9.8889595811E-01
 166.78439   -1.1166954377E-02    9.8889516462E-01
 166.88444   -1.1167756325E-02    9.8889437157E-01
 166.98449   -1.1168557818E-02    9.8889357898E-01
 167.08454   -1.1169358856E-02    9.8889278684E-01
 167.18459   -1.1170159439E-02    9.8889199515E-01
 167.28464   -1.1170959568E-02    9.8889120391E-01
 167.38469   -1.1171759243E-02    9.8889041312E-01
 167.48474   -1.1172558466E-02    9.8888962278E-01
 167.58479   -1.1173357236E-02    9.8888883288E-01
 167.68484   -1.1174155554E-02    9.8888804343E-01
 167.78489   -1.1174953421E-02    9.8888725443E-01
 167.88494   -1.1175750836E-02    9.8888646588E-01
 167.98499   -1.1176547802E-02    9.8888567777E-01
 168.08504   -1.1177344317E-02    9.8888489011E-01
 168.18509   -1.1178140383E-02    9.8888410289E-01
 168.28514   -1.1178935999E-02    9.8888331612E-01
 168.38519   -1.1179731168E-02    9.8888252979E-01
 168.48524   -1.1180525889E-02    9.8888174391E-01
 168.58529   -1.1181320162E-02    9.8888095846E-01
 168.68534   -1.1182113988E-02    9.8888017346E-01
 168.78539   -1.1182907368E-02    9.8887938891E-01
 168.88544   -1.1183700302E-02    9.8887860479E-01
 168.98549   -1.1184492791E-02    9.8887782112E-01
 169.08554   -1.1185284835E-02    9.8887703788E-01
 169.18559   -1.1186076434E-02    9.8887625509E-01
 169.28564   -1.1186867590E-02    9.8887547273E-01
 169.38569   -1.1187658302E-02    9.8887469082E-01
 169.48574   -1.1188448572E-02    9.8887390934E-01
 169.58579   -1.1189238399E-02    9.8887312830E-01
 169.68584   -1.1190027784E-02    9.8887234770E-01
 169.78589   -1.1190816728E-02    9.8887156753E-01
 169.88594   -1.1191605231E-02    9.8887078781E-01
 169.98599   -1.1192393293E-02    9.8887000852E-01
 170.08604   -1.1193180916E-02    9.8886922966E-01
 170.18609   -1.1193968099E-02    9.8886845124E-01
 170.28614   -1.1194754844E-02    9.8886767325E-01
 170.38619   -1.1195541150E-02    9.8886689570E-01
 170.48624   -1.1196327018E-02    9.8886611858E-01
 170.58629   -1.1197112449E-02    9.8886534189E-01
 170.68634   -1.1197897443E-02    9.8886456564E-01
 170.78639   -1.1198682000E-02    9.8886378982E-01
 170.88644   -1.1199466122E-02    9.8886301443E-01
 170.98649   -1.1200249808E-02    9.8886223947E-01
 171.08654   -1.1201033059E-02    9.8886146495E-01
 171.18659   -1.1201815876E-02    9.8886069085E-01
 171.28664   -1.1202598258E-02    9.8885991718E-01
 171.38669   -1.1203380208E-02    9.8885914394E-01
 171.48674   -1.1204161724E-02    9.8885837114E-01
 171.58679   -1.1204942807E-02    9.8885759875E-01
 171.68684   -1.1205723459E-02    9.8885682680E-01
 171.78689   -1.1206503679E-02    9.8885605528E-01
 171.88694   -1.1207283468E-02    9.8885528418E-01
 171.98699   -1.1208062826E-02    9.8885451351E-01
 172.08704   -1.1208841754E-02    9.8885374326E-01
 172.18709   -1.1209620253E-02    9.8885297344E-01
 172.28714   -1.1210398322E-02    9.8885220404E-01
 172.38719   -1.1211175962E-02    9.8885143507E-01
 172.48724   -1.1211953175E-02    9.8885066652E-01
 172.58729   -1.1212729959E-02    9.8884989840E-01
 172.68734   -1.1213506317E-02    9.8884913070E-01
 172.78739   -1.1214282247E-02    9.8884836342E-01
 172.88744   -1.1215057752E-02    9.8884759657E-01
 172.98749   -1.1215832830E-02    9.8884683013E-01
 173.08754   -1.1216607483E-02    9.8884606412E-01
 173.18759   -1.1217381711E-02    9.8884529853E-01
 173.28764   -1.1218155515E-02    9.8884453336E-01
 173.38769   -1.1218928894E-02    9.8884376860E-01
 173.48774   -1.1219701850E-02    9.8884300427E-01
 173.58779   -1.1220474383E-02    9.8884224036E-01
 173.68784   -1.1221246494E-02    9.8884147686E-01
 173.78789   -1.1222018182E-02    9.8884071378E-01
 173.88794   -1.1222789449E-02    9.8883995112E-01
 173.98799   -1.1223560295E-02    9.8883918888E-01
 174.08804   -1.1224330720E-02    9.8883842706E-01
 174.18809   -1.1225100724E-02    9.8883766565E-01
 174.28814   -1.1225870309E-02    9.8883690465E-01
 174.38819   -1.1226639475E-02    9.8883614407E-01
 174.48824   -1.1227408221E-02    9.8883538391E-01
 174.58829   -1.1228176550E-02    9.8883462416E-01
 174.68834   -1.1228944460E-02    9.8883386482E-01
 174.78839   -1.1229711953E-02    9.8883310590E-01
 174.88844   -1.1230479029E-02    9.8883234739E-01
 174.98849   -1.1231245688E-02    9.8883158929E-01
 175.08854   -1.1232011931E-02    9.8883083161E-01
 175.18859   -1.1232777758E-02    9.8883007434E-01
 175.28864   -1.1233543171E-02    9.8882931747E-01
 175.38869   -1.1234308168E-02    9.8882856102E-01
 175.48874   -1.1235072751E-02    9.8882780498E-01
 175.58879   -1.1235836921E-02    9.8882704935E-01
 175.68884   -1.1236600677E-02    9.8882629413E-01
 175.78889   -1.1237364020E-02    9.8882553931E-01
 175.88894   -1.1238126950E-02    9.8882478491E-01
 175.98899   -1.1238889469E-02    9.8882403091E-01
 176.08904   -1.1239651575E-02    9.8882327732E-01
 176.18909   -1.1240413271E-02    9.8882252414E-01
 176.28914   -1.1241174556E-02    9.8882177136E-01
 176.38919   -1.1241935431E-02    9.8882101899E-01
 176.48924   -1.1242695896E-02    9.8882026703E-01
 176.58929   -1.1243455952E-02    9.8881951547E-01
 176.68934   -1.1244215598E-02    9.8881876432E-01
 176.78939   -1.1244974837E-02    9.8881801357E-01
 176.88944   -1.1245733667E-02    9.8881726323E-01
 176.98949   -1.1246492089E-02    9.8881651329E-01
 177.08954   -1.1247250105E-02    9.8881576375E-01
 177.18959   -1.1248007714E-02    9.8881501461E-01
 177.28964   -1.1248764916E-02    9.8881426588E-01
 177.38969   -1.1249521713E-02    9.8881351755E-01
 177.48974   -1.1250278104E-02    9.8881276962E-01
 177.58979   -1.1251034091E-02    9.8881202209E-01
 177.68984   -1.1251789672E-02    9.8881127496E-01
 177.78989   -1.1252544850E-02    9.8881052823E-01
 177.88994   -1.1253299624E-02    9.8880978190E-01
 177.98999   -1.1254053995E-02    9.8880903598E-01
 178.09005   -1.1254807964E-02    9.8880829045E-01
 178.19010   -1.1255561529E-02    9.8880754531E-01
 178.29015   -1.1256314693E-02    9.8880680058E-01
 178.39020   -1.1257067456E-02    9.8880605624E-01
 178.49025   -1.1257819817E-02    9.8880531230E-01
 178.59030   -1.1258571778E-02    9.8880456876E-01
 178.69035   -1.1259323339E-02    9.8880382562E-01
 178.79040   -1.1260074500E-02    9.8880308286E-01
 178.89045   -1.1260825261E-02    9.8880234051E-01
 178.99050   -1.1261575624E-02    9.8880159855E-01
 179.09055   -1.1262325588E-02    9.8880085698E-01
 179.19060   -1.1263075155E-02    9.8880011581E-01
 179.29065   -1.1263824323E-02    9.8879937503E-01
 179.39070   -1.1264573095E-02    9.8879863465E-01
 179.49075   -1.1265321470E-02    9.8879789466E-01
 179.59080   -1.1266069448E-02    9.8879715506E-01
 179.69085   -1.1266817030E-02    9.8879641585E-01
 179.79090   -1.1267564217E-02    9.8879567704E-01
 179.89095   -1.1268311009E-02    9.8879493861E-01
 179.99100   -1.1269057407E-02    9.8879420058E-01
 180.09105   -1.1269803410E-02    9.8879346294E-01
 180.19110   -1.1270549019E-02    9.8879272568E-01
 180.29115   -1.1271294235E-02    9.8879198882E-01
 180.39120   -1.1272039058E-02    9.8879125234E-01
 180.49125   -1.1272783489E-02    9.8879051626E-01
 180.59130   -1.1273527527E-02    9.8878978056E-01
 180.69135   -1.1274271174E-02    9.8878904525E-01
 180.79140   -1.1275014429E-02    9.8878831033E-01
 180.89145   -1.1275757293E-02    9.8878757579E-01
 180.99150   -1.1276499767E-02    9.8878684164E-01
 181.09155   -1.1277241851E-02    9.8878610788E-01
 181.19160   -1.1277983546E-02    9.8878537450E-01
 181.29165   -1.1278724851E-02    9.8878464151E-01
 181.39170   -1.1279465767E-02    9.8878390891E-01
 181.49175   -1.1280206295E-02    9.8878317668E-01
 181.59180   -1.1280946435E-02    9.8878244485E-01
 181.69185   -1.1281686188E-02    9.8878171339E-01
 181.79190   -1.1282425553E-02    9.8878098232E-01
 181.89195   -1.1283164531E-02    9.8878025163E-01
 181.99200   -1.1283903124E-02    9.8877952133E-01
 182.09205   -1.1284641330E-02    9.8877879141E-01
 182.19210   -1.1285379151E-02    9.8877806186E-01
 182.29215   -1.1286116586E-02    9.8877733270E-01
 182.39220   -1.1286853637E-02    9.8877660393E-01
 182.49225   -1.1287590304E-02    9.8877587553E-01
 182.59230   -1.1288326586E-02    9.8877514751E-01
 182.69235   -1.1289062485E-02    9.8877441987E-01
 182.79240   -1.1289798002E-02    9.8877369261E-01
 182.89245   -1.1290533135E-02    9.8877296573E-01
 182.99250   -1.1291267886E-02    9.8877223923E-01
 183.09255   -1.1292002255E-02    9.8877151311E-01
 183.19260   -1.1292736243E-02    9.8877078736E-01
 183.29265   -1.1293469850E-02    9.8877006199E-01
 183.39270   -1.1294203076E-02    9.8876933700E-01
 183.49275   -1.1294935921E-02    9.8876861238E-01
 183.59280   -1.1295668387E-02    9.8876788815E-01
 183.69285   -1.1296400474E-02    9.8876716428E-01
 183.79290   -1.1297132181E-02    9.8876644079E-01
 183.89295   -1.1297863509E-02    9.8876571768E-01
 183.99300   -1.1298594460E-02    9.8876499494E-01
 184.09305   -1.1299325032E-02    9.8876427258E-01
 184.19310   -1.1300055227E-02    9.8876355059E-01
 184.29315   -1.1300785044E-02    9.8876282897E-01
 184.39320   -1.1301514485E-02    9.8876210773E-01
 184.49325   -1.1302243550E-02    9.8876138686E-01
 184.59330   -1.1302972239E-02    9.8876066636E-01
 184.69335   -1.1303700552E-02    9.8875994623E-01
 184.79340   -1.1304428490E-02    9.8875922647E-01
 184.89345   -1.1305156053E-02    9.8875850709E-01
 184.99350   -1.1305883242E-02    9.8875778808E-01
 185.09355   -1.1306610057E-02    9.8875706943E-01
 185.19360   -1.1307336498E-02    9.8875635116E-01
 185.29365   -1.1308062567E-02    9.8875563325E-01
 185.39370   -1.1308788262E-02    9.8875491572E-01
 185.49375   -1.1309513585E-02    9.8875419855E-01
 185.59380   -1.1310238536E-02    9.8875348176E-01
 185.69385   -1.1310963115E-02    9.8875276533E-01
 185.79390   -1.1311687323E-02    9.8875204926E-01
 185.89395   -1.1312411160E-02    9.8875133357E-01
 185.99400   -1.1313134626E-02    9.8875061824E-01
 186.09405   -1.1313857723E-02    9.8874990328E-01
 186.19410   -1.1314580449E-02    9.8874918868E-01
 186.29415   -1.1315302807E-02    9.8874847445E-01
 186.39420   -1.1316024795E-02    9.8874776059E-01
 186.49425   -1.1316746415E-02    9.8874704709E-01
 186.59430   -1.1317467666E-02    9.8874633395E-01
 186.69435   -1.1318188550E-02    9.8874562118E-01
 186.79440   -1.1318909066E-02    9.8874490878E-01
 186.89445   -1.1319629215E-02    9.8874419673E-01
 186.99450   -1.1320348998E-02    9.8874348505E-01
 187.09455   -1.1321068414E-02    9.8874277373E-01
 187.19460   -1.1321787464E-02    9.8874206278E-01
 187.29465   -1.1322506149E-02    9.8874135218E-01
 187.39470   -1.1323224468E-02    9.8874064195E-01
 187.49475   -1.1323942423E-02    9.8873993208E-01
 187.59480   -1.1324660013E-02    9.8873922257E-01
 187.69485   -1.1325377239E-02    9.8873851342E-01
 187.79490   -1.1326094101E-02    9.8873780463E-01
 187.89495   -1.1326810600E-02    9.8873709620E-01
 187.99500   -1.1327526737E-02    9.8873638813E-01
 188.09505   -1.1328242510E-02    9.8873568042E-01
 188.19510   -1.1328957922E-02    9.8873497307E-01
 188.29515   -1.1329672971E-02    9.8873426608E-01
 188.39520   -1.1330387659E-02    9.8873355944E-01
 188.49525   -1.1331101986E-02    9.8873285316E-01
 188.59530   -1.1331815952E-02    9.8873214724E-01
 188.69535   -1.1332529558E-02    9.8873144167E-01
 188.79540   -1.1333242804E-02    9.8873073647E-01
 188.89545   -1.1333955691E-02    9.8873003161E-01
 188.99550   -1.1334668218E-02    9.8872932712E-01
 189.09555   -1.1335380386E-02    9.8872862298E-01
 189.19560   -1.1336092195E-02    9.8872791919E-01
 189.29565   -1.1336803647E-02    9.8872721576E-01
 189.39570   -1.1337514741E-02    9.8872651268E-01
 189.49575   -1.1338225477E-02    9.8872580996E-01
 189.59580   -1.1338935856E-02    9.8872510759E-01
 189.69585   -1.1339645879E-02    9.8872440557E-01
 189.79590   -1.1340355545E-02    9.8872370391E-01
 189.89595   -1.1341064855E-02    9.8872300259E-01
 189.99600   -1.1341773809E-02    9.8872230164E-01
 190.09605   -1.1342482409E-02    9.8872160103E-01
 190.19610   -1.1343190653E-02    9.8872090077E-01
 190.29615   -1.1343898543E-02    9.8872020087E-01
 190.39620   -1.1344606079E-02    9.8871950131E-01
 190.49625   -1.1345313261E-02    9.8871880211E-01
 190.59630   -1.1346020089E-02    9.8871810325E-01
 190.69635   -1.1346726564E-02    9.8871740475E-01
 190.79640   -1.1347432687E-02    9.8871670659E-01
 190.89645   -1.1348138457E-02    9.8871600879E-01
 190.99650   -1.1348843875E-02    9.8871531133E-01
 191.09655   -1.1349548942E-02    9.8871461422E-01
 191.19660   -1.1350253657E-02    9.8871391746E-01
 191.29665   -1.1350958021E-02    9.8871322104E-01
 191.39670   -1.1351662035E-02    9.8871252497E-01
 191.49675   -1.1352365698E-02    9.8871182925E-01
 191.59680   -1.1353069011E-02    9.8871113388E-01
 191.69685   -1.1353771975E-02    9.8871043885E-01
 191.79690   -1.1354474590E-02    9.8870974417E-01
 191.89695   -1.1355176855E-02    9.8870904983E-01
 191.99700   -1.1355878773E-02    9.8870835584E-01
 192.09705   -1.1356580342E-02    9.8870766219E-01
 192.19710   -1.1357281563E-02    9.8870696889E-01
 192.29715   -1.1357982437E-02    9.8870627593E-01
 192.39720   -1.1358682964E-02    9.8870558332E-01
 192.49725   -1.1359383144E-02    9.8870489105E-01
 192.59730   -1.1360082977E-02    9.8870419912E-01
 192.69735   -1.1360782465E-02    9.8870350753E-01
 192.79740   -1.1361481607E-02    9.8870281629E-01
 192.89745   -1.1362180403E-02    9.8870212539E-01
 192.99750   -1.1362878854E-02    9.8870143483E-01
 193.09755   -1.1363576961E-02    9.8870074461E-01
 193.19760   -1.1364274723E-02    9.8870005473E-01
 193.29765   -1.1364972142E-02    9.8869936519E-01
 193.39770   -1.1365669217E-02    9.8869867600E-01
 193.49775   -1.1366365948E-02    9.8869798714E-01
 193.59780   -1.1367062336E-02    9.8869729862E-01
 193.69785   -1.1367758382E-02    9.8869661044E-01
 193.79790   -1.1368454086E-02    9.8869592260E-01
 193.89795   -1.1369149447E-02    9.8869523510E-01
 193.99800   -1.1369844467E-02    9.8869454794E-01
 194.09805   -1.1370539146E-02    9.8869386111E-01
 194.19810   -1.1371233484E-02    9.8869317463E-01
 194.29815   -1.1371927481E-02    9.8869248848E-01
 194.39820   -1.1372621138E-02    9.8869180266E-01
 194.49825   -1.1373314455E-02    9.8869111719E-01
 194.59830   -1.1374007433E-02    9.8869043205E-01
 194.69835   -1.1374700071E-02    9.8868974724E-01
 194.79840   -1.1375392370E-02    9.8868906277E-01
 194.89845   -1.1376084331E-02    9.8868837864E-01
 194.99850   -1.1376775954E-02    9.8868769484E-01
 195.09855   -1.1377467238E-02    9.8868701138E-01
 195.19860   -1.1378158186E-02    9.8868632825E-01
 195.29865   -1.1378848795E-02    9.8868564545E-01
 195.39870   -1.1379539068E-02    9.8868496299E-01
 195.49875   -1.1380229005E-02    9.8868428086E-01
 195.59880   -1.1380918605E-02    9.8868359906E-01
 195.69885   -1.1381607869E-02    9.8868291760E-01
 195.79890   -1.1382296798E-02    9.8868223646E-01
 195.89895   -1.1382985392E-02    9.8868155566E-01
 195.99900   -1.1383673650E-02    9.8868087520E-01
 196.09905   -1.1384361574E-02    9.8868019506E-01
 196.19910   -1.1385049164E-02    9.8867951525E-01
 196.29915   -1.1385736420E-02    9.8867883578E-01
 196.39920   -1.1386423342E-02    9.8867815663E-01
 196.49925   -1.1387109932E-02    9.8867747782E-01
 196.59930   -1.1387796188E-02    9.8867679933E-01
 196.69935   -1.1388482111E-02    9.8867612117E-01
 196.79940   -1.1389167702E-02    9.8867544335E-01
 196.89945   -1.1389852962E-02    9.8867476585E-01
 196.99950   -1.1390537889E-02    9.8867408868E-01
 197.09955   -1.1391222486E-02    9.8867341183E-01
 197.19960   -1.1391906751E-02    9.8867273532E-01
 197.29965   -1.1392590686E-02    9.8867205913E-01
 197.39970   -1.1393274290E-02    9.8867138327E-01
 197.49975   -1.1393957565E-02    9.8867070774E-01
 197.59980   -1.1394640510E-02    9.8867003253E-01
 197.69985   -1.1395323125E-02    9.8866935765E-01
 197.79990   -1.1396005411E-02    9.8866868309E-01
 197.89995   -1.1396687369E-02    9.8866800886E-01
 198.00000   -1.1397368998E-02    9.8866733496E-01
 198.10005   -1.1398050299E-02    9.8866666138E-01
 198.20010   -1.1398731273E-02    9.8866598812E-01
 198.30015   -1.1399411919E-02    9.8866531519E-01
 198.40020   -1.1400092238E-02    9.8866464259E-01
 198.50025   -1.1400772230E-02    9.8866397030E-01
 198.60030   -1.1401451895E-02    9.8866329834E-01
 198.70035   -1.1402131235E-02    9.8866262670E-01
 198.80040   -1.1402810248E-02    9.8866195539E-01
 198.90045   -1.1403488936E-02    9.8866128440E-01
 199.00050   -1.1404167299E-02    9.8866061373E-01
 199.10055   -1.1404845337E-02    9.8865994338E-01
 199.20060   -1.1405523050E-02    9.8865927335E-01
 199.30065   -1.1406200439E-02    9.8865860364E-01
 199.40070   -1.1406877505E-02    9.8865793426E-01
 199.50075   -1.1407554246E-02    9.8865726519E-01
 199.60080   -1.1408230664E-02    9.8865659644E-01
 199.70085   -1.1408906759E-02    9.8865592802E-01
 199.80090   -1.1409582532E-02    9.8865525991E-01
 199.90095   -1.1410257982E-02    9.8865459213E-01
 200.00100   -1.1410933110E-02    9.8865392466E-01
