# Potencial X-he  r,theta,v(r,theta)
   3.00000   0.00000   6.6940686246E+193
   3.00000   1.00559   9.9969200115E-001
   3.00000   2.01117   9.9876838406E-001
   3.00000   3.01676   9.9723028663E-001
   3.00000   4.02235   9.9507960377E-001
   3.00000   5.02793   9.9231898512E-001
   3.00000   6.03352   9.8895183176E-001
   3.00000   7.03911   9.8498229199E-001
   3.00000   8.04469   9.8041525627E-001
   3.00000   9.05028   9.7525635117E-001
   3.00000  10.05587   9.6951193245E-001
   3.00000  11.06145   9.6318907718E-001
   3.00000  12.06704   9.5629557511E-001
   3.00000  13.07263   9.4883991899E-001
   3.00000  14.07821   9.4083129416E-001
   3.00000  15.08380   9.3227956721E-001
   3.00000  16.08939   9.2319527383E-001
   3.00000  17.09497   9.1358960582E-001
   3.00000  18.10056   9.0347439733E-001
   3.00000  19.10615   8.9286211024E-001
   3.00000  20.11173   8.8176581883E-001
   3.00000  21.11732   8.7019919371E-001
   3.00000  22.12291   8.5817648488E-001
   3.00000  23.12849   8.4571250427E-001
   3.00000  24.13408   8.3282260745E-001
   3.00000  25.13966   8.1952267472E-001
   3.00000  26.14525   8.0582909152E-001
   3.00000  27.15084   7.9175872829E-001
   3.00000  28.15642   7.7732891966E-001
   3.00000  29.16201   7.6255744307E-001
   3.00000  30.16760   7.4746249693E-001
   3.00000  31.17318   7.3206267813E-001
   3.00000  32.17877   7.1637695918E-001
   3.00000  33.18436   7.0042466481E-001
   3.00000  34.18994   6.8422544818E-001
   3.00000  35.19553   6.6779926665E-001
   3.00000  36.20112   6.5116635720E-001
   3.00000  37.20670   6.3434721149E-001
   3.00000  38.21229   6.1736255064E-001
   3.00000  39.21788   6.0023329966E-001
   3.00000  40.22346   5.8298056172E-001
   3.00000  41.22905   5.6562559212E-001
   3.00000  42.23464   5.4818977208E-001
   3.00000  43.24022   5.3069458247E-001
   3.00000  44.24581   5.1316157728E-001
   3.00000  45.25140   4.9561235708E-001
   3.00000  46.25698   4.7806854244E-001
   3.00000  47.26257   4.6055174725E-001
   3.00000  48.26816   4.4308355213E-001
   3.00000  49.27374   4.2568547781E-001
   3.00000  50.27933   4.0837895863E-001
   3.00000  51.28492   3.9118531616E-001
   3.00000  52.29050   3.7412573288E-001
   3.00000  53.29609   3.5722122611E-001
   3.00000  54.30168   3.4049262214E-001
   3.00000  55.30726   3.2396053052E-001
   3.00000  56.31285   3.0764531871E-001
   3.00000  57.31844   2.9156708699E-001
   3.00000  58.32402   2.7574564365E-001
   3.00000  59.32961   2.6020048064E-001
   3.00000  60.33520   2.4495074954E-001
   3.00000  61.34078   2.3001523794E-001
   3.00000  62.34637   2.1541234632E-001
   3.00000  63.35196   2.0116006537E-001
   3.00000  64.35754   1.8727595385E-001
   3.00000  65.36313   1.7377711691E-001
   3.00000  66.36872   1.6068018506E-001
   3.00000  67.37430   1.4800129365E-001
   3.00000  68.37989   1.3575606303E-001
   3.00000  69.38547   1.2395957926E-001
   3.00000  70.39106   1.1262637556E-001
   3.00000  71.39665   1.0177041437E-001
   3.00000  72.40223   9.1405070194E-002
   3.00000  73.40782   8.1543113090E-002
   3.00000  74.41341   7.2196692940E-002
   3.00000  75.41899   6.3377324492E-002
   3.00000  76.42458   5.5095873167E-002
   3.00000  77.43017   4.7362541675E-002
   3.00000  78.43575   4.0186857444E-002
   3.00000  79.44134   3.3577660884E-002
   3.00000  80.44693   2.7543094495E-002
   3.00000  81.45251   2.2090592836E-002
   3.00000  82.45810   1.7226873362E-002
   3.00000  83.46369   1.2957928154E-002
   3.00000  84.46927   9.2890165331E-003
   3.00000  85.47486   6.2246585807E-003
   3.00000  86.48045   3.7686295721E-003
   3.00000  87.48603   1.9239553236E-003
   3.00000  88.49162   6.9290846547E-004
   3.00000  89.49721   7.7005641668E-005
   3.00000  90.50279   7.7005641668E-005
   3.00000  91.50838   6.9290846547E-004
   3.00000  92.51397   1.9239553236E-003
   3.00000  93.51955   3.7686295721E-003
   3.00000  94.52514   6.2246585807E-003
   3.00000  95.53073   9.2890165331E-003
   3.00000  96.53631   1.2957928154E-002
   3.00000  97.54190   1.7226873362E-002
   3.00000  98.54749   2.2090592836E-002
   3.00000  99.55307   2.7543094495E-002
   3.00000 100.55866   3.3577660884E-002
   3.00000 101.56425   4.0186857444E-002
   3.00000 102.56983   4.7362541675E-002
   3.00000 103.57542   5.5095873167E-002
   3.00000 104.58101   6.3377324492E-002
   3.00000 105.58659   7.2196692940E-002
   3.00000 106.59218   8.1543113090E-002
   3.00000 107.59777   9.1405070194E-002
   3.00000 108.60335   1.0177041437E-001
   3.00000 109.60894   1.1262637556E-001
   3.00000 110.61453   1.2395957926E-001
   3.00000 111.62011   1.3575606303E-001
   3.00000 112.62570   1.4800129365E-001
   3.00000 113.63128   1.6068018506E-001
   3.00000 114.63687   1.7377711691E-001
   3.00000 115.64246   1.8727595385E-001
   3.00000 116.64804   2.0116006537E-001
   3.00000 117.65363   2.1541234632E-001
   3.00000 118.65922   2.3001523794E-001
   3.00000 119.66480   2.4495074954E-001
   3.00000 120.67039   2.6020048064E-001
   3.00000 121.67598   2.7574564365E-001
   3.00000 122.68156   2.9156708699E-001
   3.00000 123.68715   3.0764531871E-001
   3.00000 124.69274   3.2396053052E-001
   3.00000 125.69832   3.4049262214E-001
   3.00000 126.70391   3.5722122611E-001
   3.00000 127.70950   3.7412573288E-001
   3.00000 128.71508   3.9118531616E-001
   3.00000 129.72067   4.0837895863E-001
   3.00000 130.72626   4.2568547781E-001
   3.00000 131.73184   4.4308355213E-001
   3.00000 132.73743   4.6055174725E-001
   3.00000 133.74302   4.7806854244E-001
   3.00000 134.74860   4.9561235708E-001
   3.00000 135.75419   5.1316157728E-001
   3.00000 136.75978   5.3069458247E-001
   3.00000 137.76536   5.4818977208E-001
   3.00000 138.77095   5.6562559212E-001
   3.00000 139.77654   5.8298056172E-001
   3.00000 140.78212   6.0023329966E-001
   3.00000 141.78771   6.1736255064E-001
   3.00000 142.79330   6.3434721149E-001
   3.00000 143.79888   6.5116635720E-001
   3.00000 144.80447   6.6779926665E-001
   3.00000 145.81006   6.8422544818E-001
   3.00000 146.81564   7.0042466481E-001
   3.00000 147.82123   7.1637695918E-001
   3.00000 148.82682   7.3206267813E-001
   3.00000 149.83240   7.4746249693E-001
   3.00000 150.83799   7.6255744307E-001
   3.00000 151.84358   7.7732891966E-001
   3.00000 152.84916   7.9175872829E-001
   3.00000 153.85475   8.0582909152E-001
   3.00000 154.86034   8.1952267472E-001
   3.00000 155.86592   8.3282260745E-001
   3.00000 156.87151   8.4571250427E-001
   3.00000 157.87709   8.5817648488E-001
   3.00000 158.88268   8.7019919371E-001
   3.00000 159.88827   8.8176581883E-001
   3.00000 160.89385   8.9286211024E-001
   3.00000 161.89944   9.0347439733E-001
   3.00000 162.90503   9.1358960582E-001
   3.00000 163.91061   9.2319527383E-001
   3.00000 164.91620   9.3227956721E-001
   3.00000 165.92179   9.4083129416E-001
   3.00000 166.92737   9.4883991899E-001
   3.00000 167.93296   9.5629557511E-001
   3.00000 168.93855   9.6318907718E-001
   3.00000 169.94413   9.6951193245E-001
   3.00000 170.94972   9.7525635117E-001
   3.00000 171.95531   9.8041525627E-001
   3.00000 172.96089   9.8498229199E-001
   3.00000 173.96648   9.8895183176E-001
   3.00000 174.97207   9.9231898512E-001
   3.00000 175.97765   9.9507960377E-001
   3.00000 176.98324   9.9723028663E-001
   3.00000 177.98883   9.9876838406E-001
   3.00000 178.99441   9.9969200115E-001
   3.00000 180.00000   1.0000000000E+000

   3.06263   0.00000   4.8016951974E-310
   3.06263   1.00559   9.9969200115E-001
   3.06263   2.01117   9.9876838406E-001
   3.06263   3.01676   9.9723028663E-001
   3.06263   4.02235   9.9507960377E-001
   3.06263   5.02793   9.9231898512E-001
   3.06263   6.03352   9.8895183176E-001
   3.06263   7.03911   9.8498229199E-001
   3.06263   8.04469   9.8041525627E-001
   3.06263   9.05028   9.7525635117E-001
   3.06263  10.05587   9.6951193245E-001
   3.06263  11.06145   9.6318907718E-001
   3.06263  12.06704   9.5629557511E-001
   3.06263  13.07263   9.4883991899E-001
   3.06263  14.07821   9.4083129416E-001
   3.06263  15.08380   9.3227956721E-001
   3.06263  16.08939   9.2319527383E-001
   3.06263  17.09497   9.1358960582E-001
   3.06263  18.10056   9.0347439733E-001
   3.06263  19.10615   8.9286211024E-001
   3.06263  20.11173   8.8176581883E-001
   3.06263  21.11732   8.7019919371E-001
   3.06263  22.12291   8.5817648488E-001
   3.06263  23.12849   8.4571250427E-001
   3.06263  24.13408   8.3282260745E-001
   3.06263  25.13966   8.1952267472E-001
   3.06263  26.14525   8.0582909152E-001
   3.06263  27.15084   7.9175872829E-001
   3.06263  28.15642   7.7732891966E-001
   3.06263  29.16201   7.6255744307E-001
   3.06263  30.16760   7.4746249693E-001
   3.06263  31.17318   7.3206267813E-001
   3.06263  32.17877   7.1637695918E-001
   3.06263  33.18436   7.0042466481E-001
   3.06263  34.18994   6.8422544818E-001
   3.06263  35.19553   6.6779926665E-001
   3.06263  36.20112   6.5116635720E-001
   3.06263  37.20670   6.3434721149E-001
   3.06263  38.21229   6.1736255064E-001
   3.06263  39.21788   6.0023329966E-001
   3.06263  40.22346   5.8298056172E-001
   3.06263  41.22905   5.6562559212E-001
   3.06263  42.23464   5.4818977208E-001
   3.06263  43.24022   5.3069458247E-001
   3.06263  44.24581   5.1316157728E-001
   3.06263  45.25140   4.9561235708E-001
   3.06263  46.25698   4.7806854244E-001
   3.06263  47.26257   4.6055174725E-001
   3.06263  48.26816   4.4308355213E-001
   3.06263  49.27374   4.2568547781E-001
   3.06263  50.27933   4.0837895863E-001
   3.06263  51.28492   3.9118531616E-001
   3.06263  52.29050   3.7412573288E-001
   3.06263  53.29609   3.5722122611E-001
   3.06263  54.30168   3.4049262214E-001
   3.06263  55.30726   3.2396053052E-001
   3.06263  56.31285   3.0764531871E-001
   3.06263  57.31844   2.9156708699E-001
   3.06263  58.32402   2.7574564365E-001
   3.06263  59.32961   2.6020048064E-001
   3.06263  60.33520   2.4495074954E-001
   3.06263  61.34078   2.3001523794E-001
   3.06263  62.34637   2.1541234632E-001
   3.06263  63.35196   2.0116006537E-001
   3.06263  64.35754   1.8727595385E-001
   3.06263  65.36313   1.7377711691E-001
   3.06263  66.36872   1.6068018506E-001
   3.06263  67.37430   1.4800129365E-001
   3.06263  68.37989   1.3575606303E-001
   3.06263  69.38547   1.2395957926E-001
   3.06263  70.39106   1.1262637556E-001
   3.06263  71.39665   1.0177041437E-001
   3.06263  72.40223   9.1405070194E-002
   3.06263  73.40782   8.1543113090E-002
   3.06263  74.41341   7.2196692940E-002
   3.06263  75.41899   6.3377324492E-002
   3.06263  76.42458   5.5095873167E-002
   3.06263  77.43017   4.7362541675E-002
   3.06263  78.43575   4.0186857444E-002
   3.06263  79.44134   3.3577660884E-002
   3.06263  80.44693   2.7543094495E-002
   3.06263  81.45251   2.2090592836E-002
   3.06263  82.45810   1.7226873362E-002
   3.06263  83.46369   1.2957928154E-002
   3.06263  84.46927   9.2890165331E-003
   3.06263  85.47486   6.2246585807E-003
   3.06263  86.48045   3.7686295721E-003
   3.06263  87.48603   1.9239553236E-003
   3.06263  88.49162   6.9290846547E-004
   3.06263  89.49721   7.7005641668E-005
   3.06263  90.50279   7.7005641668E-005
   3.06263  91.50838   6.9290846547E-004
   3.06263  92.51397   1.9239553236E-003
   3.06263  93.51955   3.7686295721E-003
   3.06263  94.52514   6.2246585807E-003
   3.06263  95.53073   9.2890165331E-003
   3.06263  96.53631   1.2957928154E-002
   3.06263  97.54190   1.7226873362E-002
   3.06263  98.54749   2.2090592836E-002
   3.06263  99.55307   2.7543094495E-002
   3.06263 100.55866   3.3577660884E-002
   3.06263 101.56425   4.0186857444E-002
   3.06263 102.56983   4.7362541675E-002
   3.06263 103.57542   5.5095873167E-002
   3.06263 104.58101   6.3377324492E-002
   3.06263 105.58659   7.2196692940E-002
   3.06263 106.59218   8.1543113090E-002
   3.06263 107.59777   9.1405070194E-002
   3.06263 108.60335   1.0177041437E-001
   3.06263 109.60894   1.1262637556E-001
   3.06263 110.61453   1.2395957926E-001
   3.06263 111.62011   1.3575606303E-001
   3.06263 112.62570   1.4800129365E-001
   3.06263 113.63128   1.6068018506E-001
   3.06263 114.63687   1.7377711691E-001
   3.06263 115.64246   1.8727595385E-001
   3.06263 116.64804   2.0116006537E-001
   3.06263 117.65363   2.1541234632E-001
   3.06263 118.65922   2.3001523794E-001
   3.06263 119.66480   2.4495074954E-001
   3.06263 120.67039   2.6020048064E-001
   3.06263 121.67598   2.7574564365E-001
   3.06263 122.68156   2.9156708699E-001
   3.06263 123.68715   3.0764531871E-001
   3.06263 124.69274   3.2396053052E-001
   3.06263 125.69832   3.4049262214E-001
   3.06263 126.70391   3.5722122611E-001
   3.06263 127.70950   3.7412573288E-001
   3.06263 128.71508   3.9118531616E-001
   3.06263 129.72067   4.0837895863E-001
   3.06263 130.72626   4.2568547781E-001
   3.06263 131.73184   4.4308355213E-001
   3.06263 132.73743   4.6055174725E-001
   3.06263 133.74302   4.7806854244E-001
   3.06263 134.74860   4.9561235708E-001
   3.06263 135.75419   5.1316157728E-001
   3.06263 136.75978   5.3069458247E-001
   3.06263 137.76536   5.4818977208E-001
   3.06263 138.77095   5.6562559212E-001
   3.06263 139.77654   5.8298056172E-001
   3.06263 140.78212   6.0023329966E-001
   3.06263 141.78771   6.1736255064E-001
   3.06263 142.79330   6.3434721149E-001
   3.06263 143.79888   6.5116635720E-001
   3.06263 144.80447   6.6779926665E-001
   3.06263 145.81006   6.8422544818E-001
   3.06263 146.81564   7.0042466481E-001
   3.06263 147.82123   7.1637695918E-001
   3.06263 148.82682   7.3206267813E-001
   3.06263 149.83240   7.4746249693E-001
   3.06263 150.83799   7.6255744307E-001
   3.06263 151.84358   7.7732891966E-001
   3.06263 152.84916   7.9175872829E-001
   3.06263 153.85475   8.0582909152E-001
   3.06263 154.86034   8.1952267472E-001
   3.06263 155.86592   8.3282260745E-001
   3.06263 156.87151   8.4571250427E-001
   3.06263 157.87709   8.5817648488E-001
   3.06263 158.88268   8.7019919371E-001
   3.06263 159.88827   8.8176581883E-001
   3.06263 160.89385   8.9286211024E-001
   3.06263 161.89944   9.0347439733E-001
   3.06263 162.90503   9.1358960582E-001
   3.06263 163.91061   9.2319527383E-001
   3.06263 164.91620   9.3227956721E-001
   3.06263 165.92179   9.4083129416E-001
   3.06263 166.92737   9.4883991899E-001
   3.06263 167.93296   9.5629557511E-001
   3.06263 168.93855   9.6318907718E-001
   3.06263 169.94413   9.6951193245E-001
   3.06263 170.94972   9.7525635117E-001
   3.06263 171.95531   9.8041525627E-001
   3.06263 172.96089   9.8498229199E-001
   3.06263 173.96648   9.8895183176E-001
   3.06263 174.97207   9.9231898512E-001
   3.06263 175.97765   9.9507960377E-001
   3.06263 176.98324   9.9723028663E-001
   3.06263 177.98883   9.9876838406E-001
   3.06263 178.99441   9.9969200115E-001
   3.06263 180.00000   1.0000000000E+000

   3.12525   0.00000   4.8016951974E-310
   3.12525   1.00559   9.9969200115E-001
   3.12525   2.01117   9.9876838406E-001
   3.12525   3.01676   9.9723028663E-001
   3.12525   4.02235   9.9507960377E-001
   3.12525   5.02793   9.9231898512E-001
   3.12525   6.03352   9.8895183176E-001
   3.12525   7.03911   9.8498229199E-001
   3.12525   8.04469   9.8041525627E-001
   3.12525   9.05028   9.7525635117E-001
   3.12525  10.05587   9.6951193245E-001
   3.12525  11.06145   9.6318907718E-001
   3.12525  12.06704   9.5629557511E-001
   3.12525  13.07263   9.4883991899E-001
   3.12525  14.07821   9.4083129416E-001
   3.12525  15.08380   9.3227956721E-001
   3.12525  16.08939   9.2319527383E-001
   3.12525  17.09497   9.1358960582E-001
   3.12525  18.10056   9.0347439733E-001
   3.12525  19.10615   8.9286211024E-001
   3.12525  20.11173   8.8176581883E-001
   3.12525  21.11732   8.7019919371E-001
   3.12525  22.12291   8.5817648488E-001
   3.12525  23.12849   8.4571250427E-001
   3.12525  24.13408   8.3282260745E-001
   3.12525  25.13966   8.1952267472E-001
   3.12525  26.14525   8.0582909152E-001
   3.12525  27.15084   7.9175872829E-001
   3.12525  28.15642   7.7732891966E-001
   3.12525  29.16201   7.6255744307E-001
   3.12525  30.16760   7.4746249693E-001
   3.12525  31.17318   7.3206267813E-001
   3.12525  32.17877   7.1637695918E-001
   3.12525  33.18436   7.0042466481E-001
   3.12525  34.18994   6.8422544818E-001
   3.12525  35.19553   6.6779926665E-001
   3.12525  36.20112   6.5116635720E-001
   3.12525  37.20670   6.3434721149E-001
   3.12525  38.21229   6.1736255064E-001
   3.12525  39.21788   6.0023329966E-001
   3.12525  40.22346   5.8298056172E-001
   3.12525  41.22905   5.6562559212E-001
   3.12525  42.23464   5.4818977208E-001
   3.12525  43.24022   5.3069458247E-001
   3.12525  44.24581   5.1316157728E-001
   3.12525  45.25140   4.9561235708E-001
   3.12525  46.25698   4.7806854244E-001
   3.12525  47.26257   4.6055174725E-001
   3.12525  48.26816   4.4308355213E-001
   3.12525  49.27374   4.2568547781E-001
   3.12525  50.27933   4.0837895863E-001
   3.12525  51.28492   3.9118531616E-001
   3.12525  52.29050   3.7412573288E-001
   3.12525  53.29609   3.5722122611E-001
   3.12525  54.30168   3.4049262214E-001
   3.12525  55.30726   3.2396053052E-001
   3.12525  56.31285   3.0764531871E-001
   3.12525  57.31844   2.9156708699E-001
   3.12525  58.32402   2.7574564365E-001
   3.12525  59.32961   2.6020048064E-001
   3.12525  60.33520   2.4495074954E-001
   3.12525  61.34078   2.3001523794E-001
   3.12525  62.34637   2.1541234632E-001
   3.12525  63.35196   2.0116006537E-001
   3.12525  64.35754   1.8727595385E-001
   3.12525  65.36313   1.7377711691E-001
   3.12525  66.36872   1.6068018506E-001
   3.12525  67.37430   1.4800129365E-001
   3.12525  68.37989   1.3575606303E-001
   3.12525  69.38547   1.2395957926E-001
   3.12525  70.39106   1.1262637556E-001
   3.12525  71.39665   1.0177041437E-001
   3.12525  72.40223   9.1405070194E-002
   3.12525  73.40782   8.1543113090E-002
   3.12525  74.41341   7.2196692940E-002
   3.12525  75.41899   6.3377324492E-002
   3.12525  76.42458   5.5095873167E-002
   3.12525  77.43017   4.7362541675E-002
   3.12525  78.43575   4.0186857444E-002
   3.12525  79.44134   3.3577660884E-002
   3.12525  80.44693   2.7543094495E-002
   3.12525  81.45251   2.2090592836E-002
   3.12525  82.45810   1.7226873362E-002
   3.12525  83.46369   1.2957928154E-002
   3.12525  84.46927   9.2890165331E-003
   3.12525  85.47486   6.2246585807E-003
   3.12525  86.48045   3.7686295721E-003
   3.12525  87.48603   1.9239553236E-003
   3.12525  88.49162   6.9290846547E-004
   3.12525  89.49721   7.7005641668E-005
   3.12525  90.50279   7.7005641668E-005
   3.12525  91.50838   6.9290846547E-004
   3.12525  92.51397   1.9239553236E-003
   3.12525  93.51955   3.7686295721E-003
   3.12525  94.52514   6.2246585807E-003
   3.12525  95.53073   9.2890165331E-003
   3.12525  96.53631   1.2957928154E-002
   3.12525  97.54190   1.7226873362E-002
   3.12525  98.54749   2.2090592836E-002
   3.12525  99.55307   2.7543094495E-002
   3.12525 100.55866   3.3577660884E-002
   3.12525 101.56425   4.0186857444E-002
   3.12525 102.56983   4.7362541675E-002
   3.12525 103.57542   5.5095873167E-002
   3.12525 104.58101   6.3377324492E-002
   3.12525 105.58659   7.2196692940E-002
   3.12525 106.59218   8.1543113090E-002
   3.12525 107.59777   9.1405070194E-002
   3.12525 108.60335   1.0177041437E-001
   3.12525 109.60894   1.1262637556E-001
   3.12525 110.61453   1.2395957926E-001
   3.12525 111.62011   1.3575606303E-001
   3.12525 112.62570   1.4800129365E-001
   3.12525 113.63128   1.6068018506E-001
   3.12525 114.63687   1.7377711691E-001
   3.12525 115.64246   1.8727595385E-001
   3.12525 116.64804   2.0116006537E-001
   3.12525 117.65363   2.1541234632E-001
   3.12525 118.65922   2.3001523794E-001
   3.12525 119.66480   2.4495074954E-001
   3.12525 120.67039   2.6020048064E-001
   3.12525 121.67598   2.7574564365E-001
   3.12525 122.68156   2.9156708699E-001
   3.12525 123.68715   3.0764531871E-001
   3.12525 124.69274   3.2396053052E-001
   3.12525 125.69832   3.4049262214E-001
   3.12525 126.70391   3.5722122611E-001
   3.12525 127.70950   3.7412573288E-001
   3.12525 128.71508   3.9118531616E-001
   3.12525 129.72067   4.0837895863E-001
   3.12525 130.72626   4.2568547781E-001
   3.12525 131.73184   4.4308355213E-001
   3.12525 132.73743   4.6055174725E-001
   3.12525 133.74302   4.7806854244E-001
   3.12525 134.74860   4.9561235708E-001
   3.12525 135.75419   5.1316157728E-001
   3.12525 136.75978   5.3069458247E-001
   3.12525 137.76536   5.4818977208E-001
   3.12525 138.77095   5.6562559212E-001
   3.12525 139.77654   5.8298056172E-001
   3.12525 140.78212   6.0023329966E-001
   3.12525 141.78771   6.1736255064E-001
   3.12525 142.79330   6.3434721149E-001
   3.12525 143.79888   6.5116635720E-001
   3.12525 144.80447   6.6779926665E-001
   3.12525 145.81006   6.8422544818E-001
   3.12525 146.81564   7.0042466481E-001
   3.12525 147.82123   7.1637695918E-001
   3.12525 148.82682   7.3206267813E-001
   3.12525 149.83240   7.4746249693E-001
   3.12525 150.83799   7.6255744307E-001
   3.12525 151.84358   7.7732891966E-001
   3.12525 152.84916   7.9175872829E-001
   3.12525 153.85475   8.0582909152E-001
   3.12525 154.86034   8.1952267472E-001
   3.12525 155.86592   8.3282260745E-001
   3.12525 156.87151   8.4571250427E-001
   3.12525 157.87709   8.5817648488E-001
   3.12525 158.88268   8.7019919371E-001
   3.12525 159.88827   8.8176581883E-001
   3.12525 160.89385   8.9286211024E-001
   3.12525 161.89944   9.0347439733E-001
   3.12525 162.90503   9.1358960582E-001
   3.12525 163.91061   9.2319527383E-001
   3.12525 164.91620   9.3227956721E-001
   3.12525 165.92179   9.4083129416E-001
   3.12525 166.92737   9.4883991899E-001
   3.12525 167.93296   9.5629557511E-001
   3.12525 168.93855   9.6318907718E-001
   3.12525 169.94413   9.6951193245E-001
   3.12525 170.94972   9.7525635117E-001
   3.12525 171.95531   9.8041525627E-001
   3.12525 172.96089   9.8498229199E-001
   3.12525 173.96648   9.8895183176E-001
   3.12525 174.97207   9.9231898512E-001
   3.12525 175.97765   9.9507960377E-001
   3.12525 176.98324   9.9723028663E-001
   3.12525 177.98883   9.9876838406E-001
   3.12525 178.99441   9.9969200115E-001
   3.12525 180.00000   1.0000000000E+000

   3.18788   0.00000   4.8016951974E-310
   3.18788   1.00559   9.9969200115E-001
   3.18788   2.01117   9.9876838406E-001
   3.18788   3.01676   9.9723028663E-001
   3.18788   4.02235   9.9507960377E-001
   3.18788   5.02793   9.9231898512E-001
   3.18788   6.03352   9.8895183176E-001
   3.18788   7.03911   9.8498229199E-001
   3.18788   8.04469   9.8041525627E-001
   3.18788   9.05028   9.7525635117E-001
   3.18788  10.05587   9.6951193245E-001
   3.18788  11.06145   9.6318907718E-001
   3.18788  12.06704   9.5629557511E-001
   3.18788  13.07263   9.4883991899E-001
   3.18788  14.07821   9.4083129416E-001
   3.18788  15.08380   9.3227956721E-001
   3.18788  16.08939   9.2319527383E-001
   3.18788  17.09497   9.1358960582E-001
   3.18788  18.10056   9.0347439733E-001
   3.18788  19.10615   8.9286211024E-001
   3.18788  20.11173   8.8176581883E-001
   3.18788  21.11732   8.7019919371E-001
   3.18788  22.12291   8.5817648488E-001
   3.18788  23.12849   8.4571250427E-001
   3.18788  24.13408   8.3282260745E-001
   3.18788  25.13966   8.1952267472E-001
   3.18788  26.14525   8.0582909152E-001
   3.18788  27.15084   7.9175872829E-001
   3.18788  28.15642   7.7732891966E-001
   3.18788  29.16201   7.6255744307E-001
   3.18788  30.16760   7.4746249693E-001
   3.18788  31.17318   7.3206267813E-001
   3.18788  32.17877   7.1637695918E-001
   3.18788  33.18436   7.0042466481E-001
   3.18788  34.18994   6.8422544818E-001
   3.18788  35.19553   6.6779926665E-001
   3.18788  36.20112   6.5116635720E-001
   3.18788  37.20670   6.3434721149E-001
   3.18788  38.21229   6.1736255064E-001
   3.18788  39.21788   6.0023329966E-001
   3.18788  40.22346   5.8298056172E-001
   3.18788  41.22905   5.6562559212E-001
   3.18788  42.23464   5.4818977208E-001
   3.18788  43.24022   5.3069458247E-001
   3.18788  44.24581   5.1316157728E-001
   3.18788  45.25140   4.9561235708E-001
   3.18788  46.25698   4.7806854244E-001
   3.18788  47.26257   4.6055174725E-001
   3.18788  48.26816   4.4308355213E-001
   3.18788  49.27374   4.2568547781E-001
   3.18788  50.27933   4.0837895863E-001
   3.18788  51.28492   3.9118531616E-001
   3.18788  52.29050   3.7412573288E-001
   3.18788  53.29609   3.5722122611E-001
   3.18788  54.30168   3.4049262214E-001
   3.18788  55.30726   3.2396053052E-001
   3.18788  56.31285   3.0764531871E-001
   3.18788  57.31844   2.9156708699E-001
   3.18788  58.32402   2.7574564365E-001
   3.18788  59.32961   2.6020048064E-001
   3.18788  60.33520   2.4495074954E-001
   3.18788  61.34078   2.3001523794E-001
   3.18788  62.34637   2.1541234632E-001
   3.18788  63.35196   2.0116006537E-001
   3.18788  64.35754   1.8727595385E-001
   3.18788  65.36313   1.7377711691E-001
   3.18788  66.36872   1.6068018506E-001
   3.18788  67.37430   1.4800129365E-001
   3.18788  68.37989   1.3575606303E-001
   3.18788  69.38547   1.2395957926E-001
   3.18788  70.39106   1.1262637556E-001
   3.18788  71.39665   1.0177041437E-001
   3.18788  72.40223   9.1405070194E-002
   3.18788  73.40782   8.1543113090E-002
   3.18788  74.41341   7.2196692940E-002
   3.18788  75.41899   6.3377324492E-002
   3.18788  76.42458   5.5095873167E-002
   3.18788  77.43017   4.7362541675E-002
   3.18788  78.43575   4.0186857444E-002
   3.18788  79.44134   3.3577660884E-002
   3.18788  80.44693   2.7543094495E-002
   3.18788  81.45251   2.2090592836E-002
   3.18788  82.45810   1.7226873362E-002
   3.18788  83.46369   1.2957928154E-002
   3.18788  84.46927   9.2890165331E-003
   3.18788  85.47486   6.2246585807E-003
   3.18788  86.48045   3.7686295721E-003
   3.18788  87.48603   1.9239553236E-003
   3.18788  88.49162   6.9290846547E-004
   3.18788  89.49721   7.7005641668E-005
   3.18788  90.50279   7.7005641668E-005
   3.18788  91.50838   6.9290846547E-004
   3.18788  92.51397   1.9239553236E-003
   3.18788  93.51955   3.7686295721E-003
   3.18788  94.52514   6.2246585807E-003
   3.18788  95.53073   9.2890165331E-003
   3.18788  96.53631   1.2957928154E-002
   3.18788  97.54190   1.7226873362E-002
   3.18788  98.54749   2.2090592836E-002
   3.18788  99.55307   2.7543094495E-002
   3.18788 100.55866   3.3577660884E-002
   3.18788 101.56425   4.0186857444E-002
   3.18788 102.56983   4.7362541675E-002
   3.18788 103.57542   5.5095873167E-002
   3.18788 104.58101   6.3377324492E-002
   3.18788 105.58659   7.2196692940E-002
   3.18788 106.59218   8.1543113090E-002
   3.18788 107.59777   9.1405070194E-002
   3.18788 108.60335   1.0177041437E-001
   3.18788 109.60894   1.1262637556E-001
   3.18788 110.61453   1.2395957926E-001
   3.18788 111.62011   1.3575606303E-001
   3.18788 112.62570   1.4800129365E-001
   3.18788 113.63128   1.6068018506E-001
   3.18788 114.63687   1.7377711691E-001
   3.18788 115.64246   1.8727595385E-001
   3.18788 116.64804   2.0116006537E-001
   3.18788 117.65363   2.1541234632E-001
   3.18788 118.65922   2.3001523794E-001
   3.18788 119.66480   2.4495074954E-001
   3.18788 120.67039   2.6020048064E-001
   3.18788 121.67598   2.7574564365E-001
   3.18788 122.68156   2.9156708699E-001
   3.18788 123.68715   3.0764531871E-001
   3.18788 124.69274   3.2396053052E-001
   3.18788 125.69832   3.4049262214E-001
   3.18788 126.70391   3.5722122611E-001
   3.18788 127.70950   3.7412573288E-001
   3.18788 128.71508   3.9118531616E-001
   3.18788 129.72067   4.0837895863E-001
   3.18788 130.72626   4.2568547781E-001
   3.18788 131.73184   4.4308355213E-001
   3.18788 132.73743   4.6055174725E-001
   3.18788 133.74302   4.7806854244E-001
   3.18788 134.74860   4.9561235708E-001
   3.18788 135.75419   5.1316157728E-001
   3.18788 136.75978   5.3069458247E-001
   3.18788 137.76536   5.4818977208E-001
   3.18788 138.77095   5.6562559212E-001
   3.18788 139.77654   5.8298056172E-001
   3.18788 140.78212   6.0023329966E-001
   3.18788 141.78771   6.1736255064E-001
   3.18788 142.79330   6.3434721149E-001
   3.18788 143.79888   6.5116635720E-001
   3.18788 144.80447   6.6779926665E-001
   3.18788 145.81006   6.8422544818E-001
   3.18788 146.81564   7.0042466481E-001
   3.18788 147.82123   7.1637695918E-001
   3.18788 148.82682   7.3206267813E-001
   3.18788 149.83240   7.4746249693E-001
   3.18788 150.83799   7.6255744307E-001
   3.18788 151.84358   7.7732891966E-001
   3.18788 152.84916   7.9175872829E-001
   3.18788 153.85475   8.0582909152E-001
   3.18788 154.86034   8.1952267472E-001
   3.18788 155.86592   8.3282260745E-001
   3.18788 156.87151   8.4571250427E-001
   3.18788 157.87709   8.5817648488E-001
   3.18788 158.88268   8.7019919371E-001
   3.18788 159.88827   8.8176581883E-001
   3.18788 160.89385   8.9286211024E-001
   3.18788 161.89944   9.0347439733E-001
   3.18788 162.90503   9.1358960582E-001
   3.18788 163.91061   9.2319527383E-001
   3.18788 164.91620   9.3227956721E-001
   3.18788 165.92179   9.4083129416E-001
   3.18788 166.92737   9.4883991899E-001
   3.18788 167.93296   9.5629557511E-001
   3.18788 168.93855   9.6318907718E-001
   3.18788 169.94413   9.6951193245E-001
   3.18788 170.94972   9.7525635117E-001
   3.18788 171.95531   9.8041525627E-001
   3.18788 172.96089   9.8498229199E-001
   3.18788 173.96648   9.8895183176E-001
   3.18788 174.97207   9.9231898512E-001
   3.18788 175.97765   9.9507960377E-001
   3.18788 176.98324   9.9723028663E-001
   3.18788 177.98883   9.9876838406E-001
   3.18788 178.99441   9.9969200115E-001
   3.18788 180.00000   1.0000000000E+000

   3.25051   0.00000   4.8016951974E-310
   3.25051   1.00559   9.9969200115E-001
   3.25051   2.01117   9.9876838406E-001
   3.25051   3.01676   9.9723028663E-001
   3.25051   4.02235   9.9507960377E-001
   3.25051   5.02793   9.9231898512E-001
   3.25051   6.03352   9.8895183176E-001
   3.25051   7.03911   9.8498229199E-001
   3.25051   8.04469   9.8041525627E-001
   3.25051   9.05028   9.7525635117E-001
   3.25051  10.05587   9.6951193245E-001
   3.25051  11.06145   9.6318907718E-001
   3.25051  12.06704   9.5629557511E-001
   3.25051  13.07263   9.4883991899E-001
   3.25051  14.07821   9.4083129416E-001
   3.25051  15.08380   9.3227956721E-001
   3.25051  16.08939   9.2319527383E-001
   3.25051  17.09497   9.1358960582E-001
   3.25051  18.10056   9.0347439733E-001
   3.25051  19.10615   8.9286211024E-001
   3.25051  20.11173   8.8176581883E-001
   3.25051  21.11732   8.7019919371E-001
   3.25051  22.12291   8.5817648488E-001
   3.25051  23.12849   8.4571250427E-001
   3.25051  24.13408   8.3282260745E-001
   3.25051  25.13966   8.1952267472E-001
   3.25051  26.14525   8.0582909152E-001
   3.25051  27.15084   7.9175872829E-001
   3.25051  28.15642   7.7732891966E-001
   3.25051  29.16201   7.6255744307E-001
   3.25051  30.16760   7.4746249693E-001
   3.25051  31.17318   7.3206267813E-001
   3.25051  32.17877   7.1637695918E-001
   3.25051  33.18436   7.0042466481E-001
   3.25051  34.18994   6.8422544818E-001
   3.25051  35.19553   6.6779926665E-001
   3.25051  36.20112   6.5116635720E-001
   3.25051  37.20670   6.3434721149E-001
   3.25051  38.21229   6.1736255064E-001
   3.25051  39.21788   6.0023329966E-001
   3.25051  40.22346   5.8298056172E-001
   3.25051  41.22905   5.6562559212E-001
   3.25051  42.23464   5.4818977208E-001
   3.25051  43.24022   5.3069458247E-001
   3.25051  44.24581   5.1316157728E-001
   3.25051  45.25140   4.9561235708E-001
   3.25051  46.25698   4.7806854244E-001
   3.25051  47.26257   4.6055174725E-001
   3.25051  48.26816   4.4308355213E-001
   3.25051  49.27374   4.2568547781E-001
   3.25051  50.27933   4.0837895863E-001
   3.25051  51.28492   3.9118531616E-001
   3.25051  52.29050   3.7412573288E-001
   3.25051  53.29609   3.5722122611E-001
   3.25051  54.30168   3.4049262214E-001
   3.25051  55.30726   3.2396053052E-001
   3.25051  56.31285   3.0764531871E-001
   3.25051  57.31844   2.9156708699E-001
   3.25051  58.32402   2.7574564365E-001
   3.25051  59.32961   2.6020048064E-001
   3.25051  60.33520   2.4495074954E-001
   3.25051  61.34078   2.3001523794E-001
   3.25051  62.34637   2.1541234632E-001
   3.25051  63.35196   2.0116006537E-001
   3.25051  64.35754   1.8727595385E-001
   3.25051  65.36313   1.7377711691E-001
   3.25051  66.36872   1.6068018506E-001
   3.25051  67.37430   1.4800129365E-001
   3.25051  68.37989   1.3575606303E-001
   3.25051  69.38547   1.2395957926E-001
   3.25051  70.39106   1.1262637556E-001
   3.25051  71.39665   1.0177041437E-001
   3.25051  72.40223   9.1405070194E-002
   3.25051  73.40782   8.1543113090E-002
   3.25051  74.41341   7.2196692940E-002
   3.25051  75.41899   6.3377324492E-002
   3.25051  76.42458   5.5095873167E-002
   3.25051  77.43017   4.7362541675E-002
   3.25051  78.43575   4.0186857444E-002
   3.25051  79.44134   3.3577660884E-002
   3.25051  80.44693   2.7543094495E-002
   3.25051  81.45251   2.2090592836E-002
   3.25051  82.45810   1.7226873362E-002
   3.25051  83.46369   1.2957928154E-002
   3.25051  84.46927   9.2890165331E-003
   3.25051  85.47486   6.2246585807E-003
   3.25051  86.48045   3.7686295721E-003
   3.25051  87.48603   1.9239553236E-003
   3.25051  88.49162   6.9290846547E-004
   3.25051  89.49721   7.7005641668E-005
   3.25051  90.50279   7.7005641668E-005
   3.25051  91.50838   6.9290846547E-004
   3.25051  92.51397   1.9239553236E-003
   3.25051  93.51955   3.7686295721E-003
   3.25051  94.52514   6.2246585807E-003
   3.25051  95.53073   9.2890165331E-003
   3.25051  96.53631   1.2957928154E-002
   3.25051  97.54190   1.7226873362E-002
   3.25051  98.54749   2.2090592836E-002
   3.25051  99.55307   2.7543094495E-002
   3.25051 100.55866   3.3577660884E-002
   3.25051 101.56425   4.0186857444E-002
   3.25051 102.56983   4.7362541675E-002
   3.25051 103.57542   5.5095873167E-002
   3.25051 104.58101   6.3377324492E-002
   3.25051 105.58659   7.2196692940E-002
   3.25051 106.59218   8.1543113090E-002
   3.25051 107.59777   9.1405070194E-002
   3.25051 108.60335   1.0177041437E-001
   3.25051 109.60894   1.1262637556E-001
   3.25051 110.61453   1.2395957926E-001
   3.25051 111.62011   1.3575606303E-001
   3.25051 112.62570   1.4800129365E-001
   3.25051 113.63128   1.6068018506E-001
   3.25051 114.63687   1.7377711691E-001
   3.25051 115.64246   1.8727595385E-001
   3.25051 116.64804   2.0116006537E-001
   3.25051 117.65363   2.1541234632E-001
   3.25051 118.65922   2.3001523794E-001
   3.25051 119.66480   2.4495074954E-001
   3.25051 120.67039   2.6020048064E-001
   3.25051 121.67598   2.7574564365E-001
   3.25051 122.68156   2.9156708699E-001
   3.25051 123.68715   3.0764531871E-001
   3.25051 124.69274   3.2396053052E-001
   3.25051 125.69832   3.4049262214E-001
   3.25051 126.70391   3.5722122611E-001
   3.25051 127.70950   3.7412573288E-001
   3.25051 128.71508   3.9118531616E-001
   3.25051 129.72067   4.0837895863E-001
   3.25051 130.72626   4.2568547781E-001
   3.25051 131.73184   4.4308355213E-001
   3.25051 132.73743   4.6055174725E-001
   3.25051 133.74302   4.7806854244E-001
   3.25051 134.74860   4.9561235708E-001
   3.25051 135.75419   5.1316157728E-001
   3.25051 136.75978   5.3069458247E-001
   3.25051 137.76536   5.4818977208E-001
   3.25051 138.77095   5.6562559212E-001
   3.25051 139.77654   5.8298056172E-001
   3.25051 140.78212   6.0023329966E-001
   3.25051 141.78771   6.1736255064E-001
   3.25051 142.79330   6.3434721149E-001
   3.25051 143.79888   6.5116635720E-001
   3.25051 144.80447   6.6779926665E-001
   3.25051 145.81006   6.8422544818E-001
   3.25051 146.81564   7.0042466481E-001
   3.25051 147.82123   7.1637695918E-001
   3.25051 148.82682   7.3206267813E-001
   3.25051 149.83240   7.4746249693E-001
   3.25051 150.83799   7.6255744307E-001
   3.25051 151.84358   7.7732891966E-001
   3.25051 152.84916   7.9175872829E-001
   3.25051 153.85475   8.0582909152E-001
   3.25051 154.86034   8.1952267472E-001
   3.25051 155.86592   8.3282260745E-001
   3.25051 156.87151   8.4571250427E-001
   3.25051 157.87709   8.5817648488E-001
   3.25051 158.88268   8.7019919371E-001
   3.25051 159.88827   8.8176581883E-001
   3.25051 160.89385   8.9286211024E-001
   3.25051 161.89944   9.0347439733E-001
   3.25051 162.90503   9.1358960582E-001
   3.25051 163.91061   9.2319527383E-001
   3.25051 164.91620   9.3227956721E-001
   3.25051 165.92179   9.4083129416E-001
   3.25051 166.92737   9.4883991899E-001
   3.25051 167.93296   9.5629557511E-001
   3.25051 168.93855   9.6318907718E-001
   3.25051 169.94413   9.6951193245E-001
   3.25051 170.94972   9.7525635117E-001
   3.25051 171.95531   9.8041525627E-001
   3.25051 172.96089   9.8498229199E-001
   3.25051 173.96648   9.8895183176E-001
   3.25051 174.97207   9.9231898512E-001
   3.25051 175.97765   9.9507960377E-001
   3.25051 176.98324   9.9723028663E-001
   3.25051 177.98883   9.9876838406E-001
   3.25051 178.99441   9.9969200115E-001
   3.25051 180.00000   1.0000000000E+000

   3.31313   0.00000   4.8016951974E-310
   3.31313   1.00559   9.9969200115E-001
   3.31313   2.01117   9.9876838406E-001
   3.31313   3.01676   9.9723028663E-001
   3.31313   4.02235   9.9507960377E-001
   3.31313   5.02793   9.9231898512E-001
   3.31313   6.03352   9.8895183176E-001
   3.31313   7.03911   9.8498229199E-001
   3.31313   8.04469   9.8041525627E-001
   3.31313   9.05028   9.7525635117E-001
   3.31313  10.05587   9.6951193245E-001
   3.31313  11.06145   9.6318907718E-001
   3.31313  12.06704   9.5629557511E-001
   3.31313  13.07263   9.4883991899E-001
   3.31313  14.07821   9.4083129416E-001
   3.31313  15.08380   9.3227956721E-001
   3.31313  16.08939   9.2319527383E-001
   3.31313  17.09497   9.1358960582E-001
   3.31313  18.10056   9.0347439733E-001
   3.31313  19.10615   8.9286211024E-001
   3.31313  20.11173   8.8176581883E-001
   3.31313  21.11732   8.7019919371E-001
   3.31313  22.12291   8.5817648488E-001
   3.31313  23.12849   8.4571250427E-001
   3.31313  24.13408   8.3282260745E-001
   3.31313  25.13966   8.1952267472E-001
   3.31313  26.14525   8.0582909152E-001
   3.31313  27.15084   7.9175872829E-001
   3.31313  28.15642   7.7732891966E-001
   3.31313  29.16201   7.6255744307E-001
   3.31313  30.16760   7.4746249693E-001
   3.31313  31.17318   7.3206267813E-001
   3.31313  32.17877   7.1637695918E-001
   3.31313  33.18436   7.0042466481E-001
   3.31313  34.18994   6.8422544818E-001
   3.31313  35.19553   6.6779926665E-001
   3.31313  36.20112   6.5116635720E-001
   3.31313  37.20670   6.3434721149E-001
   3.31313  38.21229   6.1736255064E-001
   3.31313  39.21788   6.0023329966E-001
   3.31313  40.22346   5.8298056172E-001
   3.31313  41.22905   5.6562559212E-001
   3.31313  42.23464   5.4818977208E-001
   3.31313  43.24022   5.3069458247E-001
   3.31313  44.24581   5.1316157728E-001
   3.31313  45.25140   4.9561235708E-001
   3.31313  46.25698   4.7806854244E-001
   3.31313  47.26257   4.6055174725E-001
   3.31313  48.26816   4.4308355213E-001
   3.31313  49.27374   4.2568547781E-001
   3.31313  50.27933   4.0837895863E-001
   3.31313  51.28492   3.9118531616E-001
   3.31313  52.29050   3.7412573288E-001
   3.31313  53.29609   3.5722122611E-001
   3.31313  54.30168   3.4049262214E-001
   3.31313  55.30726   3.2396053052E-001
   3.31313  56.31285   3.0764531871E-001
   3.31313  57.31844   2.9156708699E-001
   3.31313  58.32402   2.7574564365E-001
   3.31313  59.32961   2.6020048064E-001
   3.31313  60.33520   2.4495074954E-001
   3.31313  61.34078   2.3001523794E-001
   3.31313  62.34637   2.1541234632E-001
   3.31313  63.35196   2.0116006537E-001
   3.31313  64.35754   1.8727595385E-001
   3.31313  65.36313   1.7377711691E-001
   3.31313  66.36872   1.6068018506E-001
   3.31313  67.37430   1.4800129365E-001
   3.31313  68.37989   1.3575606303E-001
   3.31313  69.38547   1.2395957926E-001
   3.31313  70.39106   1.1262637556E-001
   3.31313  71.39665   1.0177041437E-001
   3.31313  72.40223   9.1405070194E-002
   3.31313  73.40782   8.1543113090E-002
   3.31313  74.41341   7.2196692940E-002
   3.31313  75.41899   6.3377324492E-002
   3.31313  76.42458   5.5095873167E-002
   3.31313  77.43017   4.7362541675E-002
   3.31313  78.43575   4.0186857444E-002
   3.31313  79.44134   3.3577660884E-002
   3.31313  80.44693   2.7543094495E-002
   3.31313  81.45251   2.2090592836E-002
   3.31313  82.45810   1.7226873362E-002
   3.31313  83.46369   1.2957928154E-002
   3.31313  84.46927   9.2890165331E-003
   3.31313  85.47486   6.2246585807E-003
   3.31313  86.48045   3.7686295721E-003
   3.31313  87.48603   1.9239553236E-003
   3.31313  88.49162   6.9290846547E-004
   3.31313  89.49721   7.7005641668E-005
   3.31313  90.50279   7.7005641668E-005
   3.31313  91.50838   6.9290846547E-004
   3.31313  92.51397   1.9239553236E-003
   3.31313  93.51955   3.7686295721E-003
   3.31313  94.52514   6.2246585807E-003
   3.31313  95.53073   9.2890165331E-003
   3.31313  96.53631   1.2957928154E-002
   3.31313  97.54190   1.7226873362E-002
   3.31313  98.54749   2.2090592836E-002
   3.31313  99.55307   2.7543094495E-002
   3.31313 100.55866   3.3577660884E-002
   3.31313 101.56425   4.0186857444E-002
   3.31313 102.56983   4.7362541675E-002
   3.31313 103.57542   5.5095873167E-002
   3.31313 104.58101   6.3377324492E-002
   3.31313 105.58659   7.2196692940E-002
   3.31313 106.59218   8.1543113090E-002
   3.31313 107.59777   9.1405070194E-002
   3.31313 108.60335   1.0177041437E-001
   3.31313 109.60894   1.1262637556E-001
   3.31313 110.61453   1.2395957926E-001
   3.31313 111.62011   1.3575606303E-001
   3.31313 112.62570   1.4800129365E-001
   3.31313 113.63128   1.6068018506E-001
   3.31313 114.63687   1.7377711691E-001
   3.31313 115.64246   1.8727595385E-001
   3.31313 116.64804   2.0116006537E-001
   3.31313 117.65363   2.1541234632E-001
   3.31313 118.65922   2.3001523794E-001
   3.31313 119.66480   2.4495074954E-001
   3.31313 120.67039   2.6020048064E-001
   3.31313 121.67598   2.7574564365E-001
   3.31313 122.68156   2.9156708699E-001
   3.31313 123.68715   3.0764531871E-001
   3.31313 124.69274   3.2396053052E-001
   3.31313 125.69832   3.4049262214E-001
   3.31313 126.70391   3.5722122611E-001
   3.31313 127.70950   3.7412573288E-001
   3.31313 128.71508   3.9118531616E-001
   3.31313 129.72067   4.0837895863E-001
   3.31313 130.72626   4.2568547781E-001
   3.31313 131.73184   4.4308355213E-001
   3.31313 132.73743   4.6055174725E-001
   3.31313 133.74302   4.7806854244E-001
   3.31313 134.74860   4.9561235708E-001
   3.31313 135.75419   5.1316157728E-001
   3.31313 136.75978   5.3069458247E-001
   3.31313 137.76536   5.4818977208E-001
   3.31313 138.77095   5.6562559212E-001
   3.31313 139.77654   5.8298056172E-001
   3.31313 140.78212   6.0023329966E-001
   3.31313 141.78771   6.1736255064E-001
   3.31313 142.79330   6.3434721149E-001
   3.31313 143.79888   6.5116635720E-001
   3.31313 144.80447   6.6779926665E-001
   3.31313 145.81006   6.8422544818E-001
   3.31313 146.81564   7.0042466481E-001
   3.31313 147.82123   7.1637695918E-001
   3.31313 148.82682   7.3206267813E-001
   3.31313 149.83240   7.4746249693E-001
   3.31313 150.83799   7.6255744307E-001
   3.31313 151.84358   7.7732891966E-001
   3.31313 152.84916   7.9175872829E-001
   3.31313 153.85475   8.0582909152E-001
   3.31313 154.86034   8.1952267472E-001
   3.31313 155.86592   8.3282260745E-001
   3.31313 156.87151   8.4571250427E-001
   3.31313 157.87709   8.5817648488E-001
   3.31313 158.88268   8.7019919371E-001
   3.31313 159.88827   8.8176581883E-001
   3.31313 160.89385   8.9286211024E-001
   3.31313 161.89944   9.0347439733E-001
   3.31313 162.90503   9.1358960582E-001
   3.31313 163.91061   9.2319527383E-001
   3.31313 164.91620   9.3227956721E-001
   3.31313 165.92179   9.4083129416E-001
   3.31313 166.92737   9.4883991899E-001
   3.31313 167.93296   9.5629557511E-001
   3.31313 168.93855   9.6318907718E-001
   3.31313 169.94413   9.6951193245E-001
   3.31313 170.94972   9.7525635117E-001
   3.31313 171.95531   9.8041525627E-001
   3.31313 172.96089   9.8498229199E-001
   3.31313 173.96648   9.8895183176E-001
   3.31313 174.97207   9.9231898512E-001
   3.31313 175.97765   9.9507960377E-001
   3.31313 176.98324   9.9723028663E-001
   3.31313 177.98883   9.9876838406E-001
   3.31313 178.99441   9.9969200115E-001
   3.31313 180.00000   1.0000000000E+000

   3.37576   0.00000   4.8016951974E-310
   3.37576   1.00559   9.9969200115E-001
   3.37576   2.01117   9.9876838406E-001
   3.37576   3.01676   9.9723028663E-001
   3.37576   4.02235   9.9507960377E-001
   3.37576   5.02793   9.9231898512E-001
   3.37576   6.03352   9.8895183176E-001
   3.37576   7.03911   9.8498229199E-001
   3.37576   8.04469   9.8041525627E-001
   3.37576   9.05028   9.7525635117E-001
   3.37576  10.05587   9.6951193245E-001
   3.37576  11.06145   9.6318907718E-001
   3.37576  12.06704   9.5629557511E-001
   3.37576  13.07263   9.4883991899E-001
   3.37576  14.07821   9.4083129416E-001
   3.37576  15.08380   9.3227956721E-001
   3.37576  16.08939   9.2319527383E-001
   3.37576  17.09497   9.1358960582E-001
   3.37576  18.10056   9.0347439733E-001
   3.37576  19.10615   8.9286211024E-001
   3.37576  20.11173   8.8176581883E-001
   3.37576  21.11732   8.7019919371E-001
   3.37576  22.12291   8.5817648488E-001
   3.37576  23.12849   8.4571250427E-001
   3.37576  24.13408   8.3282260745E-001
   3.37576  25.13966   8.1952267472E-001
   3.37576  26.14525   8.0582909152E-001
   3.37576  27.15084   7.9175872829E-001
   3.37576  28.15642   7.7732891966E-001
   3.37576  29.16201   7.6255744307E-001
   3.37576  30.16760   7.4746249693E-001
   3.37576  31.17318   7.3206267813E-001
   3.37576  32.17877   7.1637695918E-001
   3.37576  33.18436   7.0042466481E-001
   3.37576  34.18994   6.8422544818E-001
   3.37576  35.19553   6.6779926665E-001
   3.37576  36.20112   6.5116635720E-001
   3.37576  37.20670   6.3434721149E-001
   3.37576  38.21229   6.1736255064E-001
   3.37576  39.21788   6.0023329966E-001
   3.37576  40.22346   5.8298056172E-001
   3.37576  41.22905   5.6562559212E-001
   3.37576  42.23464   5.4818977208E-001
   3.37576  43.24022   5.3069458247E-001
   3.37576  44.24581   5.1316157728E-001
   3.37576  45.25140   4.9561235708E-001
   3.37576  46.25698   4.7806854244E-001
   3.37576  47.26257   4.6055174725E-001
   3.37576  48.26816   4.4308355213E-001
   3.37576  49.27374   4.2568547781E-001
   3.37576  50.27933   4.0837895863E-001
   3.37576  51.28492   3.9118531616E-001
   3.37576  52.29050   3.7412573288E-001
   3.37576  53.29609   3.5722122611E-001
   3.37576  54.30168   3.4049262214E-001
   3.37576  55.30726   3.2396053052E-001
   3.37576  56.31285   3.0764531871E-001
   3.37576  57.31844   2.9156708699E-001
   3.37576  58.32402   2.7574564365E-001
   3.37576  59.32961   2.6020048064E-001
   3.37576  60.33520   2.4495074954E-001
   3.37576  61.34078   2.3001523794E-001
   3.37576  62.34637   2.1541234632E-001
   3.37576  63.35196   2.0116006537E-001
   3.37576  64.35754   1.8727595385E-001
   3.37576  65.36313   1.7377711691E-001
   3.37576  66.36872   1.6068018506E-001
   3.37576  67.37430   1.4800129365E-001
   3.37576  68.37989   1.3575606303E-001
   3.37576  69.38547   1.2395957926E-001
   3.37576  70.39106   1.1262637556E-001
   3.37576  71.39665   1.0177041437E-001
   3.37576  72.40223   9.1405070194E-002
   3.37576  73.40782   8.1543113090E-002
   3.37576  74.41341   7.2196692940E-002
   3.37576  75.41899   6.3377324492E-002
   3.37576  76.42458   5.5095873167E-002
   3.37576  77.43017   4.7362541675E-002
   3.37576  78.43575   4.0186857444E-002
   3.37576  79.44134   3.3577660884E-002
   3.37576  80.44693   2.7543094495E-002
   3.37576  81.45251   2.2090592836E-002
   3.37576  82.45810   1.7226873362E-002
   3.37576  83.46369   1.2957928154E-002
   3.37576  84.46927   9.2890165331E-003
   3.37576  85.47486   6.2246585807E-003
   3.37576  86.48045   3.7686295721E-003
   3.37576  87.48603   1.9239553236E-003
   3.37576  88.49162   6.9290846547E-004
   3.37576  89.49721   7.7005641668E-005
   3.37576  90.50279   7.7005641668E-005
   3.37576  91.50838   6.9290846547E-004
   3.37576  92.51397   1.9239553236E-003
   3.37576  93.51955   3.7686295721E-003
   3.37576  94.52514   6.2246585807E-003
   3.37576  95.53073   9.2890165331E-003
   3.37576  96.53631   1.2957928154E-002
   3.37576  97.54190   1.7226873362E-002
   3.37576  98.54749   2.2090592836E-002
   3.37576  99.55307   2.7543094495E-002
   3.37576 100.55866   3.3577660884E-002
   3.37576 101.56425   4.0186857444E-002
   3.37576 102.56983   4.7362541675E-002
   3.37576 103.57542   5.5095873167E-002
   3.37576 104.58101   6.3377324492E-002
   3.37576 105.58659   7.2196692940E-002
   3.37576 106.59218   8.1543113090E-002
   3.37576 107.59777   9.1405070194E-002
   3.37576 108.60335   1.0177041437E-001
   3.37576 109.60894   1.1262637556E-001
   3.37576 110.61453   1.2395957926E-001
   3.37576 111.62011   1.3575606303E-001
   3.37576 112.62570   1.4800129365E-001
   3.37576 113.63128   1.6068018506E-001
   3.37576 114.63687   1.7377711691E-001
   3.37576 115.64246   1.8727595385E-001
   3.37576 116.64804   2.0116006537E-001
   3.37576 117.65363   2.1541234632E-001
   3.37576 118.65922   2.3001523794E-001
   3.37576 119.66480   2.4495074954E-001
   3.37576 120.67039   2.6020048064E-001
   3.37576 121.67598   2.7574564365E-001
   3.37576 122.68156   2.9156708699E-001
   3.37576 123.68715   3.0764531871E-001
   3.37576 124.69274   3.2396053052E-001
   3.37576 125.69832   3.4049262214E-001
   3.37576 126.70391   3.5722122611E-001
   3.37576 127.70950   3.7412573288E-001
   3.37576 128.71508   3.9118531616E-001
   3.37576 129.72067   4.0837895863E-001
   3.37576 130.72626   4.2568547781E-001
   3.37576 131.73184   4.4308355213E-001
   3.37576 132.73743   4.6055174725E-001
   3.37576 133.74302   4.7806854244E-001
   3.37576 134.74860   4.9561235708E-001
   3.37576 135.75419   5.1316157728E-001
   3.37576 136.75978   5.3069458247E-001
   3.37576 137.76536   5.4818977208E-001
   3.37576 138.77095   5.6562559212E-001
   3.37576 139.77654   5.8298056172E-001
   3.37576 140.78212   6.0023329966E-001
   3.37576 141.78771   6.1736255064E-001
   3.37576 142.79330   6.3434721149E-001
   3.37576 143.79888   6.5116635720E-001
   3.37576 144.80447   6.6779926665E-001
   3.37576 145.81006   6.8422544818E-001
   3.37576 146.81564   7.0042466481E-001
   3.37576 147.82123   7.1637695918E-001
   3.37576 148.82682   7.3206267813E-001
   3.37576 149.83240   7.4746249693E-001
   3.37576 150.83799   7.6255744307E-001
   3.37576 151.84358   7.7732891966E-001
   3.37576 152.84916   7.9175872829E-001
   3.37576 153.85475   8.0582909152E-001
   3.37576 154.86034   8.1952267472E-001
   3.37576 155.86592   8.3282260745E-001
   3.37576 156.87151   8.4571250427E-001
   3.37576 157.87709   8.5817648488E-001
   3.37576 158.88268   8.7019919371E-001
   3.37576 159.88827   8.8176581883E-001
   3.37576 160.89385   8.9286211024E-001
   3.37576 161.89944   9.0347439733E-001
   3.37576 162.90503   9.1358960582E-001
   3.37576 163.91061   9.2319527383E-001
   3.37576 164.91620   9.3227956721E-001
   3.37576 165.92179   9.4083129416E-001
   3.37576 166.92737   9.4883991899E-001
   3.37576 167.93296   9.5629557511E-001
   3.37576 168.93855   9.6318907718E-001
   3.37576 169.94413   9.6951193245E-001
   3.37576 170.94972   9.7525635117E-001
   3.37576 171.95531   9.8041525627E-001
   3.37576 172.96089   9.8498229199E-001
   3.37576 173.96648   9.8895183176E-001
   3.37576 174.97207   9.9231898512E-001
   3.37576 175.97765   9.9507960377E-001
   3.37576 176.98324   9.9723028663E-001
   3.37576 177.98883   9.9876838406E-001
   3.37576 178.99441   9.9969200115E-001
   3.37576 180.00000   1.0000000000E+000

   3.43838   0.00000   4.8016951974E-310
   3.43838   1.00559   9.9969200115E-001
   3.43838   2.01117   9.9876838406E-001
   3.43838   3.01676   9.9723028663E-001
   3.43838   4.02235   9.9507960377E-001
   3.43838   5.02793   9.9231898512E-001
   3.43838   6.03352   9.8895183176E-001
   3.43838   7.03911   9.8498229199E-001
   3.43838   8.04469   9.8041525627E-001
   3.43838   9.05028   9.7525635117E-001
   3.43838  10.05587   9.6951193245E-001
   3.43838  11.06145   9.6318907718E-001
   3.43838  12.06704   9.5629557511E-001
   3.43838  13.07263   9.4883991899E-001
   3.43838  14.07821   9.4083129416E-001
   3.43838  15.08380   9.3227956721E-001
   3.43838  16.08939   9.2319527383E-001
   3.43838  17.09497   9.1358960582E-001
   3.43838  18.10056   9.0347439733E-001
   3.43838  19.10615   8.9286211024E-001
   3.43838  20.11173   8.8176581883E-001
   3.43838  21.11732   8.7019919371E-001
   3.43838  22.12291   8.5817648488E-001
   3.43838  23.12849   8.4571250427E-001
   3.43838  24.13408   8.3282260745E-001
   3.43838  25.13966   8.1952267472E-001
   3.43838  26.14525   8.0582909152E-001
   3.43838  27.15084   7.9175872829E-001
   3.43838  28.15642   7.7732891966E-001
   3.43838  29.16201   7.6255744307E-001
   3.43838  30.16760   7.4746249693E-001
   3.43838  31.17318   7.3206267813E-001
   3.43838  32.17877   7.1637695918E-001
   3.43838  33.18436   7.0042466481E-001
   3.43838  34.18994   6.8422544818E-001
   3.43838  35.19553   6.6779926665E-001
   3.43838  36.20112   6.5116635720E-001
   3.43838  37.20670   6.3434721149E-001
   3.43838  38.21229   6.1736255064E-001
   3.43838  39.21788   6.0023329966E-001
   3.43838  40.22346   5.8298056172E-001
   3.43838  41.22905   5.6562559212E-001
   3.43838  42.23464   5.4818977208E-001
   3.43838  43.24022   5.3069458247E-001
   3.43838  44.24581   5.1316157728E-001
   3.43838  45.25140   4.9561235708E-001
   3.43838  46.25698   4.7806854244E-001
   3.43838  47.26257   4.6055174725E-001
   3.43838  48.26816   4.4308355213E-001
   3.43838  49.27374   4.2568547781E-001
   3.43838  50.27933   4.0837895863E-001
   3.43838  51.28492   3.9118531616E-001
   3.43838  52.29050   3.7412573288E-001
   3.43838  53.29609   3.5722122611E-001
   3.43838  54.30168   3.4049262214E-001
   3.43838  55.30726   3.2396053052E-001
   3.43838  56.31285   3.0764531871E-001
   3.43838  57.31844   2.9156708699E-001
   3.43838  58.32402   2.7574564365E-001
   3.43838  59.32961   2.6020048064E-001
   3.43838  60.33520   2.4495074954E-001
   3.43838  61.34078   2.3001523794E-001
   3.43838  62.34637   2.1541234632E-001
   3.43838  63.35196   2.0116006537E-001
   3.43838  64.35754   1.8727595385E-001
   3.43838  65.36313   1.7377711691E-001
   3.43838  66.36872   1.6068018506E-001
   3.43838  67.37430   1.4800129365E-001
   3.43838  68.37989   1.3575606303E-001
   3.43838  69.38547   1.2395957926E-001
   3.43838  70.39106   1.1262637556E-001
   3.43838  71.39665   1.0177041437E-001
   3.43838  72.40223   9.1405070194E-002
   3.43838  73.40782   8.1543113090E-002
   3.43838  74.41341   7.2196692940E-002
   3.43838  75.41899   6.3377324492E-002
   3.43838  76.42458   5.5095873167E-002
   3.43838  77.43017   4.7362541675E-002
   3.43838  78.43575   4.0186857444E-002
   3.43838  79.44134   3.3577660884E-002
   3.43838  80.44693   2.7543094495E-002
   3.43838  81.45251   2.2090592836E-002
   3.43838  82.45810   1.7226873362E-002
   3.43838  83.46369   1.2957928154E-002
   3.43838  84.46927   9.2890165331E-003
   3.43838  85.47486   6.2246585807E-003
   3.43838  86.48045   3.7686295721E-003
   3.43838  87.48603   1.9239553236E-003
   3.43838  88.49162   6.9290846547E-004
   3.43838  89.49721   7.7005641668E-005
   3.43838  90.50279   7.7005641668E-005
   3.43838  91.50838   6.9290846547E-004
   3.43838  92.51397   1.9239553236E-003
   3.43838  93.51955   3.7686295721E-003
   3.43838  94.52514   6.2246585807E-003
   3.43838  95.53073   9.2890165331E-003
   3.43838  96.53631   1.2957928154E-002
   3.43838  97.54190   1.7226873362E-002
   3.43838  98.54749   2.2090592836E-002
   3.43838  99.55307   2.7543094495E-002
   3.43838 100.55866   3.3577660884E-002
   3.43838 101.56425   4.0186857444E-002
   3.43838 102.56983   4.7362541675E-002
   3.43838 103.57542   5.5095873167E-002
   3.43838 104.58101   6.3377324492E-002
   3.43838 105.58659   7.2196692940E-002
   3.43838 106.59218   8.1543113090E-002
   3.43838 107.59777   9.1405070194E-002
   3.43838 108.60335   1.0177041437E-001
   3.43838 109.60894   1.1262637556E-001
   3.43838 110.61453   1.2395957926E-001
   3.43838 111.62011   1.3575606303E-001
   3.43838 112.62570   1.4800129365E-001
   3.43838 113.63128   1.6068018506E-001
   3.43838 114.63687   1.7377711691E-001
   3.43838 115.64246   1.8727595385E-001
   3.43838 116.64804   2.0116006537E-001
   3.43838 117.65363   2.1541234632E-001
   3.43838 118.65922   2.3001523794E-001
   3.43838 119.66480   2.4495074954E-001
   3.43838 120.67039   2.6020048064E-001
   3.43838 121.67598   2.7574564365E-001
   3.43838 122.68156   2.9156708699E-001
   3.43838 123.68715   3.0764531871E-001
   3.43838 124.69274   3.2396053052E-001
   3.43838 125.69832   3.4049262214E-001
   3.43838 126.70391   3.5722122611E-001
   3.43838 127.70950   3.7412573288E-001
   3.43838 128.71508   3.9118531616E-001
   3.43838 129.72067   4.0837895863E-001
   3.43838 130.72626   4.2568547781E-001
   3.43838 131.73184   4.4308355213E-001
   3.43838 132.73743   4.6055174725E-001
   3.43838 133.74302   4.7806854244E-001
   3.43838 134.74860   4.9561235708E-001
   3.43838 135.75419   5.1316157728E-001
   3.43838 136.75978   5.3069458247E-001
   3.43838 137.76536   5.4818977208E-001
   3.43838 138.77095   5.6562559212E-001
   3.43838 139.77654   5.8298056172E-001
   3.43838 140.78212   6.0023329966E-001
   3.43838 141.78771   6.1736255064E-001
   3.43838 142.79330   6.3434721149E-001
   3.43838 143.79888   6.5116635720E-001
   3.43838 144.80447   6.6779926665E-001
   3.43838 145.81006   6.8422544818E-001
   3.43838 146.81564   7.0042466481E-001
   3.43838 147.82123   7.1637695918E-001
   3.43838 148.82682   7.3206267813E-001
   3.43838 149.83240   7.4746249693E-001
   3.43838 150.83799   7.6255744307E-001
   3.43838 151.84358   7.7732891966E-001
   3.43838 152.84916   7.9175872829E-001
   3.43838 153.85475   8.0582909152E-001
   3.43838 154.86034   8.1952267472E-001
   3.43838 155.86592   8.3282260745E-001
   3.43838 156.87151   8.4571250427E-001
   3.43838 157.87709   8.5817648488E-001
   3.43838 158.88268   8.7019919371E-001
   3.43838 159.88827   8.8176581883E-001
   3.43838 160.89385   8.9286211024E-001
   3.43838 161.89944   9.0347439733E-001
   3.43838 162.90503   9.1358960582E-001
   3.43838 163.91061   9.2319527383E-001
   3.43838 164.91620   9.3227956721E-001
   3.43838 165.92179   9.4083129416E-001
   3.43838 166.92737   9.4883991899E-001
   3.43838 167.93296   9.5629557511E-001
   3.43838 168.93855   9.6318907718E-001
   3.43838 169.94413   9.6951193245E-001
   3.43838 170.94972   9.7525635117E-001
   3.43838 171.95531   9.8041525627E-001
   3.43838 172.96089   9.8498229199E-001
   3.43838 173.96648   9.8895183176E-001
   3.43838 174.97207   9.9231898512E-001
   3.43838 175.97765   9.9507960377E-001
   3.43838 176.98324   9.9723028663E-001
   3.43838 177.98883   9.9876838406E-001
   3.43838 178.99441   9.9969200115E-001
   3.43838 180.00000   1.0000000000E+000

   3.50101   0.00000   4.8016951974E-310
   3.50101   1.00559   9.9969200115E-001
   3.50101   2.01117   9.9876838406E-001
   3.50101   3.01676   9.9723028663E-001
   3.50101   4.02235   9.9507960377E-001
   3.50101   5.02793   9.9231898512E-001
   3.50101   6.03352   9.8895183176E-001
   3.50101   7.03911   9.8498229199E-001
   3.50101   8.04469   9.8041525627E-001
   3.50101   9.05028   9.7525635117E-001
   3.50101  10.05587   9.6951193245E-001
   3.50101  11.06145   9.6318907718E-001
   3.50101  12.06704   9.5629557511E-001
   3.50101  13.07263   9.4883991899E-001
   3.50101  14.07821   9.4083129416E-001
   3.50101  15.08380   9.3227956721E-001
   3.50101  16.08939   9.2319527383E-001
   3.50101  17.09497   9.1358960582E-001
   3.50101  18.10056   9.0347439733E-001
   3.50101  19.10615   8.9286211024E-001
   3.50101  20.11173   8.8176581883E-001
   3.50101  21.11732   8.7019919371E-001
   3.50101  22.12291   8.5817648488E-001
   3.50101  23.12849   8.4571250427E-001
   3.50101  24.13408   8.3282260745E-001
   3.50101  25.13966   8.1952267472E-001
   3.50101  26.14525   8.0582909152E-001
   3.50101  27.15084   7.9175872829E-001
   3.50101  28.15642   7.7732891966E-001
   3.50101  29.16201   7.6255744307E-001
   3.50101  30.16760   7.4746249693E-001
   3.50101  31.17318   7.3206267813E-001
   3.50101  32.17877   7.1637695918E-001
   3.50101  33.18436   7.0042466481E-001
   3.50101  34.18994   6.8422544818E-001
   3.50101  35.19553   6.6779926665E-001
   3.50101  36.20112   6.5116635720E-001
   3.50101  37.20670   6.3434721149E-001
   3.50101  38.21229   6.1736255064E-001
   3.50101  39.21788   6.0023329966E-001
   3.50101  40.22346   5.8298056172E-001
   3.50101  41.22905   5.6562559212E-001
   3.50101  42.23464   5.4818977208E-001
   3.50101  43.24022   5.3069458247E-001
   3.50101  44.24581   5.1316157728E-001
   3.50101  45.25140   4.9561235708E-001
   3.50101  46.25698   4.7806854244E-001
   3.50101  47.26257   4.6055174725E-001
   3.50101  48.26816   4.4308355213E-001
   3.50101  49.27374   4.2568547781E-001
   3.50101  50.27933   4.0837895863E-001
   3.50101  51.28492   3.9118531616E-001
   3.50101  52.29050   3.7412573288E-001
   3.50101  53.29609   3.5722122611E-001
   3.50101  54.30168   3.4049262214E-001
   3.50101  55.30726   3.2396053052E-001
   3.50101  56.31285   3.0764531871E-001
   3.50101  57.31844   2.9156708699E-001
   3.50101  58.32402   2.7574564365E-001
   3.50101  59.32961   2.6020048064E-001
   3.50101  60.33520   2.4495074954E-001
   3.50101  61.34078   2.3001523794E-001
   3.50101  62.34637   2.1541234632E-001
   3.50101  63.35196   2.0116006537E-001
   3.50101  64.35754   1.8727595385E-001
   3.50101  65.36313   1.7377711691E-001
   3.50101  66.36872   1.6068018506E-001
   3.50101  67.37430   1.4800129365E-001
   3.50101  68.37989   1.3575606303E-001
   3.50101  69.38547   1.2395957926E-001
   3.50101  70.39106   1.1262637556E-001
   3.50101  71.39665   1.0177041437E-001
   3.50101  72.40223   9.1405070194E-002
   3.50101  73.40782   8.1543113090E-002
   3.50101  74.41341   7.2196692940E-002
   3.50101  75.41899   6.3377324492E-002
   3.50101  76.42458   5.5095873167E-002
   3.50101  77.43017   4.7362541675E-002
   3.50101  78.43575   4.0186857444E-002
   3.50101  79.44134   3.3577660884E-002
   3.50101  80.44693   2.7543094495E-002
   3.50101  81.45251   2.2090592836E-002
   3.50101  82.45810   1.7226873362E-002
   3.50101  83.46369   1.2957928154E-002
   3.50101  84.46927   9.2890165331E-003
   3.50101  85.47486   6.2246585807E-003
   3.50101  86.48045   3.7686295721E-003
   3.50101  87.48603   1.9239553236E-003
   3.50101  88.49162   6.9290846547E-004
   3.50101  89.49721   7.7005641668E-005
   3.50101  90.50279   7.7005641668E-005
   3.50101  91.50838   6.9290846547E-004
   3.50101  92.51397   1.9239553236E-003
   3.50101  93.51955   3.7686295721E-003
   3.50101  94.52514   6.2246585807E-003
   3.50101  95.53073   9.2890165331E-003
   3.50101  96.53631   1.2957928154E-002
   3.50101  97.54190   1.7226873362E-002
   3.50101  98.54749   2.2090592836E-002
   3.50101  99.55307   2.7543094495E-002
   3.50101 100.55866   3.3577660884E-002
   3.50101 101.56425   4.0186857444E-002
   3.50101 102.56983   4.7362541675E-002
   3.50101 103.57542   5.5095873167E-002
   3.50101 104.58101   6.3377324492E-002
   3.50101 105.58659   7.2196692940E-002
   3.50101 106.59218   8.1543113090E-002
   3.50101 107.59777   9.1405070194E-002
   3.50101 108.60335   1.0177041437E-001
   3.50101 109.60894   1.1262637556E-001
   3.50101 110.61453   1.2395957926E-001
   3.50101 111.62011   1.3575606303E-001
   3.50101 112.62570   1.4800129365E-001
   3.50101 113.63128   1.6068018506E-001
   3.50101 114.63687   1.7377711691E-001
   3.50101 115.64246   1.8727595385E-001
   3.50101 116.64804   2.0116006537E-001
   3.50101 117.65363   2.1541234632E-001
   3.50101 118.65922   2.3001523794E-001
   3.50101 119.66480   2.4495074954E-001
   3.50101 120.67039   2.6020048064E-001
   3.50101 121.67598   2.7574564365E-001
   3.50101 122.68156   2.9156708699E-001
   3.50101 123.68715   3.0764531871E-001
   3.50101 124.69274   3.2396053052E-001
   3.50101 125.69832   3.4049262214E-001
   3.50101 126.70391   3.5722122611E-001
   3.50101 127.70950   3.7412573288E-001
   3.50101 128.71508   3.9118531616E-001
   3.50101 129.72067   4.0837895863E-001
   3.50101 130.72626   4.2568547781E-001
   3.50101 131.73184   4.4308355213E-001
   3.50101 132.73743   4.6055174725E-001
   3.50101 133.74302   4.7806854244E-001
   3.50101 134.74860   4.9561235708E-001
   3.50101 135.75419   5.1316157728E-001
   3.50101 136.75978   5.3069458247E-001
   3.50101 137.76536   5.4818977208E-001
   3.50101 138.77095   5.6562559212E-001
   3.50101 139.77654   5.8298056172E-001
   3.50101 140.78212   6.0023329966E-001
   3.50101 141.78771   6.1736255064E-001
   3.50101 142.79330   6.3434721149E-001
   3.50101 143.79888   6.5116635720E-001
   3.50101 144.80447   6.6779926665E-001
   3.50101 145.81006   6.8422544818E-001
   3.50101 146.81564   7.0042466481E-001
   3.50101 147.82123   7.1637695918E-001
   3.50101 148.82682   7.3206267813E-001
   3.50101 149.83240   7.4746249693E-001
   3.50101 150.83799   7.6255744307E-001
   3.50101 151.84358   7.7732891966E-001
   3.50101 152.84916   7.9175872829E-001
   3.50101 153.85475   8.0582909152E-001
   3.50101 154.86034   8.1952267472E-001
   3.50101 155.86592   8.3282260745E-001
   3.50101 156.87151   8.4571250427E-001
   3.50101 157.87709   8.5817648488E-001
   3.50101 158.88268   8.7019919371E-001
   3.50101 159.88827   8.8176581883E-001
   3.50101 160.89385   8.9286211024E-001
   3.50101 161.89944   9.0347439733E-001
   3.50101 162.90503   9.1358960582E-001
   3.50101 163.91061   9.2319527383E-001
   3.50101 164.91620   9.3227956721E-001
   3.50101 165.92179   9.4083129416E-001
   3.50101 166.92737   9.4883991899E-001
   3.50101 167.93296   9.5629557511E-001
   3.50101 168.93855   9.6318907718E-001
   3.50101 169.94413   9.6951193245E-001
   3.50101 170.94972   9.7525635117E-001
   3.50101 171.95531   9.8041525627E-001
   3.50101 172.96089   9.8498229199E-001
   3.50101 173.96648   9.8895183176E-001
   3.50101 174.97207   9.9231898512E-001
   3.50101 175.97765   9.9507960377E-001
   3.50101 176.98324   9.9723028663E-001
   3.50101 177.98883   9.9876838406E-001
   3.50101 178.99441   9.9969200115E-001
   3.50101 180.00000   1.0000000000E+000

   3.56364   0.00000   4.8016951974E-310
   3.56364   1.00559   9.9969200115E-001
   3.56364   2.01117   9.9876838406E-001
   3.56364   3.01676   9.9723028663E-001
   3.56364   4.02235   9.9507960377E-001
   3.56364   5.02793   9.9231898512E-001
   3.56364   6.03352   9.8895183176E-001
   3.56364   7.03911   9.8498229199E-001
   3.56364   8.04469   9.8041525627E-001
   3.56364   9.05028   9.7525635117E-001
   3.56364  10.05587   9.6951193245E-001
   3.56364  11.06145   9.6318907718E-001
   3.56364  12.06704   9.5629557511E-001
   3.56364  13.07263   9.4883991899E-001
   3.56364  14.07821   9.4083129416E-001
   3.56364  15.08380   9.3227956721E-001
   3.56364  16.08939   9.2319527383E-001
   3.56364  17.09497   9.1358960582E-001
   3.56364  18.10056   9.0347439733E-001
   3.56364  19.10615   8.9286211024E-001
   3.56364  20.11173   8.8176581883E-001
   3.56364  21.11732   8.7019919371E-001
   3.56364  22.12291   8.5817648488E-001
   3.56364  23.12849   8.4571250427E-001
   3.56364  24.13408   8.3282260745E-001
   3.56364  25.13966   8.1952267472E-001
   3.56364  26.14525   8.0582909152E-001
   3.56364  27.15084   7.9175872829E-001
   3.56364  28.15642   7.7732891966E-001
   3.56364  29.16201   7.6255744307E-001
   3.56364  30.16760   7.4746249693E-001
   3.56364  31.17318   7.3206267813E-001
   3.56364  32.17877   7.1637695918E-001
   3.56364  33.18436   7.0042466481E-001
   3.56364  34.18994   6.8422544818E-001
   3.56364  35.19553   6.6779926665E-001
   3.56364  36.20112   6.5116635720E-001
   3.56364  37.20670   6.3434721149E-001
   3.56364  38.21229   6.1736255064E-001
   3.56364  39.21788   6.0023329966E-001
   3.56364  40.22346   5.8298056172E-001
   3.56364  41.22905   5.6562559212E-001
   3.56364  42.23464   5.4818977208E-001
   3.56364  43.24022   5.3069458247E-001
   3.56364  44.24581   5.1316157728E-001
   3.56364  45.25140   4.9561235708E-001
   3.56364  46.25698   4.7806854244E-001
   3.56364  47.26257   4.6055174725E-001
   3.56364  48.26816   4.4308355213E-001
   3.56364  49.27374   4.2568547781E-001
   3.56364  50.27933   4.0837895863E-001
   3.56364  51.28492   3.9118531616E-001
   3.56364  52.29050   3.7412573288E-001
   3.56364  53.29609   3.5722122611E-001
   3.56364  54.30168   3.4049262214E-001
   3.56364  55.30726   3.2396053052E-001
   3.56364  56.31285   3.0764531871E-001
   3.56364  57.31844   2.9156708699E-001
   3.56364  58.32402   2.7574564365E-001
   3.56364  59.32961   2.6020048064E-001
   3.56364  60.33520   2.4495074954E-001
   3.56364  61.34078   2.3001523794E-001
   3.56364  62.34637   2.1541234632E-001
   3.56364  63.35196   2.0116006537E-001
   3.56364  64.35754   1.8727595385E-001
   3.56364  65.36313   1.7377711691E-001
   3.56364  66.36872   1.6068018506E-001
   3.56364  67.37430   1.4800129365E-001
   3.56364  68.37989   1.3575606303E-001
   3.56364  69.38547   1.2395957926E-001
   3.56364  70.39106   1.1262637556E-001
   3.56364  71.39665   1.0177041437E-001
   3.56364  72.40223   9.1405070194E-002
   3.56364  73.40782   8.1543113090E-002
   3.56364  74.41341   7.2196692940E-002
   3.56364  75.41899   6.3377324492E-002
   3.56364  76.42458   5.5095873167E-002
   3.56364  77.43017   4.7362541675E-002
   3.56364  78.43575   4.0186857444E-002
   3.56364  79.44134   3.3577660884E-002
   3.56364  80.44693   2.7543094495E-002
   3.56364  81.45251   2.2090592836E-002
   3.56364  82.45810   1.7226873362E-002
   3.56364  83.46369   1.2957928154E-002
   3.56364  84.46927   9.2890165331E-003
   3.56364  85.47486   6.2246585807E-003
   3.56364  86.48045   3.7686295721E-003
   3.56364  87.48603   1.9239553236E-003
   3.56364  88.49162   6.9290846547E-004
   3.56364  89.49721   7.7005641668E-005
   3.56364  90.50279   7.7005641668E-005
   3.56364  91.50838   6.9290846547E-004
   3.56364  92.51397   1.9239553236E-003
   3.56364  93.51955   3.7686295721E-003
   3.56364  94.52514   6.2246585807E-003
   3.56364  95.53073   9.2890165331E-003
   3.56364  96.53631   1.2957928154E-002
   3.56364  97.54190   1.7226873362E-002
   3.56364  98.54749   2.2090592836E-002
   3.56364  99.55307   2.7543094495E-002
   3.56364 100.55866   3.3577660884E-002
   3.56364 101.56425   4.0186857444E-002
   3.56364 102.56983   4.7362541675E-002
   3.56364 103.57542   5.5095873167E-002
   3.56364 104.58101   6.3377324492E-002
   3.56364 105.58659   7.2196692940E-002
   3.56364 106.59218   8.1543113090E-002
   3.56364 107.59777   9.1405070194E-002
   3.56364 108.60335   1.0177041437E-001
   3.56364 109.60894   1.1262637556E-001
   3.56364 110.61453   1.2395957926E-001
   3.56364 111.62011   1.3575606303E-001
   3.56364 112.62570   1.4800129365E-001
   3.56364 113.63128   1.6068018506E-001
   3.56364 114.63687   1.7377711691E-001
   3.56364 115.64246   1.8727595385E-001
   3.56364 116.64804   2.0116006537E-001
   3.56364 117.65363   2.1541234632E-001
   3.56364 118.65922   2.3001523794E-001
   3.56364 119.66480   2.4495074954E-001
   3.56364 120.67039   2.6020048064E-001
   3.56364 121.67598   2.7574564365E-001
   3.56364 122.68156   2.9156708699E-001
   3.56364 123.68715   3.0764531871E-001
   3.56364 124.69274   3.2396053052E-001
   3.56364 125.69832   3.4049262214E-001
   3.56364 126.70391   3.5722122611E-001
   3.56364 127.70950   3.7412573288E-001
   3.56364 128.71508   3.9118531616E-001
   3.56364 129.72067   4.0837895863E-001
   3.56364 130.72626   4.2568547781E-001
   3.56364 131.73184   4.4308355213E-001
   3.56364 132.73743   4.6055174725E-001
   3.56364 133.74302   4.7806854244E-001
   3.56364 134.74860   4.9561235708E-001
   3.56364 135.75419   5.1316157728E-001
   3.56364 136.75978   5.3069458247E-001
   3.56364 137.76536   5.4818977208E-001
   3.56364 138.77095   5.6562559212E-001
   3.56364 139.77654   5.8298056172E-001
   3.56364 140.78212   6.0023329966E-001
   3.56364 141.78771   6.1736255064E-001
   3.56364 142.79330   6.3434721149E-001
   3.56364 143.79888   6.5116635720E-001
   3.56364 144.80447   6.6779926665E-001
   3.56364 145.81006   6.8422544818E-001
   3.56364 146.81564   7.0042466481E-001
   3.56364 147.82123   7.1637695918E-001
   3.56364 148.82682   7.3206267813E-001
   3.56364 149.83240   7.4746249693E-001
   3.56364 150.83799   7.6255744307E-001
   3.56364 151.84358   7.7732891966E-001
   3.56364 152.84916   7.9175872829E-001
   3.56364 153.85475   8.0582909152E-001
   3.56364 154.86034   8.1952267472E-001
   3.56364 155.86592   8.3282260745E-001
   3.56364 156.87151   8.4571250427E-001
   3.56364 157.87709   8.5817648488E-001
   3.56364 158.88268   8.7019919371E-001
   3.56364 159.88827   8.8176581883E-001
   3.56364 160.89385   8.9286211024E-001
   3.56364 161.89944   9.0347439733E-001
   3.56364 162.90503   9.1358960582E-001
   3.56364 163.91061   9.2319527383E-001
   3.56364 164.91620   9.3227956721E-001
   3.56364 165.92179   9.4083129416E-001
   3.56364 166.92737   9.4883991899E-001
   3.56364 167.93296   9.5629557511E-001
   3.56364 168.93855   9.6318907718E-001
   3.56364 169.94413   9.6951193245E-001
   3.56364 170.94972   9.7525635117E-001
   3.56364 171.95531   9.8041525627E-001
   3.56364 172.96089   9.8498229199E-001
   3.56364 173.96648   9.8895183176E-001
   3.56364 174.97207   9.9231898512E-001
   3.56364 175.97765   9.9507960377E-001
   3.56364 176.98324   9.9723028663E-001
   3.56364 177.98883   9.9876838406E-001
   3.56364 178.99441   9.9969200115E-001
   3.56364 180.00000   1.0000000000E+000

   3.62626   0.00000   4.8016951974E-310
   3.62626   1.00559   9.9969200115E-001
   3.62626   2.01117   9.9876838406E-001
   3.62626   3.01676   9.9723028663E-001
   3.62626   4.02235   9.9507960377E-001
   3.62626   5.02793   9.9231898512E-001
   3.62626   6.03352   9.8895183176E-001
   3.62626   7.03911   9.8498229199E-001
   3.62626   8.04469   9.8041525627E-001
   3.62626   9.05028   9.7525635117E-001
   3.62626  10.05587   9.6951193245E-001
   3.62626  11.06145   9.6318907718E-001
   3.62626  12.06704   9.5629557511E-001
   3.62626  13.07263   9.4883991899E-001
   3.62626  14.07821   9.4083129416E-001
   3.62626  15.08380   9.3227956721E-001
   3.62626  16.08939   9.2319527383E-001
   3.62626  17.09497   9.1358960582E-001
   3.62626  18.10056   9.0347439733E-001
   3.62626  19.10615   8.9286211024E-001
   3.62626  20.11173   8.8176581883E-001
   3.62626  21.11732   8.7019919371E-001
   3.62626  22.12291   8.5817648488E-001
   3.62626  23.12849   8.4571250427E-001
   3.62626  24.13408   8.3282260745E-001
   3.62626  25.13966   8.1952267472E-001
   3.62626  26.14525   8.0582909152E-001
   3.62626  27.15084   7.9175872829E-001
   3.62626  28.15642   7.7732891966E-001
   3.62626  29.16201   7.6255744307E-001
   3.62626  30.16760   7.4746249693E-001
   3.62626  31.17318   7.3206267813E-001
   3.62626  32.17877   7.1637695918E-001
   3.62626  33.18436   7.0042466481E-001
   3.62626  34.18994   6.8422544818E-001
   3.62626  35.19553   6.6779926665E-001
   3.62626  36.20112   6.5116635720E-001
   3.62626  37.20670   6.3434721149E-001
   3.62626  38.21229   6.1736255064E-001
   3.62626  39.21788   6.0023329966E-001
   3.62626  40.22346   5.8298056172E-001
   3.62626  41.22905   5.6562559212E-001
   3.62626  42.23464   5.4818977208E-001
   3.62626  43.24022   5.3069458247E-001
   3.62626  44.24581   5.1316157728E-001
   3.62626  45.25140   4.9561235708E-001
   3.62626  46.25698   4.7806854244E-001
   3.62626  47.26257   4.6055174725E-001
   3.62626  48.26816   4.4308355213E-001
   3.62626  49.27374   4.2568547781E-001
   3.62626  50.27933   4.0837895863E-001
   3.62626  51.28492   3.9118531616E-001
   3.62626  52.29050   3.7412573288E-001
   3.62626  53.29609   3.5722122611E-001
   3.62626  54.30168   3.4049262214E-001
   3.62626  55.30726   3.2396053052E-001
   3.62626  56.31285   3.0764531871E-001
   3.62626  57.31844   2.9156708699E-001
   3.62626  58.32402   2.7574564365E-001
   3.62626  59.32961   2.6020048064E-001
   3.62626  60.33520   2.4495074954E-001
   3.62626  61.34078   2.3001523794E-001
   3.62626  62.34637   2.1541234632E-001
   3.62626  63.35196   2.0116006537E-001
   3.62626  64.35754   1.8727595385E-001
   3.62626  65.36313   1.7377711691E-001
   3.62626  66.36872   1.6068018506E-001
   3.62626  67.37430   1.4800129365E-001
   3.62626  68.37989   1.3575606303E-001
   3.62626  69.38547   1.2395957926E-001
   3.62626  70.39106   1.1262637556E-001
   3.62626  71.39665   1.0177041437E-001
   3.62626  72.40223   9.1405070194E-002
   3.62626  73.40782   8.1543113090E-002
   3.62626  74.41341   7.2196692940E-002
   3.62626  75.41899   6.3377324492E-002
   3.62626  76.42458   5.5095873167E-002
   3.62626  77.43017   4.7362541675E-002
   3.62626  78.43575   4.0186857444E-002
   3.62626  79.44134   3.3577660884E-002
   3.62626  80.44693   2.7543094495E-002
   3.62626  81.45251   2.2090592836E-002
   3.62626  82.45810   1.7226873362E-002
   3.62626  83.46369   1.2957928154E-002
   3.62626  84.46927   9.2890165331E-003
   3.62626  85.47486   6.2246585807E-003
   3.62626  86.48045   3.7686295721E-003
   3.62626  87.48603   1.9239553236E-003
   3.62626  88.49162   6.9290846547E-004
   3.62626  89.49721   7.7005641668E-005
   3.62626  90.50279   7.7005641668E-005
   3.62626  91.50838   6.9290846547E-004
   3.62626  92.51397   1.9239553236E-003
   3.62626  93.51955   3.7686295721E-003
   3.62626  94.52514   6.2246585807E-003
   3.62626  95.53073   9.2890165331E-003
   3.62626  96.53631   1.2957928154E-002
   3.62626  97.54190   1.7226873362E-002
   3.62626  98.54749   2.2090592836E-002
   3.62626  99.55307   2.7543094495E-002
   3.62626 100.55866   3.3577660884E-002
   3.62626 101.56425   4.0186857444E-002
   3.62626 102.56983   4.7362541675E-002
   3.62626 103.57542   5.5095873167E-002
   3.62626 104.58101   6.3377324492E-002
   3.62626 105.58659   7.2196692940E-002
   3.62626 106.59218   8.1543113090E-002
   3.62626 107.59777   9.1405070194E-002
   3.62626 108.60335   1.0177041437E-001
   3.62626 109.60894   1.1262637556E-001
   3.62626 110.61453   1.2395957926E-001
   3.62626 111.62011   1.3575606303E-001
   3.62626 112.62570   1.4800129365E-001
   3.62626 113.63128   1.6068018506E-001
   3.62626 114.63687   1.7377711691E-001
   3.62626 115.64246   1.8727595385E-001
   3.62626 116.64804   2.0116006537E-001
   3.62626 117.65363   2.1541234632E-001
   3.62626 118.65922   2.3001523794E-001
   3.62626 119.66480   2.4495074954E-001
   3.62626 120.67039   2.6020048064E-001
   3.62626 121.67598   2.7574564365E-001
   3.62626 122.68156   2.9156708699E-001
   3.62626 123.68715   3.0764531871E-001
   3.62626 124.69274   3.2396053052E-001
   3.62626 125.69832   3.4049262214E-001
   3.62626 126.70391   3.5722122611E-001
   3.62626 127.70950   3.7412573288E-001
   3.62626 128.71508   3.9118531616E-001
   3.62626 129.72067   4.0837895863E-001
   3.62626 130.72626   4.2568547781E-001
   3.62626 131.73184   4.4308355213E-001
   3.62626 132.73743   4.6055174725E-001
   3.62626 133.74302   4.7806854244E-001
   3.62626 134.74860   4.9561235708E-001
   3.62626 135.75419   5.1316157728E-001
   3.62626 136.75978   5.3069458247E-001
   3.62626 137.76536   5.4818977208E-001
   3.62626 138.77095   5.6562559212E-001
   3.62626 139.77654   5.8298056172E-001
   3.62626 140.78212   6.0023329966E-001
   3.62626 141.78771   6.1736255064E-001
   3.62626 142.79330   6.3434721149E-001
   3.62626 143.79888   6.5116635720E-001
   3.62626 144.80447   6.6779926665E-001
   3.62626 145.81006   6.8422544818E-001
   3.62626 146.81564   7.0042466481E-001
   3.62626 147.82123   7.1637695918E-001
   3.62626 148.82682   7.3206267813E-001
   3.62626 149.83240   7.4746249693E-001
   3.62626 150.83799   7.6255744307E-001
   3.62626 151.84358   7.7732891966E-001
   3.62626 152.84916   7.9175872829E-001
   3.62626 153.85475   8.0582909152E-001
   3.62626 154.86034   8.1952267472E-001
   3.62626 155.86592   8.3282260745E-001
   3.62626 156.87151   8.4571250427E-001
   3.62626 157.87709   8.5817648488E-001
   3.62626 158.88268   8.7019919371E-001
   3.62626 159.88827   8.8176581883E-001
   3.62626 160.89385   8.9286211024E-001
   3.62626 161.89944   9.0347439733E-001
   3.62626 162.90503   9.1358960582E-001
   3.62626 163.91061   9.2319527383E-001
   3.62626 164.91620   9.3227956721E-001
   3.62626 165.92179   9.4083129416E-001
   3.62626 166.92737   9.4883991899E-001
   3.62626 167.93296   9.5629557511E-001
   3.62626 168.93855   9.6318907718E-001
   3.62626 169.94413   9.6951193245E-001
   3.62626 170.94972   9.7525635117E-001
   3.62626 171.95531   9.8041525627E-001
   3.62626 172.96089   9.8498229199E-001
   3.62626 173.96648   9.8895183176E-001
   3.62626 174.97207   9.9231898512E-001
   3.62626 175.97765   9.9507960377E-001
   3.62626 176.98324   9.9723028663E-001
   3.62626 177.98883   9.9876838406E-001
   3.62626 178.99441   9.9969200115E-001
   3.62626 180.00000   1.0000000000E+000

   3.68889   0.00000   4.8016951974E-310
   3.68889   1.00559   9.9969200115E-001
   3.68889   2.01117   9.9876838406E-001
   3.68889   3.01676   9.9723028663E-001
   3.68889   4.02235   9.9507960377E-001
   3.68889   5.02793   9.9231898512E-001
   3.68889   6.03352   9.8895183176E-001
   3.68889   7.03911   9.8498229199E-001
   3.68889   8.04469   9.8041525627E-001
   3.68889   9.05028   9.7525635117E-001
   3.68889  10.05587   9.6951193245E-001
   3.68889  11.06145   9.6318907718E-001
   3.68889  12.06704   9.5629557511E-001
   3.68889  13.07263   9.4883991899E-001
   3.68889  14.07821   9.4083129416E-001
   3.68889  15.08380   9.3227956721E-001
   3.68889  16.08939   9.2319527383E-001
   3.68889  17.09497   9.1358960582E-001
   3.68889  18.10056   9.0347439733E-001
   3.68889  19.10615   8.9286211024E-001
   3.68889  20.11173   8.8176581883E-001
   3.68889  21.11732   8.7019919371E-001
   3.68889  22.12291   8.5817648488E-001
   3.68889  23.12849   8.4571250427E-001
   3.68889  24.13408   8.3282260745E-001
   3.68889  25.13966   8.1952267472E-001
   3.68889  26.14525   8.0582909152E-001
   3.68889  27.15084   7.9175872829E-001
   3.68889  28.15642   7.7732891966E-001
   3.68889  29.16201   7.6255744307E-001
   3.68889  30.16760   7.4746249693E-001
   3.68889  31.17318   7.3206267813E-001
   3.68889  32.17877   7.1637695918E-001
   3.68889  33.18436   7.0042466481E-001
   3.68889  34.18994   6.8422544818E-001
   3.68889  35.19553   6.6779926665E-001
   3.68889  36.20112   6.5116635720E-001
   3.68889  37.20670   6.3434721149E-001
   3.68889  38.21229   6.1736255064E-001
   3.68889  39.21788   6.0023329966E-001
   3.68889  40.22346   5.8298056172E-001
   3.68889  41.22905   5.6562559212E-001
   3.68889  42.23464   5.4818977208E-001
   3.68889  43.24022   5.3069458247E-001
   3.68889  44.24581   5.1316157728E-001
   3.68889  45.25140   4.9561235708E-001
   3.68889  46.25698   4.7806854244E-001
   3.68889  47.26257   4.6055174725E-001
   3.68889  48.26816   4.4308355213E-001
   3.68889  49.27374   4.2568547781E-001
   3.68889  50.27933   4.0837895863E-001
   3.68889  51.28492   3.9118531616E-001
   3.68889  52.29050   3.7412573288E-001
   3.68889  53.29609   3.5722122611E-001
   3.68889  54.30168   3.4049262214E-001
   3.68889  55.30726   3.2396053052E-001
   3.68889  56.31285   3.0764531871E-001
   3.68889  57.31844   2.9156708699E-001
   3.68889  58.32402   2.7574564365E-001
   3.68889  59.32961   2.6020048064E-001
   3.68889  60.33520   2.4495074954E-001
   3.68889  61.34078   2.3001523794E-001
   3.68889  62.34637   2.1541234632E-001
   3.68889  63.35196   2.0116006537E-001
   3.68889  64.35754   1.8727595385E-001
   3.68889  65.36313   1.7377711691E-001
   3.68889  66.36872   1.6068018506E-001
   3.68889  67.37430   1.4800129365E-001
   3.68889  68.37989   1.3575606303E-001
   3.68889  69.38547   1.2395957926E-001
   3.68889  70.39106   1.1262637556E-001
   3.68889  71.39665   1.0177041437E-001
   3.68889  72.40223   9.1405070194E-002
   3.68889  73.40782   8.1543113090E-002
   3.68889  74.41341   7.2196692940E-002
   3.68889  75.41899   6.3377324492E-002
   3.68889  76.42458   5.5095873167E-002
   3.68889  77.43017   4.7362541675E-002
   3.68889  78.43575   4.0186857444E-002
   3.68889  79.44134   3.3577660884E-002
   3.68889  80.44693   2.7543094495E-002
   3.68889  81.45251   2.2090592836E-002
   3.68889  82.45810   1.7226873362E-002
   3.68889  83.46369   1.2957928154E-002
   3.68889  84.46927   9.2890165331E-003
   3.68889  85.47486   6.2246585807E-003
   3.68889  86.48045   3.7686295721E-003
   3.68889  87.48603   1.9239553236E-003
   3.68889  88.49162   6.9290846547E-004
   3.68889  89.49721   7.7005641668E-005
   3.68889  90.50279   7.7005641668E-005
   3.68889  91.50838   6.9290846547E-004
   3.68889  92.51397   1.9239553236E-003
   3.68889  93.51955   3.7686295721E-003
   3.68889  94.52514   6.2246585807E-003
   3.68889  95.53073   9.2890165331E-003
   3.68889  96.53631   1.2957928154E-002
   3.68889  97.54190   1.7226873362E-002
   3.68889  98.54749   2.2090592836E-002
   3.68889  99.55307   2.7543094495E-002
   3.68889 100.55866   3.3577660884E-002
   3.68889 101.56425   4.0186857444E-002
   3.68889 102.56983   4.7362541675E-002
   3.68889 103.57542   5.5095873167E-002
   3.68889 104.58101   6.3377324492E-002
   3.68889 105.58659   7.2196692940E-002
   3.68889 106.59218   8.1543113090E-002
   3.68889 107.59777   9.1405070194E-002
   3.68889 108.60335   1.0177041437E-001
   3.68889 109.60894   1.1262637556E-001
   3.68889 110.61453   1.2395957926E-001
   3.68889 111.62011   1.3575606303E-001
   3.68889 112.62570   1.4800129365E-001
   3.68889 113.63128   1.6068018506E-001
   3.68889 114.63687   1.7377711691E-001
   3.68889 115.64246   1.8727595385E-001
   3.68889 116.64804   2.0116006537E-001
   3.68889 117.65363   2.1541234632E-001
   3.68889 118.65922   2.3001523794E-001
   3.68889 119.66480   2.4495074954E-001
   3.68889 120.67039   2.6020048064E-001
   3.68889 121.67598   2.7574564365E-001
   3.68889 122.68156   2.9156708699E-001
   3.68889 123.68715   3.0764531871E-001
   3.68889 124.69274   3.2396053052E-001
   3.68889 125.69832   3.4049262214E-001
   3.68889 126.70391   3.5722122611E-001
   3.68889 127.70950   3.7412573288E-001
   3.68889 128.71508   3.9118531616E-001
   3.68889 129.72067   4.0837895863E-001
   3.68889 130.72626   4.2568547781E-001
   3.68889 131.73184   4.4308355213E-001
   3.68889 132.73743   4.6055174725E-001
   3.68889 133.74302   4.7806854244E-001
   3.68889 134.74860   4.9561235708E-001
   3.68889 135.75419   5.1316157728E-001
   3.68889 136.75978   5.3069458247E-001
   3.68889 137.76536   5.4818977208E-001
   3.68889 138.77095   5.6562559212E-001
   3.68889 139.77654   5.8298056172E-001
   3.68889 140.78212   6.0023329966E-001
   3.68889 141.78771   6.1736255064E-001
   3.68889 142.79330   6.3434721149E-001
   3.68889 143.79888   6.5116635720E-001
   3.68889 144.80447   6.6779926665E-001
   3.68889 145.81006   6.8422544818E-001
   3.68889 146.81564   7.0042466481E-001
   3.68889 147.82123   7.1637695918E-001
   3.68889 148.82682   7.3206267813E-001
   3.68889 149.83240   7.4746249693E-001
   3.68889 150.83799   7.6255744307E-001
   3.68889 151.84358   7.7732891966E-001
   3.68889 152.84916   7.9175872829E-001
   3.68889 153.85475   8.0582909152E-001
   3.68889 154.86034   8.1952267472E-001
   3.68889 155.86592   8.3282260745E-001
   3.68889 156.87151   8.4571250427E-001
   3.68889 157.87709   8.5817648488E-001
   3.68889 158.88268   8.7019919371E-001
   3.68889 159.88827   8.8176581883E-001
   3.68889 160.89385   8.9286211024E-001
   3.68889 161.89944   9.0347439733E-001
   3.68889 162.90503   9.1358960582E-001
   3.68889 163.91061   9.2319527383E-001
   3.68889 164.91620   9.3227956721E-001
   3.68889 165.92179   9.4083129416E-001
   3.68889 166.92737   9.4883991899E-001
   3.68889 167.93296   9.5629557511E-001
   3.68889 168.93855   9.6318907718E-001
   3.68889 169.94413   9.6951193245E-001
   3.68889 170.94972   9.7525635117E-001
   3.68889 171.95531   9.8041525627E-001
   3.68889 172.96089   9.8498229199E-001
   3.68889 173.96648   9.8895183176E-001
   3.68889 174.97207   9.9231898512E-001
   3.68889 175.97765   9.9507960377E-001
   3.68889 176.98324   9.9723028663E-001
   3.68889 177.98883   9.9876838406E-001
   3.68889 178.99441   9.9969200115E-001
   3.68889 180.00000   1.0000000000E+000

   3.75152   0.00000   4.8016951974E-310
   3.75152   1.00559   9.9969200115E-001
   3.75152   2.01117   9.9876838406E-001
   3.75152   3.01676   9.9723028663E-001
   3.75152   4.02235   9.9507960377E-001
   3.75152   5.02793   9.9231898512E-001
   3.75152   6.03352   9.8895183176E-001
   3.75152   7.03911   9.8498229199E-001
   3.75152   8.04469   9.8041525627E-001
   3.75152   9.05028   9.7525635117E-001
   3.75152  10.05587   9.6951193245E-001
   3.75152  11.06145   9.6318907718E-001
   3.75152  12.06704   9.5629557511E-001
   3.75152  13.07263   9.4883991899E-001
   3.75152  14.07821   9.4083129416E-001
   3.75152  15.08380   9.3227956721E-001
   3.75152  16.08939   9.2319527383E-001
   3.75152  17.09497   9.1358960582E-001
   3.75152  18.10056   9.0347439733E-001
   3.75152  19.10615   8.9286211024E-001
   3.75152  20.11173   8.8176581883E-001
   3.75152  21.11732   8.7019919371E-001
   3.75152  22.12291   8.5817648488E-001
   3.75152  23.12849   8.4571250427E-001
   3.75152  24.13408   8.3282260745E-001
   3.75152  25.13966   8.1952267472E-001
   3.75152  26.14525   8.0582909152E-001
   3.75152  27.15084   7.9175872829E-001
   3.75152  28.15642   7.7732891966E-001
   3.75152  29.16201   7.6255744307E-001
   3.75152  30.16760   7.4746249693E-001
   3.75152  31.17318   7.3206267813E-001
   3.75152  32.17877   7.1637695918E-001
   3.75152  33.18436   7.0042466481E-001
   3.75152  34.18994   6.8422544818E-001
   3.75152  35.19553   6.6779926665E-001
   3.75152  36.20112   6.5116635720E-001
   3.75152  37.20670   6.3434721149E-001
   3.75152  38.21229   6.1736255064E-001
   3.75152  39.21788   6.0023329966E-001
   3.75152  40.22346   5.8298056172E-001
   3.75152  41.22905   5.6562559212E-001
   3.75152  42.23464   5.4818977208E-001
   3.75152  43.24022   5.3069458247E-001
   3.75152  44.24581   5.1316157728E-001
   3.75152  45.25140   4.9561235708E-001
   3.75152  46.25698   4.7806854244E-001
   3.75152  47.26257   4.6055174725E-001
   3.75152  48.26816   4.4308355213E-001
   3.75152  49.27374   4.2568547781E-001
   3.75152  50.27933   4.0837895863E-001
   3.75152  51.28492   3.9118531616E-001
   3.75152  52.29050   3.7412573288E-001
   3.75152  53.29609   3.5722122611E-001
   3.75152  54.30168   3.4049262214E-001
   3.75152  55.30726   3.2396053052E-001
   3.75152  56.31285   3.0764531871E-001
   3.75152  57.31844   2.9156708699E-001
   3.75152  58.32402   2.7574564365E-001
   3.75152  59.32961   2.6020048064E-001
   3.75152  60.33520   2.4495074954E-001
   3.75152  61.34078   2.3001523794E-001
   3.75152  62.34637   2.1541234632E-001
   3.75152  63.35196   2.0116006537E-001
   3.75152  64.35754   1.8727595385E-001
   3.75152  65.36313   1.7377711691E-001
   3.75152  66.36872   1.6068018506E-001
   3.75152  67.37430   1.4800129365E-001
   3.75152  68.37989   1.3575606303E-001
   3.75152  69.38547   1.2395957926E-001
   3.75152  70.39106   1.1262637556E-001
   3.75152  71.39665   1.0177041437E-001
   3.75152  72.40223   9.1405070194E-002
   3.75152  73.40782   8.1543113090E-002
   3.75152  74.41341   7.2196692940E-002
   3.75152  75.41899   6.3377324492E-002
   3.75152  76.42458   5.5095873167E-002
   3.75152  77.43017   4.7362541675E-002
   3.75152  78.43575   4.0186857444E-002
   3.75152  79.44134   3.3577660884E-002
   3.75152  80.44693   2.7543094495E-002
   3.75152  81.45251   2.2090592836E-002
   3.75152  82.45810   1.7226873362E-002
   3.75152  83.46369   1.2957928154E-002
   3.75152  84.46927   9.2890165331E-003
   3.75152  85.47486   6.2246585807E-003
   3.75152  86.48045   3.7686295721E-003
   3.75152  87.48603   1.9239553236E-003
   3.75152  88.49162   6.9290846547E-004
   3.75152  89.49721   7.7005641668E-005
   3.75152  90.50279   7.7005641668E-005
   3.75152  91.50838   6.9290846547E-004
   3.75152  92.51397   1.9239553236E-003
   3.75152  93.51955   3.7686295721E-003
   3.75152  94.52514   6.2246585807E-003
   3.75152  95.53073   9.2890165331E-003
   3.75152  96.53631   1.2957928154E-002
   3.75152  97.54190   1.7226873362E-002
   3.75152  98.54749   2.2090592836E-002
   3.75152  99.55307   2.7543094495E-002
   3.75152 100.55866   3.3577660884E-002
   3.75152 101.56425   4.0186857444E-002
   3.75152 102.56983   4.7362541675E-002
   3.75152 103.57542   5.5095873167E-002
   3.75152 104.58101   6.3377324492E-002
   3.75152 105.58659   7.2196692940E-002
   3.75152 106.59218   8.1543113090E-002
   3.75152 107.59777   9.1405070194E-002
   3.75152 108.60335   1.0177041437E-001
   3.75152 109.60894   1.1262637556E-001
   3.75152 110.61453   1.2395957926E-001
   3.75152 111.62011   1.3575606303E-001
   3.75152 112.62570   1.4800129365E-001
   3.75152 113.63128   1.6068018506E-001
   3.75152 114.63687   1.7377711691E-001
   3.75152 115.64246   1.8727595385E-001
   3.75152 116.64804   2.0116006537E-001
   3.75152 117.65363   2.1541234632E-001
   3.75152 118.65922   2.3001523794E-001
   3.75152 119.66480   2.4495074954E-001
   3.75152 120.67039   2.6020048064E-001
   3.75152 121.67598   2.7574564365E-001
   3.75152 122.68156   2.9156708699E-001
   3.75152 123.68715   3.0764531871E-001
   3.75152 124.69274   3.2396053052E-001
   3.75152 125.69832   3.4049262214E-001
   3.75152 126.70391   3.5722122611E-001
   3.75152 127.70950   3.7412573288E-001
   3.75152 128.71508   3.9118531616E-001
   3.75152 129.72067   4.0837895863E-001
   3.75152 130.72626   4.2568547781E-001
   3.75152 131.73184   4.4308355213E-001
   3.75152 132.73743   4.6055174725E-001
   3.75152 133.74302   4.7806854244E-001
   3.75152 134.74860   4.9561235708E-001
   3.75152 135.75419   5.1316157728E-001
   3.75152 136.75978   5.3069458247E-001
   3.75152 137.76536   5.4818977208E-001
   3.75152 138.77095   5.6562559212E-001
   3.75152 139.77654   5.8298056172E-001
   3.75152 140.78212   6.0023329966E-001
   3.75152 141.78771   6.1736255064E-001
   3.75152 142.79330   6.3434721149E-001
   3.75152 143.79888   6.5116635720E-001
   3.75152 144.80447   6.6779926665E-001
   3.75152 145.81006   6.8422544818E-001
   3.75152 146.81564   7.0042466481E-001
   3.75152 147.82123   7.1637695918E-001
   3.75152 148.82682   7.3206267813E-001
   3.75152 149.83240   7.4746249693E-001
   3.75152 150.83799   7.6255744307E-001
   3.75152 151.84358   7.7732891966E-001
   3.75152 152.84916   7.9175872829E-001
   3.75152 153.85475   8.0582909152E-001
   3.75152 154.86034   8.1952267472E-001
   3.75152 155.86592   8.3282260745E-001
   3.75152 156.87151   8.4571250427E-001
   3.75152 157.87709   8.5817648488E-001
   3.75152 158.88268   8.7019919371E-001
   3.75152 159.88827   8.8176581883E-001
   3.75152 160.89385   8.9286211024E-001
   3.75152 161.89944   9.0347439733E-001
   3.75152 162.90503   9.1358960582E-001
   3.75152 163.91061   9.2319527383E-001
   3.75152 164.91620   9.3227956721E-001
   3.75152 165.92179   9.4083129416E-001
   3.75152 166.92737   9.4883991899E-001
   3.75152 167.93296   9.5629557511E-001
   3.75152 168.93855   9.6318907718E-001
   3.75152 169.94413   9.6951193245E-001
   3.75152 170.94972   9.7525635117E-001
   3.75152 171.95531   9.8041525627E-001
   3.75152 172.96089   9.8498229199E-001
   3.75152 173.96648   9.8895183176E-001
   3.75152 174.97207   9.9231898512E-001
   3.75152 175.97765   9.9507960377E-001
   3.75152 176.98324   9.9723028663E-001
   3.75152 177.98883   9.9876838406E-001
   3.75152 178.99441   9.9969200115E-001
   3.75152 180.00000   1.0000000000E+000

   3.81414   0.00000   4.8016951974E-310
   3.81414   1.00559   9.9969200115E-001
   3.81414   2.01117   9.9876838406E-001
   3.81414   3.01676   9.9723028663E-001
   3.81414   4.02235   9.9507960377E-001
   3.81414   5.02793   9.9231898512E-001
   3.81414   6.03352   9.8895183176E-001
   3.81414   7.03911   9.8498229199E-001
   3.81414   8.04469   9.8041525627E-001
   3.81414   9.05028   9.7525635117E-001
   3.81414  10.05587   9.6951193245E-001
   3.81414  11.06145   9.6318907718E-001
   3.81414  12.06704   9.5629557511E-001
   3.81414  13.07263   9.4883991899E-001
   3.81414  14.07821   9.4083129416E-001
   3.81414  15.08380   9.3227956721E-001
   3.81414  16.08939   9.2319527383E-001
   3.81414  17.09497   9.1358960582E-001
   3.81414  18.10056   9.0347439733E-001
   3.81414  19.10615   8.9286211024E-001
   3.81414  20.11173   8.8176581883E-001
   3.81414  21.11732   8.7019919371E-001
   3.81414  22.12291   8.5817648488E-001
   3.81414  23.12849   8.4571250427E-001
   3.81414  24.13408   8.3282260745E-001
   3.81414  25.13966   8.1952267472E-001
   3.81414  26.14525   8.0582909152E-001
   3.81414  27.15084   7.9175872829E-001
   3.81414  28.15642   7.7732891966E-001
   3.81414  29.16201   7.6255744307E-001
   3.81414  30.16760   7.4746249693E-001
   3.81414  31.17318   7.3206267813E-001
   3.81414  32.17877   7.1637695918E-001
   3.81414  33.18436   7.0042466481E-001
   3.81414  34.18994   6.8422544818E-001
   3.81414  35.19553   6.6779926665E-001
   3.81414  36.20112   6.5116635720E-001
   3.81414  37.20670   6.3434721149E-001
   3.81414  38.21229   6.1736255064E-001
   3.81414  39.21788   6.0023329966E-001
   3.81414  40.22346   5.8298056172E-001
   3.81414  41.22905   5.6562559212E-001
   3.81414  42.23464   5.4818977208E-001
   3.81414  43.24022   5.3069458247E-001
   3.81414  44.24581   5.1316157728E-001
   3.81414  45.25140   4.9561235708E-001
   3.81414  46.25698   4.7806854244E-001
   3.81414  47.26257   4.6055174725E-001
   3.81414  48.26816   4.4308355213E-001
   3.81414  49.27374   4.2568547781E-001
   3.81414  50.27933   4.0837895863E-001
   3.81414  51.28492   3.9118531616E-001
   3.81414  52.29050   3.7412573288E-001
   3.81414  53.29609   3.5722122611E-001
   3.81414  54.30168   3.4049262214E-001
   3.81414  55.30726   3.2396053052E-001
   3.81414  56.31285   3.0764531871E-001
   3.81414  57.31844   2.9156708699E-001
   3.81414  58.32402   2.7574564365E-001
   3.81414  59.32961   2.6020048064E-001
   3.81414  60.33520   2.4495074954E-001
   3.81414  61.34078   2.3001523794E-001
   3.81414  62.34637   2.1541234632E-001
   3.81414  63.35196   2.0116006537E-001
   3.81414  64.35754   1.8727595385E-001
   3.81414  65.36313   1.7377711691E-001
   3.81414  66.36872   1.6068018506E-001
   3.81414  67.37430   1.4800129365E-001
   3.81414  68.37989   1.3575606303E-001
   3.81414  69.38547   1.2395957926E-001
   3.81414  70.39106   1.1262637556E-001
   3.81414  71.39665   1.0177041437E-001
   3.81414  72.40223   9.1405070194E-002
   3.81414  73.40782   8.1543113090E-002
   3.81414  74.41341   7.2196692940E-002
   3.81414  75.41899   6.3377324492E-002
   3.81414  76.42458   5.5095873167E-002
   3.81414  77.43017   4.7362541675E-002
   3.81414  78.43575   4.0186857444E-002
   3.81414  79.44134   3.3577660884E-002
   3.81414  80.44693   2.7543094495E-002
   3.81414  81.45251   2.2090592836E-002
   3.81414  82.45810   1.7226873362E-002
   3.81414  83.46369   1.2957928154E-002
   3.81414  84.46927   9.2890165331E-003
   3.81414  85.47486   6.2246585807E-003
   3.81414  86.48045   3.7686295721E-003
   3.81414  87.48603   1.9239553236E-003
   3.81414  88.49162   6.9290846547E-004
   3.81414  89.49721   7.7005641668E-005
   3.81414  90.50279   7.7005641668E-005
   3.81414  91.50838   6.9290846547E-004
   3.81414  92.51397   1.9239553236E-003
   3.81414  93.51955   3.7686295721E-003
   3.81414  94.52514   6.2246585807E-003
   3.81414  95.53073   9.2890165331E-003
   3.81414  96.53631   1.2957928154E-002
   3.81414  97.54190   1.7226873362E-002
   3.81414  98.54749   2.2090592836E-002
   3.81414  99.55307   2.7543094495E-002
   3.81414 100.55866   3.3577660884E-002
   3.81414 101.56425   4.0186857444E-002
   3.81414 102.56983   4.7362541675E-002
   3.81414 103.57542   5.5095873167E-002
   3.81414 104.58101   6.3377324492E-002
   3.81414 105.58659   7.2196692940E-002
   3.81414 106.59218   8.1543113090E-002
   3.81414 107.59777   9.1405070194E-002
   3.81414 108.60335   1.0177041437E-001
   3.81414 109.60894   1.1262637556E-001
   3.81414 110.61453   1.2395957926E-001
   3.81414 111.62011   1.3575606303E-001
   3.81414 112.62570   1.4800129365E-001
   3.81414 113.63128   1.6068018506E-001
   3.81414 114.63687   1.7377711691E-001
   3.81414 115.64246   1.8727595385E-001
   3.81414 116.64804   2.0116006537E-001
   3.81414 117.65363   2.1541234632E-001
   3.81414 118.65922   2.3001523794E-001
   3.81414 119.66480   2.4495074954E-001
   3.81414 120.67039   2.6020048064E-001
   3.81414 121.67598   2.7574564365E-001
   3.81414 122.68156   2.9156708699E-001
   3.81414 123.68715   3.0764531871E-001
   3.81414 124.69274   3.2396053052E-001
   3.81414 125.69832   3.4049262214E-001
   3.81414 126.70391   3.5722122611E-001
   3.81414 127.70950   3.7412573288E-001
   3.81414 128.71508   3.9118531616E-001
   3.81414 129.72067   4.0837895863E-001
   3.81414 130.72626   4.2568547781E-001
   3.81414 131.73184   4.4308355213E-001
   3.81414 132.73743   4.6055174725E-001
   3.81414 133.74302   4.7806854244E-001
   3.81414 134.74860   4.9561235708E-001
   3.81414 135.75419   5.1316157728E-001
   3.81414 136.75978   5.3069458247E-001
   3.81414 137.76536   5.4818977208E-001
   3.81414 138.77095   5.6562559212E-001
   3.81414 139.77654   5.8298056172E-001
   3.81414 140.78212   6.0023329966E-001
   3.81414 141.78771   6.1736255064E-001
   3.81414 142.79330   6.3434721149E-001
   3.81414 143.79888   6.5116635720E-001
   3.81414 144.80447   6.6779926665E-001
   3.81414 145.81006   6.8422544818E-001
   3.81414 146.81564   7.0042466481E-001
   3.81414 147.82123   7.1637695918E-001
   3.81414 148.82682   7.3206267813E-001
   3.81414 149.83240   7.4746249693E-001
   3.81414 150.83799   7.6255744307E-001
   3.81414 151.84358   7.7732891966E-001
   3.81414 152.84916   7.9175872829E-001
   3.81414 153.85475   8.0582909152E-001
   3.81414 154.86034   8.1952267472E-001
   3.81414 155.86592   8.3282260745E-001
   3.81414 156.87151   8.4571250427E-001
   3.81414 157.87709   8.5817648488E-001
   3.81414 158.88268   8.7019919371E-001
   3.81414 159.88827   8.8176581883E-001
   3.81414 160.89385   8.9286211024E-001
   3.81414 161.89944   9.0347439733E-001
   3.81414 162.90503   9.1358960582E-001
   3.81414 163.91061   9.2319527383E-001
   3.81414 164.91620   9.3227956721E-001
   3.81414 165.92179   9.4083129416E-001
   3.81414 166.92737   9.4883991899E-001
   3.81414 167.93296   9.5629557511E-001
   3.81414 168.93855   9.6318907718E-001
   3.81414 169.94413   9.6951193245E-001
   3.81414 170.94972   9.7525635117E-001
   3.81414 171.95531   9.8041525627E-001
   3.81414 172.96089   9.8498229199E-001
   3.81414 173.96648   9.8895183176E-001
   3.81414 174.97207   9.9231898512E-001
   3.81414 175.97765   9.9507960377E-001
   3.81414 176.98324   9.9723028663E-001
   3.81414 177.98883   9.9876838406E-001
   3.81414 178.99441   9.9969200115E-001
   3.81414 180.00000   1.0000000000E+000

   3.87677   0.00000   4.8016951974E-310
   3.87677   1.00559   9.9969200115E-001
   3.87677   2.01117   9.9876838406E-001
   3.87677   3.01676   9.9723028663E-001
   3.87677   4.02235   9.9507960377E-001
   3.87677   5.02793   9.9231898512E-001
   3.87677   6.03352   9.8895183176E-001
   3.87677   7.03911   9.8498229199E-001
   3.87677   8.04469   9.8041525627E-001
   3.87677   9.05028   9.7525635117E-001
   3.87677  10.05587   9.6951193245E-001
   3.87677  11.06145   9.6318907718E-001
   3.87677  12.06704   9.5629557511E-001
   3.87677  13.07263   9.4883991899E-001
   3.87677  14.07821   9.4083129416E-001
   3.87677  15.08380   9.3227956721E-001
   3.87677  16.08939   9.2319527383E-001
   3.87677  17.09497   9.1358960582E-001
   3.87677  18.10056   9.0347439733E-001
   3.87677  19.10615   8.9286211024E-001
   3.87677  20.11173   8.8176581883E-001
   3.87677  21.11732   8.7019919371E-001
   3.87677  22.12291   8.5817648488E-001
   3.87677  23.12849   8.4571250427E-001
   3.87677  24.13408   8.3282260745E-001
   3.87677  25.13966   8.1952267472E-001
   3.87677  26.14525   8.0582909152E-001
   3.87677  27.15084   7.9175872829E-001
   3.87677  28.15642   7.7732891966E-001
   3.87677  29.16201   7.6255744307E-001
   3.87677  30.16760   7.4746249693E-001
   3.87677  31.17318   7.3206267813E-001
   3.87677  32.17877   7.1637695918E-001
   3.87677  33.18436   7.0042466481E-001
   3.87677  34.18994   6.8422544818E-001
   3.87677  35.19553   6.6779926665E-001
   3.87677  36.20112   6.5116635720E-001
   3.87677  37.20670   6.3434721149E-001
   3.87677  38.21229   6.1736255064E-001
   3.87677  39.21788   6.0023329966E-001
   3.87677  40.22346   5.8298056172E-001
   3.87677  41.22905   5.6562559212E-001
   3.87677  42.23464   5.4818977208E-001
   3.87677  43.24022   5.3069458247E-001
   3.87677  44.24581   5.1316157728E-001
   3.87677  45.25140   4.9561235708E-001
   3.87677  46.25698   4.7806854244E-001
   3.87677  47.26257   4.6055174725E-001
   3.87677  48.26816   4.4308355213E-001
   3.87677  49.27374   4.2568547781E-001
   3.87677  50.27933   4.0837895863E-001
   3.87677  51.28492   3.9118531616E-001
   3.87677  52.29050   3.7412573288E-001
   3.87677  53.29609   3.5722122611E-001
   3.87677  54.30168   3.4049262214E-001
   3.87677  55.30726   3.2396053052E-001
   3.87677  56.31285   3.0764531871E-001
   3.87677  57.31844   2.9156708699E-001
   3.87677  58.32402   2.7574564365E-001
   3.87677  59.32961   2.6020048064E-001
   3.87677  60.33520   2.4495074954E-001
   3.87677  61.34078   2.3001523794E-001
   3.87677  62.34637   2.1541234632E-001
   3.87677  63.35196   2.0116006537E-001
   3.87677  64.35754   1.8727595385E-001
   3.87677  65.36313   1.7377711691E-001
   3.87677  66.36872   1.6068018506E-001
   3.87677  67.37430   1.4800129365E-001
   3.87677  68.37989   1.3575606303E-001
   3.87677  69.38547   1.2395957926E-001
   3.87677  70.39106   1.1262637556E-001
   3.87677  71.39665   1.0177041437E-001
   3.87677  72.40223   9.1405070194E-002
   3.87677  73.40782   8.1543113090E-002
   3.87677  74.41341   7.2196692940E-002
   3.87677  75.41899   6.3377324492E-002
   3.87677  76.42458   5.5095873167E-002
   3.87677  77.43017   4.7362541675E-002
   3.87677  78.43575   4.0186857444E-002
   3.87677  79.44134   3.3577660884E-002
   3.87677  80.44693   2.7543094495E-002
   3.87677  81.45251   2.2090592836E-002
   3.87677  82.45810   1.7226873362E-002
   3.87677  83.46369   1.2957928154E-002
   3.87677  84.46927   9.2890165331E-003
   3.87677  85.47486   6.2246585807E-003
   3.87677  86.48045   3.7686295721E-003
   3.87677  87.48603   1.9239553236E-003
   3.87677  88.49162   6.9290846547E-004
   3.87677  89.49721   7.7005641668E-005
   3.87677  90.50279   7.7005641668E-005
   3.87677  91.50838   6.9290846547E-004
   3.87677  92.51397   1.9239553236E-003
   3.87677  93.51955   3.7686295721E-003
   3.87677  94.52514   6.2246585807E-003
   3.87677  95.53073   9.2890165331E-003
   3.87677  96.53631   1.2957928154E-002
   3.87677  97.54190   1.7226873362E-002
   3.87677  98.54749   2.2090592836E-002
   3.87677  99.55307   2.7543094495E-002
   3.87677 100.55866   3.3577660884E-002
   3.87677 101.56425   4.0186857444E-002
   3.87677 102.56983   4.7362541675E-002
   3.87677 103.57542   5.5095873167E-002
   3.87677 104.58101   6.3377324492E-002
   3.87677 105.58659   7.2196692940E-002
   3.87677 106.59218   8.1543113090E-002
   3.87677 107.59777   9.1405070194E-002
   3.87677 108.60335   1.0177041437E-001
   3.87677 109.60894   1.1262637556E-001
   3.87677 110.61453   1.2395957926E-001
   3.87677 111.62011   1.3575606303E-001
   3.87677 112.62570   1.4800129365E-001
   3.87677 113.63128   1.6068018506E-001
   3.87677 114.63687   1.7377711691E-001
   3.87677 115.64246   1.8727595385E-001
   3.87677 116.64804   2.0116006537E-001
   3.87677 117.65363   2.1541234632E-001
   3.87677 118.65922   2.3001523794E-001
   3.87677 119.66480   2.4495074954E-001
   3.87677 120.67039   2.6020048064E-001
   3.87677 121.67598   2.7574564365E-001
   3.87677 122.68156   2.9156708699E-001
   3.87677 123.68715   3.0764531871E-001
   3.87677 124.69274   3.2396053052E-001
   3.87677 125.69832   3.4049262214E-001
   3.87677 126.70391   3.5722122611E-001
   3.87677 127.70950   3.7412573288E-001
   3.87677 128.71508   3.9118531616E-001
   3.87677 129.72067   4.0837895863E-001
   3.87677 130.72626   4.2568547781E-001
   3.87677 131.73184   4.4308355213E-001
   3.87677 132.73743   4.6055174725E-001
   3.87677 133.74302   4.7806854244E-001
   3.87677 134.74860   4.9561235708E-001
   3.87677 135.75419   5.1316157728E-001
   3.87677 136.75978   5.3069458247E-001
   3.87677 137.76536   5.4818977208E-001
   3.87677 138.77095   5.6562559212E-001
   3.87677 139.77654   5.8298056172E-001
   3.87677 140.78212   6.0023329966E-001
   3.87677 141.78771   6.1736255064E-001
   3.87677 142.79330   6.3434721149E-001
   3.87677 143.79888   6.5116635720E-001
   3.87677 144.80447   6.6779926665E-001
   3.87677 145.81006   6.8422544818E-001
   3.87677 146.81564   7.0042466481E-001
   3.87677 147.82123   7.1637695918E-001
   3.87677 148.82682   7.3206267813E-001
   3.87677 149.83240   7.4746249693E-001
   3.87677 150.83799   7.6255744307E-001
   3.87677 151.84358   7.7732891966E-001
   3.87677 152.84916   7.9175872829E-001
   3.87677 153.85475   8.0582909152E-001
   3.87677 154.86034   8.1952267472E-001
   3.87677 155.86592   8.3282260745E-001
   3.87677 156.87151   8.4571250427E-001
   3.87677 157.87709   8.5817648488E-001
   3.87677 158.88268   8.7019919371E-001
   3.87677 159.88827   8.8176581883E-001
   3.87677 160.89385   8.9286211024E-001
   3.87677 161.89944   9.0347439733E-001
   3.87677 162.90503   9.1358960582E-001
   3.87677 163.91061   9.2319527383E-001
   3.87677 164.91620   9.3227956721E-001
   3.87677 165.92179   9.4083129416E-001
   3.87677 166.92737   9.4883991899E-001
   3.87677 167.93296   9.5629557511E-001
   3.87677 168.93855   9.6318907718E-001
   3.87677 169.94413   9.6951193245E-001
   3.87677 170.94972   9.7525635117E-001
   3.87677 171.95531   9.8041525627E-001
   3.87677 172.96089   9.8498229199E-001
   3.87677 173.96648   9.8895183176E-001
   3.87677 174.97207   9.9231898512E-001
   3.87677 175.97765   9.9507960377E-001
   3.87677 176.98324   9.9723028663E-001
   3.87677 177.98883   9.9876838406E-001
   3.87677 178.99441   9.9969200115E-001
   3.87677 180.00000   1.0000000000E+000

   3.93939   0.00000   4.8016951974E-310
   3.93939   1.00559   9.9969200115E-001
   3.93939   2.01117   9.9876838406E-001
   3.93939   3.01676   9.9723028663E-001
   3.93939   4.02235   9.9507960377E-001
   3.93939   5.02793   9.9231898512E-001
   3.93939   6.03352   9.8895183176E-001
   3.93939   7.03911   9.8498229199E-001
   3.93939   8.04469   9.8041525627E-001
   3.93939   9.05028   9.7525635117E-001
   3.93939  10.05587   9.6951193245E-001
   3.93939  11.06145   9.6318907718E-001
   3.93939  12.06704   9.5629557511E-001
   3.93939  13.07263   9.4883991899E-001
   3.93939  14.07821   9.4083129416E-001
   3.93939  15.08380   9.3227956721E-001
   3.93939  16.08939   9.2319527383E-001
   3.93939  17.09497   9.1358960582E-001
   3.93939  18.10056   9.0347439733E-001
   3.93939  19.10615   8.9286211024E-001
   3.93939  20.11173   8.8176581883E-001
   3.93939  21.11732   8.7019919371E-001
   3.93939  22.12291   8.5817648488E-001
   3.93939  23.12849   8.4571250427E-001
   3.93939  24.13408   8.3282260745E-001
   3.93939  25.13966   8.1952267472E-001
   3.93939  26.14525   8.0582909152E-001
   3.93939  27.15084   7.9175872829E-001
   3.93939  28.15642   7.7732891966E-001
   3.93939  29.16201   7.6255744307E-001
   3.93939  30.16760   7.4746249693E-001
   3.93939  31.17318   7.3206267813E-001
   3.93939  32.17877   7.1637695918E-001
   3.93939  33.18436   7.0042466481E-001
   3.93939  34.18994   6.8422544818E-001
   3.93939  35.19553   6.6779926665E-001
   3.93939  36.20112   6.5116635720E-001
   3.93939  37.20670   6.3434721149E-001
   3.93939  38.21229   6.1736255064E-001
   3.93939  39.21788   6.0023329966E-001
   3.93939  40.22346   5.8298056172E-001
   3.93939  41.22905   5.6562559212E-001
   3.93939  42.23464   5.4818977208E-001
   3.93939  43.24022   5.3069458247E-001
   3.93939  44.24581   5.1316157728E-001
   3.93939  45.25140   4.9561235708E-001
   3.93939  46.25698   4.7806854244E-001
   3.93939  47.26257   4.6055174725E-001
   3.93939  48.26816   4.4308355213E-001
   3.93939  49.27374   4.2568547781E-001
   3.93939  50.27933   4.0837895863E-001
   3.93939  51.28492   3.9118531616E-001
   3.93939  52.29050   3.7412573288E-001
   3.93939  53.29609   3.5722122611E-001
   3.93939  54.30168   3.4049262214E-001
   3.93939  55.30726   3.2396053052E-001
   3.93939  56.31285   3.0764531871E-001
   3.93939  57.31844   2.9156708699E-001
   3.93939  58.32402   2.7574564365E-001
   3.93939  59.32961   2.6020048064E-001
   3.93939  60.33520   2.4495074954E-001
   3.93939  61.34078   2.3001523794E-001
   3.93939  62.34637   2.1541234632E-001
   3.93939  63.35196   2.0116006537E-001
   3.93939  64.35754   1.8727595385E-001
   3.93939  65.36313   1.7377711691E-001
   3.93939  66.36872   1.6068018506E-001
   3.93939  67.37430   1.4800129365E-001
   3.93939  68.37989   1.3575606303E-001
   3.93939  69.38547   1.2395957926E-001
   3.93939  70.39106   1.1262637556E-001
   3.93939  71.39665   1.0177041437E-001
   3.93939  72.40223   9.1405070194E-002
   3.93939  73.40782   8.1543113090E-002
   3.93939  74.41341   7.2196692940E-002
   3.93939  75.41899   6.3377324492E-002
   3.93939  76.42458   5.5095873167E-002
   3.93939  77.43017   4.7362541675E-002
   3.93939  78.43575   4.0186857444E-002
   3.93939  79.44134   3.3577660884E-002
   3.93939  80.44693   2.7543094495E-002
   3.93939  81.45251   2.2090592836E-002
   3.93939  82.45810   1.7226873362E-002
   3.93939  83.46369   1.2957928154E-002
   3.93939  84.46927   9.2890165331E-003
   3.93939  85.47486   6.2246585807E-003
   3.93939  86.48045   3.7686295721E-003
   3.93939  87.48603   1.9239553236E-003
   3.93939  88.49162   6.9290846547E-004
   3.93939  89.49721   7.7005641668E-005
   3.93939  90.50279   7.7005641668E-005
   3.93939  91.50838   6.9290846547E-004
   3.93939  92.51397   1.9239553236E-003
   3.93939  93.51955   3.7686295721E-003
   3.93939  94.52514   6.2246585807E-003
   3.93939  95.53073   9.2890165331E-003
   3.93939  96.53631   1.2957928154E-002
   3.93939  97.54190   1.7226873362E-002
   3.93939  98.54749   2.2090592836E-002
   3.93939  99.55307   2.7543094495E-002
   3.93939 100.55866   3.3577660884E-002
   3.93939 101.56425   4.0186857444E-002
   3.93939 102.56983   4.7362541675E-002
   3.93939 103.57542   5.5095873167E-002
   3.93939 104.58101   6.3377324492E-002
   3.93939 105.58659   7.2196692940E-002
   3.93939 106.59218   8.1543113090E-002
   3.93939 107.59777   9.1405070194E-002
   3.93939 108.60335   1.0177041437E-001
   3.93939 109.60894   1.1262637556E-001
   3.93939 110.61453   1.2395957926E-001
   3.93939 111.62011   1.3575606303E-001
   3.93939 112.62570   1.4800129365E-001
   3.93939 113.63128   1.6068018506E-001
   3.93939 114.63687   1.7377711691E-001
   3.93939 115.64246   1.8727595385E-001
   3.93939 116.64804   2.0116006537E-001
   3.93939 117.65363   2.1541234632E-001
   3.93939 118.65922   2.3001523794E-001
   3.93939 119.66480   2.4495074954E-001
   3.93939 120.67039   2.6020048064E-001
   3.93939 121.67598   2.7574564365E-001
   3.93939 122.68156   2.9156708699E-001
   3.93939 123.68715   3.0764531871E-001
   3.93939 124.69274   3.2396053052E-001
   3.93939 125.69832   3.4049262214E-001
   3.93939 126.70391   3.5722122611E-001
   3.93939 127.70950   3.7412573288E-001
   3.93939 128.71508   3.9118531616E-001
   3.93939 129.72067   4.0837895863E-001
   3.93939 130.72626   4.2568547781E-001
   3.93939 131.73184   4.4308355213E-001
   3.93939 132.73743   4.6055174725E-001
   3.93939 133.74302   4.7806854244E-001
   3.93939 134.74860   4.9561235708E-001
   3.93939 135.75419   5.1316157728E-001
   3.93939 136.75978   5.3069458247E-001
   3.93939 137.76536   5.4818977208E-001
   3.93939 138.77095   5.6562559212E-001
   3.93939 139.77654   5.8298056172E-001
   3.93939 140.78212   6.0023329966E-001
   3.93939 141.78771   6.1736255064E-001
   3.93939 142.79330   6.3434721149E-001
   3.93939 143.79888   6.5116635720E-001
   3.93939 144.80447   6.6779926665E-001
   3.93939 145.81006   6.8422544818E-001
   3.93939 146.81564   7.0042466481E-001
   3.93939 147.82123   7.1637695918E-001
   3.93939 148.82682   7.3206267813E-001
   3.93939 149.83240   7.4746249693E-001
   3.93939 150.83799   7.6255744307E-001
   3.93939 151.84358   7.7732891966E-001
   3.93939 152.84916   7.9175872829E-001
   3.93939 153.85475   8.0582909152E-001
   3.93939 154.86034   8.1952267472E-001
   3.93939 155.86592   8.3282260745E-001
   3.93939 156.87151   8.4571250427E-001
   3.93939 157.87709   8.5817648488E-001
   3.93939 158.88268   8.7019919371E-001
   3.93939 159.88827   8.8176581883E-001
   3.93939 160.89385   8.9286211024E-001
   3.93939 161.89944   9.0347439733E-001
   3.93939 162.90503   9.1358960582E-001
   3.93939 163.91061   9.2319527383E-001
   3.93939 164.91620   9.3227956721E-001
   3.93939 165.92179   9.4083129416E-001
   3.93939 166.92737   9.4883991899E-001
   3.93939 167.93296   9.5629557511E-001
   3.93939 168.93855   9.6318907718E-001
   3.93939 169.94413   9.6951193245E-001
   3.93939 170.94972   9.7525635117E-001
   3.93939 171.95531   9.8041525627E-001
   3.93939 172.96089   9.8498229199E-001
   3.93939 173.96648   9.8895183176E-001
   3.93939 174.97207   9.9231898512E-001
   3.93939 175.97765   9.9507960377E-001
   3.93939 176.98324   9.9723028663E-001
   3.93939 177.98883   9.9876838406E-001
   3.93939 178.99441   9.9969200115E-001
   3.93939 180.00000   1.0000000000E+000

   4.00202   0.00000   4.8016951974E-310
   4.00202   1.00559   9.9969200115E-001
   4.00202   2.01117   9.9876838406E-001
   4.00202   3.01676   9.9723028663E-001
   4.00202   4.02235   9.9507960377E-001
   4.00202   5.02793   9.9231898512E-001
   4.00202   6.03352   9.8895183176E-001
   4.00202   7.03911   9.8498229199E-001
   4.00202   8.04469   9.8041525627E-001
   4.00202   9.05028   9.7525635117E-001
   4.00202  10.05587   9.6951193245E-001
   4.00202  11.06145   9.6318907718E-001
   4.00202  12.06704   9.5629557511E-001
   4.00202  13.07263   9.4883991899E-001
   4.00202  14.07821   9.4083129416E-001
   4.00202  15.08380   9.3227956721E-001
   4.00202  16.08939   9.2319527383E-001
   4.00202  17.09497   9.1358960582E-001
   4.00202  18.10056   9.0347439733E-001
   4.00202  19.10615   8.9286211024E-001
   4.00202  20.11173   8.8176581883E-001
   4.00202  21.11732   8.7019919371E-001
   4.00202  22.12291   8.5817648488E-001
   4.00202  23.12849   8.4571250427E-001
   4.00202  24.13408   8.3282260745E-001
   4.00202  25.13966   8.1952267472E-001
   4.00202  26.14525   8.0582909152E-001
   4.00202  27.15084   7.9175872829E-001
   4.00202  28.15642   7.7732891966E-001
   4.00202  29.16201   7.6255744307E-001
   4.00202  30.16760   7.4746249693E-001
   4.00202  31.17318   7.3206267813E-001
   4.00202  32.17877   7.1637695918E-001
   4.00202  33.18436   7.0042466481E-001
   4.00202  34.18994   6.8422544818E-001
   4.00202  35.19553   6.6779926665E-001
   4.00202  36.20112   6.5116635720E-001
   4.00202  37.20670   6.3434721149E-001
   4.00202  38.21229   6.1736255064E-001
   4.00202  39.21788   6.0023329966E-001
   4.00202  40.22346   5.8298056172E-001
   4.00202  41.22905   5.6562559212E-001
   4.00202  42.23464   5.4818977208E-001
   4.00202  43.24022   5.3069458247E-001
   4.00202  44.24581   5.1316157728E-001
   4.00202  45.25140   4.9561235708E-001
   4.00202  46.25698   4.7806854244E-001
   4.00202  47.26257   4.6055174725E-001
   4.00202  48.26816   4.4308355213E-001
   4.00202  49.27374   4.2568547781E-001
   4.00202  50.27933   4.0837895863E-001
   4.00202  51.28492   3.9118531616E-001
   4.00202  52.29050   3.7412573288E-001
   4.00202  53.29609   3.5722122611E-001
   4.00202  54.30168   3.4049262214E-001
   4.00202  55.30726   3.2396053052E-001
   4.00202  56.31285   3.0764531871E-001
   4.00202  57.31844   2.9156708699E-001
   4.00202  58.32402   2.7574564365E-001
   4.00202  59.32961   2.6020048064E-001
   4.00202  60.33520   2.4495074954E-001
   4.00202  61.34078   2.3001523794E-001
   4.00202  62.34637   2.1541234632E-001
   4.00202  63.35196   2.0116006537E-001
   4.00202  64.35754   1.8727595385E-001
   4.00202  65.36313   1.7377711691E-001
   4.00202  66.36872   1.6068018506E-001
   4.00202  67.37430   1.4800129365E-001
   4.00202  68.37989   1.3575606303E-001
   4.00202  69.38547   1.2395957926E-001
   4.00202  70.39106   1.1262637556E-001
   4.00202  71.39665   1.0177041437E-001
   4.00202  72.40223   9.1405070194E-002
   4.00202  73.40782   8.1543113090E-002
   4.00202  74.41341   7.2196692940E-002
   4.00202  75.41899   6.3377324492E-002
   4.00202  76.42458   5.5095873167E-002
   4.00202  77.43017   4.7362541675E-002
   4.00202  78.43575   4.0186857444E-002
   4.00202  79.44134   3.3577660884E-002
   4.00202  80.44693   2.7543094495E-002
   4.00202  81.45251   2.2090592836E-002
   4.00202  82.45810   1.7226873362E-002
   4.00202  83.46369   1.2957928154E-002
   4.00202  84.46927   9.2890165331E-003
   4.00202  85.47486   6.2246585807E-003
   4.00202  86.48045   3.7686295721E-003
   4.00202  87.48603   1.9239553236E-003
   4.00202  88.49162   6.9290846547E-004
   4.00202  89.49721   7.7005641668E-005
   4.00202  90.50279   7.7005641668E-005
   4.00202  91.50838   6.9290846547E-004
   4.00202  92.51397   1.9239553236E-003
   4.00202  93.51955   3.7686295721E-003
   4.00202  94.52514   6.2246585807E-003
   4.00202  95.53073   9.2890165331E-003
   4.00202  96.53631   1.2957928154E-002
   4.00202  97.54190   1.7226873362E-002
   4.00202  98.54749   2.2090592836E-002
   4.00202  99.55307   2.7543094495E-002
   4.00202 100.55866   3.3577660884E-002
   4.00202 101.56425   4.0186857444E-002
   4.00202 102.56983   4.7362541675E-002
   4.00202 103.57542   5.5095873167E-002
   4.00202 104.58101   6.3377324492E-002
   4.00202 105.58659   7.2196692940E-002
   4.00202 106.59218   8.1543113090E-002
   4.00202 107.59777   9.1405070194E-002
   4.00202 108.60335   1.0177041437E-001
   4.00202 109.60894   1.1262637556E-001
   4.00202 110.61453   1.2395957926E-001
   4.00202 111.62011   1.3575606303E-001
   4.00202 112.62570   1.4800129365E-001
   4.00202 113.63128   1.6068018506E-001
   4.00202 114.63687   1.7377711691E-001
   4.00202 115.64246   1.8727595385E-001
   4.00202 116.64804   2.0116006537E-001
   4.00202 117.65363   2.1541234632E-001
   4.00202 118.65922   2.3001523794E-001
   4.00202 119.66480   2.4495074954E-001
   4.00202 120.67039   2.6020048064E-001
   4.00202 121.67598   2.7574564365E-001
   4.00202 122.68156   2.9156708699E-001
   4.00202 123.68715   3.0764531871E-001
   4.00202 124.69274   3.2396053052E-001
   4.00202 125.69832   3.4049262214E-001
   4.00202 126.70391   3.5722122611E-001
   4.00202 127.70950   3.7412573288E-001
   4.00202 128.71508   3.9118531616E-001
   4.00202 129.72067   4.0837895863E-001
   4.00202 130.72626   4.2568547781E-001
   4.00202 131.73184   4.4308355213E-001
   4.00202 132.73743   4.6055174725E-001
   4.00202 133.74302   4.7806854244E-001
   4.00202 134.74860   4.9561235708E-001
   4.00202 135.75419   5.1316157728E-001
   4.00202 136.75978   5.3069458247E-001
   4.00202 137.76536   5.4818977208E-001
   4.00202 138.77095   5.6562559212E-001
   4.00202 139.77654   5.8298056172E-001
   4.00202 140.78212   6.0023329966E-001
   4.00202 141.78771   6.1736255064E-001
   4.00202 142.79330   6.3434721149E-001
   4.00202 143.79888   6.5116635720E-001
   4.00202 144.80447   6.6779926665E-001
   4.00202 145.81006   6.8422544818E-001
   4.00202 146.81564   7.0042466481E-001
   4.00202 147.82123   7.1637695918E-001
   4.00202 148.82682   7.3206267813E-001
   4.00202 149.83240   7.4746249693E-001
   4.00202 150.83799   7.6255744307E-001
   4.00202 151.84358   7.7732891966E-001
   4.00202 152.84916   7.9175872829E-001
   4.00202 153.85475   8.0582909152E-001
   4.00202 154.86034   8.1952267472E-001
   4.00202 155.86592   8.3282260745E-001
   4.00202 156.87151   8.4571250427E-001
   4.00202 157.87709   8.5817648488E-001
   4.00202 158.88268   8.7019919371E-001
   4.00202 159.88827   8.8176581883E-001
   4.00202 160.89385   8.9286211024E-001
   4.00202 161.89944   9.0347439733E-001
   4.00202 162.90503   9.1358960582E-001
   4.00202 163.91061   9.2319527383E-001
   4.00202 164.91620   9.3227956721E-001
   4.00202 165.92179   9.4083129416E-001
   4.00202 166.92737   9.4883991899E-001
   4.00202 167.93296   9.5629557511E-001
   4.00202 168.93855   9.6318907718E-001
   4.00202 169.94413   9.6951193245E-001
   4.00202 170.94972   9.7525635117E-001
   4.00202 171.95531   9.8041525627E-001
   4.00202 172.96089   9.8498229199E-001
   4.00202 173.96648   9.8895183176E-001
   4.00202 174.97207   9.9231898512E-001
   4.00202 175.97765   9.9507960377E-001
   4.00202 176.98324   9.9723028663E-001
   4.00202 177.98883   9.9876838406E-001
   4.00202 178.99441   9.9969200115E-001
   4.00202 180.00000   1.0000000000E+000

   4.06465   0.00000   4.8016951974E-310
   4.06465   1.00559   9.9969200115E-001
   4.06465   2.01117   9.9876838406E-001
   4.06465   3.01676   9.9723028663E-001
   4.06465   4.02235   9.9507960377E-001
   4.06465   5.02793   9.9231898512E-001
   4.06465   6.03352   9.8895183176E-001
   4.06465   7.03911   9.8498229199E-001
   4.06465   8.04469   9.8041525627E-001
   4.06465   9.05028   9.7525635117E-001
   4.06465  10.05587   9.6951193245E-001
   4.06465  11.06145   9.6318907718E-001
   4.06465  12.06704   9.5629557511E-001
   4.06465  13.07263   9.4883991899E-001
   4.06465  14.07821   9.4083129416E-001
   4.06465  15.08380   9.3227956721E-001
   4.06465  16.08939   9.2319527383E-001
   4.06465  17.09497   9.1358960582E-001
   4.06465  18.10056   9.0347439733E-001
   4.06465  19.10615   8.9286211024E-001
   4.06465  20.11173   8.8176581883E-001
   4.06465  21.11732   8.7019919371E-001
   4.06465  22.12291   8.5817648488E-001
   4.06465  23.12849   8.4571250427E-001
   4.06465  24.13408   8.3282260745E-001
   4.06465  25.13966   8.1952267472E-001
   4.06465  26.14525   8.0582909152E-001
   4.06465  27.15084   7.9175872829E-001
   4.06465  28.15642   7.7732891966E-001
   4.06465  29.16201   7.6255744307E-001
   4.06465  30.16760   7.4746249693E-001
   4.06465  31.17318   7.3206267813E-001
   4.06465  32.17877   7.1637695918E-001
   4.06465  33.18436   7.0042466481E-001
   4.06465  34.18994   6.8422544818E-001
   4.06465  35.19553   6.6779926665E-001
   4.06465  36.20112   6.5116635720E-001
   4.06465  37.20670   6.3434721149E-001
   4.06465  38.21229   6.1736255064E-001
   4.06465  39.21788   6.0023329966E-001
   4.06465  40.22346   5.8298056172E-001
   4.06465  41.22905   5.6562559212E-001
   4.06465  42.23464   5.4818977208E-001
   4.06465  43.24022   5.3069458247E-001
   4.06465  44.24581   5.1316157728E-001
   4.06465  45.25140   4.9561235708E-001
   4.06465  46.25698   4.7806854244E-001
   4.06465  47.26257   4.6055174725E-001
   4.06465  48.26816   4.4308355213E-001
   4.06465  49.27374   4.2568547781E-001
   4.06465  50.27933   4.0837895863E-001
   4.06465  51.28492   3.9118531616E-001
   4.06465  52.29050   3.7412573288E-001
   4.06465  53.29609   3.5722122611E-001
   4.06465  54.30168   3.4049262214E-001
   4.06465  55.30726   3.2396053052E-001
   4.06465  56.31285   3.0764531871E-001
   4.06465  57.31844   2.9156708699E-001
   4.06465  58.32402   2.7574564365E-001
   4.06465  59.32961   2.6020048064E-001
   4.06465  60.33520   2.4495074954E-001
   4.06465  61.34078   2.3001523794E-001
   4.06465  62.34637   2.1541234632E-001
   4.06465  63.35196   2.0116006537E-001
   4.06465  64.35754   1.8727595385E-001
   4.06465  65.36313   1.7377711691E-001
   4.06465  66.36872   1.6068018506E-001
   4.06465  67.37430   1.4800129365E-001
   4.06465  68.37989   1.3575606303E-001
   4.06465  69.38547   1.2395957926E-001
   4.06465  70.39106   1.1262637556E-001
   4.06465  71.39665   1.0177041437E-001
   4.06465  72.40223   9.1405070194E-002
   4.06465  73.40782   8.1543113090E-002
   4.06465  74.41341   7.2196692940E-002
   4.06465  75.41899   6.3377324492E-002
   4.06465  76.42458   5.5095873167E-002
   4.06465  77.43017   4.7362541675E-002
   4.06465  78.43575   4.0186857444E-002
   4.06465  79.44134   3.3577660884E-002
   4.06465  80.44693   2.7543094495E-002
   4.06465  81.45251   2.2090592836E-002
   4.06465  82.45810   1.7226873362E-002
   4.06465  83.46369   1.2957928154E-002
   4.06465  84.46927   9.2890165331E-003
   4.06465  85.47486   6.2246585807E-003
   4.06465  86.48045   3.7686295721E-003
   4.06465  87.48603   1.9239553236E-003
   4.06465  88.49162   6.9290846547E-004
   4.06465  89.49721   7.7005641668E-005
   4.06465  90.50279   7.7005641668E-005
   4.06465  91.50838   6.9290846547E-004
   4.06465  92.51397   1.9239553236E-003
   4.06465  93.51955   3.7686295721E-003
   4.06465  94.52514   6.2246585807E-003
   4.06465  95.53073   9.2890165331E-003
   4.06465  96.53631   1.2957928154E-002
   4.06465  97.54190   1.7226873362E-002
   4.06465  98.54749   2.2090592836E-002
   4.06465  99.55307   2.7543094495E-002
   4.06465 100.55866   3.3577660884E-002
   4.06465 101.56425   4.0186857444E-002
   4.06465 102.56983   4.7362541675E-002
   4.06465 103.57542   5.5095873167E-002
   4.06465 104.58101   6.3377324492E-002
   4.06465 105.58659   7.2196692940E-002
   4.06465 106.59218   8.1543113090E-002
   4.06465 107.59777   9.1405070194E-002
   4.06465 108.60335   1.0177041437E-001
   4.06465 109.60894   1.1262637556E-001
   4.06465 110.61453   1.2395957926E-001
   4.06465 111.62011   1.3575606303E-001
   4.06465 112.62570   1.4800129365E-001
   4.06465 113.63128   1.6068018506E-001
   4.06465 114.63687   1.7377711691E-001
   4.06465 115.64246   1.8727595385E-001
   4.06465 116.64804   2.0116006537E-001
   4.06465 117.65363   2.1541234632E-001
   4.06465 118.65922   2.3001523794E-001
   4.06465 119.66480   2.4495074954E-001
   4.06465 120.67039   2.6020048064E-001
   4.06465 121.67598   2.7574564365E-001
   4.06465 122.68156   2.9156708699E-001
   4.06465 123.68715   3.0764531871E-001
   4.06465 124.69274   3.2396053052E-001
   4.06465 125.69832   3.4049262214E-001
   4.06465 126.70391   3.5722122611E-001
   4.06465 127.70950   3.7412573288E-001
   4.06465 128.71508   3.9118531616E-001
   4.06465 129.72067   4.0837895863E-001
   4.06465 130.72626   4.2568547781E-001
   4.06465 131.73184   4.4308355213E-001
   4.06465 132.73743   4.6055174725E-001
   4.06465 133.74302   4.7806854244E-001
   4.06465 134.74860   4.9561235708E-001
   4.06465 135.75419   5.1316157728E-001
   4.06465 136.75978   5.3069458247E-001
   4.06465 137.76536   5.4818977208E-001
   4.06465 138.77095   5.6562559212E-001
   4.06465 139.77654   5.8298056172E-001
   4.06465 140.78212   6.0023329966E-001
   4.06465 141.78771   6.1736255064E-001
   4.06465 142.79330   6.3434721149E-001
   4.06465 143.79888   6.5116635720E-001
   4.06465 144.80447   6.6779926665E-001
   4.06465 145.81006   6.8422544818E-001
   4.06465 146.81564   7.0042466481E-001
   4.06465 147.82123   7.1637695918E-001
   4.06465 148.82682   7.3206267813E-001
   4.06465 149.83240   7.4746249693E-001
   4.06465 150.83799   7.6255744307E-001
   4.06465 151.84358   7.7732891966E-001
   4.06465 152.84916   7.9175872829E-001
   4.06465 153.85475   8.0582909152E-001
   4.06465 154.86034   8.1952267472E-001
   4.06465 155.86592   8.3282260745E-001
   4.06465 156.87151   8.4571250427E-001
   4.06465 157.87709   8.5817648488E-001
   4.06465 158.88268   8.7019919371E-001
   4.06465 159.88827   8.8176581883E-001
   4.06465 160.89385   8.9286211024E-001
   4.06465 161.89944   9.0347439733E-001
   4.06465 162.90503   9.1358960582E-001
   4.06465 163.91061   9.2319527383E-001
   4.06465 164.91620   9.3227956721E-001
   4.06465 165.92179   9.4083129416E-001
   4.06465 166.92737   9.4883991899E-001
   4.06465 167.93296   9.5629557511E-001
   4.06465 168.93855   9.6318907718E-001
   4.06465 169.94413   9.6951193245E-001
   4.06465 170.94972   9.7525635117E-001
   4.06465 171.95531   9.8041525627E-001
   4.06465 172.96089   9.8498229199E-001
   4.06465 173.96648   9.8895183176E-001
   4.06465 174.97207   9.9231898512E-001
   4.06465 175.97765   9.9507960377E-001
   4.06465 176.98324   9.9723028663E-001
   4.06465 177.98883   9.9876838406E-001
   4.06465 178.99441   9.9969200115E-001
   4.06465 180.00000   1.0000000000E+000

   4.12727   0.00000   4.8016951974E-310
   4.12727   1.00559   9.9969200115E-001
   4.12727   2.01117   9.9876838406E-001
   4.12727   3.01676   9.9723028663E-001
   4.12727   4.02235   9.9507960377E-001
   4.12727   5.02793   9.9231898512E-001
   4.12727   6.03352   9.8895183176E-001
   4.12727   7.03911   9.8498229199E-001
   4.12727   8.04469   9.8041525627E-001
   4.12727   9.05028   9.7525635117E-001
   4.12727  10.05587   9.6951193245E-001
   4.12727  11.06145   9.6318907718E-001
   4.12727  12.06704   9.5629557511E-001
   4.12727  13.07263   9.4883991899E-001
   4.12727  14.07821   9.4083129416E-001
   4.12727  15.08380   9.3227956721E-001
   4.12727  16.08939   9.2319527383E-001
   4.12727  17.09497   9.1358960582E-001
   4.12727  18.10056   9.0347439733E-001
   4.12727  19.10615   8.9286211024E-001
   4.12727  20.11173   8.8176581883E-001
   4.12727  21.11732   8.7019919371E-001
   4.12727  22.12291   8.5817648488E-001
   4.12727  23.12849   8.4571250427E-001
   4.12727  24.13408   8.3282260745E-001
   4.12727  25.13966   8.1952267472E-001
   4.12727  26.14525   8.0582909152E-001
   4.12727  27.15084   7.9175872829E-001
   4.12727  28.15642   7.7732891966E-001
   4.12727  29.16201   7.6255744307E-001
   4.12727  30.16760   7.4746249693E-001
   4.12727  31.17318   7.3206267813E-001
   4.12727  32.17877   7.1637695918E-001
   4.12727  33.18436   7.0042466481E-001
   4.12727  34.18994   6.8422544818E-001
   4.12727  35.19553   6.6779926665E-001
   4.12727  36.20112   6.5116635720E-001
   4.12727  37.20670   6.3434721149E-001
   4.12727  38.21229   6.1736255064E-001
   4.12727  39.21788   6.0023329966E-001
   4.12727  40.22346   5.8298056172E-001
   4.12727  41.22905   5.6562559212E-001
   4.12727  42.23464   5.4818977208E-001
   4.12727  43.24022   5.3069458247E-001
   4.12727  44.24581   5.1316157728E-001
   4.12727  45.25140   4.9561235708E-001
   4.12727  46.25698   4.7806854244E-001
   4.12727  47.26257   4.6055174725E-001
   4.12727  48.26816   4.4308355213E-001
   4.12727  49.27374   4.2568547781E-001
   4.12727  50.27933   4.0837895863E-001
   4.12727  51.28492   3.9118531616E-001
   4.12727  52.29050   3.7412573288E-001
   4.12727  53.29609   3.5722122611E-001
   4.12727  54.30168   3.4049262214E-001
   4.12727  55.30726   3.2396053052E-001
   4.12727  56.31285   3.0764531871E-001
   4.12727  57.31844   2.9156708699E-001
   4.12727  58.32402   2.7574564365E-001
   4.12727  59.32961   2.6020048064E-001
   4.12727  60.33520   2.4495074954E-001
   4.12727  61.34078   2.3001523794E-001
   4.12727  62.34637   2.1541234632E-001
   4.12727  63.35196   2.0116006537E-001
   4.12727  64.35754   1.8727595385E-001
   4.12727  65.36313   1.7377711691E-001
   4.12727  66.36872   1.6068018506E-001
   4.12727  67.37430   1.4800129365E-001
   4.12727  68.37989   1.3575606303E-001
   4.12727  69.38547   1.2395957926E-001
   4.12727  70.39106   1.1262637556E-001
   4.12727  71.39665   1.0177041437E-001
   4.12727  72.40223   9.1405070194E-002
   4.12727  73.40782   8.1543113090E-002
   4.12727  74.41341   7.2196692940E-002
   4.12727  75.41899   6.3377324492E-002
   4.12727  76.42458   5.5095873167E-002
   4.12727  77.43017   4.7362541675E-002
   4.12727  78.43575   4.0186857444E-002
   4.12727  79.44134   3.3577660884E-002
   4.12727  80.44693   2.7543094495E-002
   4.12727  81.45251   2.2090592836E-002
   4.12727  82.45810   1.7226873362E-002
   4.12727  83.46369   1.2957928154E-002
   4.12727  84.46927   9.2890165331E-003
   4.12727  85.47486   6.2246585807E-003
   4.12727  86.48045   3.7686295721E-003
   4.12727  87.48603   1.9239553236E-003
   4.12727  88.49162   6.9290846547E-004
   4.12727  89.49721   7.7005641668E-005
   4.12727  90.50279   7.7005641668E-005
   4.12727  91.50838   6.9290846547E-004
   4.12727  92.51397   1.9239553236E-003
   4.12727  93.51955   3.7686295721E-003
   4.12727  94.52514   6.2246585807E-003
   4.12727  95.53073   9.2890165331E-003
   4.12727  96.53631   1.2957928154E-002
   4.12727  97.54190   1.7226873362E-002
   4.12727  98.54749   2.2090592836E-002
   4.12727  99.55307   2.7543094495E-002
   4.12727 100.55866   3.3577660884E-002
   4.12727 101.56425   4.0186857444E-002
   4.12727 102.56983   4.7362541675E-002
   4.12727 103.57542   5.5095873167E-002
   4.12727 104.58101   6.3377324492E-002
   4.12727 105.58659   7.2196692940E-002
   4.12727 106.59218   8.1543113090E-002
   4.12727 107.59777   9.1405070194E-002
   4.12727 108.60335   1.0177041437E-001
   4.12727 109.60894   1.1262637556E-001
   4.12727 110.61453   1.2395957926E-001
   4.12727 111.62011   1.3575606303E-001
   4.12727 112.62570   1.4800129365E-001
   4.12727 113.63128   1.6068018506E-001
   4.12727 114.63687   1.7377711691E-001
   4.12727 115.64246   1.8727595385E-001
   4.12727 116.64804   2.0116006537E-001
   4.12727 117.65363   2.1541234632E-001
   4.12727 118.65922   2.3001523794E-001
   4.12727 119.66480   2.4495074954E-001
   4.12727 120.67039   2.6020048064E-001
   4.12727 121.67598   2.7574564365E-001
   4.12727 122.68156   2.9156708699E-001
   4.12727 123.68715   3.0764531871E-001
   4.12727 124.69274   3.2396053052E-001
   4.12727 125.69832   3.4049262214E-001
   4.12727 126.70391   3.5722122611E-001
   4.12727 127.70950   3.7412573288E-001
   4.12727 128.71508   3.9118531616E-001
   4.12727 129.72067   4.0837895863E-001
   4.12727 130.72626   4.2568547781E-001
   4.12727 131.73184   4.4308355213E-001
   4.12727 132.73743   4.6055174725E-001
   4.12727 133.74302   4.7806854244E-001
   4.12727 134.74860   4.9561235708E-001
   4.12727 135.75419   5.1316157728E-001
   4.12727 136.75978   5.3069458247E-001
   4.12727 137.76536   5.4818977208E-001
   4.12727 138.77095   5.6562559212E-001
   4.12727 139.77654   5.8298056172E-001
   4.12727 140.78212   6.0023329966E-001
   4.12727 141.78771   6.1736255064E-001
   4.12727 142.79330   6.3434721149E-001
   4.12727 143.79888   6.5116635720E-001
   4.12727 144.80447   6.6779926665E-001
   4.12727 145.81006   6.8422544818E-001
   4.12727 146.81564   7.0042466481E-001
   4.12727 147.82123   7.1637695918E-001
   4.12727 148.82682   7.3206267813E-001
   4.12727 149.83240   7.4746249693E-001
   4.12727 150.83799   7.6255744307E-001
   4.12727 151.84358   7.7732891966E-001
   4.12727 152.84916   7.9175872829E-001
   4.12727 153.85475   8.0582909152E-001
   4.12727 154.86034   8.1952267472E-001
   4.12727 155.86592   8.3282260745E-001
   4.12727 156.87151   8.4571250427E-001
   4.12727 157.87709   8.5817648488E-001
   4.12727 158.88268   8.7019919371E-001
   4.12727 159.88827   8.8176581883E-001
   4.12727 160.89385   8.9286211024E-001
   4.12727 161.89944   9.0347439733E-001
   4.12727 162.90503   9.1358960582E-001
   4.12727 163.91061   9.2319527383E-001
   4.12727 164.91620   9.3227956721E-001
   4.12727 165.92179   9.4083129416E-001
   4.12727 166.92737   9.4883991899E-001
   4.12727 167.93296   9.5629557511E-001
   4.12727 168.93855   9.6318907718E-001
   4.12727 169.94413   9.6951193245E-001
   4.12727 170.94972   9.7525635117E-001
   4.12727 171.95531   9.8041525627E-001
   4.12727 172.96089   9.8498229199E-001
   4.12727 173.96648   9.8895183176E-001
   4.12727 174.97207   9.9231898512E-001
   4.12727 175.97765   9.9507960377E-001
   4.12727 176.98324   9.9723028663E-001
   4.12727 177.98883   9.9876838406E-001
   4.12727 178.99441   9.9969200115E-001
   4.12727 180.00000   1.0000000000E+000

   4.18990   0.00000   4.8016951974E-310
   4.18990   1.00559   9.9969200115E-001
   4.18990   2.01117   9.9876838406E-001
   4.18990   3.01676   9.9723028663E-001
   4.18990   4.02235   9.9507960377E-001
   4.18990   5.02793   9.9231898512E-001
   4.18990   6.03352   9.8895183176E-001
   4.18990   7.03911   9.8498229199E-001
   4.18990   8.04469   9.8041525627E-001
   4.18990   9.05028   9.7525635117E-001
   4.18990  10.05587   9.6951193245E-001
   4.18990  11.06145   9.6318907718E-001
   4.18990  12.06704   9.5629557511E-001
   4.18990  13.07263   9.4883991899E-001
   4.18990  14.07821   9.4083129416E-001
   4.18990  15.08380   9.3227956721E-001
   4.18990  16.08939   9.2319527383E-001
   4.18990  17.09497   9.1358960582E-001
   4.18990  18.10056   9.0347439733E-001
   4.18990  19.10615   8.9286211024E-001
   4.18990  20.11173   8.8176581883E-001
   4.18990  21.11732   8.7019919371E-001
   4.18990  22.12291   8.5817648488E-001
   4.18990  23.12849   8.4571250427E-001
   4.18990  24.13408   8.3282260745E-001
   4.18990  25.13966   8.1952267472E-001
   4.18990  26.14525   8.0582909152E-001
   4.18990  27.15084   7.9175872829E-001
   4.18990  28.15642   7.7732891966E-001
   4.18990  29.16201   7.6255744307E-001
   4.18990  30.16760   7.4746249693E-001
   4.18990  31.17318   7.3206267813E-001
   4.18990  32.17877   7.1637695918E-001
   4.18990  33.18436   7.0042466481E-001
   4.18990  34.18994   6.8422544818E-001
   4.18990  35.19553   6.6779926665E-001
   4.18990  36.20112   6.5116635720E-001
   4.18990  37.20670   6.3434721149E-001
   4.18990  38.21229   6.1736255064E-001
   4.18990  39.21788   6.0023329966E-001
   4.18990  40.22346   5.8298056172E-001
   4.18990  41.22905   5.6562559212E-001
   4.18990  42.23464   5.4818977208E-001
   4.18990  43.24022   5.3069458247E-001
   4.18990  44.24581   5.1316157728E-001
   4.18990  45.25140   4.9561235708E-001
   4.18990  46.25698   4.7806854244E-001
   4.18990  47.26257   4.6055174725E-001
   4.18990  48.26816   4.4308355213E-001
   4.18990  49.27374   4.2568547781E-001
   4.18990  50.27933   4.0837895863E-001
   4.18990  51.28492   3.9118531616E-001
   4.18990  52.29050   3.7412573288E-001
   4.18990  53.29609   3.5722122611E-001
   4.18990  54.30168   3.4049262214E-001
   4.18990  55.30726   3.2396053052E-001
   4.18990  56.31285   3.0764531871E-001
   4.18990  57.31844   2.9156708699E-001
   4.18990  58.32402   2.7574564365E-001
   4.18990  59.32961   2.6020048064E-001
   4.18990  60.33520   2.4495074954E-001
   4.18990  61.34078   2.3001523794E-001
   4.18990  62.34637   2.1541234632E-001
   4.18990  63.35196   2.0116006537E-001
   4.18990  64.35754   1.8727595385E-001
   4.18990  65.36313   1.7377711691E-001
   4.18990  66.36872   1.6068018506E-001
   4.18990  67.37430   1.4800129365E-001
   4.18990  68.37989   1.3575606303E-001
   4.18990  69.38547   1.2395957926E-001
   4.18990  70.39106   1.1262637556E-001
   4.18990  71.39665   1.0177041437E-001
   4.18990  72.40223   9.1405070194E-002
   4.18990  73.40782   8.1543113090E-002
   4.18990  74.41341   7.2196692940E-002
   4.18990  75.41899   6.3377324492E-002
   4.18990  76.42458   5.5095873167E-002
   4.18990  77.43017   4.7362541675E-002
   4.18990  78.43575   4.0186857444E-002
   4.18990  79.44134   3.3577660884E-002
   4.18990  80.44693   2.7543094495E-002
   4.18990  81.45251   2.2090592836E-002
   4.18990  82.45810   1.7226873362E-002
   4.18990  83.46369   1.2957928154E-002
   4.18990  84.46927   9.2890165331E-003
   4.18990  85.47486   6.2246585807E-003
   4.18990  86.48045   3.7686295721E-003
   4.18990  87.48603   1.9239553236E-003
   4.18990  88.49162   6.9290846547E-004
   4.18990  89.49721   7.7005641668E-005
   4.18990  90.50279   7.7005641668E-005
   4.18990  91.50838   6.9290846547E-004
   4.18990  92.51397   1.9239553236E-003
   4.18990  93.51955   3.7686295721E-003
   4.18990  94.52514   6.2246585807E-003
   4.18990  95.53073   9.2890165331E-003
   4.18990  96.53631   1.2957928154E-002
   4.18990  97.54190   1.7226873362E-002
   4.18990  98.54749   2.2090592836E-002
   4.18990  99.55307   2.7543094495E-002
   4.18990 100.55866   3.3577660884E-002
   4.18990 101.56425   4.0186857444E-002
   4.18990 102.56983   4.7362541675E-002
   4.18990 103.57542   5.5095873167E-002
   4.18990 104.58101   6.3377324492E-002
   4.18990 105.58659   7.2196692940E-002
   4.18990 106.59218   8.1543113090E-002
   4.18990 107.59777   9.1405070194E-002
   4.18990 108.60335   1.0177041437E-001
   4.18990 109.60894   1.1262637556E-001
   4.18990 110.61453   1.2395957926E-001
   4.18990 111.62011   1.3575606303E-001
   4.18990 112.62570   1.4800129365E-001
   4.18990 113.63128   1.6068018506E-001
   4.18990 114.63687   1.7377711691E-001
   4.18990 115.64246   1.8727595385E-001
   4.18990 116.64804   2.0116006537E-001
   4.18990 117.65363   2.1541234632E-001
   4.18990 118.65922   2.3001523794E-001
   4.18990 119.66480   2.4495074954E-001
   4.18990 120.67039   2.6020048064E-001
   4.18990 121.67598   2.7574564365E-001
   4.18990 122.68156   2.9156708699E-001
   4.18990 123.68715   3.0764531871E-001
   4.18990 124.69274   3.2396053052E-001
   4.18990 125.69832   3.4049262214E-001
   4.18990 126.70391   3.5722122611E-001
   4.18990 127.70950   3.7412573288E-001
   4.18990 128.71508   3.9118531616E-001
   4.18990 129.72067   4.0837895863E-001
   4.18990 130.72626   4.2568547781E-001
   4.18990 131.73184   4.4308355213E-001
   4.18990 132.73743   4.6055174725E-001
   4.18990 133.74302   4.7806854244E-001
   4.18990 134.74860   4.9561235708E-001
   4.18990 135.75419   5.1316157728E-001
   4.18990 136.75978   5.3069458247E-001
   4.18990 137.76536   5.4818977208E-001
   4.18990 138.77095   5.6562559212E-001
   4.18990 139.77654   5.8298056172E-001
   4.18990 140.78212   6.0023329966E-001
   4.18990 141.78771   6.1736255064E-001
   4.18990 142.79330   6.3434721149E-001
   4.18990 143.79888   6.5116635720E-001
   4.18990 144.80447   6.6779926665E-001
   4.18990 145.81006   6.8422544818E-001
   4.18990 146.81564   7.0042466481E-001
   4.18990 147.82123   7.1637695918E-001
   4.18990 148.82682   7.3206267813E-001
   4.18990 149.83240   7.4746249693E-001
   4.18990 150.83799   7.6255744307E-001
   4.18990 151.84358   7.7732891966E-001
   4.18990 152.84916   7.9175872829E-001
   4.18990 153.85475   8.0582909152E-001
   4.18990 154.86034   8.1952267472E-001
   4.18990 155.86592   8.3282260745E-001
   4.18990 156.87151   8.4571250427E-001
   4.18990 157.87709   8.5817648488E-001
   4.18990 158.88268   8.7019919371E-001
   4.18990 159.88827   8.8176581883E-001
   4.18990 160.89385   8.9286211024E-001
   4.18990 161.89944   9.0347439733E-001
   4.18990 162.90503   9.1358960582E-001
   4.18990 163.91061   9.2319527383E-001
   4.18990 164.91620   9.3227956721E-001
   4.18990 165.92179   9.4083129416E-001
   4.18990 166.92737   9.4883991899E-001
   4.18990 167.93296   9.5629557511E-001
   4.18990 168.93855   9.6318907718E-001
   4.18990 169.94413   9.6951193245E-001
   4.18990 170.94972   9.7525635117E-001
   4.18990 171.95531   9.8041525627E-001
   4.18990 172.96089   9.8498229199E-001
   4.18990 173.96648   9.8895183176E-001
   4.18990 174.97207   9.9231898512E-001
   4.18990 175.97765   9.9507960377E-001
   4.18990 176.98324   9.9723028663E-001
   4.18990 177.98883   9.9876838406E-001
   4.18990 178.99441   9.9969200115E-001
   4.18990 180.00000   1.0000000000E+000

   4.25253   0.00000   4.8016951974E-310
   4.25253   1.00559   9.9969200115E-001
   4.25253   2.01117   9.9876838406E-001
   4.25253   3.01676   9.9723028663E-001
   4.25253   4.02235   9.9507960377E-001
   4.25253   5.02793   9.9231898512E-001
   4.25253   6.03352   9.8895183176E-001
   4.25253   7.03911   9.8498229199E-001
   4.25253   8.04469   9.8041525627E-001
   4.25253   9.05028   9.7525635117E-001
   4.25253  10.05587   9.6951193245E-001
   4.25253  11.06145   9.6318907718E-001
   4.25253  12.06704   9.5629557511E-001
   4.25253  13.07263   9.4883991899E-001
   4.25253  14.07821   9.4083129416E-001
   4.25253  15.08380   9.3227956721E-001
   4.25253  16.08939   9.2319527383E-001
   4.25253  17.09497   9.1358960582E-001
   4.25253  18.10056   9.0347439733E-001
   4.25253  19.10615   8.9286211024E-001
   4.25253  20.11173   8.8176581883E-001
   4.25253  21.11732   8.7019919371E-001
   4.25253  22.12291   8.5817648488E-001
   4.25253  23.12849   8.4571250427E-001
   4.25253  24.13408   8.3282260745E-001
   4.25253  25.13966   8.1952267472E-001
   4.25253  26.14525   8.0582909152E-001
   4.25253  27.15084   7.9175872829E-001
   4.25253  28.15642   7.7732891966E-001
   4.25253  29.16201   7.6255744307E-001
   4.25253  30.16760   7.4746249693E-001
   4.25253  31.17318   7.3206267813E-001
   4.25253  32.17877   7.1637695918E-001
   4.25253  33.18436   7.0042466481E-001
   4.25253  34.18994   6.8422544818E-001
   4.25253  35.19553   6.6779926665E-001
   4.25253  36.20112   6.5116635720E-001
   4.25253  37.20670   6.3434721149E-001
   4.25253  38.21229   6.1736255064E-001
   4.25253  39.21788   6.0023329966E-001
   4.25253  40.22346   5.8298056172E-001
   4.25253  41.22905   5.6562559212E-001
   4.25253  42.23464   5.4818977208E-001
   4.25253  43.24022   5.3069458247E-001
   4.25253  44.24581   5.1316157728E-001
   4.25253  45.25140   4.9561235708E-001
   4.25253  46.25698   4.7806854244E-001
   4.25253  47.26257   4.6055174725E-001
   4.25253  48.26816   4.4308355213E-001
   4.25253  49.27374   4.2568547781E-001
   4.25253  50.27933   4.0837895863E-001
   4.25253  51.28492   3.9118531616E-001
   4.25253  52.29050   3.7412573288E-001
   4.25253  53.29609   3.5722122611E-001
   4.25253  54.30168   3.4049262214E-001
   4.25253  55.30726   3.2396053052E-001
   4.25253  56.31285   3.0764531871E-001
   4.25253  57.31844   2.9156708699E-001
   4.25253  58.32402   2.7574564365E-001
   4.25253  59.32961   2.6020048064E-001
   4.25253  60.33520   2.4495074954E-001
   4.25253  61.34078   2.3001523794E-001
   4.25253  62.34637   2.1541234632E-001
   4.25253  63.35196   2.0116006537E-001
   4.25253  64.35754   1.8727595385E-001
   4.25253  65.36313   1.7377711691E-001
   4.25253  66.36872   1.6068018506E-001
   4.25253  67.37430   1.4800129365E-001
   4.25253  68.37989   1.3575606303E-001
   4.25253  69.38547   1.2395957926E-001
   4.25253  70.39106   1.1262637556E-001
   4.25253  71.39665   1.0177041437E-001
   4.25253  72.40223   9.1405070194E-002
   4.25253  73.40782   8.1543113090E-002
   4.25253  74.41341   7.2196692940E-002
   4.25253  75.41899   6.3377324492E-002
   4.25253  76.42458   5.5095873167E-002
   4.25253  77.43017   4.7362541675E-002
   4.25253  78.43575   4.0186857444E-002
   4.25253  79.44134   3.3577660884E-002
   4.25253  80.44693   2.7543094495E-002
   4.25253  81.45251   2.2090592836E-002
   4.25253  82.45810   1.7226873362E-002
   4.25253  83.46369   1.2957928154E-002
   4.25253  84.46927   9.2890165331E-003
   4.25253  85.47486   6.2246585807E-003
   4.25253  86.48045   3.7686295721E-003
   4.25253  87.48603   1.9239553236E-003
   4.25253  88.49162   6.9290846547E-004
   4.25253  89.49721   7.7005641668E-005
   4.25253  90.50279   7.7005641668E-005
   4.25253  91.50838   6.9290846547E-004
   4.25253  92.51397   1.9239553236E-003
   4.25253  93.51955   3.7686295721E-003
   4.25253  94.52514   6.2246585807E-003
   4.25253  95.53073   9.2890165331E-003
   4.25253  96.53631   1.2957928154E-002
   4.25253  97.54190   1.7226873362E-002
   4.25253  98.54749   2.2090592836E-002
   4.25253  99.55307   2.7543094495E-002
   4.25253 100.55866   3.3577660884E-002
   4.25253 101.56425   4.0186857444E-002
   4.25253 102.56983   4.7362541675E-002
   4.25253 103.57542   5.5095873167E-002
   4.25253 104.58101   6.3377324492E-002
   4.25253 105.58659   7.2196692940E-002
   4.25253 106.59218   8.1543113090E-002
   4.25253 107.59777   9.1405070194E-002
   4.25253 108.60335   1.0177041437E-001
   4.25253 109.60894   1.1262637556E-001
   4.25253 110.61453   1.2395957926E-001
   4.25253 111.62011   1.3575606303E-001
   4.25253 112.62570   1.4800129365E-001
   4.25253 113.63128   1.6068018506E-001
   4.25253 114.63687   1.7377711691E-001
   4.25253 115.64246   1.8727595385E-001
   4.25253 116.64804   2.0116006537E-001
   4.25253 117.65363   2.1541234632E-001
   4.25253 118.65922   2.3001523794E-001
   4.25253 119.66480   2.4495074954E-001
   4.25253 120.67039   2.6020048064E-001
   4.25253 121.67598   2.7574564365E-001
   4.25253 122.68156   2.9156708699E-001
   4.25253 123.68715   3.0764531871E-001
   4.25253 124.69274   3.2396053052E-001
   4.25253 125.69832   3.4049262214E-001
   4.25253 126.70391   3.5722122611E-001
   4.25253 127.70950   3.7412573288E-001
   4.25253 128.71508   3.9118531616E-001
   4.25253 129.72067   4.0837895863E-001
   4.25253 130.72626   4.2568547781E-001
   4.25253 131.73184   4.4308355213E-001
   4.25253 132.73743   4.6055174725E-001
   4.25253 133.74302   4.7806854244E-001
   4.25253 134.74860   4.9561235708E-001
   4.25253 135.75419   5.1316157728E-001
   4.25253 136.75978   5.3069458247E-001
   4.25253 137.76536   5.4818977208E-001
   4.25253 138.77095   5.6562559212E-001
   4.25253 139.77654   5.8298056172E-001
   4.25253 140.78212   6.0023329966E-001
   4.25253 141.78771   6.1736255064E-001
   4.25253 142.79330   6.3434721149E-001
   4.25253 143.79888   6.5116635720E-001
   4.25253 144.80447   6.6779926665E-001
   4.25253 145.81006   6.8422544818E-001
   4.25253 146.81564   7.0042466481E-001
   4.25253 147.82123   7.1637695918E-001
   4.25253 148.82682   7.3206267813E-001
   4.25253 149.83240   7.4746249693E-001
   4.25253 150.83799   7.6255744307E-001
   4.25253 151.84358   7.7732891966E-001
   4.25253 152.84916   7.9175872829E-001
   4.25253 153.85475   8.0582909152E-001
   4.25253 154.86034   8.1952267472E-001
   4.25253 155.86592   8.3282260745E-001
   4.25253 156.87151   8.4571250427E-001
   4.25253 157.87709   8.5817648488E-001
   4.25253 158.88268   8.7019919371E-001
   4.25253 159.88827   8.8176581883E-001
   4.25253 160.89385   8.9286211024E-001
   4.25253 161.89944   9.0347439733E-001
   4.25253 162.90503   9.1358960582E-001
   4.25253 163.91061   9.2319527383E-001
   4.25253 164.91620   9.3227956721E-001
   4.25253 165.92179   9.4083129416E-001
   4.25253 166.92737   9.4883991899E-001
   4.25253 167.93296   9.5629557511E-001
   4.25253 168.93855   9.6318907718E-001
   4.25253 169.94413   9.6951193245E-001
   4.25253 170.94972   9.7525635117E-001
   4.25253 171.95531   9.8041525627E-001
   4.25253 172.96089   9.8498229199E-001
   4.25253 173.96648   9.8895183176E-001
   4.25253 174.97207   9.9231898512E-001
   4.25253 175.97765   9.9507960377E-001
   4.25253 176.98324   9.9723028663E-001
   4.25253 177.98883   9.9876838406E-001
   4.25253 178.99441   9.9969200115E-001
   4.25253 180.00000   1.0000000000E+000

   4.31515   0.00000   4.8016951974E-310
   4.31515   1.00559   9.9969200115E-001
   4.31515   2.01117   9.9876838406E-001
   4.31515   3.01676   9.9723028663E-001
   4.31515   4.02235   9.9507960377E-001
   4.31515   5.02793   9.9231898512E-001
   4.31515   6.03352   9.8895183176E-001
   4.31515   7.03911   9.8498229199E-001
   4.31515   8.04469   9.8041525627E-001
   4.31515   9.05028   9.7525635117E-001
   4.31515  10.05587   9.6951193245E-001
   4.31515  11.06145   9.6318907718E-001
   4.31515  12.06704   9.5629557511E-001
   4.31515  13.07263   9.4883991899E-001
   4.31515  14.07821   9.4083129416E-001
   4.31515  15.08380   9.3227956721E-001
   4.31515  16.08939   9.2319527383E-001
   4.31515  17.09497   9.1358960582E-001
   4.31515  18.10056   9.0347439733E-001
   4.31515  19.10615   8.9286211024E-001
   4.31515  20.11173   8.8176581883E-001
   4.31515  21.11732   8.7019919371E-001
   4.31515  22.12291   8.5817648488E-001
   4.31515  23.12849   8.4571250427E-001
   4.31515  24.13408   8.3282260745E-001
   4.31515  25.13966   8.1952267472E-001
   4.31515  26.14525   8.0582909152E-001
   4.31515  27.15084   7.9175872829E-001
   4.31515  28.15642   7.7732891966E-001
   4.31515  29.16201   7.6255744307E-001
   4.31515  30.16760   7.4746249693E-001
   4.31515  31.17318   7.3206267813E-001
   4.31515  32.17877   7.1637695918E-001
   4.31515  33.18436   7.0042466481E-001
   4.31515  34.18994   6.8422544818E-001
   4.31515  35.19553   6.6779926665E-001
   4.31515  36.20112   6.5116635720E-001
   4.31515  37.20670   6.3434721149E-001
   4.31515  38.21229   6.1736255064E-001
   4.31515  39.21788   6.0023329966E-001
   4.31515  40.22346   5.8298056172E-001
   4.31515  41.22905   5.6562559212E-001
   4.31515  42.23464   5.4818977208E-001
   4.31515  43.24022   5.3069458247E-001
   4.31515  44.24581   5.1316157728E-001
   4.31515  45.25140   4.9561235708E-001
   4.31515  46.25698   4.7806854244E-001
   4.31515  47.26257   4.6055174725E-001
   4.31515  48.26816   4.4308355213E-001
   4.31515  49.27374   4.2568547781E-001
   4.31515  50.27933   4.0837895863E-001
   4.31515  51.28492   3.9118531616E-001
   4.31515  52.29050   3.7412573288E-001
   4.31515  53.29609   3.5722122611E-001
   4.31515  54.30168   3.4049262214E-001
   4.31515  55.30726   3.2396053052E-001
   4.31515  56.31285   3.0764531871E-001
   4.31515  57.31844   2.9156708699E-001
   4.31515  58.32402   2.7574564365E-001
   4.31515  59.32961   2.6020048064E-001
   4.31515  60.33520   2.4495074954E-001
   4.31515  61.34078   2.3001523794E-001
   4.31515  62.34637   2.1541234632E-001
   4.31515  63.35196   2.0116006537E-001
   4.31515  64.35754   1.8727595385E-001
   4.31515  65.36313   1.7377711691E-001
   4.31515  66.36872   1.6068018506E-001
   4.31515  67.37430   1.4800129365E-001
   4.31515  68.37989   1.3575606303E-001
   4.31515  69.38547   1.2395957926E-001
   4.31515  70.39106   1.1262637556E-001
   4.31515  71.39665   1.0177041437E-001
   4.31515  72.40223   9.1405070194E-002
   4.31515  73.40782   8.1543113090E-002
   4.31515  74.41341   7.2196692940E-002
   4.31515  75.41899   6.3377324492E-002
   4.31515  76.42458   5.5095873167E-002
   4.31515  77.43017   4.7362541675E-002
   4.31515  78.43575   4.0186857444E-002
   4.31515  79.44134   3.3577660884E-002
   4.31515  80.44693   2.7543094495E-002
   4.31515  81.45251   2.2090592836E-002
   4.31515  82.45810   1.7226873362E-002
   4.31515  83.46369   1.2957928154E-002
   4.31515  84.46927   9.2890165331E-003
   4.31515  85.47486   6.2246585807E-003
   4.31515  86.48045   3.7686295721E-003
   4.31515  87.48603   1.9239553236E-003
   4.31515  88.49162   6.9290846547E-004
   4.31515  89.49721   7.7005641668E-005
   4.31515  90.50279   7.7005641668E-005
   4.31515  91.50838   6.9290846547E-004
   4.31515  92.51397   1.9239553236E-003
   4.31515  93.51955   3.7686295721E-003
   4.31515  94.52514   6.2246585807E-003
   4.31515  95.53073   9.2890165331E-003
   4.31515  96.53631   1.2957928154E-002
   4.31515  97.54190   1.7226873362E-002
   4.31515  98.54749   2.2090592836E-002
   4.31515  99.55307   2.7543094495E-002
   4.31515 100.55866   3.3577660884E-002
   4.31515 101.56425   4.0186857444E-002
   4.31515 102.56983   4.7362541675E-002
   4.31515 103.57542   5.5095873167E-002
   4.31515 104.58101   6.3377324492E-002
   4.31515 105.58659   7.2196692940E-002
   4.31515 106.59218   8.1543113090E-002
   4.31515 107.59777   9.1405070194E-002
   4.31515 108.60335   1.0177041437E-001
   4.31515 109.60894   1.1262637556E-001
   4.31515 110.61453   1.2395957926E-001
   4.31515 111.62011   1.3575606303E-001
   4.31515 112.62570   1.4800129365E-001
   4.31515 113.63128   1.6068018506E-001
   4.31515 114.63687   1.7377711691E-001
   4.31515 115.64246   1.8727595385E-001
   4.31515 116.64804   2.0116006537E-001
   4.31515 117.65363   2.1541234632E-001
   4.31515 118.65922   2.3001523794E-001
   4.31515 119.66480   2.4495074954E-001
   4.31515 120.67039   2.6020048064E-001
   4.31515 121.67598   2.7574564365E-001
   4.31515 122.68156   2.9156708699E-001
   4.31515 123.68715   3.0764531871E-001
   4.31515 124.69274   3.2396053052E-001
   4.31515 125.69832   3.4049262214E-001
   4.31515 126.70391   3.5722122611E-001
   4.31515 127.70950   3.7412573288E-001
   4.31515 128.71508   3.9118531616E-001
   4.31515 129.72067   4.0837895863E-001
   4.31515 130.72626   4.2568547781E-001
   4.31515 131.73184   4.4308355213E-001
   4.31515 132.73743   4.6055174725E-001
   4.31515 133.74302   4.7806854244E-001
   4.31515 134.74860   4.9561235708E-001
   4.31515 135.75419   5.1316157728E-001
   4.31515 136.75978   5.3069458247E-001
   4.31515 137.76536   5.4818977208E-001
   4.31515 138.77095   5.6562559212E-001
   4.31515 139.77654   5.8298056172E-001
   4.31515 140.78212   6.0023329966E-001
   4.31515 141.78771   6.1736255064E-001
   4.31515 142.79330   6.3434721149E-001
   4.31515 143.79888   6.5116635720E-001
   4.31515 144.80447   6.6779926665E-001
   4.31515 145.81006   6.8422544818E-001
   4.31515 146.81564   7.0042466481E-001
   4.31515 147.82123   7.1637695918E-001
   4.31515 148.82682   7.3206267813E-001
   4.31515 149.83240   7.4746249693E-001
   4.31515 150.83799   7.6255744307E-001
   4.31515 151.84358   7.7732891966E-001
   4.31515 152.84916   7.9175872829E-001
   4.31515 153.85475   8.0582909152E-001
   4.31515 154.86034   8.1952267472E-001
   4.31515 155.86592   8.3282260745E-001
   4.31515 156.87151   8.4571250427E-001
   4.31515 157.87709   8.5817648488E-001
   4.31515 158.88268   8.7019919371E-001
   4.31515 159.88827   8.8176581883E-001
   4.31515 160.89385   8.9286211024E-001
   4.31515 161.89944   9.0347439733E-001
   4.31515 162.90503   9.1358960582E-001
   4.31515 163.91061   9.2319527383E-001
   4.31515 164.91620   9.3227956721E-001
   4.31515 165.92179   9.4083129416E-001
   4.31515 166.92737   9.4883991899E-001
   4.31515 167.93296   9.5629557511E-001
   4.31515 168.93855   9.6318907718E-001
   4.31515 169.94413   9.6951193245E-001
   4.31515 170.94972   9.7525635117E-001
   4.31515 171.95531   9.8041525627E-001
   4.31515 172.96089   9.8498229199E-001
   4.31515 173.96648   9.8895183176E-001
   4.31515 174.97207   9.9231898512E-001
   4.31515 175.97765   9.9507960377E-001
   4.31515 176.98324   9.9723028663E-001
   4.31515 177.98883   9.9876838406E-001
   4.31515 178.99441   9.9969200115E-001
   4.31515 180.00000   1.0000000000E+000

   4.37778   0.00000   4.8016951974E-310
   4.37778   1.00559   9.9969200115E-001
   4.37778   2.01117   9.9876838406E-001
   4.37778   3.01676   9.9723028663E-001
   4.37778   4.02235   9.9507960377E-001
   4.37778   5.02793   9.9231898512E-001
   4.37778   6.03352   9.8895183176E-001
   4.37778   7.03911   9.8498229199E-001
   4.37778   8.04469   9.8041525627E-001
   4.37778   9.05028   9.7525635117E-001
   4.37778  10.05587   9.6951193245E-001
   4.37778  11.06145   9.6318907718E-001
   4.37778  12.06704   9.5629557511E-001
   4.37778  13.07263   9.4883991899E-001
   4.37778  14.07821   9.4083129416E-001
   4.37778  15.08380   9.3227956721E-001
   4.37778  16.08939   9.2319527383E-001
   4.37778  17.09497   9.1358960582E-001
   4.37778  18.10056   9.0347439733E-001
   4.37778  19.10615   8.9286211024E-001
   4.37778  20.11173   8.8176581883E-001
   4.37778  21.11732   8.7019919371E-001
   4.37778  22.12291   8.5817648488E-001
   4.37778  23.12849   8.4571250427E-001
   4.37778  24.13408   8.3282260745E-001
   4.37778  25.13966   8.1952267472E-001
   4.37778  26.14525   8.0582909152E-001
   4.37778  27.15084   7.9175872829E-001
   4.37778  28.15642   7.7732891966E-001
   4.37778  29.16201   7.6255744307E-001
   4.37778  30.16760   7.4746249693E-001
   4.37778  31.17318   7.3206267813E-001
   4.37778  32.17877   7.1637695918E-001
   4.37778  33.18436   7.0042466481E-001
   4.37778  34.18994   6.8422544818E-001
   4.37778  35.19553   6.6779926665E-001
   4.37778  36.20112   6.5116635720E-001
   4.37778  37.20670   6.3434721149E-001
   4.37778  38.21229   6.1736255064E-001
   4.37778  39.21788   6.0023329966E-001
   4.37778  40.22346   5.8298056172E-001
   4.37778  41.22905   5.6562559212E-001
   4.37778  42.23464   5.4818977208E-001
   4.37778  43.24022   5.3069458247E-001
   4.37778  44.24581   5.1316157728E-001
   4.37778  45.25140   4.9561235708E-001
   4.37778  46.25698   4.7806854244E-001
   4.37778  47.26257   4.6055174725E-001
   4.37778  48.26816   4.4308355213E-001
   4.37778  49.27374   4.2568547781E-001
   4.37778  50.27933   4.0837895863E-001
   4.37778  51.28492   3.9118531616E-001
   4.37778  52.29050   3.7412573288E-001
   4.37778  53.29609   3.5722122611E-001
   4.37778  54.30168   3.4049262214E-001
   4.37778  55.30726   3.2396053052E-001
   4.37778  56.31285   3.0764531871E-001
   4.37778  57.31844   2.9156708699E-001
   4.37778  58.32402   2.7574564365E-001
   4.37778  59.32961   2.6020048064E-001
   4.37778  60.33520   2.4495074954E-001
   4.37778  61.34078   2.3001523794E-001
   4.37778  62.34637   2.1541234632E-001
   4.37778  63.35196   2.0116006537E-001
   4.37778  64.35754   1.8727595385E-001
   4.37778  65.36313   1.7377711691E-001
   4.37778  66.36872   1.6068018506E-001
   4.37778  67.37430   1.4800129365E-001
   4.37778  68.37989   1.3575606303E-001
   4.37778  69.38547   1.2395957926E-001
   4.37778  70.39106   1.1262637556E-001
   4.37778  71.39665   1.0177041437E-001
   4.37778  72.40223   9.1405070194E-002
   4.37778  73.40782   8.1543113090E-002
   4.37778  74.41341   7.2196692940E-002
   4.37778  75.41899   6.3377324492E-002
   4.37778  76.42458   5.5095873167E-002
   4.37778  77.43017   4.7362541675E-002
   4.37778  78.43575   4.0186857444E-002
   4.37778  79.44134   3.3577660884E-002
   4.37778  80.44693   2.7543094495E-002
   4.37778  81.45251   2.2090592836E-002
   4.37778  82.45810   1.7226873362E-002
   4.37778  83.46369   1.2957928154E-002
   4.37778  84.46927   9.2890165331E-003
   4.37778  85.47486   6.2246585807E-003
   4.37778  86.48045   3.7686295721E-003
   4.37778  87.48603   1.9239553236E-003
   4.37778  88.49162   6.9290846547E-004
   4.37778  89.49721   7.7005641668E-005
   4.37778  90.50279   7.7005641668E-005
   4.37778  91.50838   6.9290846547E-004
   4.37778  92.51397   1.9239553236E-003
   4.37778  93.51955   3.7686295721E-003
   4.37778  94.52514   6.2246585807E-003
   4.37778  95.53073   9.2890165331E-003
   4.37778  96.53631   1.2957928154E-002
   4.37778  97.54190   1.7226873362E-002
   4.37778  98.54749   2.2090592836E-002
   4.37778  99.55307   2.7543094495E-002
   4.37778 100.55866   3.3577660884E-002
   4.37778 101.56425   4.0186857444E-002
   4.37778 102.56983   4.7362541675E-002
   4.37778 103.57542   5.5095873167E-002
   4.37778 104.58101   6.3377324492E-002
   4.37778 105.58659   7.2196692940E-002
   4.37778 106.59218   8.1543113090E-002
   4.37778 107.59777   9.1405070194E-002
   4.37778 108.60335   1.0177041437E-001
   4.37778 109.60894   1.1262637556E-001
   4.37778 110.61453   1.2395957926E-001
   4.37778 111.62011   1.3575606303E-001
   4.37778 112.62570   1.4800129365E-001
   4.37778 113.63128   1.6068018506E-001
   4.37778 114.63687   1.7377711691E-001
   4.37778 115.64246   1.8727595385E-001
   4.37778 116.64804   2.0116006537E-001
   4.37778 117.65363   2.1541234632E-001
   4.37778 118.65922   2.3001523794E-001
   4.37778 119.66480   2.4495074954E-001
   4.37778 120.67039   2.6020048064E-001
   4.37778 121.67598   2.7574564365E-001
   4.37778 122.68156   2.9156708699E-001
   4.37778 123.68715   3.0764531871E-001
   4.37778 124.69274   3.2396053052E-001
   4.37778 125.69832   3.4049262214E-001
   4.37778 126.70391   3.5722122611E-001
   4.37778 127.70950   3.7412573288E-001
   4.37778 128.71508   3.9118531616E-001
   4.37778 129.72067   4.0837895863E-001
   4.37778 130.72626   4.2568547781E-001
   4.37778 131.73184   4.4308355213E-001
   4.37778 132.73743   4.6055174725E-001
   4.37778 133.74302   4.7806854244E-001
   4.37778 134.74860   4.9561235708E-001
   4.37778 135.75419   5.1316157728E-001
   4.37778 136.75978   5.3069458247E-001
   4.37778 137.76536   5.4818977208E-001
   4.37778 138.77095   5.6562559212E-001
   4.37778 139.77654   5.8298056172E-001
   4.37778 140.78212   6.0023329966E-001
   4.37778 141.78771   6.1736255064E-001
   4.37778 142.79330   6.3434721149E-001
   4.37778 143.79888   6.5116635720E-001
   4.37778 144.80447   6.6779926665E-001
   4.37778 145.81006   6.8422544818E-001
   4.37778 146.81564   7.0042466481E-001
   4.37778 147.82123   7.1637695918E-001
   4.37778 148.82682   7.3206267813E-001
   4.37778 149.83240   7.4746249693E-001
   4.37778 150.83799   7.6255744307E-001
   4.37778 151.84358   7.7732891966E-001
   4.37778 152.84916   7.9175872829E-001
   4.37778 153.85475   8.0582909152E-001
   4.37778 154.86034   8.1952267472E-001
   4.37778 155.86592   8.3282260745E-001
   4.37778 156.87151   8.4571250427E-001
   4.37778 157.87709   8.5817648488E-001
   4.37778 158.88268   8.7019919371E-001
   4.37778 159.88827   8.8176581883E-001
   4.37778 160.89385   8.9286211024E-001
   4.37778 161.89944   9.0347439733E-001
   4.37778 162.90503   9.1358960582E-001
   4.37778 163.91061   9.2319527383E-001
   4.37778 164.91620   9.3227956721E-001
   4.37778 165.92179   9.4083129416E-001
   4.37778 166.92737   9.4883991899E-001
   4.37778 167.93296   9.5629557511E-001
   4.37778 168.93855   9.6318907718E-001
   4.37778 169.94413   9.6951193245E-001
   4.37778 170.94972   9.7525635117E-001
   4.37778 171.95531   9.8041525627E-001
   4.37778 172.96089   9.8498229199E-001
   4.37778 173.96648   9.8895183176E-001
   4.37778 174.97207   9.9231898512E-001
   4.37778 175.97765   9.9507960377E-001
   4.37778 176.98324   9.9723028663E-001
   4.37778 177.98883   9.9876838406E-001
   4.37778 178.99441   9.9969200115E-001
   4.37778 180.00000   1.0000000000E+000

   4.44040   0.00000   4.8016951974E-310
   4.44040   1.00559   9.9969200115E-001
   4.44040   2.01117   9.9876838406E-001
   4.44040   3.01676   9.9723028663E-001
   4.44040   4.02235   9.9507960377E-001
   4.44040   5.02793   9.9231898512E-001
   4.44040   6.03352   9.8895183176E-001
   4.44040   7.03911   9.8498229199E-001
   4.44040   8.04469   9.8041525627E-001
   4.44040   9.05028   9.7525635117E-001
   4.44040  10.05587   9.6951193245E-001
   4.44040  11.06145   9.6318907718E-001
   4.44040  12.06704   9.5629557511E-001
   4.44040  13.07263   9.4883991899E-001
   4.44040  14.07821   9.4083129416E-001
   4.44040  15.08380   9.3227956721E-001
   4.44040  16.08939   9.2319527383E-001
   4.44040  17.09497   9.1358960582E-001
   4.44040  18.10056   9.0347439733E-001
   4.44040  19.10615   8.9286211024E-001
   4.44040  20.11173   8.8176581883E-001
   4.44040  21.11732   8.7019919371E-001
   4.44040  22.12291   8.5817648488E-001
   4.44040  23.12849   8.4571250427E-001
   4.44040  24.13408   8.3282260745E-001
   4.44040  25.13966   8.1952267472E-001
   4.44040  26.14525   8.0582909152E-001
   4.44040  27.15084   7.9175872829E-001
   4.44040  28.15642   7.7732891966E-001
   4.44040  29.16201   7.6255744307E-001
   4.44040  30.16760   7.4746249693E-001
   4.44040  31.17318   7.3206267813E-001
   4.44040  32.17877   7.1637695918E-001
   4.44040  33.18436   7.0042466481E-001
   4.44040  34.18994   6.8422544818E-001
   4.44040  35.19553   6.6779926665E-001
   4.44040  36.20112   6.5116635720E-001
   4.44040  37.20670   6.3434721149E-001
   4.44040  38.21229   6.1736255064E-001
   4.44040  39.21788   6.0023329966E-001
   4.44040  40.22346   5.8298056172E-001
   4.44040  41.22905   5.6562559212E-001
   4.44040  42.23464   5.4818977208E-001
   4.44040  43.24022   5.3069458247E-001
   4.44040  44.24581   5.1316157728E-001
   4.44040  45.25140   4.9561235708E-001
   4.44040  46.25698   4.7806854244E-001
   4.44040  47.26257   4.6055174725E-001
   4.44040  48.26816   4.4308355213E-001
   4.44040  49.27374   4.2568547781E-001
   4.44040  50.27933   4.0837895863E-001
   4.44040  51.28492   3.9118531616E-001
   4.44040  52.29050   3.7412573288E-001
   4.44040  53.29609   3.5722122611E-001
   4.44040  54.30168   3.4049262214E-001
   4.44040  55.30726   3.2396053052E-001
   4.44040  56.31285   3.0764531871E-001
   4.44040  57.31844   2.9156708699E-001
   4.44040  58.32402   2.7574564365E-001
   4.44040  59.32961   2.6020048064E-001
   4.44040  60.33520   2.4495074954E-001
   4.44040  61.34078   2.3001523794E-001
   4.44040  62.34637   2.1541234632E-001
   4.44040  63.35196   2.0116006537E-001
   4.44040  64.35754   1.8727595385E-001
   4.44040  65.36313   1.7377711691E-001
   4.44040  66.36872   1.6068018506E-001
   4.44040  67.37430   1.4800129365E-001
   4.44040  68.37989   1.3575606303E-001
   4.44040  69.38547   1.2395957926E-001
   4.44040  70.39106   1.1262637556E-001
   4.44040  71.39665   1.0177041437E-001
   4.44040  72.40223   9.1405070194E-002
   4.44040  73.40782   8.1543113090E-002
   4.44040  74.41341   7.2196692940E-002
   4.44040  75.41899   6.3377324492E-002
   4.44040  76.42458   5.5095873167E-002
   4.44040  77.43017   4.7362541675E-002
   4.44040  78.43575   4.0186857444E-002
   4.44040  79.44134   3.3577660884E-002
   4.44040  80.44693   2.7543094495E-002
   4.44040  81.45251   2.2090592836E-002
   4.44040  82.45810   1.7226873362E-002
   4.44040  83.46369   1.2957928154E-002
   4.44040  84.46927   9.2890165331E-003
   4.44040  85.47486   6.2246585807E-003
   4.44040  86.48045   3.7686295721E-003
   4.44040  87.48603   1.9239553236E-003
   4.44040  88.49162   6.9290846547E-004
   4.44040  89.49721   7.7005641668E-005
   4.44040  90.50279   7.7005641668E-005
   4.44040  91.50838   6.9290846547E-004
   4.44040  92.51397   1.9239553236E-003
   4.44040  93.51955   3.7686295721E-003
   4.44040  94.52514   6.2246585807E-003
   4.44040  95.53073   9.2890165331E-003
   4.44040  96.53631   1.2957928154E-002
   4.44040  97.54190   1.7226873362E-002
   4.44040  98.54749   2.2090592836E-002
   4.44040  99.55307   2.7543094495E-002
   4.44040 100.55866   3.3577660884E-002
   4.44040 101.56425   4.0186857444E-002
   4.44040 102.56983   4.7362541675E-002
   4.44040 103.57542   5.5095873167E-002
   4.44040 104.58101   6.3377324492E-002
   4.44040 105.58659   7.2196692940E-002
   4.44040 106.59218   8.1543113090E-002
   4.44040 107.59777   9.1405070194E-002
   4.44040 108.60335   1.0177041437E-001
   4.44040 109.60894   1.1262637556E-001
   4.44040 110.61453   1.2395957926E-001
   4.44040 111.62011   1.3575606303E-001
   4.44040 112.62570   1.4800129365E-001
   4.44040 113.63128   1.6068018506E-001
   4.44040 114.63687   1.7377711691E-001
   4.44040 115.64246   1.8727595385E-001
   4.44040 116.64804   2.0116006537E-001
   4.44040 117.65363   2.1541234632E-001
   4.44040 118.65922   2.3001523794E-001
   4.44040 119.66480   2.4495074954E-001
   4.44040 120.67039   2.6020048064E-001
   4.44040 121.67598   2.7574564365E-001
   4.44040 122.68156   2.9156708699E-001
   4.44040 123.68715   3.0764531871E-001
   4.44040 124.69274   3.2396053052E-001
   4.44040 125.69832   3.4049262214E-001
   4.44040 126.70391   3.5722122611E-001
   4.44040 127.70950   3.7412573288E-001
   4.44040 128.71508   3.9118531616E-001
   4.44040 129.72067   4.0837895863E-001
   4.44040 130.72626   4.2568547781E-001
   4.44040 131.73184   4.4308355213E-001
   4.44040 132.73743   4.6055174725E-001
   4.44040 133.74302   4.7806854244E-001
   4.44040 134.74860   4.9561235708E-001
   4.44040 135.75419   5.1316157728E-001
   4.44040 136.75978   5.3069458247E-001
   4.44040 137.76536   5.4818977208E-001
   4.44040 138.77095   5.6562559212E-001
   4.44040 139.77654   5.8298056172E-001
   4.44040 140.78212   6.0023329966E-001
   4.44040 141.78771   6.1736255064E-001
   4.44040 142.79330   6.3434721149E-001
   4.44040 143.79888   6.5116635720E-001
   4.44040 144.80447   6.6779926665E-001
   4.44040 145.81006   6.8422544818E-001
   4.44040 146.81564   7.0042466481E-001
   4.44040 147.82123   7.1637695918E-001
   4.44040 148.82682   7.3206267813E-001
   4.44040 149.83240   7.4746249693E-001
   4.44040 150.83799   7.6255744307E-001
   4.44040 151.84358   7.7732891966E-001
   4.44040 152.84916   7.9175872829E-001
   4.44040 153.85475   8.0582909152E-001
   4.44040 154.86034   8.1952267472E-001
   4.44040 155.86592   8.3282260745E-001
   4.44040 156.87151   8.4571250427E-001
   4.44040 157.87709   8.5817648488E-001
   4.44040 158.88268   8.7019919371E-001
   4.44040 159.88827   8.8176581883E-001
   4.44040 160.89385   8.9286211024E-001
   4.44040 161.89944   9.0347439733E-001
   4.44040 162.90503   9.1358960582E-001
   4.44040 163.91061   9.2319527383E-001
   4.44040 164.91620   9.3227956721E-001
   4.44040 165.92179   9.4083129416E-001
   4.44040 166.92737   9.4883991899E-001
   4.44040 167.93296   9.5629557511E-001
   4.44040 168.93855   9.6318907718E-001
   4.44040 169.94413   9.6951193245E-001
   4.44040 170.94972   9.7525635117E-001
   4.44040 171.95531   9.8041525627E-001
   4.44040 172.96089   9.8498229199E-001
   4.44040 173.96648   9.8895183176E-001
   4.44040 174.97207   9.9231898512E-001
   4.44040 175.97765   9.9507960377E-001
   4.44040 176.98324   9.9723028663E-001
   4.44040 177.98883   9.9876838406E-001
   4.44040 178.99441   9.9969200115E-001
   4.44040 180.00000   1.0000000000E+000

   4.50303   0.00000   4.8016951974E-310
   4.50303   1.00559   9.9969200115E-001
   4.50303   2.01117   9.9876838406E-001
   4.50303   3.01676   9.9723028663E-001
   4.50303   4.02235   9.9507960377E-001
   4.50303   5.02793   9.9231898512E-001
   4.50303   6.03352   9.8895183176E-001
   4.50303   7.03911   9.8498229199E-001
   4.50303   8.04469   9.8041525627E-001
   4.50303   9.05028   9.7525635117E-001
   4.50303  10.05587   9.6951193245E-001
   4.50303  11.06145   9.6318907718E-001
   4.50303  12.06704   9.5629557511E-001
   4.50303  13.07263   9.4883991899E-001
   4.50303  14.07821   9.4083129416E-001
   4.50303  15.08380   9.3227956721E-001
   4.50303  16.08939   9.2319527383E-001
   4.50303  17.09497   9.1358960582E-001
   4.50303  18.10056   9.0347439733E-001
   4.50303  19.10615   8.9286211024E-001
   4.50303  20.11173   8.8176581883E-001
   4.50303  21.11732   8.7019919371E-001
   4.50303  22.12291   8.5817648488E-001
   4.50303  23.12849   8.4571250427E-001
   4.50303  24.13408   8.3282260745E-001
   4.50303  25.13966   8.1952267472E-001
   4.50303  26.14525   8.0582909152E-001
   4.50303  27.15084   7.9175872829E-001
   4.50303  28.15642   7.7732891966E-001
   4.50303  29.16201   7.6255744307E-001
   4.50303  30.16760   7.4746249693E-001
   4.50303  31.17318   7.3206267813E-001
   4.50303  32.17877   7.1637695918E-001
   4.50303  33.18436   7.0042466481E-001
   4.50303  34.18994   6.8422544818E-001
   4.50303  35.19553   6.6779926665E-001
   4.50303  36.20112   6.5116635720E-001
   4.50303  37.20670   6.3434721149E-001
   4.50303  38.21229   6.1736255064E-001
   4.50303  39.21788   6.0023329966E-001
   4.50303  40.22346   5.8298056172E-001
   4.50303  41.22905   5.6562559212E-001
   4.50303  42.23464   5.4818977208E-001
   4.50303  43.24022   5.3069458247E-001
   4.50303  44.24581   5.1316157728E-001
   4.50303  45.25140   4.9561235708E-001
   4.50303  46.25698   4.7806854244E-001
   4.50303  47.26257   4.6055174725E-001
   4.50303  48.26816   4.4308355213E-001
   4.50303  49.27374   4.2568547781E-001
   4.50303  50.27933   4.0837895863E-001
   4.50303  51.28492   3.9118531616E-001
   4.50303  52.29050   3.7412573288E-001
   4.50303  53.29609   3.5722122611E-001
   4.50303  54.30168   3.4049262214E-001
   4.50303  55.30726   3.2396053052E-001
   4.50303  56.31285   3.0764531871E-001
   4.50303  57.31844   2.9156708699E-001
   4.50303  58.32402   2.7574564365E-001
   4.50303  59.32961   2.6020048064E-001
   4.50303  60.33520   2.4495074954E-001
   4.50303  61.34078   2.3001523794E-001
   4.50303  62.34637   2.1541234632E-001
   4.50303  63.35196   2.0116006537E-001
   4.50303  64.35754   1.8727595385E-001
   4.50303  65.36313   1.7377711691E-001
   4.50303  66.36872   1.6068018506E-001
   4.50303  67.37430   1.4800129365E-001
   4.50303  68.37989   1.3575606303E-001
   4.50303  69.38547   1.2395957926E-001
   4.50303  70.39106   1.1262637556E-001
   4.50303  71.39665   1.0177041437E-001
   4.50303  72.40223   9.1405070194E-002
   4.50303  73.40782   8.1543113090E-002
   4.50303  74.41341   7.2196692940E-002
   4.50303  75.41899   6.3377324492E-002
   4.50303  76.42458   5.5095873167E-002
   4.50303  77.43017   4.7362541675E-002
   4.50303  78.43575   4.0186857444E-002
   4.50303  79.44134   3.3577660884E-002
   4.50303  80.44693   2.7543094495E-002
   4.50303  81.45251   2.2090592836E-002
   4.50303  82.45810   1.7226873362E-002
   4.50303  83.46369   1.2957928154E-002
   4.50303  84.46927   9.2890165331E-003
   4.50303  85.47486   6.2246585807E-003
   4.50303  86.48045   3.7686295721E-003
   4.50303  87.48603   1.9239553236E-003
   4.50303  88.49162   6.9290846547E-004
   4.50303  89.49721   7.7005641668E-005
   4.50303  90.50279   7.7005641668E-005
   4.50303  91.50838   6.9290846547E-004
   4.50303  92.51397   1.9239553236E-003
   4.50303  93.51955   3.7686295721E-003
   4.50303  94.52514   6.2246585807E-003
   4.50303  95.53073   9.2890165331E-003
   4.50303  96.53631   1.2957928154E-002
   4.50303  97.54190   1.7226873362E-002
   4.50303  98.54749   2.2090592836E-002
   4.50303  99.55307   2.7543094495E-002
   4.50303 100.55866   3.3577660884E-002
   4.50303 101.56425   4.0186857444E-002
   4.50303 102.56983   4.7362541675E-002
   4.50303 103.57542   5.5095873167E-002
   4.50303 104.58101   6.3377324492E-002
   4.50303 105.58659   7.2196692940E-002
   4.50303 106.59218   8.1543113090E-002
   4.50303 107.59777   9.1405070194E-002
   4.50303 108.60335   1.0177041437E-001
   4.50303 109.60894   1.1262637556E-001
   4.50303 110.61453   1.2395957926E-001
   4.50303 111.62011   1.3575606303E-001
   4.50303 112.62570   1.4800129365E-001
   4.50303 113.63128   1.6068018506E-001
   4.50303 114.63687   1.7377711691E-001
   4.50303 115.64246   1.8727595385E-001
   4.50303 116.64804   2.0116006537E-001
   4.50303 117.65363   2.1541234632E-001
   4.50303 118.65922   2.3001523794E-001
   4.50303 119.66480   2.4495074954E-001
   4.50303 120.67039   2.6020048064E-001
   4.50303 121.67598   2.7574564365E-001
   4.50303 122.68156   2.9156708699E-001
   4.50303 123.68715   3.0764531871E-001
   4.50303 124.69274   3.2396053052E-001
   4.50303 125.69832   3.4049262214E-001
   4.50303 126.70391   3.5722122611E-001
   4.50303 127.70950   3.7412573288E-001
   4.50303 128.71508   3.9118531616E-001
   4.50303 129.72067   4.0837895863E-001
   4.50303 130.72626   4.2568547781E-001
   4.50303 131.73184   4.4308355213E-001
   4.50303 132.73743   4.6055174725E-001
   4.50303 133.74302   4.7806854244E-001
   4.50303 134.74860   4.9561235708E-001
   4.50303 135.75419   5.1316157728E-001
   4.50303 136.75978   5.3069458247E-001
   4.50303 137.76536   5.4818977208E-001
   4.50303 138.77095   5.6562559212E-001
   4.50303 139.77654   5.8298056172E-001
   4.50303 140.78212   6.0023329966E-001
   4.50303 141.78771   6.1736255064E-001
   4.50303 142.79330   6.3434721149E-001
   4.50303 143.79888   6.5116635720E-001
   4.50303 144.80447   6.6779926665E-001
   4.50303 145.81006   6.8422544818E-001
   4.50303 146.81564   7.0042466481E-001
   4.50303 147.82123   7.1637695918E-001
   4.50303 148.82682   7.3206267813E-001
   4.50303 149.83240   7.4746249693E-001
   4.50303 150.83799   7.6255744307E-001
   4.50303 151.84358   7.7732891966E-001
   4.50303 152.84916   7.9175872829E-001
   4.50303 153.85475   8.0582909152E-001
   4.50303 154.86034   8.1952267472E-001
   4.50303 155.86592   8.3282260745E-001
   4.50303 156.87151   8.4571250427E-001
   4.50303 157.87709   8.5817648488E-001
   4.50303 158.88268   8.7019919371E-001
   4.50303 159.88827   8.8176581883E-001
   4.50303 160.89385   8.9286211024E-001
   4.50303 161.89944   9.0347439733E-001
   4.50303 162.90503   9.1358960582E-001
   4.50303 163.91061   9.2319527383E-001
   4.50303 164.91620   9.3227956721E-001
   4.50303 165.92179   9.4083129416E-001
   4.50303 166.92737   9.4883991899E-001
   4.50303 167.93296   9.5629557511E-001
   4.50303 168.93855   9.6318907718E-001
   4.50303 169.94413   9.6951193245E-001
   4.50303 170.94972   9.7525635117E-001
   4.50303 171.95531   9.8041525627E-001
   4.50303 172.96089   9.8498229199E-001
   4.50303 173.96648   9.8895183176E-001
   4.50303 174.97207   9.9231898512E-001
   4.50303 175.97765   9.9507960377E-001
   4.50303 176.98324   9.9723028663E-001
   4.50303 177.98883   9.9876838406E-001
   4.50303 178.99441   9.9969200115E-001
   4.50303 180.00000   1.0000000000E+000

   4.56566   0.00000   4.8016951974E-310
   4.56566   1.00559   9.9969200115E-001
   4.56566   2.01117   9.9876838406E-001
   4.56566   3.01676   9.9723028663E-001
   4.56566   4.02235   9.9507960377E-001
   4.56566   5.02793   9.9231898512E-001
   4.56566   6.03352   9.8895183176E-001
   4.56566   7.03911   9.8498229199E-001
   4.56566   8.04469   9.8041525627E-001
   4.56566   9.05028   9.7525635117E-001
   4.56566  10.05587   9.6951193245E-001
   4.56566  11.06145   9.6318907718E-001
   4.56566  12.06704   9.5629557511E-001
   4.56566  13.07263   9.4883991899E-001
   4.56566  14.07821   9.4083129416E-001
   4.56566  15.08380   9.3227956721E-001
   4.56566  16.08939   9.2319527383E-001
   4.56566  17.09497   9.1358960582E-001
   4.56566  18.10056   9.0347439733E-001
   4.56566  19.10615   8.9286211024E-001
   4.56566  20.11173   8.8176581883E-001
   4.56566  21.11732   8.7019919371E-001
   4.56566  22.12291   8.5817648488E-001
   4.56566  23.12849   8.4571250427E-001
   4.56566  24.13408   8.3282260745E-001
   4.56566  25.13966   8.1952267472E-001
   4.56566  26.14525   8.0582909152E-001
   4.56566  27.15084   7.9175872829E-001
   4.56566  28.15642   7.7732891966E-001
   4.56566  29.16201   7.6255744307E-001
   4.56566  30.16760   7.4746249693E-001
   4.56566  31.17318   7.3206267813E-001
   4.56566  32.17877   7.1637695918E-001
   4.56566  33.18436   7.0042466481E-001
   4.56566  34.18994   6.8422544818E-001
   4.56566  35.19553   6.6779926665E-001
   4.56566  36.20112   6.5116635720E-001
   4.56566  37.20670   6.3434721149E-001
   4.56566  38.21229   6.1736255064E-001
   4.56566  39.21788   6.0023329966E-001
   4.56566  40.22346   5.8298056172E-001
   4.56566  41.22905   5.6562559212E-001
   4.56566  42.23464   5.4818977208E-001
   4.56566  43.24022   5.3069458247E-001
   4.56566  44.24581   5.1316157728E-001
   4.56566  45.25140   4.9561235708E-001
   4.56566  46.25698   4.7806854244E-001
   4.56566  47.26257   4.6055174725E-001
   4.56566  48.26816   4.4308355213E-001
   4.56566  49.27374   4.2568547781E-001
   4.56566  50.27933   4.0837895863E-001
   4.56566  51.28492   3.9118531616E-001
   4.56566  52.29050   3.7412573288E-001
   4.56566  53.29609   3.5722122611E-001
   4.56566  54.30168   3.4049262214E-001
   4.56566  55.30726   3.2396053052E-001
   4.56566  56.31285   3.0764531871E-001
   4.56566  57.31844   2.9156708699E-001
   4.56566  58.32402   2.7574564365E-001
   4.56566  59.32961   2.6020048064E-001
   4.56566  60.33520   2.4495074954E-001
   4.56566  61.34078   2.3001523794E-001
   4.56566  62.34637   2.1541234632E-001
   4.56566  63.35196   2.0116006537E-001
   4.56566  64.35754   1.8727595385E-001
   4.56566  65.36313   1.7377711691E-001
   4.56566  66.36872   1.6068018506E-001
   4.56566  67.37430   1.4800129365E-001
   4.56566  68.37989   1.3575606303E-001
   4.56566  69.38547   1.2395957926E-001
   4.56566  70.39106   1.1262637556E-001
   4.56566  71.39665   1.0177041437E-001
   4.56566  72.40223   9.1405070194E-002
   4.56566  73.40782   8.1543113090E-002
   4.56566  74.41341   7.2196692940E-002
   4.56566  75.41899   6.3377324492E-002
   4.56566  76.42458   5.5095873167E-002
   4.56566  77.43017   4.7362541675E-002
   4.56566  78.43575   4.0186857444E-002
   4.56566  79.44134   3.3577660884E-002
   4.56566  80.44693   2.7543094495E-002
   4.56566  81.45251   2.2090592836E-002
   4.56566  82.45810   1.7226873362E-002
   4.56566  83.46369   1.2957928154E-002
   4.56566  84.46927   9.2890165331E-003
   4.56566  85.47486   6.2246585807E-003
   4.56566  86.48045   3.7686295721E-003
   4.56566  87.48603   1.9239553236E-003
   4.56566  88.49162   6.9290846547E-004
   4.56566  89.49721   7.7005641668E-005
   4.56566  90.50279   7.7005641668E-005
   4.56566  91.50838   6.9290846547E-004
   4.56566  92.51397   1.9239553236E-003
   4.56566  93.51955   3.7686295721E-003
   4.56566  94.52514   6.2246585807E-003
   4.56566  95.53073   9.2890165331E-003
   4.56566  96.53631   1.2957928154E-002
   4.56566  97.54190   1.7226873362E-002
   4.56566  98.54749   2.2090592836E-002
   4.56566  99.55307   2.7543094495E-002
   4.56566 100.55866   3.3577660884E-002
   4.56566 101.56425   4.0186857444E-002
   4.56566 102.56983   4.7362541675E-002
   4.56566 103.57542   5.5095873167E-002
   4.56566 104.58101   6.3377324492E-002
   4.56566 105.58659   7.2196692940E-002
   4.56566 106.59218   8.1543113090E-002
   4.56566 107.59777   9.1405070194E-002
   4.56566 108.60335   1.0177041437E-001
   4.56566 109.60894   1.1262637556E-001
   4.56566 110.61453   1.2395957926E-001
   4.56566 111.62011   1.3575606303E-001
   4.56566 112.62570   1.4800129365E-001
   4.56566 113.63128   1.6068018506E-001
   4.56566 114.63687   1.7377711691E-001
   4.56566 115.64246   1.8727595385E-001
   4.56566 116.64804   2.0116006537E-001
   4.56566 117.65363   2.1541234632E-001
   4.56566 118.65922   2.3001523794E-001
   4.56566 119.66480   2.4495074954E-001
   4.56566 120.67039   2.6020048064E-001
   4.56566 121.67598   2.7574564365E-001
   4.56566 122.68156   2.9156708699E-001
   4.56566 123.68715   3.0764531871E-001
   4.56566 124.69274   3.2396053052E-001
   4.56566 125.69832   3.4049262214E-001
   4.56566 126.70391   3.5722122611E-001
   4.56566 127.70950   3.7412573288E-001
   4.56566 128.71508   3.9118531616E-001
   4.56566 129.72067   4.0837895863E-001
   4.56566 130.72626   4.2568547781E-001
   4.56566 131.73184   4.4308355213E-001
   4.56566 132.73743   4.6055174725E-001
   4.56566 133.74302   4.7806854244E-001
   4.56566 134.74860   4.9561235708E-001
   4.56566 135.75419   5.1316157728E-001
   4.56566 136.75978   5.3069458247E-001
   4.56566 137.76536   5.4818977208E-001
   4.56566 138.77095   5.6562559212E-001
   4.56566 139.77654   5.8298056172E-001
   4.56566 140.78212   6.0023329966E-001
   4.56566 141.78771   6.1736255064E-001
   4.56566 142.79330   6.3434721149E-001
   4.56566 143.79888   6.5116635720E-001
   4.56566 144.80447   6.6779926665E-001
   4.56566 145.81006   6.8422544818E-001
   4.56566 146.81564   7.0042466481E-001
   4.56566 147.82123   7.1637695918E-001
   4.56566 148.82682   7.3206267813E-001
   4.56566 149.83240   7.4746249693E-001
   4.56566 150.83799   7.6255744307E-001
   4.56566 151.84358   7.7732891966E-001
   4.56566 152.84916   7.9175872829E-001
   4.56566 153.85475   8.0582909152E-001
   4.56566 154.86034   8.1952267472E-001
   4.56566 155.86592   8.3282260745E-001
   4.56566 156.87151   8.4571250427E-001
   4.56566 157.87709   8.5817648488E-001
   4.56566 158.88268   8.7019919371E-001
   4.56566 159.88827   8.8176581883E-001
   4.56566 160.89385   8.9286211024E-001
   4.56566 161.89944   9.0347439733E-001
   4.56566 162.90503   9.1358960582E-001
   4.56566 163.91061   9.2319527383E-001
   4.56566 164.91620   9.3227956721E-001
   4.56566 165.92179   9.4083129416E-001
   4.56566 166.92737   9.4883991899E-001
   4.56566 167.93296   9.5629557511E-001
   4.56566 168.93855   9.6318907718E-001
   4.56566 169.94413   9.6951193245E-001
   4.56566 170.94972   9.7525635117E-001
   4.56566 171.95531   9.8041525627E-001
   4.56566 172.96089   9.8498229199E-001
   4.56566 173.96648   9.8895183176E-001
   4.56566 174.97207   9.9231898512E-001
   4.56566 175.97765   9.9507960377E-001
   4.56566 176.98324   9.9723028663E-001
   4.56566 177.98883   9.9876838406E-001
   4.56566 178.99441   9.9969200115E-001
   4.56566 180.00000   1.0000000000E+000

   4.62828   0.00000   4.8016951974E-310
   4.62828   1.00559   9.9969200115E-001
   4.62828   2.01117   9.9876838406E-001
   4.62828   3.01676   9.9723028663E-001
   4.62828   4.02235   9.9507960377E-001
   4.62828   5.02793   9.9231898512E-001
   4.62828   6.03352   9.8895183176E-001
   4.62828   7.03911   9.8498229199E-001
   4.62828   8.04469   9.8041525627E-001
   4.62828   9.05028   9.7525635117E-001
   4.62828  10.05587   9.6951193245E-001
   4.62828  11.06145   9.6318907718E-001
   4.62828  12.06704   9.5629557511E-001
   4.62828  13.07263   9.4883991899E-001
   4.62828  14.07821   9.4083129416E-001
   4.62828  15.08380   9.3227956721E-001
   4.62828  16.08939   9.2319527383E-001
   4.62828  17.09497   9.1358960582E-001
   4.62828  18.10056   9.0347439733E-001
   4.62828  19.10615   8.9286211024E-001
   4.62828  20.11173   8.8176581883E-001
   4.62828  21.11732   8.7019919371E-001
   4.62828  22.12291   8.5817648488E-001
   4.62828  23.12849   8.4571250427E-001
   4.62828  24.13408   8.3282260745E-001
   4.62828  25.13966   8.1952267472E-001
   4.62828  26.14525   8.0582909152E-001
   4.62828  27.15084   7.9175872829E-001
   4.62828  28.15642   7.7732891966E-001
   4.62828  29.16201   7.6255744307E-001
   4.62828  30.16760   7.4746249693E-001
   4.62828  31.17318   7.3206267813E-001
   4.62828  32.17877   7.1637695918E-001
   4.62828  33.18436   7.0042466481E-001
   4.62828  34.18994   6.8422544818E-001
   4.62828  35.19553   6.6779926665E-001
   4.62828  36.20112   6.5116635720E-001
   4.62828  37.20670   6.3434721149E-001
   4.62828  38.21229   6.1736255064E-001
   4.62828  39.21788   6.0023329966E-001
   4.62828  40.22346   5.8298056172E-001
   4.62828  41.22905   5.6562559212E-001
   4.62828  42.23464   5.4818977208E-001
   4.62828  43.24022   5.3069458247E-001
   4.62828  44.24581   5.1316157728E-001
   4.62828  45.25140   4.9561235708E-001
   4.62828  46.25698   4.7806854244E-001
   4.62828  47.26257   4.6055174725E-001
   4.62828  48.26816   4.4308355213E-001
   4.62828  49.27374   4.2568547781E-001
   4.62828  50.27933   4.0837895863E-001
   4.62828  51.28492   3.9118531616E-001
   4.62828  52.29050   3.7412573288E-001
   4.62828  53.29609   3.5722122611E-001
   4.62828  54.30168   3.4049262214E-001
   4.62828  55.30726   3.2396053052E-001
   4.62828  56.31285   3.0764531871E-001
   4.62828  57.31844   2.9156708699E-001
   4.62828  58.32402   2.7574564365E-001
   4.62828  59.32961   2.6020048064E-001
   4.62828  60.33520   2.4495074954E-001
   4.62828  61.34078   2.3001523794E-001
   4.62828  62.34637   2.1541234632E-001
   4.62828  63.35196   2.0116006537E-001
   4.62828  64.35754   1.8727595385E-001
   4.62828  65.36313   1.7377711691E-001
   4.62828  66.36872   1.6068018506E-001
   4.62828  67.37430   1.4800129365E-001
   4.62828  68.37989   1.3575606303E-001
   4.62828  69.38547   1.2395957926E-001
   4.62828  70.39106   1.1262637556E-001
   4.62828  71.39665   1.0177041437E-001
   4.62828  72.40223   9.1405070194E-002
   4.62828  73.40782   8.1543113090E-002
   4.62828  74.41341   7.2196692940E-002
   4.62828  75.41899   6.3377324492E-002
   4.62828  76.42458   5.5095873167E-002
   4.62828  77.43017   4.7362541675E-002
   4.62828  78.43575   4.0186857444E-002
   4.62828  79.44134   3.3577660884E-002
   4.62828  80.44693   2.7543094495E-002
   4.62828  81.45251   2.2090592836E-002
   4.62828  82.45810   1.7226873362E-002
   4.62828  83.46369   1.2957928154E-002
   4.62828  84.46927   9.2890165331E-003
   4.62828  85.47486   6.2246585807E-003
   4.62828  86.48045   3.7686295721E-003
   4.62828  87.48603   1.9239553236E-003
   4.62828  88.49162   6.9290846547E-004
   4.62828  89.49721   7.7005641668E-005
   4.62828  90.50279   7.7005641668E-005
   4.62828  91.50838   6.9290846547E-004
   4.62828  92.51397   1.9239553236E-003
   4.62828  93.51955   3.7686295721E-003
   4.62828  94.52514   6.2246585807E-003
   4.62828  95.53073   9.2890165331E-003
   4.62828  96.53631   1.2957928154E-002
   4.62828  97.54190   1.7226873362E-002
   4.62828  98.54749   2.2090592836E-002
   4.62828  99.55307   2.7543094495E-002
   4.62828 100.55866   3.3577660884E-002
   4.62828 101.56425   4.0186857444E-002
   4.62828 102.56983   4.7362541675E-002
   4.62828 103.57542   5.5095873167E-002
   4.62828 104.58101   6.3377324492E-002
   4.62828 105.58659   7.2196692940E-002
   4.62828 106.59218   8.1543113090E-002
   4.62828 107.59777   9.1405070194E-002
   4.62828 108.60335   1.0177041437E-001
   4.62828 109.60894   1.1262637556E-001
   4.62828 110.61453   1.2395957926E-001
   4.62828 111.62011   1.3575606303E-001
   4.62828 112.62570   1.4800129365E-001
   4.62828 113.63128   1.6068018506E-001
   4.62828 114.63687   1.7377711691E-001
   4.62828 115.64246   1.8727595385E-001
   4.62828 116.64804   2.0116006537E-001
   4.62828 117.65363   2.1541234632E-001
   4.62828 118.65922   2.3001523794E-001
   4.62828 119.66480   2.4495074954E-001
   4.62828 120.67039   2.6020048064E-001
   4.62828 121.67598   2.7574564365E-001
   4.62828 122.68156   2.9156708699E-001
   4.62828 123.68715   3.0764531871E-001
   4.62828 124.69274   3.2396053052E-001
   4.62828 125.69832   3.4049262214E-001
   4.62828 126.70391   3.5722122611E-001
   4.62828 127.70950   3.7412573288E-001
   4.62828 128.71508   3.9118531616E-001
   4.62828 129.72067   4.0837895863E-001
   4.62828 130.72626   4.2568547781E-001
   4.62828 131.73184   4.4308355213E-001
   4.62828 132.73743   4.6055174725E-001
   4.62828 133.74302   4.7806854244E-001
   4.62828 134.74860   4.9561235708E-001
   4.62828 135.75419   5.1316157728E-001
   4.62828 136.75978   5.3069458247E-001
   4.62828 137.76536   5.4818977208E-001
   4.62828 138.77095   5.6562559212E-001
   4.62828 139.77654   5.8298056172E-001
   4.62828 140.78212   6.0023329966E-001
   4.62828 141.78771   6.1736255064E-001
   4.62828 142.79330   6.3434721149E-001
   4.62828 143.79888   6.5116635720E-001
   4.62828 144.80447   6.6779926665E-001
   4.62828 145.81006   6.8422544818E-001
   4.62828 146.81564   7.0042466481E-001
   4.62828 147.82123   7.1637695918E-001
   4.62828 148.82682   7.3206267813E-001
   4.62828 149.83240   7.4746249693E-001
   4.62828 150.83799   7.6255744307E-001
   4.62828 151.84358   7.7732891966E-001
   4.62828 152.84916   7.9175872829E-001
   4.62828 153.85475   8.0582909152E-001
   4.62828 154.86034   8.1952267472E-001
   4.62828 155.86592   8.3282260745E-001
   4.62828 156.87151   8.4571250427E-001
   4.62828 157.87709   8.5817648488E-001
   4.62828 158.88268   8.7019919371E-001
   4.62828 159.88827   8.8176581883E-001
   4.62828 160.89385   8.9286211024E-001
   4.62828 161.89944   9.0347439733E-001
   4.62828 162.90503   9.1358960582E-001
   4.62828 163.91061   9.2319527383E-001
   4.62828 164.91620   9.3227956721E-001
   4.62828 165.92179   9.4083129416E-001
   4.62828 166.92737   9.4883991899E-001
   4.62828 167.93296   9.5629557511E-001
   4.62828 168.93855   9.6318907718E-001
   4.62828 169.94413   9.6951193245E-001
   4.62828 170.94972   9.7525635117E-001
   4.62828 171.95531   9.8041525627E-001
   4.62828 172.96089   9.8498229199E-001
   4.62828 173.96648   9.8895183176E-001
   4.62828 174.97207   9.9231898512E-001
   4.62828 175.97765   9.9507960377E-001
   4.62828 176.98324   9.9723028663E-001
   4.62828 177.98883   9.9876838406E-001
   4.62828 178.99441   9.9969200115E-001
   4.62828 180.00000   1.0000000000E+000

   4.69091   0.00000   4.8016951974E-310
   4.69091   1.00559   9.9969200115E-001
   4.69091   2.01117   9.9876838406E-001
   4.69091   3.01676   9.9723028663E-001
   4.69091   4.02235   9.9507960377E-001
   4.69091   5.02793   9.9231898512E-001
   4.69091   6.03352   9.8895183176E-001
   4.69091   7.03911   9.8498229199E-001
   4.69091   8.04469   9.8041525627E-001
   4.69091   9.05028   9.7525635117E-001
   4.69091  10.05587   9.6951193245E-001
   4.69091  11.06145   9.6318907718E-001
   4.69091  12.06704   9.5629557511E-001
   4.69091  13.07263   9.4883991899E-001
   4.69091  14.07821   9.4083129416E-001
   4.69091  15.08380   9.3227956721E-001
   4.69091  16.08939   9.2319527383E-001
   4.69091  17.09497   9.1358960582E-001
   4.69091  18.10056   9.0347439733E-001
   4.69091  19.10615   8.9286211024E-001
   4.69091  20.11173   8.8176581883E-001
   4.69091  21.11732   8.7019919371E-001
   4.69091  22.12291   8.5817648488E-001
   4.69091  23.12849   8.4571250427E-001
   4.69091  24.13408   8.3282260745E-001
   4.69091  25.13966   8.1952267472E-001
   4.69091  26.14525   8.0582909152E-001
   4.69091  27.15084   7.9175872829E-001
   4.69091  28.15642   7.7732891966E-001
   4.69091  29.16201   7.6255744307E-001
   4.69091  30.16760   7.4746249693E-001
   4.69091  31.17318   7.3206267813E-001
   4.69091  32.17877   7.1637695918E-001
   4.69091  33.18436   7.0042466481E-001
   4.69091  34.18994   6.8422544818E-001
   4.69091  35.19553   6.6779926665E-001
   4.69091  36.20112   6.5116635720E-001
   4.69091  37.20670   6.3434721149E-001
   4.69091  38.21229   6.1736255064E-001
   4.69091  39.21788   6.0023329966E-001
   4.69091  40.22346   5.8298056172E-001
   4.69091  41.22905   5.6562559212E-001
   4.69091  42.23464   5.4818977208E-001
   4.69091  43.24022   5.3069458247E-001
   4.69091  44.24581   5.1316157728E-001
   4.69091  45.25140   4.9561235708E-001
   4.69091  46.25698   4.7806854244E-001
   4.69091  47.26257   4.6055174725E-001
   4.69091  48.26816   4.4308355213E-001
   4.69091  49.27374   4.2568547781E-001
   4.69091  50.27933   4.0837895863E-001
   4.69091  51.28492   3.9118531616E-001
   4.69091  52.29050   3.7412573288E-001
   4.69091  53.29609   3.5722122611E-001
   4.69091  54.30168   3.4049262214E-001
   4.69091  55.30726   3.2396053052E-001
   4.69091  56.31285   3.0764531871E-001
   4.69091  57.31844   2.9156708699E-001
   4.69091  58.32402   2.7574564365E-001
   4.69091  59.32961   2.6020048064E-001
   4.69091  60.33520   2.4495074954E-001
   4.69091  61.34078   2.3001523794E-001
   4.69091  62.34637   2.1541234632E-001
   4.69091  63.35196   2.0116006537E-001
   4.69091  64.35754   1.8727595385E-001
   4.69091  65.36313   1.7377711691E-001
   4.69091  66.36872   1.6068018506E-001
   4.69091  67.37430   1.4800129365E-001
   4.69091  68.37989   1.3575606303E-001
   4.69091  69.38547   1.2395957926E-001
   4.69091  70.39106   1.1262637556E-001
   4.69091  71.39665   1.0177041437E-001
   4.69091  72.40223   9.1405070194E-002
   4.69091  73.40782   8.1543113090E-002
   4.69091  74.41341   7.2196692940E-002
   4.69091  75.41899   6.3377324492E-002
   4.69091  76.42458   5.5095873167E-002
   4.69091  77.43017   4.7362541675E-002
   4.69091  78.43575   4.0186857444E-002
   4.69091  79.44134   3.3577660884E-002
   4.69091  80.44693   2.7543094495E-002
   4.69091  81.45251   2.2090592836E-002
   4.69091  82.45810   1.7226873362E-002
   4.69091  83.46369   1.2957928154E-002
   4.69091  84.46927   9.2890165331E-003
   4.69091  85.47486   6.2246585807E-003
   4.69091  86.48045   3.7686295721E-003
   4.69091  87.48603   1.9239553236E-003
   4.69091  88.49162   6.9290846547E-004
   4.69091  89.49721   7.7005641668E-005
   4.69091  90.50279   7.7005641668E-005
   4.69091  91.50838   6.9290846547E-004
   4.69091  92.51397   1.9239553236E-003
   4.69091  93.51955   3.7686295721E-003
   4.69091  94.52514   6.2246585807E-003
   4.69091  95.53073   9.2890165331E-003
   4.69091  96.53631   1.2957928154E-002
   4.69091  97.54190   1.7226873362E-002
   4.69091  98.54749   2.2090592836E-002
   4.69091  99.55307   2.7543094495E-002
   4.69091 100.55866   3.3577660884E-002
   4.69091 101.56425   4.0186857444E-002
   4.69091 102.56983   4.7362541675E-002
   4.69091 103.57542   5.5095873167E-002
   4.69091 104.58101   6.3377324492E-002
   4.69091 105.58659   7.2196692940E-002
   4.69091 106.59218   8.1543113090E-002
   4.69091 107.59777   9.1405070194E-002
   4.69091 108.60335   1.0177041437E-001
   4.69091 109.60894   1.1262637556E-001
   4.69091 110.61453   1.2395957926E-001
   4.69091 111.62011   1.3575606303E-001
   4.69091 112.62570   1.4800129365E-001
   4.69091 113.63128   1.6068018506E-001
   4.69091 114.63687   1.7377711691E-001
   4.69091 115.64246   1.8727595385E-001
   4.69091 116.64804   2.0116006537E-001
   4.69091 117.65363   2.1541234632E-001
   4.69091 118.65922   2.3001523794E-001
   4.69091 119.66480   2.4495074954E-001
   4.69091 120.67039   2.6020048064E-001
   4.69091 121.67598   2.7574564365E-001
   4.69091 122.68156   2.9156708699E-001
   4.69091 123.68715   3.0764531871E-001
   4.69091 124.69274   3.2396053052E-001
   4.69091 125.69832   3.4049262214E-001
   4.69091 126.70391   3.5722122611E-001
   4.69091 127.70950   3.7412573288E-001
   4.69091 128.71508   3.9118531616E-001
   4.69091 129.72067   4.0837895863E-001
   4.69091 130.72626   4.2568547781E-001
   4.69091 131.73184   4.4308355213E-001
   4.69091 132.73743   4.6055174725E-001
   4.69091 133.74302   4.7806854244E-001
   4.69091 134.74860   4.9561235708E-001
   4.69091 135.75419   5.1316157728E-001
   4.69091 136.75978   5.3069458247E-001
   4.69091 137.76536   5.4818977208E-001
   4.69091 138.77095   5.6562559212E-001
   4.69091 139.77654   5.8298056172E-001
   4.69091 140.78212   6.0023329966E-001
   4.69091 141.78771   6.1736255064E-001
   4.69091 142.79330   6.3434721149E-001
   4.69091 143.79888   6.5116635720E-001
   4.69091 144.80447   6.6779926665E-001
   4.69091 145.81006   6.8422544818E-001
   4.69091 146.81564   7.0042466481E-001
   4.69091 147.82123   7.1637695918E-001
   4.69091 148.82682   7.3206267813E-001
   4.69091 149.83240   7.4746249693E-001
   4.69091 150.83799   7.6255744307E-001
   4.69091 151.84358   7.7732891966E-001
   4.69091 152.84916   7.9175872829E-001
   4.69091 153.85475   8.0582909152E-001
   4.69091 154.86034   8.1952267472E-001
   4.69091 155.86592   8.3282260745E-001
   4.69091 156.87151   8.4571250427E-001
   4.69091 157.87709   8.5817648488E-001
   4.69091 158.88268   8.7019919371E-001
   4.69091 159.88827   8.8176581883E-001
   4.69091 160.89385   8.9286211024E-001
   4.69091 161.89944   9.0347439733E-001
   4.69091 162.90503   9.1358960582E-001
   4.69091 163.91061   9.2319527383E-001
   4.69091 164.91620   9.3227956721E-001
   4.69091 165.92179   9.4083129416E-001
   4.69091 166.92737   9.4883991899E-001
   4.69091 167.93296   9.5629557511E-001
   4.69091 168.93855   9.6318907718E-001
   4.69091 169.94413   9.6951193245E-001
   4.69091 170.94972   9.7525635117E-001
   4.69091 171.95531   9.8041525627E-001
   4.69091 172.96089   9.8498229199E-001
   4.69091 173.96648   9.8895183176E-001
   4.69091 174.97207   9.9231898512E-001
   4.69091 175.97765   9.9507960377E-001
   4.69091 176.98324   9.9723028663E-001
   4.69091 177.98883   9.9876838406E-001
   4.69091 178.99441   9.9969200115E-001
   4.69091 180.00000   1.0000000000E+000

   4.75354   0.00000   4.8016951974E-310
   4.75354   1.00559   9.9969200115E-001
   4.75354   2.01117   9.9876838406E-001
   4.75354   3.01676   9.9723028663E-001
   4.75354   4.02235   9.9507960377E-001
   4.75354   5.02793   9.9231898512E-001
   4.75354   6.03352   9.8895183176E-001
   4.75354   7.03911   9.8498229199E-001
   4.75354   8.04469   9.8041525627E-001
   4.75354   9.05028   9.7525635117E-001
   4.75354  10.05587   9.6951193245E-001
   4.75354  11.06145   9.6318907718E-001
   4.75354  12.06704   9.5629557511E-001
   4.75354  13.07263   9.4883991899E-001
   4.75354  14.07821   9.4083129416E-001
   4.75354  15.08380   9.3227956721E-001
   4.75354  16.08939   9.2319527383E-001
   4.75354  17.09497   9.1358960582E-001
   4.75354  18.10056   9.0347439733E-001
   4.75354  19.10615   8.9286211024E-001
   4.75354  20.11173   8.8176581883E-001
   4.75354  21.11732   8.7019919371E-001
   4.75354  22.12291   8.5817648488E-001
   4.75354  23.12849   8.4571250427E-001
   4.75354  24.13408   8.3282260745E-001
   4.75354  25.13966   8.1952267472E-001
   4.75354  26.14525   8.0582909152E-001
   4.75354  27.15084   7.9175872829E-001
   4.75354  28.15642   7.7732891966E-001
   4.75354  29.16201   7.6255744307E-001
   4.75354  30.16760   7.4746249693E-001
   4.75354  31.17318   7.3206267813E-001
   4.75354  32.17877   7.1637695918E-001
   4.75354  33.18436   7.0042466481E-001
   4.75354  34.18994   6.8422544818E-001
   4.75354  35.19553   6.6779926665E-001
   4.75354  36.20112   6.5116635720E-001
   4.75354  37.20670   6.3434721149E-001
   4.75354  38.21229   6.1736255064E-001
   4.75354  39.21788   6.0023329966E-001
   4.75354  40.22346   5.8298056172E-001
   4.75354  41.22905   5.6562559212E-001
   4.75354  42.23464   5.4818977208E-001
   4.75354  43.24022   5.3069458247E-001
   4.75354  44.24581   5.1316157728E-001
   4.75354  45.25140   4.9561235708E-001
   4.75354  46.25698   4.7806854244E-001
   4.75354  47.26257   4.6055174725E-001
   4.75354  48.26816   4.4308355213E-001
   4.75354  49.27374   4.2568547781E-001
   4.75354  50.27933   4.0837895863E-001
   4.75354  51.28492   3.9118531616E-001
   4.75354  52.29050   3.7412573288E-001
   4.75354  53.29609   3.5722122611E-001
   4.75354  54.30168   3.4049262214E-001
   4.75354  55.30726   3.2396053052E-001
   4.75354  56.31285   3.0764531871E-001
   4.75354  57.31844   2.9156708699E-001
   4.75354  58.32402   2.7574564365E-001
   4.75354  59.32961   2.6020048064E-001
   4.75354  60.33520   2.4495074954E-001
   4.75354  61.34078   2.3001523794E-001
   4.75354  62.34637   2.1541234632E-001
   4.75354  63.35196   2.0116006537E-001
   4.75354  64.35754   1.8727595385E-001
   4.75354  65.36313   1.7377711691E-001
   4.75354  66.36872   1.6068018506E-001
   4.75354  67.37430   1.4800129365E-001
   4.75354  68.37989   1.3575606303E-001
   4.75354  69.38547   1.2395957926E-001
   4.75354  70.39106   1.1262637556E-001
   4.75354  71.39665   1.0177041437E-001
   4.75354  72.40223   9.1405070194E-002
   4.75354  73.40782   8.1543113090E-002
   4.75354  74.41341   7.2196692940E-002
   4.75354  75.41899   6.3377324492E-002
   4.75354  76.42458   5.5095873167E-002
   4.75354  77.43017   4.7362541675E-002
   4.75354  78.43575   4.0186857444E-002
   4.75354  79.44134   3.3577660884E-002
   4.75354  80.44693   2.7543094495E-002
   4.75354  81.45251   2.2090592836E-002
   4.75354  82.45810   1.7226873362E-002
   4.75354  83.46369   1.2957928154E-002
   4.75354  84.46927   9.2890165331E-003
   4.75354  85.47486   6.2246585807E-003
   4.75354  86.48045   3.7686295721E-003
   4.75354  87.48603   1.9239553236E-003
   4.75354  88.49162   6.9290846547E-004
   4.75354  89.49721   7.7005641668E-005
   4.75354  90.50279   7.7005641668E-005
   4.75354  91.50838   6.9290846547E-004
   4.75354  92.51397   1.9239553236E-003
   4.75354  93.51955   3.7686295721E-003
   4.75354  94.52514   6.2246585807E-003
   4.75354  95.53073   9.2890165331E-003
   4.75354  96.53631   1.2957928154E-002
   4.75354  97.54190   1.7226873362E-002
   4.75354  98.54749   2.2090592836E-002
   4.75354  99.55307   2.7543094495E-002
   4.75354 100.55866   3.3577660884E-002
   4.75354 101.56425   4.0186857444E-002
   4.75354 102.56983   4.7362541675E-002
   4.75354 103.57542   5.5095873167E-002
   4.75354 104.58101   6.3377324492E-002
   4.75354 105.58659   7.2196692940E-002
   4.75354 106.59218   8.1543113090E-002
   4.75354 107.59777   9.1405070194E-002
   4.75354 108.60335   1.0177041437E-001
   4.75354 109.60894   1.1262637556E-001
   4.75354 110.61453   1.2395957926E-001
   4.75354 111.62011   1.3575606303E-001
   4.75354 112.62570   1.4800129365E-001
   4.75354 113.63128   1.6068018506E-001
   4.75354 114.63687   1.7377711691E-001
   4.75354 115.64246   1.8727595385E-001
   4.75354 116.64804   2.0116006537E-001
   4.75354 117.65363   2.1541234632E-001
   4.75354 118.65922   2.3001523794E-001
   4.75354 119.66480   2.4495074954E-001
   4.75354 120.67039   2.6020048064E-001
   4.75354 121.67598   2.7574564365E-001
   4.75354 122.68156   2.9156708699E-001
   4.75354 123.68715   3.0764531871E-001
   4.75354 124.69274   3.2396053052E-001
   4.75354 125.69832   3.4049262214E-001
   4.75354 126.70391   3.5722122611E-001
   4.75354 127.70950   3.7412573288E-001
   4.75354 128.71508   3.9118531616E-001
   4.75354 129.72067   4.0837895863E-001
   4.75354 130.72626   4.2568547781E-001
   4.75354 131.73184   4.4308355213E-001
   4.75354 132.73743   4.6055174725E-001
   4.75354 133.74302   4.7806854244E-001
   4.75354 134.74860   4.9561235708E-001
   4.75354 135.75419   5.1316157728E-001
   4.75354 136.75978   5.3069458247E-001
   4.75354 137.76536   5.4818977208E-001
   4.75354 138.77095   5.6562559212E-001
   4.75354 139.77654   5.8298056172E-001
   4.75354 140.78212   6.0023329966E-001
   4.75354 141.78771   6.1736255064E-001
   4.75354 142.79330   6.3434721149E-001
   4.75354 143.79888   6.5116635720E-001
   4.75354 144.80447   6.6779926665E-001
   4.75354 145.81006   6.8422544818E-001
   4.75354 146.81564   7.0042466481E-001
   4.75354 147.82123   7.1637695918E-001
   4.75354 148.82682   7.3206267813E-001
   4.75354 149.83240   7.4746249693E-001
   4.75354 150.83799   7.6255744307E-001
   4.75354 151.84358   7.7732891966E-001
   4.75354 152.84916   7.9175872829E-001
   4.75354 153.85475   8.0582909152E-001
   4.75354 154.86034   8.1952267472E-001
   4.75354 155.86592   8.3282260745E-001
   4.75354 156.87151   8.4571250427E-001
   4.75354 157.87709   8.5817648488E-001
   4.75354 158.88268   8.7019919371E-001
   4.75354 159.88827   8.8176581883E-001
   4.75354 160.89385   8.9286211024E-001
   4.75354 161.89944   9.0347439733E-001
   4.75354 162.90503   9.1358960582E-001
   4.75354 163.91061   9.2319527383E-001
   4.75354 164.91620   9.3227956721E-001
   4.75354 165.92179   9.4083129416E-001
   4.75354 166.92737   9.4883991899E-001
   4.75354 167.93296   9.5629557511E-001
   4.75354 168.93855   9.6318907718E-001
   4.75354 169.94413   9.6951193245E-001
   4.75354 170.94972   9.7525635117E-001
   4.75354 171.95531   9.8041525627E-001
   4.75354 172.96089   9.8498229199E-001
   4.75354 173.96648   9.8895183176E-001
   4.75354 174.97207   9.9231898512E-001
   4.75354 175.97765   9.9507960377E-001
   4.75354 176.98324   9.9723028663E-001
   4.75354 177.98883   9.9876838406E-001
   4.75354 178.99441   9.9969200115E-001
   4.75354 180.00000   1.0000000000E+000

   4.81616   0.00000   4.8016951974E-310
   4.81616   1.00559   9.9969200115E-001
   4.81616   2.01117   9.9876838406E-001
   4.81616   3.01676   9.9723028663E-001
   4.81616   4.02235   9.9507960377E-001
   4.81616   5.02793   9.9231898512E-001
   4.81616   6.03352   9.8895183176E-001
   4.81616   7.03911   9.8498229199E-001
   4.81616   8.04469   9.8041525627E-001
   4.81616   9.05028   9.7525635117E-001
   4.81616  10.05587   9.6951193245E-001
   4.81616  11.06145   9.6318907718E-001
   4.81616  12.06704   9.5629557511E-001
   4.81616  13.07263   9.4883991899E-001
   4.81616  14.07821   9.4083129416E-001
   4.81616  15.08380   9.3227956721E-001
   4.81616  16.08939   9.2319527383E-001
   4.81616  17.09497   9.1358960582E-001
   4.81616  18.10056   9.0347439733E-001
   4.81616  19.10615   8.9286211024E-001
   4.81616  20.11173   8.8176581883E-001
   4.81616  21.11732   8.7019919371E-001
   4.81616  22.12291   8.5817648488E-001
   4.81616  23.12849   8.4571250427E-001
   4.81616  24.13408   8.3282260745E-001
   4.81616  25.13966   8.1952267472E-001
   4.81616  26.14525   8.0582909152E-001
   4.81616  27.15084   7.9175872829E-001
   4.81616  28.15642   7.7732891966E-001
   4.81616  29.16201   7.6255744307E-001
   4.81616  30.16760   7.4746249693E-001
   4.81616  31.17318   7.3206267813E-001
   4.81616  32.17877   7.1637695918E-001
   4.81616  33.18436   7.0042466481E-001
   4.81616  34.18994   6.8422544818E-001
   4.81616  35.19553   6.6779926665E-001
   4.81616  36.20112   6.5116635720E-001
   4.81616  37.20670   6.3434721149E-001
   4.81616  38.21229   6.1736255064E-001
   4.81616  39.21788   6.0023329966E-001
   4.81616  40.22346   5.8298056172E-001
   4.81616  41.22905   5.6562559212E-001
   4.81616  42.23464   5.4818977208E-001
   4.81616  43.24022   5.3069458247E-001
   4.81616  44.24581   5.1316157728E-001
   4.81616  45.25140   4.9561235708E-001
   4.81616  46.25698   4.7806854244E-001
   4.81616  47.26257   4.6055174725E-001
   4.81616  48.26816   4.4308355213E-001
   4.81616  49.27374   4.2568547781E-001
   4.81616  50.27933   4.0837895863E-001
   4.81616  51.28492   3.9118531616E-001
   4.81616  52.29050   3.7412573288E-001
   4.81616  53.29609   3.5722122611E-001
   4.81616  54.30168   3.4049262214E-001
   4.81616  55.30726   3.2396053052E-001
   4.81616  56.31285   3.0764531871E-001
   4.81616  57.31844   2.9156708699E-001
   4.81616  58.32402   2.7574564365E-001
   4.81616  59.32961   2.6020048064E-001
   4.81616  60.33520   2.4495074954E-001
   4.81616  61.34078   2.3001523794E-001
   4.81616  62.34637   2.1541234632E-001
   4.81616  63.35196   2.0116006537E-001
   4.81616  64.35754   1.8727595385E-001
   4.81616  65.36313   1.7377711691E-001
   4.81616  66.36872   1.6068018506E-001
   4.81616  67.37430   1.4800129365E-001
   4.81616  68.37989   1.3575606303E-001
   4.81616  69.38547   1.2395957926E-001
   4.81616  70.39106   1.1262637556E-001
   4.81616  71.39665   1.0177041437E-001
   4.81616  72.40223   9.1405070194E-002
   4.81616  73.40782   8.1543113090E-002
   4.81616  74.41341   7.2196692940E-002
   4.81616  75.41899   6.3377324492E-002
   4.81616  76.42458   5.5095873167E-002
   4.81616  77.43017   4.7362541675E-002
   4.81616  78.43575   4.0186857444E-002
   4.81616  79.44134   3.3577660884E-002
   4.81616  80.44693   2.7543094495E-002
   4.81616  81.45251   2.2090592836E-002
   4.81616  82.45810   1.7226873362E-002
   4.81616  83.46369   1.2957928154E-002
   4.81616  84.46927   9.2890165331E-003
   4.81616  85.47486   6.2246585807E-003
   4.81616  86.48045   3.7686295721E-003
   4.81616  87.48603   1.9239553236E-003
   4.81616  88.49162   6.9290846547E-004
   4.81616  89.49721   7.7005641668E-005
   4.81616  90.50279   7.7005641668E-005
   4.81616  91.50838   6.9290846547E-004
   4.81616  92.51397   1.9239553236E-003
   4.81616  93.51955   3.7686295721E-003
   4.81616  94.52514   6.2246585807E-003
   4.81616  95.53073   9.2890165331E-003
   4.81616  96.53631   1.2957928154E-002
   4.81616  97.54190   1.7226873362E-002
   4.81616  98.54749   2.2090592836E-002
   4.81616  99.55307   2.7543094495E-002
   4.81616 100.55866   3.3577660884E-002
   4.81616 101.56425   4.0186857444E-002
   4.81616 102.56983   4.7362541675E-002
   4.81616 103.57542   5.5095873167E-002
   4.81616 104.58101   6.3377324492E-002
   4.81616 105.58659   7.2196692940E-002
   4.81616 106.59218   8.1543113090E-002
   4.81616 107.59777   9.1405070194E-002
   4.81616 108.60335   1.0177041437E-001
   4.81616 109.60894   1.1262637556E-001
   4.81616 110.61453   1.2395957926E-001
   4.81616 111.62011   1.3575606303E-001
   4.81616 112.62570   1.4800129365E-001
   4.81616 113.63128   1.6068018506E-001
   4.81616 114.63687   1.7377711691E-001
   4.81616 115.64246   1.8727595385E-001
   4.81616 116.64804   2.0116006537E-001
   4.81616 117.65363   2.1541234632E-001
   4.81616 118.65922   2.3001523794E-001
   4.81616 119.66480   2.4495074954E-001
   4.81616 120.67039   2.6020048064E-001
   4.81616 121.67598   2.7574564365E-001
   4.81616 122.68156   2.9156708699E-001
   4.81616 123.68715   3.0764531871E-001
   4.81616 124.69274   3.2396053052E-001
   4.81616 125.69832   3.4049262214E-001
   4.81616 126.70391   3.5722122611E-001
   4.81616 127.70950   3.7412573288E-001
   4.81616 128.71508   3.9118531616E-001
   4.81616 129.72067   4.0837895863E-001
   4.81616 130.72626   4.2568547781E-001
   4.81616 131.73184   4.4308355213E-001
   4.81616 132.73743   4.6055174725E-001
   4.81616 133.74302   4.7806854244E-001
   4.81616 134.74860   4.9561235708E-001
   4.81616 135.75419   5.1316157728E-001
   4.81616 136.75978   5.3069458247E-001
   4.81616 137.76536   5.4818977208E-001
   4.81616 138.77095   5.6562559212E-001
   4.81616 139.77654   5.8298056172E-001
   4.81616 140.78212   6.0023329966E-001
   4.81616 141.78771   6.1736255064E-001
   4.81616 142.79330   6.3434721149E-001
   4.81616 143.79888   6.5116635720E-001
   4.81616 144.80447   6.6779926665E-001
   4.81616 145.81006   6.8422544818E-001
   4.81616 146.81564   7.0042466481E-001
   4.81616 147.82123   7.1637695918E-001
   4.81616 148.82682   7.3206267813E-001
   4.81616 149.83240   7.4746249693E-001
   4.81616 150.83799   7.6255744307E-001
   4.81616 151.84358   7.7732891966E-001
   4.81616 152.84916   7.9175872829E-001
   4.81616 153.85475   8.0582909152E-001
   4.81616 154.86034   8.1952267472E-001
   4.81616 155.86592   8.3282260745E-001
   4.81616 156.87151   8.4571250427E-001
   4.81616 157.87709   8.5817648488E-001
   4.81616 158.88268   8.7019919371E-001
   4.81616 159.88827   8.8176581883E-001
   4.81616 160.89385   8.9286211024E-001
   4.81616 161.89944   9.0347439733E-001
   4.81616 162.90503   9.1358960582E-001
   4.81616 163.91061   9.2319527383E-001
   4.81616 164.91620   9.3227956721E-001
   4.81616 165.92179   9.4083129416E-001
   4.81616 166.92737   9.4883991899E-001
   4.81616 167.93296   9.5629557511E-001
   4.81616 168.93855   9.6318907718E-001
   4.81616 169.94413   9.6951193245E-001
   4.81616 170.94972   9.7525635117E-001
   4.81616 171.95531   9.8041525627E-001
   4.81616 172.96089   9.8498229199E-001
   4.81616 173.96648   9.8895183176E-001
   4.81616 174.97207   9.9231898512E-001
   4.81616 175.97765   9.9507960377E-001
   4.81616 176.98324   9.9723028663E-001
   4.81616 177.98883   9.9876838406E-001
   4.81616 178.99441   9.9969200115E-001
   4.81616 180.00000   1.0000000000E+000

   4.87879   0.00000   4.8016951974E-310
   4.87879   1.00559   9.9969200115E-001
   4.87879   2.01117   9.9876838406E-001
   4.87879   3.01676   9.9723028663E-001
   4.87879   4.02235   9.9507960377E-001
   4.87879   5.02793   9.9231898512E-001
   4.87879   6.03352   9.8895183176E-001
   4.87879   7.03911   9.8498229199E-001
   4.87879   8.04469   9.8041525627E-001
   4.87879   9.05028   9.7525635117E-001
   4.87879  10.05587   9.6951193245E-001
   4.87879  11.06145   9.6318907718E-001
   4.87879  12.06704   9.5629557511E-001
   4.87879  13.07263   9.4883991899E-001
   4.87879  14.07821   9.4083129416E-001
   4.87879  15.08380   9.3227956721E-001
   4.87879  16.08939   9.2319527383E-001
   4.87879  17.09497   9.1358960582E-001
   4.87879  18.10056   9.0347439733E-001
   4.87879  19.10615   8.9286211024E-001
   4.87879  20.11173   8.8176581883E-001
   4.87879  21.11732   8.7019919371E-001
   4.87879  22.12291   8.5817648488E-001
   4.87879  23.12849   8.4571250427E-001
   4.87879  24.13408   8.3282260745E-001
   4.87879  25.13966   8.1952267472E-001
   4.87879  26.14525   8.0582909152E-001
   4.87879  27.15084   7.9175872829E-001
   4.87879  28.15642   7.7732891966E-001
   4.87879  29.16201   7.6255744307E-001
   4.87879  30.16760   7.4746249693E-001
   4.87879  31.17318   7.3206267813E-001
   4.87879  32.17877   7.1637695918E-001
   4.87879  33.18436   7.0042466481E-001
   4.87879  34.18994   6.8422544818E-001
   4.87879  35.19553   6.6779926665E-001
   4.87879  36.20112   6.5116635720E-001
   4.87879  37.20670   6.3434721149E-001
   4.87879  38.21229   6.1736255064E-001
   4.87879  39.21788   6.0023329966E-001
   4.87879  40.22346   5.8298056172E-001
   4.87879  41.22905   5.6562559212E-001
   4.87879  42.23464   5.4818977208E-001
   4.87879  43.24022   5.3069458247E-001
   4.87879  44.24581   5.1316157728E-001
   4.87879  45.25140   4.9561235708E-001
   4.87879  46.25698   4.7806854244E-001
   4.87879  47.26257   4.6055174725E-001
   4.87879  48.26816   4.4308355213E-001
   4.87879  49.27374   4.2568547781E-001
   4.87879  50.27933   4.0837895863E-001
   4.87879  51.28492   3.9118531616E-001
   4.87879  52.29050   3.7412573288E-001
   4.87879  53.29609   3.5722122611E-001
   4.87879  54.30168   3.4049262214E-001
   4.87879  55.30726   3.2396053052E-001
   4.87879  56.31285   3.0764531871E-001
   4.87879  57.31844   2.9156708699E-001
   4.87879  58.32402   2.7574564365E-001
   4.87879  59.32961   2.6020048064E-001
   4.87879  60.33520   2.4495074954E-001
   4.87879  61.34078   2.3001523794E-001
   4.87879  62.34637   2.1541234632E-001
   4.87879  63.35196   2.0116006537E-001
   4.87879  64.35754   1.8727595385E-001
   4.87879  65.36313   1.7377711691E-001
   4.87879  66.36872   1.6068018506E-001
   4.87879  67.37430   1.4800129365E-001
   4.87879  68.37989   1.3575606303E-001
   4.87879  69.38547   1.2395957926E-001
   4.87879  70.39106   1.1262637556E-001
   4.87879  71.39665   1.0177041437E-001
   4.87879  72.40223   9.1405070194E-002
   4.87879  73.40782   8.1543113090E-002
   4.87879  74.41341   7.2196692940E-002
   4.87879  75.41899   6.3377324492E-002
   4.87879  76.42458   5.5095873167E-002
   4.87879  77.43017   4.7362541675E-002
   4.87879  78.43575   4.0186857444E-002
   4.87879  79.44134   3.3577660884E-002
   4.87879  80.44693   2.7543094495E-002
   4.87879  81.45251   2.2090592836E-002
   4.87879  82.45810   1.7226873362E-002
   4.87879  83.46369   1.2957928154E-002
   4.87879  84.46927   9.2890165331E-003
   4.87879  85.47486   6.2246585807E-003
   4.87879  86.48045   3.7686295721E-003
   4.87879  87.48603   1.9239553236E-003
   4.87879  88.49162   6.9290846547E-004
   4.87879  89.49721   7.7005641668E-005
   4.87879  90.50279   7.7005641668E-005
   4.87879  91.50838   6.9290846547E-004
   4.87879  92.51397   1.9239553236E-003
   4.87879  93.51955   3.7686295721E-003
   4.87879  94.52514   6.2246585807E-003
   4.87879  95.53073   9.2890165331E-003
   4.87879  96.53631   1.2957928154E-002
   4.87879  97.54190   1.7226873362E-002
   4.87879  98.54749   2.2090592836E-002
   4.87879  99.55307   2.7543094495E-002
   4.87879 100.55866   3.3577660884E-002
   4.87879 101.56425   4.0186857444E-002
   4.87879 102.56983   4.7362541675E-002
   4.87879 103.57542   5.5095873167E-002
   4.87879 104.58101   6.3377324492E-002
   4.87879 105.58659   7.2196692940E-002
   4.87879 106.59218   8.1543113090E-002
   4.87879 107.59777   9.1405070194E-002
   4.87879 108.60335   1.0177041437E-001
   4.87879 109.60894   1.1262637556E-001
   4.87879 110.61453   1.2395957926E-001
   4.87879 111.62011   1.3575606303E-001
   4.87879 112.62570   1.4800129365E-001
   4.87879 113.63128   1.6068018506E-001
   4.87879 114.63687   1.7377711691E-001
   4.87879 115.64246   1.8727595385E-001
   4.87879 116.64804   2.0116006537E-001
   4.87879 117.65363   2.1541234632E-001
   4.87879 118.65922   2.3001523794E-001
   4.87879 119.66480   2.4495074954E-001
   4.87879 120.67039   2.6020048064E-001
   4.87879 121.67598   2.7574564365E-001
   4.87879 122.68156   2.9156708699E-001
   4.87879 123.68715   3.0764531871E-001
   4.87879 124.69274   3.2396053052E-001
   4.87879 125.69832   3.4049262214E-001
   4.87879 126.70391   3.5722122611E-001
   4.87879 127.70950   3.7412573288E-001
   4.87879 128.71508   3.9118531616E-001
   4.87879 129.72067   4.0837895863E-001
   4.87879 130.72626   4.2568547781E-001
   4.87879 131.73184   4.4308355213E-001
   4.87879 132.73743   4.6055174725E-001
   4.87879 133.74302   4.7806854244E-001
   4.87879 134.74860   4.9561235708E-001
   4.87879 135.75419   5.1316157728E-001
   4.87879 136.75978   5.3069458247E-001
   4.87879 137.76536   5.4818977208E-001
   4.87879 138.77095   5.6562559212E-001
   4.87879 139.77654   5.8298056172E-001
   4.87879 140.78212   6.0023329966E-001
   4.87879 141.78771   6.1736255064E-001
   4.87879 142.79330   6.3434721149E-001
   4.87879 143.79888   6.5116635720E-001
   4.87879 144.80447   6.6779926665E-001
   4.87879 145.81006   6.8422544818E-001
   4.87879 146.81564   7.0042466481E-001
   4.87879 147.82123   7.1637695918E-001
   4.87879 148.82682   7.3206267813E-001
   4.87879 149.83240   7.4746249693E-001
   4.87879 150.83799   7.6255744307E-001
   4.87879 151.84358   7.7732891966E-001
   4.87879 152.84916   7.9175872829E-001
   4.87879 153.85475   8.0582909152E-001
   4.87879 154.86034   8.1952267472E-001
   4.87879 155.86592   8.3282260745E-001
   4.87879 156.87151   8.4571250427E-001
   4.87879 157.87709   8.5817648488E-001
   4.87879 158.88268   8.7019919371E-001
   4.87879 159.88827   8.8176581883E-001
   4.87879 160.89385   8.9286211024E-001
   4.87879 161.89944   9.0347439733E-001
   4.87879 162.90503   9.1358960582E-001
   4.87879 163.91061   9.2319527383E-001
   4.87879 164.91620   9.3227956721E-001
   4.87879 165.92179   9.4083129416E-001
   4.87879 166.92737   9.4883991899E-001
   4.87879 167.93296   9.5629557511E-001
   4.87879 168.93855   9.6318907718E-001
   4.87879 169.94413   9.6951193245E-001
   4.87879 170.94972   9.7525635117E-001
   4.87879 171.95531   9.8041525627E-001
   4.87879 172.96089   9.8498229199E-001
   4.87879 173.96648   9.8895183176E-001
   4.87879 174.97207   9.9231898512E-001
   4.87879 175.97765   9.9507960377E-001
   4.87879 176.98324   9.9723028663E-001
   4.87879 177.98883   9.9876838406E-001
   4.87879 178.99441   9.9969200115E-001
   4.87879 180.00000   1.0000000000E+000

   4.94141   0.00000   4.8016951974E-310
   4.94141   1.00559   9.9969200115E-001
   4.94141   2.01117   9.9876838406E-001
   4.94141   3.01676   9.9723028663E-001
   4.94141   4.02235   9.9507960377E-001
   4.94141   5.02793   9.9231898512E-001
   4.94141   6.03352   9.8895183176E-001
   4.94141   7.03911   9.8498229199E-001
   4.94141   8.04469   9.8041525627E-001
   4.94141   9.05028   9.7525635117E-001
   4.94141  10.05587   9.6951193245E-001
   4.94141  11.06145   9.6318907718E-001
   4.94141  12.06704   9.5629557511E-001
   4.94141  13.07263   9.4883991899E-001
   4.94141  14.07821   9.4083129416E-001
   4.94141  15.08380   9.3227956721E-001
   4.94141  16.08939   9.2319527383E-001
   4.94141  17.09497   9.1358960582E-001
   4.94141  18.10056   9.0347439733E-001
   4.94141  19.10615   8.9286211024E-001
   4.94141  20.11173   8.8176581883E-001
   4.94141  21.11732   8.7019919371E-001
   4.94141  22.12291   8.5817648488E-001
   4.94141  23.12849   8.4571250427E-001
   4.94141  24.13408   8.3282260745E-001
   4.94141  25.13966   8.1952267472E-001
   4.94141  26.14525   8.0582909152E-001
   4.94141  27.15084   7.9175872829E-001
   4.94141  28.15642   7.7732891966E-001
   4.94141  29.16201   7.6255744307E-001
   4.94141  30.16760   7.4746249693E-001
   4.94141  31.17318   7.3206267813E-001
   4.94141  32.17877   7.1637695918E-001
   4.94141  33.18436   7.0042466481E-001
   4.94141  34.18994   6.8422544818E-001
   4.94141  35.19553   6.6779926665E-001
   4.94141  36.20112   6.5116635720E-001
   4.94141  37.20670   6.3434721149E-001
   4.94141  38.21229   6.1736255064E-001
   4.94141  39.21788   6.0023329966E-001
   4.94141  40.22346   5.8298056172E-001
   4.94141  41.22905   5.6562559212E-001
   4.94141  42.23464   5.4818977208E-001
   4.94141  43.24022   5.3069458247E-001
   4.94141  44.24581   5.1316157728E-001
   4.94141  45.25140   4.9561235708E-001
   4.94141  46.25698   4.7806854244E-001
   4.94141  47.26257   4.6055174725E-001
   4.94141  48.26816   4.4308355213E-001
   4.94141  49.27374   4.2568547781E-001
   4.94141  50.27933   4.0837895863E-001
   4.94141  51.28492   3.9118531616E-001
   4.94141  52.29050   3.7412573288E-001
   4.94141  53.29609   3.5722122611E-001
   4.94141  54.30168   3.4049262214E-001
   4.94141  55.30726   3.2396053052E-001
   4.94141  56.31285   3.0764531871E-001
   4.94141  57.31844   2.9156708699E-001
   4.94141  58.32402   2.7574564365E-001
   4.94141  59.32961   2.6020048064E-001
   4.94141  60.33520   2.4495074954E-001
   4.94141  61.34078   2.3001523794E-001
   4.94141  62.34637   2.1541234632E-001
   4.94141  63.35196   2.0116006537E-001
   4.94141  64.35754   1.8727595385E-001
   4.94141  65.36313   1.7377711691E-001
   4.94141  66.36872   1.6068018506E-001
   4.94141  67.37430   1.4800129365E-001
   4.94141  68.37989   1.3575606303E-001
   4.94141  69.38547   1.2395957926E-001
   4.94141  70.39106   1.1262637556E-001
   4.94141  71.39665   1.0177041437E-001
   4.94141  72.40223   9.1405070194E-002
   4.94141  73.40782   8.1543113090E-002
   4.94141  74.41341   7.2196692940E-002
   4.94141  75.41899   6.3377324492E-002
   4.94141  76.42458   5.5095873167E-002
   4.94141  77.43017   4.7362541675E-002
   4.94141  78.43575   4.0186857444E-002
   4.94141  79.44134   3.3577660884E-002
   4.94141  80.44693   2.7543094495E-002
   4.94141  81.45251   2.2090592836E-002
   4.94141  82.45810   1.7226873362E-002
   4.94141  83.46369   1.2957928154E-002
   4.94141  84.46927   9.2890165331E-003
   4.94141  85.47486   6.2246585807E-003
   4.94141  86.48045   3.7686295721E-003
   4.94141  87.48603   1.9239553236E-003
   4.94141  88.49162   6.9290846547E-004
   4.94141  89.49721   7.7005641668E-005
   4.94141  90.50279   7.7005641668E-005
   4.94141  91.50838   6.9290846547E-004
   4.94141  92.51397   1.9239553236E-003
   4.94141  93.51955   3.7686295721E-003
   4.94141  94.52514   6.2246585807E-003
   4.94141  95.53073   9.2890165331E-003
   4.94141  96.53631   1.2957928154E-002
   4.94141  97.54190   1.7226873362E-002
   4.94141  98.54749   2.2090592836E-002
   4.94141  99.55307   2.7543094495E-002
   4.94141 100.55866   3.3577660884E-002
   4.94141 101.56425   4.0186857444E-002
   4.94141 102.56983   4.7362541675E-002
   4.94141 103.57542   5.5095873167E-002
   4.94141 104.58101   6.3377324492E-002
   4.94141 105.58659   7.2196692940E-002
   4.94141 106.59218   8.1543113090E-002
   4.94141 107.59777   9.1405070194E-002
   4.94141 108.60335   1.0177041437E-001
   4.94141 109.60894   1.1262637556E-001
   4.94141 110.61453   1.2395957926E-001
   4.94141 111.62011   1.3575606303E-001
   4.94141 112.62570   1.4800129365E-001
   4.94141 113.63128   1.6068018506E-001
   4.94141 114.63687   1.7377711691E-001
   4.94141 115.64246   1.8727595385E-001
   4.94141 116.64804   2.0116006537E-001
   4.94141 117.65363   2.1541234632E-001
   4.94141 118.65922   2.3001523794E-001
   4.94141 119.66480   2.4495074954E-001
   4.94141 120.67039   2.6020048064E-001
   4.94141 121.67598   2.7574564365E-001
   4.94141 122.68156   2.9156708699E-001
   4.94141 123.68715   3.0764531871E-001
   4.94141 124.69274   3.2396053052E-001
   4.94141 125.69832   3.4049262214E-001
   4.94141 126.70391   3.5722122611E-001
   4.94141 127.70950   3.7412573288E-001
   4.94141 128.71508   3.9118531616E-001
   4.94141 129.72067   4.0837895863E-001
   4.94141 130.72626   4.2568547781E-001
   4.94141 131.73184   4.4308355213E-001
   4.94141 132.73743   4.6055174725E-001
   4.94141 133.74302   4.7806854244E-001
   4.94141 134.74860   4.9561235708E-001
   4.94141 135.75419   5.1316157728E-001
   4.94141 136.75978   5.3069458247E-001
   4.94141 137.76536   5.4818977208E-001
   4.94141 138.77095   5.6562559212E-001
   4.94141 139.77654   5.8298056172E-001
   4.94141 140.78212   6.0023329966E-001
   4.94141 141.78771   6.1736255064E-001
   4.94141 142.79330   6.3434721149E-001
   4.94141 143.79888   6.5116635720E-001
   4.94141 144.80447   6.6779926665E-001
   4.94141 145.81006   6.8422544818E-001
   4.94141 146.81564   7.0042466481E-001
   4.94141 147.82123   7.1637695918E-001
   4.94141 148.82682   7.3206267813E-001
   4.94141 149.83240   7.4746249693E-001
   4.94141 150.83799   7.6255744307E-001
   4.94141 151.84358   7.7732891966E-001
   4.94141 152.84916   7.9175872829E-001
   4.94141 153.85475   8.0582909152E-001
   4.94141 154.86034   8.1952267472E-001
   4.94141 155.86592   8.3282260745E-001
   4.94141 156.87151   8.4571250427E-001
   4.94141 157.87709   8.5817648488E-001
   4.94141 158.88268   8.7019919371E-001
   4.94141 159.88827   8.8176581883E-001
   4.94141 160.89385   8.9286211024E-001
   4.94141 161.89944   9.0347439733E-001
   4.94141 162.90503   9.1358960582E-001
   4.94141 163.91061   9.2319527383E-001
   4.94141 164.91620   9.3227956721E-001
   4.94141 165.92179   9.4083129416E-001
   4.94141 166.92737   9.4883991899E-001
   4.94141 167.93296   9.5629557511E-001
   4.94141 168.93855   9.6318907718E-001
   4.94141 169.94413   9.6951193245E-001
   4.94141 170.94972   9.7525635117E-001
   4.94141 171.95531   9.8041525627E-001
   4.94141 172.96089   9.8498229199E-001
   4.94141 173.96648   9.8895183176E-001
   4.94141 174.97207   9.9231898512E-001
   4.94141 175.97765   9.9507960377E-001
   4.94141 176.98324   9.9723028663E-001
   4.94141 177.98883   9.9876838406E-001
   4.94141 178.99441   9.9969200115E-001
   4.94141 180.00000   1.0000000000E+000

   5.00404   0.00000   4.8016951974E-310
   5.00404   1.00559   9.9969200115E-001
   5.00404   2.01117   9.9876838406E-001
   5.00404   3.01676   9.9723028663E-001
   5.00404   4.02235   9.9507960377E-001
   5.00404   5.02793   9.9231898512E-001
   5.00404   6.03352   9.8895183176E-001
   5.00404   7.03911   9.8498229199E-001
   5.00404   8.04469   9.8041525627E-001
   5.00404   9.05028   9.7525635117E-001
   5.00404  10.05587   9.6951193245E-001
   5.00404  11.06145   9.6318907718E-001
   5.00404  12.06704   9.5629557511E-001
   5.00404  13.07263   9.4883991899E-001
   5.00404  14.07821   9.4083129416E-001
   5.00404  15.08380   9.3227956721E-001
   5.00404  16.08939   9.2319527383E-001
   5.00404  17.09497   9.1358960582E-001
   5.00404  18.10056   9.0347439733E-001
   5.00404  19.10615   8.9286211024E-001
   5.00404  20.11173   8.8176581883E-001
   5.00404  21.11732   8.7019919371E-001
   5.00404  22.12291   8.5817648488E-001
   5.00404  23.12849   8.4571250427E-001
   5.00404  24.13408   8.3282260745E-001
   5.00404  25.13966   8.1952267472E-001
   5.00404  26.14525   8.0582909152E-001
   5.00404  27.15084   7.9175872829E-001
   5.00404  28.15642   7.7732891966E-001
   5.00404  29.16201   7.6255744307E-001
   5.00404  30.16760   7.4746249693E-001
   5.00404  31.17318   7.3206267813E-001
   5.00404  32.17877   7.1637695918E-001
   5.00404  33.18436   7.0042466481E-001
   5.00404  34.18994   6.8422544818E-001
   5.00404  35.19553   6.6779926665E-001
   5.00404  36.20112   6.5116635720E-001
   5.00404  37.20670   6.3434721149E-001
   5.00404  38.21229   6.1736255064E-001
   5.00404  39.21788   6.0023329966E-001
   5.00404  40.22346   5.8298056172E-001
   5.00404  41.22905   5.6562559212E-001
   5.00404  42.23464   5.4818977208E-001
   5.00404  43.24022   5.3069458247E-001
   5.00404  44.24581   5.1316157728E-001
   5.00404  45.25140   4.9561235708E-001
   5.00404  46.25698   4.7806854244E-001
   5.00404  47.26257   4.6055174725E-001
   5.00404  48.26816   4.4308355213E-001
   5.00404  49.27374   4.2568547781E-001
   5.00404  50.27933   4.0837895863E-001
   5.00404  51.28492   3.9118531616E-001
   5.00404  52.29050   3.7412573288E-001
   5.00404  53.29609   3.5722122611E-001
   5.00404  54.30168   3.4049262214E-001
   5.00404  55.30726   3.2396053052E-001
   5.00404  56.31285   3.0764531871E-001
   5.00404  57.31844   2.9156708699E-001
   5.00404  58.32402   2.7574564365E-001
   5.00404  59.32961   2.6020048064E-001
   5.00404  60.33520   2.4495074954E-001
   5.00404  61.34078   2.3001523794E-001
   5.00404  62.34637   2.1541234632E-001
   5.00404  63.35196   2.0116006537E-001
   5.00404  64.35754   1.8727595385E-001
   5.00404  65.36313   1.7377711691E-001
   5.00404  66.36872   1.6068018506E-001
   5.00404  67.37430   1.4800129365E-001
   5.00404  68.37989   1.3575606303E-001
   5.00404  69.38547   1.2395957926E-001
   5.00404  70.39106   1.1262637556E-001
   5.00404  71.39665   1.0177041437E-001
   5.00404  72.40223   9.1405070194E-002
   5.00404  73.40782   8.1543113090E-002
   5.00404  74.41341   7.2196692940E-002
   5.00404  75.41899   6.3377324492E-002
   5.00404  76.42458   5.5095873167E-002
   5.00404  77.43017   4.7362541675E-002
   5.00404  78.43575   4.0186857444E-002
   5.00404  79.44134   3.3577660884E-002
   5.00404  80.44693   2.7543094495E-002
   5.00404  81.45251   2.2090592836E-002
   5.00404  82.45810   1.7226873362E-002
   5.00404  83.46369   1.2957928154E-002
   5.00404  84.46927   9.2890165331E-003
   5.00404  85.47486   6.2246585807E-003
   5.00404  86.48045   3.7686295721E-003
   5.00404  87.48603   1.9239553236E-003
   5.00404  88.49162   6.9290846547E-004
   5.00404  89.49721   7.7005641668E-005
   5.00404  90.50279   7.7005641668E-005
   5.00404  91.50838   6.9290846547E-004
   5.00404  92.51397   1.9239553236E-003
   5.00404  93.51955   3.7686295721E-003
   5.00404  94.52514   6.2246585807E-003
   5.00404  95.53073   9.2890165331E-003
   5.00404  96.53631   1.2957928154E-002
   5.00404  97.54190   1.7226873362E-002
   5.00404  98.54749   2.2090592836E-002
   5.00404  99.55307   2.7543094495E-002
   5.00404 100.55866   3.3577660884E-002
   5.00404 101.56425   4.0186857444E-002
   5.00404 102.56983   4.7362541675E-002
   5.00404 103.57542   5.5095873167E-002
   5.00404 104.58101   6.3377324492E-002
   5.00404 105.58659   7.2196692940E-002
   5.00404 106.59218   8.1543113090E-002
   5.00404 107.59777   9.1405070194E-002
   5.00404 108.60335   1.0177041437E-001
   5.00404 109.60894   1.1262637556E-001
   5.00404 110.61453   1.2395957926E-001
   5.00404 111.62011   1.3575606303E-001
   5.00404 112.62570   1.4800129365E-001
   5.00404 113.63128   1.6068018506E-001
   5.00404 114.63687   1.7377711691E-001
   5.00404 115.64246   1.8727595385E-001
   5.00404 116.64804   2.0116006537E-001
   5.00404 117.65363   2.1541234632E-001
   5.00404 118.65922   2.3001523794E-001
   5.00404 119.66480   2.4495074954E-001
   5.00404 120.67039   2.6020048064E-001
   5.00404 121.67598   2.7574564365E-001
   5.00404 122.68156   2.9156708699E-001
   5.00404 123.68715   3.0764531871E-001
   5.00404 124.69274   3.2396053052E-001
   5.00404 125.69832   3.4049262214E-001
   5.00404 126.70391   3.5722122611E-001
   5.00404 127.70950   3.7412573288E-001
   5.00404 128.71508   3.9118531616E-001
   5.00404 129.72067   4.0837895863E-001
   5.00404 130.72626   4.2568547781E-001
   5.00404 131.73184   4.4308355213E-001
   5.00404 132.73743   4.6055174725E-001
   5.00404 133.74302   4.7806854244E-001
   5.00404 134.74860   4.9561235708E-001
   5.00404 135.75419   5.1316157728E-001
   5.00404 136.75978   5.3069458247E-001
   5.00404 137.76536   5.4818977208E-001
   5.00404 138.77095   5.6562559212E-001
   5.00404 139.77654   5.8298056172E-001
   5.00404 140.78212   6.0023329966E-001
   5.00404 141.78771   6.1736255064E-001
   5.00404 142.79330   6.3434721149E-001
   5.00404 143.79888   6.5116635720E-001
   5.00404 144.80447   6.6779926665E-001
   5.00404 145.81006   6.8422544818E-001
   5.00404 146.81564   7.0042466481E-001
   5.00404 147.82123   7.1637695918E-001
   5.00404 148.82682   7.3206267813E-001
   5.00404 149.83240   7.4746249693E-001
   5.00404 150.83799   7.6255744307E-001
   5.00404 151.84358   7.7732891966E-001
   5.00404 152.84916   7.9175872829E-001
   5.00404 153.85475   8.0582909152E-001
   5.00404 154.86034   8.1952267472E-001
   5.00404 155.86592   8.3282260745E-001
   5.00404 156.87151   8.4571250427E-001
   5.00404 157.87709   8.5817648488E-001
   5.00404 158.88268   8.7019919371E-001
   5.00404 159.88827   8.8176581883E-001
   5.00404 160.89385   8.9286211024E-001
   5.00404 161.89944   9.0347439733E-001
   5.00404 162.90503   9.1358960582E-001
   5.00404 163.91061   9.2319527383E-001
   5.00404 164.91620   9.3227956721E-001
   5.00404 165.92179   9.4083129416E-001
   5.00404 166.92737   9.4883991899E-001
   5.00404 167.93296   9.5629557511E-001
   5.00404 168.93855   9.6318907718E-001
   5.00404 169.94413   9.6951193245E-001
   5.00404 170.94972   9.7525635117E-001
   5.00404 171.95531   9.8041525627E-001
   5.00404 172.96089   9.8498229199E-001
   5.00404 173.96648   9.8895183176E-001
   5.00404 174.97207   9.9231898512E-001
   5.00404 175.97765   9.9507960377E-001
   5.00404 176.98324   9.9723028663E-001
   5.00404 177.98883   9.9876838406E-001
   5.00404 178.99441   9.9969200115E-001
   5.00404 180.00000   1.0000000000E+000

   5.06667   0.00000   4.8016951974E-310
   5.06667   1.00559   9.9969200115E-001
   5.06667   2.01117   9.9876838406E-001
   5.06667   3.01676   9.9723028663E-001
   5.06667   4.02235   9.9507960377E-001
   5.06667   5.02793   9.9231898512E-001
   5.06667   6.03352   9.8895183176E-001
   5.06667   7.03911   9.8498229199E-001
   5.06667   8.04469   9.8041525627E-001
   5.06667   9.05028   9.7525635117E-001
   5.06667  10.05587   9.6951193245E-001
   5.06667  11.06145   9.6318907718E-001
   5.06667  12.06704   9.5629557511E-001
   5.06667  13.07263   9.4883991899E-001
   5.06667  14.07821   9.4083129416E-001
   5.06667  15.08380   9.3227956721E-001
   5.06667  16.08939   9.2319527383E-001
   5.06667  17.09497   9.1358960582E-001
   5.06667  18.10056   9.0347439733E-001
   5.06667  19.10615   8.9286211024E-001
   5.06667  20.11173   8.8176581883E-001
   5.06667  21.11732   8.7019919371E-001
   5.06667  22.12291   8.5817648488E-001
   5.06667  23.12849   8.4571250427E-001
   5.06667  24.13408   8.3282260745E-001
   5.06667  25.13966   8.1952267472E-001
   5.06667  26.14525   8.0582909152E-001
   5.06667  27.15084   7.9175872829E-001
   5.06667  28.15642   7.7732891966E-001
   5.06667  29.16201   7.6255744307E-001
   5.06667  30.16760   7.4746249693E-001
   5.06667  31.17318   7.3206267813E-001
   5.06667  32.17877   7.1637695918E-001
   5.06667  33.18436   7.0042466481E-001
   5.06667  34.18994   6.8422544818E-001
   5.06667  35.19553   6.6779926665E-001
   5.06667  36.20112   6.5116635720E-001
   5.06667  37.20670   6.3434721149E-001
   5.06667  38.21229   6.1736255064E-001
   5.06667  39.21788   6.0023329966E-001
   5.06667  40.22346   5.8298056172E-001
   5.06667  41.22905   5.6562559212E-001
   5.06667  42.23464   5.4818977208E-001
   5.06667  43.24022   5.3069458247E-001
   5.06667  44.24581   5.1316157728E-001
   5.06667  45.25140   4.9561235708E-001
   5.06667  46.25698   4.7806854244E-001
   5.06667  47.26257   4.6055174725E-001
   5.06667  48.26816   4.4308355213E-001
   5.06667  49.27374   4.2568547781E-001
   5.06667  50.27933   4.0837895863E-001
   5.06667  51.28492   3.9118531616E-001
   5.06667  52.29050   3.7412573288E-001
   5.06667  53.29609   3.5722122611E-001
   5.06667  54.30168   3.4049262214E-001
   5.06667  55.30726   3.2396053052E-001
   5.06667  56.31285   3.0764531871E-001
   5.06667  57.31844   2.9156708699E-001
   5.06667  58.32402   2.7574564365E-001
   5.06667  59.32961   2.6020048064E-001
   5.06667  60.33520   2.4495074954E-001
   5.06667  61.34078   2.3001523794E-001
   5.06667  62.34637   2.1541234632E-001
   5.06667  63.35196   2.0116006537E-001
   5.06667  64.35754   1.8727595385E-001
   5.06667  65.36313   1.7377711691E-001
   5.06667  66.36872   1.6068018506E-001
   5.06667  67.37430   1.4800129365E-001
   5.06667  68.37989   1.3575606303E-001
   5.06667  69.38547   1.2395957926E-001
   5.06667  70.39106   1.1262637556E-001
   5.06667  71.39665   1.0177041437E-001
   5.06667  72.40223   9.1405070194E-002
   5.06667  73.40782   8.1543113090E-002
   5.06667  74.41341   7.2196692940E-002
   5.06667  75.41899   6.3377324492E-002
   5.06667  76.42458   5.5095873167E-002
   5.06667  77.43017   4.7362541675E-002
   5.06667  78.43575   4.0186857444E-002
   5.06667  79.44134   3.3577660884E-002
   5.06667  80.44693   2.7543094495E-002
   5.06667  81.45251   2.2090592836E-002
   5.06667  82.45810   1.7226873362E-002
   5.06667  83.46369   1.2957928154E-002
   5.06667  84.46927   9.2890165331E-003
   5.06667  85.47486   6.2246585807E-003
   5.06667  86.48045   3.7686295721E-003
   5.06667  87.48603   1.9239553236E-003
   5.06667  88.49162   6.9290846547E-004
   5.06667  89.49721   7.7005641668E-005
   5.06667  90.50279   7.7005641668E-005
   5.06667  91.50838   6.9290846547E-004
   5.06667  92.51397   1.9239553236E-003
   5.06667  93.51955   3.7686295721E-003
   5.06667  94.52514   6.2246585807E-003
   5.06667  95.53073   9.2890165331E-003
   5.06667  96.53631   1.2957928154E-002
   5.06667  97.54190   1.7226873362E-002
   5.06667  98.54749   2.2090592836E-002
   5.06667  99.55307   2.7543094495E-002
   5.06667 100.55866   3.3577660884E-002
   5.06667 101.56425   4.0186857444E-002
   5.06667 102.56983   4.7362541675E-002
   5.06667 103.57542   5.5095873167E-002
   5.06667 104.58101   6.3377324492E-002
   5.06667 105.58659   7.2196692940E-002
   5.06667 106.59218   8.1543113090E-002
   5.06667 107.59777   9.1405070194E-002
   5.06667 108.60335   1.0177041437E-001
   5.06667 109.60894   1.1262637556E-001
   5.06667 110.61453   1.2395957926E-001
   5.06667 111.62011   1.3575606303E-001
   5.06667 112.62570   1.4800129365E-001
   5.06667 113.63128   1.6068018506E-001
   5.06667 114.63687   1.7377711691E-001
   5.06667 115.64246   1.8727595385E-001
   5.06667 116.64804   2.0116006537E-001
   5.06667 117.65363   2.1541234632E-001
   5.06667 118.65922   2.3001523794E-001
   5.06667 119.66480   2.4495074954E-001
   5.06667 120.67039   2.6020048064E-001
   5.06667 121.67598   2.7574564365E-001
   5.06667 122.68156   2.9156708699E-001
   5.06667 123.68715   3.0764531871E-001
   5.06667 124.69274   3.2396053052E-001
   5.06667 125.69832   3.4049262214E-001
   5.06667 126.70391   3.5722122611E-001
   5.06667 127.70950   3.7412573288E-001
   5.06667 128.71508   3.9118531616E-001
   5.06667 129.72067   4.0837895863E-001
   5.06667 130.72626   4.2568547781E-001
   5.06667 131.73184   4.4308355213E-001
   5.06667 132.73743   4.6055174725E-001
   5.06667 133.74302   4.7806854244E-001
   5.06667 134.74860   4.9561235708E-001
   5.06667 135.75419   5.1316157728E-001
   5.06667 136.75978   5.3069458247E-001
   5.06667 137.76536   5.4818977208E-001
   5.06667 138.77095   5.6562559212E-001
   5.06667 139.77654   5.8298056172E-001
   5.06667 140.78212   6.0023329966E-001
   5.06667 141.78771   6.1736255064E-001
   5.06667 142.79330   6.3434721149E-001
   5.06667 143.79888   6.5116635720E-001
   5.06667 144.80447   6.6779926665E-001
   5.06667 145.81006   6.8422544818E-001
   5.06667 146.81564   7.0042466481E-001
   5.06667 147.82123   7.1637695918E-001
   5.06667 148.82682   7.3206267813E-001
   5.06667 149.83240   7.4746249693E-001
   5.06667 150.83799   7.6255744307E-001
   5.06667 151.84358   7.7732891966E-001
   5.06667 152.84916   7.9175872829E-001
   5.06667 153.85475   8.0582909152E-001
   5.06667 154.86034   8.1952267472E-001
   5.06667 155.86592   8.3282260745E-001
   5.06667 156.87151   8.4571250427E-001
   5.06667 157.87709   8.5817648488E-001
   5.06667 158.88268   8.7019919371E-001
   5.06667 159.88827   8.8176581883E-001
   5.06667 160.89385   8.9286211024E-001
   5.06667 161.89944   9.0347439733E-001
   5.06667 162.90503   9.1358960582E-001
   5.06667 163.91061   9.2319527383E-001
   5.06667 164.91620   9.3227956721E-001
   5.06667 165.92179   9.4083129416E-001
   5.06667 166.92737   9.4883991899E-001
   5.06667 167.93296   9.5629557511E-001
   5.06667 168.93855   9.6318907718E-001
   5.06667 169.94413   9.6951193245E-001
   5.06667 170.94972   9.7525635117E-001
   5.06667 171.95531   9.8041525627E-001
   5.06667 172.96089   9.8498229199E-001
   5.06667 173.96648   9.8895183176E-001
   5.06667 174.97207   9.9231898512E-001
   5.06667 175.97765   9.9507960377E-001
   5.06667 176.98324   9.9723028663E-001
   5.06667 177.98883   9.9876838406E-001
   5.06667 178.99441   9.9969200115E-001
   5.06667 180.00000   1.0000000000E+000

   5.12929   0.00000   4.8016951974E-310
   5.12929   1.00559   9.9969200115E-001
   5.12929   2.01117   9.9876838406E-001
   5.12929   3.01676   9.9723028663E-001
   5.12929   4.02235   9.9507960377E-001
   5.12929   5.02793   9.9231898512E-001
   5.12929   6.03352   9.8895183176E-001
   5.12929   7.03911   9.8498229199E-001
   5.12929   8.04469   9.8041525627E-001
   5.12929   9.05028   9.7525635117E-001
   5.12929  10.05587   9.6951193245E-001
   5.12929  11.06145   9.6318907718E-001
   5.12929  12.06704   9.5629557511E-001
   5.12929  13.07263   9.4883991899E-001
   5.12929  14.07821   9.4083129416E-001
   5.12929  15.08380   9.3227956721E-001
   5.12929  16.08939   9.2319527383E-001
   5.12929  17.09497   9.1358960582E-001
   5.12929  18.10056   9.0347439733E-001
   5.12929  19.10615   8.9286211024E-001
   5.12929  20.11173   8.8176581883E-001
   5.12929  21.11732   8.7019919371E-001
   5.12929  22.12291   8.5817648488E-001
   5.12929  23.12849   8.4571250427E-001
   5.12929  24.13408   8.3282260745E-001
   5.12929  25.13966   8.1952267472E-001
   5.12929  26.14525   8.0582909152E-001
   5.12929  27.15084   7.9175872829E-001
   5.12929  28.15642   7.7732891966E-001
   5.12929  29.16201   7.6255744307E-001
   5.12929  30.16760   7.4746249693E-001
   5.12929  31.17318   7.3206267813E-001
   5.12929  32.17877   7.1637695918E-001
   5.12929  33.18436   7.0042466481E-001
   5.12929  34.18994   6.8422544818E-001
   5.12929  35.19553   6.6779926665E-001
   5.12929  36.20112   6.5116635720E-001
   5.12929  37.20670   6.3434721149E-001
   5.12929  38.21229   6.1736255064E-001
   5.12929  39.21788   6.0023329966E-001
   5.12929  40.22346   5.8298056172E-001
   5.12929  41.22905   5.6562559212E-001
   5.12929  42.23464   5.4818977208E-001
   5.12929  43.24022   5.3069458247E-001
   5.12929  44.24581   5.1316157728E-001
   5.12929  45.25140   4.9561235708E-001
   5.12929  46.25698   4.7806854244E-001
   5.12929  47.26257   4.6055174725E-001
   5.12929  48.26816   4.4308355213E-001
   5.12929  49.27374   4.2568547781E-001
   5.12929  50.27933   4.0837895863E-001
   5.12929  51.28492   3.9118531616E-001
   5.12929  52.29050   3.7412573288E-001
   5.12929  53.29609   3.5722122611E-001
   5.12929  54.30168   3.4049262214E-001
   5.12929  55.30726   3.2396053052E-001
   5.12929  56.31285   3.0764531871E-001
   5.12929  57.31844   2.9156708699E-001
   5.12929  58.32402   2.7574564365E-001
   5.12929  59.32961   2.6020048064E-001
   5.12929  60.33520   2.4495074954E-001
   5.12929  61.34078   2.3001523794E-001
   5.12929  62.34637   2.1541234632E-001
   5.12929  63.35196   2.0116006537E-001
   5.12929  64.35754   1.8727595385E-001
   5.12929  65.36313   1.7377711691E-001
   5.12929  66.36872   1.6068018506E-001
   5.12929  67.37430   1.4800129365E-001
   5.12929  68.37989   1.3575606303E-001
   5.12929  69.38547   1.2395957926E-001
   5.12929  70.39106   1.1262637556E-001
   5.12929  71.39665   1.0177041437E-001
   5.12929  72.40223   9.1405070194E-002
   5.12929  73.40782   8.1543113090E-002
   5.12929  74.41341   7.2196692940E-002
   5.12929  75.41899   6.3377324492E-002
   5.12929  76.42458   5.5095873167E-002
   5.12929  77.43017   4.7362541675E-002
   5.12929  78.43575   4.0186857444E-002
   5.12929  79.44134   3.3577660884E-002
   5.12929  80.44693   2.7543094495E-002
   5.12929  81.45251   2.2090592836E-002
   5.12929  82.45810   1.7226873362E-002
   5.12929  83.46369   1.2957928154E-002
   5.12929  84.46927   9.2890165331E-003
   5.12929  85.47486   6.2246585807E-003
   5.12929  86.48045   3.7686295721E-003
   5.12929  87.48603   1.9239553236E-003
   5.12929  88.49162   6.9290846547E-004
   5.12929  89.49721   7.7005641668E-005
   5.12929  90.50279   7.7005641668E-005
   5.12929  91.50838   6.9290846547E-004
   5.12929  92.51397   1.9239553236E-003
   5.12929  93.51955   3.7686295721E-003
   5.12929  94.52514   6.2246585807E-003
   5.12929  95.53073   9.2890165331E-003
   5.12929  96.53631   1.2957928154E-002
   5.12929  97.54190   1.7226873362E-002
   5.12929  98.54749   2.2090592836E-002
   5.12929  99.55307   2.7543094495E-002
   5.12929 100.55866   3.3577660884E-002
   5.12929 101.56425   4.0186857444E-002
   5.12929 102.56983   4.7362541675E-002
   5.12929 103.57542   5.5095873167E-002
   5.12929 104.58101   6.3377324492E-002
   5.12929 105.58659   7.2196692940E-002
   5.12929 106.59218   8.1543113090E-002
   5.12929 107.59777   9.1405070194E-002
   5.12929 108.60335   1.0177041437E-001
   5.12929 109.60894   1.1262637556E-001
   5.12929 110.61453   1.2395957926E-001
   5.12929 111.62011   1.3575606303E-001
   5.12929 112.62570   1.4800129365E-001
   5.12929 113.63128   1.6068018506E-001
   5.12929 114.63687   1.7377711691E-001
   5.12929 115.64246   1.8727595385E-001
   5.12929 116.64804   2.0116006537E-001
   5.12929 117.65363   2.1541234632E-001
   5.12929 118.65922   2.3001523794E-001
   5.12929 119.66480   2.4495074954E-001
   5.12929 120.67039   2.6020048064E-001
   5.12929 121.67598   2.7574564365E-001
   5.12929 122.68156   2.9156708699E-001
   5.12929 123.68715   3.0764531871E-001
   5.12929 124.69274   3.2396053052E-001
   5.12929 125.69832   3.4049262214E-001
   5.12929 126.70391   3.5722122611E-001
   5.12929 127.70950   3.7412573288E-001
   5.12929 128.71508   3.9118531616E-001
   5.12929 129.72067   4.0837895863E-001
   5.12929 130.72626   4.2568547781E-001
   5.12929 131.73184   4.4308355213E-001
   5.12929 132.73743   4.6055174725E-001
   5.12929 133.74302   4.7806854244E-001
   5.12929 134.74860   4.9561235708E-001
   5.12929 135.75419   5.1316157728E-001
   5.12929 136.75978   5.3069458247E-001
   5.12929 137.76536   5.4818977208E-001
   5.12929 138.77095   5.6562559212E-001
   5.12929 139.77654   5.8298056172E-001
   5.12929 140.78212   6.0023329966E-001
   5.12929 141.78771   6.1736255064E-001
   5.12929 142.79330   6.3434721149E-001
   5.12929 143.79888   6.5116635720E-001
   5.12929 144.80447   6.6779926665E-001
   5.12929 145.81006   6.8422544818E-001
   5.12929 146.81564   7.0042466481E-001
   5.12929 147.82123   7.1637695918E-001
   5.12929 148.82682   7.3206267813E-001
   5.12929 149.83240   7.4746249693E-001
   5.12929 150.83799   7.6255744307E-001
   5.12929 151.84358   7.7732891966E-001
   5.12929 152.84916   7.9175872829E-001
   5.12929 153.85475   8.0582909152E-001
   5.12929 154.86034   8.1952267472E-001
   5.12929 155.86592   8.3282260745E-001
   5.12929 156.87151   8.4571250427E-001
   5.12929 157.87709   8.5817648488E-001
   5.12929 158.88268   8.7019919371E-001
   5.12929 159.88827   8.8176581883E-001
   5.12929 160.89385   8.9286211024E-001
   5.12929 161.89944   9.0347439733E-001
   5.12929 162.90503   9.1358960582E-001
   5.12929 163.91061   9.2319527383E-001
   5.12929 164.91620   9.3227956721E-001
   5.12929 165.92179   9.4083129416E-001
   5.12929 166.92737   9.4883991899E-001
   5.12929 167.93296   9.5629557511E-001
   5.12929 168.93855   9.6318907718E-001
   5.12929 169.94413   9.6951193245E-001
   5.12929 170.94972   9.7525635117E-001
   5.12929 171.95531   9.8041525627E-001
   5.12929 172.96089   9.8498229199E-001
   5.12929 173.96648   9.8895183176E-001
   5.12929 174.97207   9.9231898512E-001
   5.12929 175.97765   9.9507960377E-001
   5.12929 176.98324   9.9723028663E-001
   5.12929 177.98883   9.9876838406E-001
   5.12929 178.99441   9.9969200115E-001
   5.12929 180.00000   1.0000000000E+000

   5.19192   0.00000   4.8016951974E-310
   5.19192   1.00559   9.9969200115E-001
   5.19192   2.01117   9.9876838406E-001
   5.19192   3.01676   9.9723028663E-001
   5.19192   4.02235   9.9507960377E-001
   5.19192   5.02793   9.9231898512E-001
   5.19192   6.03352   9.8895183176E-001
   5.19192   7.03911   9.8498229199E-001
   5.19192   8.04469   9.8041525627E-001
   5.19192   9.05028   9.7525635117E-001
   5.19192  10.05587   9.6951193245E-001
   5.19192  11.06145   9.6318907718E-001
   5.19192  12.06704   9.5629557511E-001
   5.19192  13.07263   9.4883991899E-001
   5.19192  14.07821   9.4083129416E-001
   5.19192  15.08380   9.3227956721E-001
   5.19192  16.08939   9.2319527383E-001
   5.19192  17.09497   9.1358960582E-001
   5.19192  18.10056   9.0347439733E-001
   5.19192  19.10615   8.9286211024E-001
   5.19192  20.11173   8.8176581883E-001
   5.19192  21.11732   8.7019919371E-001
   5.19192  22.12291   8.5817648488E-001
   5.19192  23.12849   8.4571250427E-001
   5.19192  24.13408   8.3282260745E-001
   5.19192  25.13966   8.1952267472E-001
   5.19192  26.14525   8.0582909152E-001
   5.19192  27.15084   7.9175872829E-001
   5.19192  28.15642   7.7732891966E-001
   5.19192  29.16201   7.6255744307E-001
   5.19192  30.16760   7.4746249693E-001
   5.19192  31.17318   7.3206267813E-001
   5.19192  32.17877   7.1637695918E-001
   5.19192  33.18436   7.0042466481E-001
   5.19192  34.18994   6.8422544818E-001
   5.19192  35.19553   6.6779926665E-001
   5.19192  36.20112   6.5116635720E-001
   5.19192  37.20670   6.3434721149E-001
   5.19192  38.21229   6.1736255064E-001
   5.19192  39.21788   6.0023329966E-001
   5.19192  40.22346   5.8298056172E-001
   5.19192  41.22905   5.6562559212E-001
   5.19192  42.23464   5.4818977208E-001
   5.19192  43.24022   5.3069458247E-001
   5.19192  44.24581   5.1316157728E-001
   5.19192  45.25140   4.9561235708E-001
   5.19192  46.25698   4.7806854244E-001
   5.19192  47.26257   4.6055174725E-001
   5.19192  48.26816   4.4308355213E-001
   5.19192  49.27374   4.2568547781E-001
   5.19192  50.27933   4.0837895863E-001
   5.19192  51.28492   3.9118531616E-001
   5.19192  52.29050   3.7412573288E-001
   5.19192  53.29609   3.5722122611E-001
   5.19192  54.30168   3.4049262214E-001
   5.19192  55.30726   3.2396053052E-001
   5.19192  56.31285   3.0764531871E-001
   5.19192  57.31844   2.9156708699E-001
   5.19192  58.32402   2.7574564365E-001
   5.19192  59.32961   2.6020048064E-001
   5.19192  60.33520   2.4495074954E-001
   5.19192  61.34078   2.3001523794E-001
   5.19192  62.34637   2.1541234632E-001
   5.19192  63.35196   2.0116006537E-001
   5.19192  64.35754   1.8727595385E-001
   5.19192  65.36313   1.7377711691E-001
   5.19192  66.36872   1.6068018506E-001
   5.19192  67.37430   1.4800129365E-001
   5.19192  68.37989   1.3575606303E-001
   5.19192  69.38547   1.2395957926E-001
   5.19192  70.39106   1.1262637556E-001
   5.19192  71.39665   1.0177041437E-001
   5.19192  72.40223   9.1405070194E-002
   5.19192  73.40782   8.1543113090E-002
   5.19192  74.41341   7.2196692940E-002
   5.19192  75.41899   6.3377324492E-002
   5.19192  76.42458   5.5095873167E-002
   5.19192  77.43017   4.7362541675E-002
   5.19192  78.43575   4.0186857444E-002
   5.19192  79.44134   3.3577660884E-002
   5.19192  80.44693   2.7543094495E-002
   5.19192  81.45251   2.2090592836E-002
   5.19192  82.45810   1.7226873362E-002
   5.19192  83.46369   1.2957928154E-002
   5.19192  84.46927   9.2890165331E-003
   5.19192  85.47486   6.2246585807E-003
   5.19192  86.48045   3.7686295721E-003
   5.19192  87.48603   1.9239553236E-003
   5.19192  88.49162   6.9290846547E-004
   5.19192  89.49721   7.7005641668E-005
   5.19192  90.50279   7.7005641668E-005
   5.19192  91.50838   6.9290846547E-004
   5.19192  92.51397   1.9239553236E-003
   5.19192  93.51955   3.7686295721E-003
   5.19192  94.52514   6.2246585807E-003
   5.19192  95.53073   9.2890165331E-003
   5.19192  96.53631   1.2957928154E-002
   5.19192  97.54190   1.7226873362E-002
   5.19192  98.54749   2.2090592836E-002
   5.19192  99.55307   2.7543094495E-002
   5.19192 100.55866   3.3577660884E-002
   5.19192 101.56425   4.0186857444E-002
   5.19192 102.56983   4.7362541675E-002
   5.19192 103.57542   5.5095873167E-002
   5.19192 104.58101   6.3377324492E-002
   5.19192 105.58659   7.2196692940E-002
   5.19192 106.59218   8.1543113090E-002
   5.19192 107.59777   9.1405070194E-002
   5.19192 108.60335   1.0177041437E-001
   5.19192 109.60894   1.1262637556E-001
   5.19192 110.61453   1.2395957926E-001
   5.19192 111.62011   1.3575606303E-001
   5.19192 112.62570   1.4800129365E-001
   5.19192 113.63128   1.6068018506E-001
   5.19192 114.63687   1.7377711691E-001
   5.19192 115.64246   1.8727595385E-001
   5.19192 116.64804   2.0116006537E-001
   5.19192 117.65363   2.1541234632E-001
   5.19192 118.65922   2.3001523794E-001
   5.19192 119.66480   2.4495074954E-001
   5.19192 120.67039   2.6020048064E-001
   5.19192 121.67598   2.7574564365E-001
   5.19192 122.68156   2.9156708699E-001
   5.19192 123.68715   3.0764531871E-001
   5.19192 124.69274   3.2396053052E-001
   5.19192 125.69832   3.4049262214E-001
   5.19192 126.70391   3.5722122611E-001
   5.19192 127.70950   3.7412573288E-001
   5.19192 128.71508   3.9118531616E-001
   5.19192 129.72067   4.0837895863E-001
   5.19192 130.72626   4.2568547781E-001
   5.19192 131.73184   4.4308355213E-001
   5.19192 132.73743   4.6055174725E-001
   5.19192 133.74302   4.7806854244E-001
   5.19192 134.74860   4.9561235708E-001
   5.19192 135.75419   5.1316157728E-001
   5.19192 136.75978   5.3069458247E-001
   5.19192 137.76536   5.4818977208E-001
   5.19192 138.77095   5.6562559212E-001
   5.19192 139.77654   5.8298056172E-001
   5.19192 140.78212   6.0023329966E-001
   5.19192 141.78771   6.1736255064E-001
   5.19192 142.79330   6.3434721149E-001
   5.19192 143.79888   6.5116635720E-001
   5.19192 144.80447   6.6779926665E-001
   5.19192 145.81006   6.8422544818E-001
   5.19192 146.81564   7.0042466481E-001
   5.19192 147.82123   7.1637695918E-001
   5.19192 148.82682   7.3206267813E-001
   5.19192 149.83240   7.4746249693E-001
   5.19192 150.83799   7.6255744307E-001
   5.19192 151.84358   7.7732891966E-001
   5.19192 152.84916   7.9175872829E-001
   5.19192 153.85475   8.0582909152E-001
   5.19192 154.86034   8.1952267472E-001
   5.19192 155.86592   8.3282260745E-001
   5.19192 156.87151   8.4571250427E-001
   5.19192 157.87709   8.5817648488E-001
   5.19192 158.88268   8.7019919371E-001
   5.19192 159.88827   8.8176581883E-001
   5.19192 160.89385   8.9286211024E-001
   5.19192 161.89944   9.0347439733E-001
   5.19192 162.90503   9.1358960582E-001
   5.19192 163.91061   9.2319527383E-001
   5.19192 164.91620   9.3227956721E-001
   5.19192 165.92179   9.4083129416E-001
   5.19192 166.92737   9.4883991899E-001
   5.19192 167.93296   9.5629557511E-001
   5.19192 168.93855   9.6318907718E-001
   5.19192 169.94413   9.6951193245E-001
   5.19192 170.94972   9.7525635117E-001
   5.19192 171.95531   9.8041525627E-001
   5.19192 172.96089   9.8498229199E-001
   5.19192 173.96648   9.8895183176E-001
   5.19192 174.97207   9.9231898512E-001
   5.19192 175.97765   9.9507960377E-001
   5.19192 176.98324   9.9723028663E-001
   5.19192 177.98883   9.9876838406E-001
   5.19192 178.99441   9.9969200115E-001
   5.19192 180.00000   1.0000000000E+000

   5.25455   0.00000   4.8016951974E-310
   5.25455   1.00559   9.9969200115E-001
   5.25455   2.01117   9.9876838406E-001
   5.25455   3.01676   9.9723028663E-001
   5.25455   4.02235   9.9507960377E-001
   5.25455   5.02793   9.9231898512E-001
   5.25455   6.03352   9.8895183176E-001
   5.25455   7.03911   9.8498229199E-001
   5.25455   8.04469   9.8041525627E-001
   5.25455   9.05028   9.7525635117E-001
   5.25455  10.05587   9.6951193245E-001
   5.25455  11.06145   9.6318907718E-001
   5.25455  12.06704   9.5629557511E-001
   5.25455  13.07263   9.4883991899E-001
   5.25455  14.07821   9.4083129416E-001
   5.25455  15.08380   9.3227956721E-001
   5.25455  16.08939   9.2319527383E-001
   5.25455  17.09497   9.1358960582E-001
   5.25455  18.10056   9.0347439733E-001
   5.25455  19.10615   8.9286211024E-001
   5.25455  20.11173   8.8176581883E-001
   5.25455  21.11732   8.7019919371E-001
   5.25455  22.12291   8.5817648488E-001
   5.25455  23.12849   8.4571250427E-001
   5.25455  24.13408   8.3282260745E-001
   5.25455  25.13966   8.1952267472E-001
   5.25455  26.14525   8.0582909152E-001
   5.25455  27.15084   7.9175872829E-001
   5.25455  28.15642   7.7732891966E-001
   5.25455  29.16201   7.6255744307E-001
   5.25455  30.16760   7.4746249693E-001
   5.25455  31.17318   7.3206267813E-001
   5.25455  32.17877   7.1637695918E-001
   5.25455  33.18436   7.0042466481E-001
   5.25455  34.18994   6.8422544818E-001
   5.25455  35.19553   6.6779926665E-001
   5.25455  36.20112   6.5116635720E-001
   5.25455  37.20670   6.3434721149E-001
   5.25455  38.21229   6.1736255064E-001
   5.25455  39.21788   6.0023329966E-001
   5.25455  40.22346   5.8298056172E-001
   5.25455  41.22905   5.6562559212E-001
   5.25455  42.23464   5.4818977208E-001
   5.25455  43.24022   5.3069458247E-001
   5.25455  44.24581   5.1316157728E-001
   5.25455  45.25140   4.9561235708E-001
   5.25455  46.25698   4.7806854244E-001
   5.25455  47.26257   4.6055174725E-001
   5.25455  48.26816   4.4308355213E-001
   5.25455  49.27374   4.2568547781E-001
   5.25455  50.27933   4.0837895863E-001
   5.25455  51.28492   3.9118531616E-001
   5.25455  52.29050   3.7412573288E-001
   5.25455  53.29609   3.5722122611E-001
   5.25455  54.30168   3.4049262214E-001
   5.25455  55.30726   3.2396053052E-001
   5.25455  56.31285   3.0764531871E-001
   5.25455  57.31844   2.9156708699E-001
   5.25455  58.32402   2.7574564365E-001
   5.25455  59.32961   2.6020048064E-001
   5.25455  60.33520   2.4495074954E-001
   5.25455  61.34078   2.3001523794E-001
   5.25455  62.34637   2.1541234632E-001
   5.25455  63.35196   2.0116006537E-001
   5.25455  64.35754   1.8727595385E-001
   5.25455  65.36313   1.7377711691E-001
   5.25455  66.36872   1.6068018506E-001
   5.25455  67.37430   1.4800129365E-001
   5.25455  68.37989   1.3575606303E-001
   5.25455  69.38547   1.2395957926E-001
   5.25455  70.39106   1.1262637556E-001
   5.25455  71.39665   1.0177041437E-001
   5.25455  72.40223   9.1405070194E-002
   5.25455  73.40782   8.1543113090E-002
   5.25455  74.41341   7.2196692940E-002
   5.25455  75.41899   6.3377324492E-002
   5.25455  76.42458   5.5095873167E-002
   5.25455  77.43017   4.7362541675E-002
   5.25455  78.43575   4.0186857444E-002
   5.25455  79.44134   3.3577660884E-002
   5.25455  80.44693   2.7543094495E-002
   5.25455  81.45251   2.2090592836E-002
   5.25455  82.45810   1.7226873362E-002
   5.25455  83.46369   1.2957928154E-002
   5.25455  84.46927   9.2890165331E-003
   5.25455  85.47486   6.2246585807E-003
   5.25455  86.48045   3.7686295721E-003
   5.25455  87.48603   1.9239553236E-003
   5.25455  88.49162   6.9290846547E-004
   5.25455  89.49721   7.7005641668E-005
   5.25455  90.50279   7.7005641668E-005
   5.25455  91.50838   6.9290846547E-004
   5.25455  92.51397   1.9239553236E-003
   5.25455  93.51955   3.7686295721E-003
   5.25455  94.52514   6.2246585807E-003
   5.25455  95.53073   9.2890165331E-003
   5.25455  96.53631   1.2957928154E-002
   5.25455  97.54190   1.7226873362E-002
   5.25455  98.54749   2.2090592836E-002
   5.25455  99.55307   2.7543094495E-002
   5.25455 100.55866   3.3577660884E-002
   5.25455 101.56425   4.0186857444E-002
   5.25455 102.56983   4.7362541675E-002
   5.25455 103.57542   5.5095873167E-002
   5.25455 104.58101   6.3377324492E-002
   5.25455 105.58659   7.2196692940E-002
   5.25455 106.59218   8.1543113090E-002
   5.25455 107.59777   9.1405070194E-002
   5.25455 108.60335   1.0177041437E-001
   5.25455 109.60894   1.1262637556E-001
   5.25455 110.61453   1.2395957926E-001
   5.25455 111.62011   1.3575606303E-001
   5.25455 112.62570   1.4800129365E-001
   5.25455 113.63128   1.6068018506E-001
   5.25455 114.63687   1.7377711691E-001
   5.25455 115.64246   1.8727595385E-001
   5.25455 116.64804   2.0116006537E-001
   5.25455 117.65363   2.1541234632E-001
   5.25455 118.65922   2.3001523794E-001
   5.25455 119.66480   2.4495074954E-001
   5.25455 120.67039   2.6020048064E-001
   5.25455 121.67598   2.7574564365E-001
   5.25455 122.68156   2.9156708699E-001
   5.25455 123.68715   3.0764531871E-001
   5.25455 124.69274   3.2396053052E-001
   5.25455 125.69832   3.4049262214E-001
   5.25455 126.70391   3.5722122611E-001
   5.25455 127.70950   3.7412573288E-001
   5.25455 128.71508   3.9118531616E-001
   5.25455 129.72067   4.0837895863E-001
   5.25455 130.72626   4.2568547781E-001
   5.25455 131.73184   4.4308355213E-001
   5.25455 132.73743   4.6055174725E-001
   5.25455 133.74302   4.7806854244E-001
   5.25455 134.74860   4.9561235708E-001
   5.25455 135.75419   5.1316157728E-001
   5.25455 136.75978   5.3069458247E-001
   5.25455 137.76536   5.4818977208E-001
   5.25455 138.77095   5.6562559212E-001
   5.25455 139.77654   5.8298056172E-001
   5.25455 140.78212   6.0023329966E-001
   5.25455 141.78771   6.1736255064E-001
   5.25455 142.79330   6.3434721149E-001
   5.25455 143.79888   6.5116635720E-001
   5.25455 144.80447   6.6779926665E-001
   5.25455 145.81006   6.8422544818E-001
   5.25455 146.81564   7.0042466481E-001
   5.25455 147.82123   7.1637695918E-001
   5.25455 148.82682   7.3206267813E-001
   5.25455 149.83240   7.4746249693E-001
   5.25455 150.83799   7.6255744307E-001
   5.25455 151.84358   7.7732891966E-001
   5.25455 152.84916   7.9175872829E-001
   5.25455 153.85475   8.0582909152E-001
   5.25455 154.86034   8.1952267472E-001
   5.25455 155.86592   8.3282260745E-001
   5.25455 156.87151   8.4571250427E-001
   5.25455 157.87709   8.5817648488E-001
   5.25455 158.88268   8.7019919371E-001
   5.25455 159.88827   8.8176581883E-001
   5.25455 160.89385   8.9286211024E-001
   5.25455 161.89944   9.0347439733E-001
   5.25455 162.90503   9.1358960582E-001
   5.25455 163.91061   9.2319527383E-001
   5.25455 164.91620   9.3227956721E-001
   5.25455 165.92179   9.4083129416E-001
   5.25455 166.92737   9.4883991899E-001
   5.25455 167.93296   9.5629557511E-001
   5.25455 168.93855   9.6318907718E-001
   5.25455 169.94413   9.6951193245E-001
   5.25455 170.94972   9.7525635117E-001
   5.25455 171.95531   9.8041525627E-001
   5.25455 172.96089   9.8498229199E-001
   5.25455 173.96648   9.8895183176E-001
   5.25455 174.97207   9.9231898512E-001
   5.25455 175.97765   9.9507960377E-001
   5.25455 176.98324   9.9723028663E-001
   5.25455 177.98883   9.9876838406E-001
   5.25455 178.99441   9.9969200115E-001
   5.25455 180.00000   1.0000000000E+000

   5.31717   0.00000   4.8016951974E-310
   5.31717   1.00559   9.9969200115E-001
   5.31717   2.01117   9.9876838406E-001
   5.31717   3.01676   9.9723028663E-001
   5.31717   4.02235   9.9507960377E-001
   5.31717   5.02793   9.9231898512E-001
   5.31717   6.03352   9.8895183176E-001
   5.31717   7.03911   9.8498229199E-001
   5.31717   8.04469   9.8041525627E-001
   5.31717   9.05028   9.7525635117E-001
   5.31717  10.05587   9.6951193245E-001
   5.31717  11.06145   9.6318907718E-001
   5.31717  12.06704   9.5629557511E-001
   5.31717  13.07263   9.4883991899E-001
   5.31717  14.07821   9.4083129416E-001
   5.31717  15.08380   9.3227956721E-001
   5.31717  16.08939   9.2319527383E-001
   5.31717  17.09497   9.1358960582E-001
   5.31717  18.10056   9.0347439733E-001
   5.31717  19.10615   8.9286211024E-001
   5.31717  20.11173   8.8176581883E-001
   5.31717  21.11732   8.7019919371E-001
   5.31717  22.12291   8.5817648488E-001
   5.31717  23.12849   8.4571250427E-001
   5.31717  24.13408   8.3282260745E-001
   5.31717  25.13966   8.1952267472E-001
   5.31717  26.14525   8.0582909152E-001
   5.31717  27.15084   7.9175872829E-001
   5.31717  28.15642   7.7732891966E-001
   5.31717  29.16201   7.6255744307E-001
   5.31717  30.16760   7.4746249693E-001
   5.31717  31.17318   7.3206267813E-001
   5.31717  32.17877   7.1637695918E-001
   5.31717  33.18436   7.0042466481E-001
   5.31717  34.18994   6.8422544818E-001
   5.31717  35.19553   6.6779926665E-001
   5.31717  36.20112   6.5116635720E-001
   5.31717  37.20670   6.3434721149E-001
   5.31717  38.21229   6.1736255064E-001
   5.31717  39.21788   6.0023329966E-001
   5.31717  40.22346   5.8298056172E-001
   5.31717  41.22905   5.6562559212E-001
   5.31717  42.23464   5.4818977208E-001
   5.31717  43.24022   5.3069458247E-001
   5.31717  44.24581   5.1316157728E-001
   5.31717  45.25140   4.9561235708E-001
   5.31717  46.25698   4.7806854244E-001
   5.31717  47.26257   4.6055174725E-001
   5.31717  48.26816   4.4308355213E-001
   5.31717  49.27374   4.2568547781E-001
   5.31717  50.27933   4.0837895863E-001
   5.31717  51.28492   3.9118531616E-001
   5.31717  52.29050   3.7412573288E-001
   5.31717  53.29609   3.5722122611E-001
   5.31717  54.30168   3.4049262214E-001
   5.31717  55.30726   3.2396053052E-001
   5.31717  56.31285   3.0764531871E-001
   5.31717  57.31844   2.9156708699E-001
   5.31717  58.32402   2.7574564365E-001
   5.31717  59.32961   2.6020048064E-001
   5.31717  60.33520   2.4495074954E-001
   5.31717  61.34078   2.3001523794E-001
   5.31717  62.34637   2.1541234632E-001
   5.31717  63.35196   2.0116006537E-001
   5.31717  64.35754   1.8727595385E-001
   5.31717  65.36313   1.7377711691E-001
   5.31717  66.36872   1.6068018506E-001
   5.31717  67.37430   1.4800129365E-001
   5.31717  68.37989   1.3575606303E-001
   5.31717  69.38547   1.2395957926E-001
   5.31717  70.39106   1.1262637556E-001
   5.31717  71.39665   1.0177041437E-001
   5.31717  72.40223   9.1405070194E-002
   5.31717  73.40782   8.1543113090E-002
   5.31717  74.41341   7.2196692940E-002
   5.31717  75.41899   6.3377324492E-002
   5.31717  76.42458   5.5095873167E-002
   5.31717  77.43017   4.7362541675E-002
   5.31717  78.43575   4.0186857444E-002
   5.31717  79.44134   3.3577660884E-002
   5.31717  80.44693   2.7543094495E-002
   5.31717  81.45251   2.2090592836E-002
   5.31717  82.45810   1.7226873362E-002
   5.31717  83.46369   1.2957928154E-002
   5.31717  84.46927   9.2890165331E-003
   5.31717  85.47486   6.2246585807E-003
   5.31717  86.48045   3.7686295721E-003
   5.31717  87.48603   1.9239553236E-003
   5.31717  88.49162   6.9290846547E-004
   5.31717  89.49721   7.7005641668E-005
   5.31717  90.50279   7.7005641668E-005
   5.31717  91.50838   6.9290846547E-004
   5.31717  92.51397   1.9239553236E-003
   5.31717  93.51955   3.7686295721E-003
   5.31717  94.52514   6.2246585807E-003
   5.31717  95.53073   9.2890165331E-003
   5.31717  96.53631   1.2957928154E-002
   5.31717  97.54190   1.7226873362E-002
   5.31717  98.54749   2.2090592836E-002
   5.31717  99.55307   2.7543094495E-002
   5.31717 100.55866   3.3577660884E-002
   5.31717 101.56425   4.0186857444E-002
   5.31717 102.56983   4.7362541675E-002
   5.31717 103.57542   5.5095873167E-002
   5.31717 104.58101   6.3377324492E-002
   5.31717 105.58659   7.2196692940E-002
   5.31717 106.59218   8.1543113090E-002
   5.31717 107.59777   9.1405070194E-002
   5.31717 108.60335   1.0177041437E-001
   5.31717 109.60894   1.1262637556E-001
   5.31717 110.61453   1.2395957926E-001
   5.31717 111.62011   1.3575606303E-001
   5.31717 112.62570   1.4800129365E-001
   5.31717 113.63128   1.6068018506E-001
   5.31717 114.63687   1.7377711691E-001
   5.31717 115.64246   1.8727595385E-001
   5.31717 116.64804   2.0116006537E-001
   5.31717 117.65363   2.1541234632E-001
   5.31717 118.65922   2.3001523794E-001
   5.31717 119.66480   2.4495074954E-001
   5.31717 120.67039   2.6020048064E-001
   5.31717 121.67598   2.7574564365E-001
   5.31717 122.68156   2.9156708699E-001
   5.31717 123.68715   3.0764531871E-001
   5.31717 124.69274   3.2396053052E-001
   5.31717 125.69832   3.4049262214E-001
   5.31717 126.70391   3.5722122611E-001
   5.31717 127.70950   3.7412573288E-001
   5.31717 128.71508   3.9118531616E-001
   5.31717 129.72067   4.0837895863E-001
   5.31717 130.72626   4.2568547781E-001
   5.31717 131.73184   4.4308355213E-001
   5.31717 132.73743   4.6055174725E-001
   5.31717 133.74302   4.7806854244E-001
   5.31717 134.74860   4.9561235708E-001
   5.31717 135.75419   5.1316157728E-001
   5.31717 136.75978   5.3069458247E-001
   5.31717 137.76536   5.4818977208E-001
   5.31717 138.77095   5.6562559212E-001
   5.31717 139.77654   5.8298056172E-001
   5.31717 140.78212   6.0023329966E-001
   5.31717 141.78771   6.1736255064E-001
   5.31717 142.79330   6.3434721149E-001
   5.31717 143.79888   6.5116635720E-001
   5.31717 144.80447   6.6779926665E-001
   5.31717 145.81006   6.8422544818E-001
   5.31717 146.81564   7.0042466481E-001
   5.31717 147.82123   7.1637695918E-001
   5.31717 148.82682   7.3206267813E-001
   5.31717 149.83240   7.4746249693E-001
   5.31717 150.83799   7.6255744307E-001
   5.31717 151.84358   7.7732891966E-001
   5.31717 152.84916   7.9175872829E-001
   5.31717 153.85475   8.0582909152E-001
   5.31717 154.86034   8.1952267472E-001
   5.31717 155.86592   8.3282260745E-001
   5.31717 156.87151   8.4571250427E-001
   5.31717 157.87709   8.5817648488E-001
   5.31717 158.88268   8.7019919371E-001
   5.31717 159.88827   8.8176581883E-001
   5.31717 160.89385   8.9286211024E-001
   5.31717 161.89944   9.0347439733E-001
   5.31717 162.90503   9.1358960582E-001
   5.31717 163.91061   9.2319527383E-001
   5.31717 164.91620   9.3227956721E-001
   5.31717 165.92179   9.4083129416E-001
   5.31717 166.92737   9.4883991899E-001
   5.31717 167.93296   9.5629557511E-001
   5.31717 168.93855   9.6318907718E-001
   5.31717 169.94413   9.6951193245E-001
   5.31717 170.94972   9.7525635117E-001
   5.31717 171.95531   9.8041525627E-001
   5.31717 172.96089   9.8498229199E-001
   5.31717 173.96648   9.8895183176E-001
   5.31717 174.97207   9.9231898512E-001
   5.31717 175.97765   9.9507960377E-001
   5.31717 176.98324   9.9723028663E-001
   5.31717 177.98883   9.9876838406E-001
   5.31717 178.99441   9.9969200115E-001
   5.31717 180.00000   1.0000000000E+000

   5.37980   0.00000   4.8016951974E-310
   5.37980   1.00559   9.9969200115E-001
   5.37980   2.01117   9.9876838406E-001
   5.37980   3.01676   9.9723028663E-001
   5.37980   4.02235   9.9507960377E-001
   5.37980   5.02793   9.9231898512E-001
   5.37980   6.03352   9.8895183176E-001
   5.37980   7.03911   9.8498229199E-001
   5.37980   8.04469   9.8041525627E-001
   5.37980   9.05028   9.7525635117E-001
   5.37980  10.05587   9.6951193245E-001
   5.37980  11.06145   9.6318907718E-001
   5.37980  12.06704   9.5629557511E-001
   5.37980  13.07263   9.4883991899E-001
   5.37980  14.07821   9.4083129416E-001
   5.37980  15.08380   9.3227956721E-001
   5.37980  16.08939   9.2319527383E-001
   5.37980  17.09497   9.1358960582E-001
   5.37980  18.10056   9.0347439733E-001
   5.37980  19.10615   8.9286211024E-001
   5.37980  20.11173   8.8176581883E-001
   5.37980  21.11732   8.7019919371E-001
   5.37980  22.12291   8.5817648488E-001
   5.37980  23.12849   8.4571250427E-001
   5.37980  24.13408   8.3282260745E-001
   5.37980  25.13966   8.1952267472E-001
   5.37980  26.14525   8.0582909152E-001
   5.37980  27.15084   7.9175872829E-001
   5.37980  28.15642   7.7732891966E-001
   5.37980  29.16201   7.6255744307E-001
   5.37980  30.16760   7.4746249693E-001
   5.37980  31.17318   7.3206267813E-001
   5.37980  32.17877   7.1637695918E-001
   5.37980  33.18436   7.0042466481E-001
   5.37980  34.18994   6.8422544818E-001
   5.37980  35.19553   6.6779926665E-001
   5.37980  36.20112   6.5116635720E-001
   5.37980  37.20670   6.3434721149E-001
   5.37980  38.21229   6.1736255064E-001
   5.37980  39.21788   6.0023329966E-001
   5.37980  40.22346   5.8298056172E-001
   5.37980  41.22905   5.6562559212E-001
   5.37980  42.23464   5.4818977208E-001
   5.37980  43.24022   5.3069458247E-001
   5.37980  44.24581   5.1316157728E-001
   5.37980  45.25140   4.9561235708E-001
   5.37980  46.25698   4.7806854244E-001
   5.37980  47.26257   4.6055174725E-001
   5.37980  48.26816   4.4308355213E-001
   5.37980  49.27374   4.2568547781E-001
   5.37980  50.27933   4.0837895863E-001
   5.37980  51.28492   3.9118531616E-001
   5.37980  52.29050   3.7412573288E-001
   5.37980  53.29609   3.5722122611E-001
   5.37980  54.30168   3.4049262214E-001
   5.37980  55.30726   3.2396053052E-001
   5.37980  56.31285   3.0764531871E-001
   5.37980  57.31844   2.9156708699E-001
   5.37980  58.32402   2.7574564365E-001
   5.37980  59.32961   2.6020048064E-001
   5.37980  60.33520   2.4495074954E-001
   5.37980  61.34078   2.3001523794E-001
   5.37980  62.34637   2.1541234632E-001
   5.37980  63.35196   2.0116006537E-001
   5.37980  64.35754   1.8727595385E-001
   5.37980  65.36313   1.7377711691E-001
   5.37980  66.36872   1.6068018506E-001
   5.37980  67.37430   1.4800129365E-001
   5.37980  68.37989   1.3575606303E-001
   5.37980  69.38547   1.2395957926E-001
   5.37980  70.39106   1.1262637556E-001
   5.37980  71.39665   1.0177041437E-001
   5.37980  72.40223   9.1405070194E-002
   5.37980  73.40782   8.1543113090E-002
   5.37980  74.41341   7.2196692940E-002
   5.37980  75.41899   6.3377324492E-002
   5.37980  76.42458   5.5095873167E-002
   5.37980  77.43017   4.7362541675E-002
   5.37980  78.43575   4.0186857444E-002
   5.37980  79.44134   3.3577660884E-002
   5.37980  80.44693   2.7543094495E-002
   5.37980  81.45251   2.2090592836E-002
   5.37980  82.45810   1.7226873362E-002
   5.37980  83.46369   1.2957928154E-002
   5.37980  84.46927   9.2890165331E-003
   5.37980  85.47486   6.2246585807E-003
   5.37980  86.48045   3.7686295721E-003
   5.37980  87.48603   1.9239553236E-003
   5.37980  88.49162   6.9290846547E-004
   5.37980  89.49721   7.7005641668E-005
   5.37980  90.50279   7.7005641668E-005
   5.37980  91.50838   6.9290846547E-004
   5.37980  92.51397   1.9239553236E-003
   5.37980  93.51955   3.7686295721E-003
   5.37980  94.52514   6.2246585807E-003
   5.37980  95.53073   9.2890165331E-003
   5.37980  96.53631   1.2957928154E-002
   5.37980  97.54190   1.7226873362E-002
   5.37980  98.54749   2.2090592836E-002
   5.37980  99.55307   2.7543094495E-002
   5.37980 100.55866   3.3577660884E-002
   5.37980 101.56425   4.0186857444E-002
   5.37980 102.56983   4.7362541675E-002
   5.37980 103.57542   5.5095873167E-002
   5.37980 104.58101   6.3377324492E-002
   5.37980 105.58659   7.2196692940E-002
   5.37980 106.59218   8.1543113090E-002
   5.37980 107.59777   9.1405070194E-002
   5.37980 108.60335   1.0177041437E-001
   5.37980 109.60894   1.1262637556E-001
   5.37980 110.61453   1.2395957926E-001
   5.37980 111.62011   1.3575606303E-001
   5.37980 112.62570   1.4800129365E-001
   5.37980 113.63128   1.6068018506E-001
   5.37980 114.63687   1.7377711691E-001
   5.37980 115.64246   1.8727595385E-001
   5.37980 116.64804   2.0116006537E-001
   5.37980 117.65363   2.1541234632E-001
   5.37980 118.65922   2.3001523794E-001
   5.37980 119.66480   2.4495074954E-001
   5.37980 120.67039   2.6020048064E-001
   5.37980 121.67598   2.7574564365E-001
   5.37980 122.68156   2.9156708699E-001
   5.37980 123.68715   3.0764531871E-001
   5.37980 124.69274   3.2396053052E-001
   5.37980 125.69832   3.4049262214E-001
   5.37980 126.70391   3.5722122611E-001
   5.37980 127.70950   3.7412573288E-001
   5.37980 128.71508   3.9118531616E-001
   5.37980 129.72067   4.0837895863E-001
   5.37980 130.72626   4.2568547781E-001
   5.37980 131.73184   4.4308355213E-001
   5.37980 132.73743   4.6055174725E-001
   5.37980 133.74302   4.7806854244E-001
   5.37980 134.74860   4.9561235708E-001
   5.37980 135.75419   5.1316157728E-001
   5.37980 136.75978   5.3069458247E-001
   5.37980 137.76536   5.4818977208E-001
   5.37980 138.77095   5.6562559212E-001
   5.37980 139.77654   5.8298056172E-001
   5.37980 140.78212   6.0023329966E-001
   5.37980 141.78771   6.1736255064E-001
   5.37980 142.79330   6.3434721149E-001
   5.37980 143.79888   6.5116635720E-001
   5.37980 144.80447   6.6779926665E-001
   5.37980 145.81006   6.8422544818E-001
   5.37980 146.81564   7.0042466481E-001
   5.37980 147.82123   7.1637695918E-001
   5.37980 148.82682   7.3206267813E-001
   5.37980 149.83240   7.4746249693E-001
   5.37980 150.83799   7.6255744307E-001
   5.37980 151.84358   7.7732891966E-001
   5.37980 152.84916   7.9175872829E-001
   5.37980 153.85475   8.0582909152E-001
   5.37980 154.86034   8.1952267472E-001
   5.37980 155.86592   8.3282260745E-001
   5.37980 156.87151   8.4571250427E-001
   5.37980 157.87709   8.5817648488E-001
   5.37980 158.88268   8.7019919371E-001
   5.37980 159.88827   8.8176581883E-001
   5.37980 160.89385   8.9286211024E-001
   5.37980 161.89944   9.0347439733E-001
   5.37980 162.90503   9.1358960582E-001
   5.37980 163.91061   9.2319527383E-001
   5.37980 164.91620   9.3227956721E-001
   5.37980 165.92179   9.4083129416E-001
   5.37980 166.92737   9.4883991899E-001
   5.37980 167.93296   9.5629557511E-001
   5.37980 168.93855   9.6318907718E-001
   5.37980 169.94413   9.6951193245E-001
   5.37980 170.94972   9.7525635117E-001
   5.37980 171.95531   9.8041525627E-001
   5.37980 172.96089   9.8498229199E-001
   5.37980 173.96648   9.8895183176E-001
   5.37980 174.97207   9.9231898512E-001
   5.37980 175.97765   9.9507960377E-001
   5.37980 176.98324   9.9723028663E-001
   5.37980 177.98883   9.9876838406E-001
   5.37980 178.99441   9.9969200115E-001
   5.37980 180.00000   1.0000000000E+000

   5.44242   0.00000   4.8016951974E-310
   5.44242   1.00559   9.9969200115E-001
   5.44242   2.01117   9.9876838406E-001
   5.44242   3.01676   9.9723028663E-001
   5.44242   4.02235   9.9507960377E-001
   5.44242   5.02793   9.9231898512E-001
   5.44242   6.03352   9.8895183176E-001
   5.44242   7.03911   9.8498229199E-001
   5.44242   8.04469   9.8041525627E-001
   5.44242   9.05028   9.7525635117E-001
   5.44242  10.05587   9.6951193245E-001
   5.44242  11.06145   9.6318907718E-001
   5.44242  12.06704   9.5629557511E-001
   5.44242  13.07263   9.4883991899E-001
   5.44242  14.07821   9.4083129416E-001
   5.44242  15.08380   9.3227956721E-001
   5.44242  16.08939   9.2319527383E-001
   5.44242  17.09497   9.1358960582E-001
   5.44242  18.10056   9.0347439733E-001
   5.44242  19.10615   8.9286211024E-001
   5.44242  20.11173   8.8176581883E-001
   5.44242  21.11732   8.7019919371E-001
   5.44242  22.12291   8.5817648488E-001
   5.44242  23.12849   8.4571250427E-001
   5.44242  24.13408   8.3282260745E-001
   5.44242  25.13966   8.1952267472E-001
   5.44242  26.14525   8.0582909152E-001
   5.44242  27.15084   7.9175872829E-001
   5.44242  28.15642   7.7732891966E-001
   5.44242  29.16201   7.6255744307E-001
   5.44242  30.16760   7.4746249693E-001
   5.44242  31.17318   7.3206267813E-001
   5.44242  32.17877   7.1637695918E-001
   5.44242  33.18436   7.0042466481E-001
   5.44242  34.18994   6.8422544818E-001
   5.44242  35.19553   6.6779926665E-001
   5.44242  36.20112   6.5116635720E-001
   5.44242  37.20670   6.3434721149E-001
   5.44242  38.21229   6.1736255064E-001
   5.44242  39.21788   6.0023329966E-001
   5.44242  40.22346   5.8298056172E-001
   5.44242  41.22905   5.6562559212E-001
   5.44242  42.23464   5.4818977208E-001
   5.44242  43.24022   5.3069458247E-001
   5.44242  44.24581   5.1316157728E-001
   5.44242  45.25140   4.9561235708E-001
   5.44242  46.25698   4.7806854244E-001
   5.44242  47.26257   4.6055174725E-001
   5.44242  48.26816   4.4308355213E-001
   5.44242  49.27374   4.2568547781E-001
   5.44242  50.27933   4.0837895863E-001
   5.44242  51.28492   3.9118531616E-001
   5.44242  52.29050   3.7412573288E-001
   5.44242  53.29609   3.5722122611E-001
   5.44242  54.30168   3.4049262214E-001
   5.44242  55.30726   3.2396053052E-001
   5.44242  56.31285   3.0764531871E-001
   5.44242  57.31844   2.9156708699E-001
   5.44242  58.32402   2.7574564365E-001
   5.44242  59.32961   2.6020048064E-001
   5.44242  60.33520   2.4495074954E-001
   5.44242  61.34078   2.3001523794E-001
   5.44242  62.34637   2.1541234632E-001
   5.44242  63.35196   2.0116006537E-001
   5.44242  64.35754   1.8727595385E-001
   5.44242  65.36313   1.7377711691E-001
   5.44242  66.36872   1.6068018506E-001
   5.44242  67.37430   1.4800129365E-001
   5.44242  68.37989   1.3575606303E-001
   5.44242  69.38547   1.2395957926E-001
   5.44242  70.39106   1.1262637556E-001
   5.44242  71.39665   1.0177041437E-001
   5.44242  72.40223   9.1405070194E-002
   5.44242  73.40782   8.1543113090E-002
   5.44242  74.41341   7.2196692940E-002
   5.44242  75.41899   6.3377324492E-002
   5.44242  76.42458   5.5095873167E-002
   5.44242  77.43017   4.7362541675E-002
   5.44242  78.43575   4.0186857444E-002
   5.44242  79.44134   3.3577660884E-002
   5.44242  80.44693   2.7543094495E-002
   5.44242  81.45251   2.2090592836E-002
   5.44242  82.45810   1.7226873362E-002
   5.44242  83.46369   1.2957928154E-002
   5.44242  84.46927   9.2890165331E-003
   5.44242  85.47486   6.2246585807E-003
   5.44242  86.48045   3.7686295721E-003
   5.44242  87.48603   1.9239553236E-003
   5.44242  88.49162   6.9290846547E-004
   5.44242  89.49721   7.7005641668E-005
   5.44242  90.50279   7.7005641668E-005
   5.44242  91.50838   6.9290846547E-004
   5.44242  92.51397   1.9239553236E-003
   5.44242  93.51955   3.7686295721E-003
   5.44242  94.52514   6.2246585807E-003
   5.44242  95.53073   9.2890165331E-003
   5.44242  96.53631   1.2957928154E-002
   5.44242  97.54190   1.7226873362E-002
   5.44242  98.54749   2.2090592836E-002
   5.44242  99.55307   2.7543094495E-002
   5.44242 100.55866   3.3577660884E-002
   5.44242 101.56425   4.0186857444E-002
   5.44242 102.56983   4.7362541675E-002
   5.44242 103.57542   5.5095873167E-002
   5.44242 104.58101   6.3377324492E-002
   5.44242 105.58659   7.2196692940E-002
   5.44242 106.59218   8.1543113090E-002
   5.44242 107.59777   9.1405070194E-002
   5.44242 108.60335   1.0177041437E-001
   5.44242 109.60894   1.1262637556E-001
   5.44242 110.61453   1.2395957926E-001
   5.44242 111.62011   1.3575606303E-001
   5.44242 112.62570   1.4800129365E-001
   5.44242 113.63128   1.6068018506E-001
   5.44242 114.63687   1.7377711691E-001
   5.44242 115.64246   1.8727595385E-001
   5.44242 116.64804   2.0116006537E-001
   5.44242 117.65363   2.1541234632E-001
   5.44242 118.65922   2.3001523794E-001
   5.44242 119.66480   2.4495074954E-001
   5.44242 120.67039   2.6020048064E-001
   5.44242 121.67598   2.7574564365E-001
   5.44242 122.68156   2.9156708699E-001
   5.44242 123.68715   3.0764531871E-001
   5.44242 124.69274   3.2396053052E-001
   5.44242 125.69832   3.4049262214E-001
   5.44242 126.70391   3.5722122611E-001
   5.44242 127.70950   3.7412573288E-001
   5.44242 128.71508   3.9118531616E-001
   5.44242 129.72067   4.0837895863E-001
   5.44242 130.72626   4.2568547781E-001
   5.44242 131.73184   4.4308355213E-001
   5.44242 132.73743   4.6055174725E-001
   5.44242 133.74302   4.7806854244E-001
   5.44242 134.74860   4.9561235708E-001
   5.44242 135.75419   5.1316157728E-001
   5.44242 136.75978   5.3069458247E-001
   5.44242 137.76536   5.4818977208E-001
   5.44242 138.77095   5.6562559212E-001
   5.44242 139.77654   5.8298056172E-001
   5.44242 140.78212   6.0023329966E-001
   5.44242 141.78771   6.1736255064E-001
   5.44242 142.79330   6.3434721149E-001
   5.44242 143.79888   6.5116635720E-001
   5.44242 144.80447   6.6779926665E-001
   5.44242 145.81006   6.8422544818E-001
   5.44242 146.81564   7.0042466481E-001
   5.44242 147.82123   7.1637695918E-001
   5.44242 148.82682   7.3206267813E-001
   5.44242 149.83240   7.4746249693E-001
   5.44242 150.83799   7.6255744307E-001
   5.44242 151.84358   7.7732891966E-001
   5.44242 152.84916   7.9175872829E-001
   5.44242 153.85475   8.0582909152E-001
   5.44242 154.86034   8.1952267472E-001
   5.44242 155.86592   8.3282260745E-001
   5.44242 156.87151   8.4571250427E-001
   5.44242 157.87709   8.5817648488E-001
   5.44242 158.88268   8.7019919371E-001
   5.44242 159.88827   8.8176581883E-001
   5.44242 160.89385   8.9286211024E-001
   5.44242 161.89944   9.0347439733E-001
   5.44242 162.90503   9.1358960582E-001
   5.44242 163.91061   9.2319527383E-001
   5.44242 164.91620   9.3227956721E-001
   5.44242 165.92179   9.4083129416E-001
   5.44242 166.92737   9.4883991899E-001
   5.44242 167.93296   9.5629557511E-001
   5.44242 168.93855   9.6318907718E-001
   5.44242 169.94413   9.6951193245E-001
   5.44242 170.94972   9.7525635117E-001
   5.44242 171.95531   9.8041525627E-001
   5.44242 172.96089   9.8498229199E-001
   5.44242 173.96648   9.8895183176E-001
   5.44242 174.97207   9.9231898512E-001
   5.44242 175.97765   9.9507960377E-001
   5.44242 176.98324   9.9723028663E-001
   5.44242 177.98883   9.9876838406E-001
   5.44242 178.99441   9.9969200115E-001
   5.44242 180.00000   1.0000000000E+000

   5.50505   0.00000   4.8016951974E-310
   5.50505   1.00559   9.9969200115E-001
   5.50505   2.01117   9.9876838406E-001
   5.50505   3.01676   9.9723028663E-001
   5.50505   4.02235   9.9507960377E-001
   5.50505   5.02793   9.9231898512E-001
   5.50505   6.03352   9.8895183176E-001
   5.50505   7.03911   9.8498229199E-001
   5.50505   8.04469   9.8041525627E-001
   5.50505   9.05028   9.7525635117E-001
   5.50505  10.05587   9.6951193245E-001
   5.50505  11.06145   9.6318907718E-001
   5.50505  12.06704   9.5629557511E-001
   5.50505  13.07263   9.4883991899E-001
   5.50505  14.07821   9.4083129416E-001
   5.50505  15.08380   9.3227956721E-001
   5.50505  16.08939   9.2319527383E-001
   5.50505  17.09497   9.1358960582E-001
   5.50505  18.10056   9.0347439733E-001
   5.50505  19.10615   8.9286211024E-001
   5.50505  20.11173   8.8176581883E-001
   5.50505  21.11732   8.7019919371E-001
   5.50505  22.12291   8.5817648488E-001
   5.50505  23.12849   8.4571250427E-001
   5.50505  24.13408   8.3282260745E-001
   5.50505  25.13966   8.1952267472E-001
   5.50505  26.14525   8.0582909152E-001
   5.50505  27.15084   7.9175872829E-001
   5.50505  28.15642   7.7732891966E-001
   5.50505  29.16201   7.6255744307E-001
   5.50505  30.16760   7.4746249693E-001
   5.50505  31.17318   7.3206267813E-001
   5.50505  32.17877   7.1637695918E-001
   5.50505  33.18436   7.0042466481E-001
   5.50505  34.18994   6.8422544818E-001
   5.50505  35.19553   6.6779926665E-001
   5.50505  36.20112   6.5116635720E-001
   5.50505  37.20670   6.3434721149E-001
   5.50505  38.21229   6.1736255064E-001
   5.50505  39.21788   6.0023329966E-001
   5.50505  40.22346   5.8298056172E-001
   5.50505  41.22905   5.6562559212E-001
   5.50505  42.23464   5.4818977208E-001
   5.50505  43.24022   5.3069458247E-001
   5.50505  44.24581   5.1316157728E-001
   5.50505  45.25140   4.9561235708E-001
   5.50505  46.25698   4.7806854244E-001
   5.50505  47.26257   4.6055174725E-001
   5.50505  48.26816   4.4308355213E-001
   5.50505  49.27374   4.2568547781E-001
   5.50505  50.27933   4.0837895863E-001
   5.50505  51.28492   3.9118531616E-001
   5.50505  52.29050   3.7412573288E-001
   5.50505  53.29609   3.5722122611E-001
   5.50505  54.30168   3.4049262214E-001
   5.50505  55.30726   3.2396053052E-001
   5.50505  56.31285   3.0764531871E-001
   5.50505  57.31844   2.9156708699E-001
   5.50505  58.32402   2.7574564365E-001
   5.50505  59.32961   2.6020048064E-001
   5.50505  60.33520   2.4495074954E-001
   5.50505  61.34078   2.3001523794E-001
   5.50505  62.34637   2.1541234632E-001
   5.50505  63.35196   2.0116006537E-001
   5.50505  64.35754   1.8727595385E-001
   5.50505  65.36313   1.7377711691E-001
   5.50505  66.36872   1.6068018506E-001
   5.50505  67.37430   1.4800129365E-001
   5.50505  68.37989   1.3575606303E-001
   5.50505  69.38547   1.2395957926E-001
   5.50505  70.39106   1.1262637556E-001
   5.50505  71.39665   1.0177041437E-001
   5.50505  72.40223   9.1405070194E-002
   5.50505  73.40782   8.1543113090E-002
   5.50505  74.41341   7.2196692940E-002
   5.50505  75.41899   6.3377324492E-002
   5.50505  76.42458   5.5095873167E-002
   5.50505  77.43017   4.7362541675E-002
   5.50505  78.43575   4.0186857444E-002
   5.50505  79.44134   3.3577660884E-002
   5.50505  80.44693   2.7543094495E-002
   5.50505  81.45251   2.2090592836E-002
   5.50505  82.45810   1.7226873362E-002
   5.50505  83.46369   1.2957928154E-002
   5.50505  84.46927   9.2890165331E-003
   5.50505  85.47486   6.2246585807E-003
   5.50505  86.48045   3.7686295721E-003
   5.50505  87.48603   1.9239553236E-003
   5.50505  88.49162   6.9290846547E-004
   5.50505  89.49721   7.7005641668E-005
   5.50505  90.50279   7.7005641668E-005
   5.50505  91.50838   6.9290846547E-004
   5.50505  92.51397   1.9239553236E-003
   5.50505  93.51955   3.7686295721E-003
   5.50505  94.52514   6.2246585807E-003
   5.50505  95.53073   9.2890165331E-003
   5.50505  96.53631   1.2957928154E-002
   5.50505  97.54190   1.7226873362E-002
   5.50505  98.54749   2.2090592836E-002
   5.50505  99.55307   2.7543094495E-002
   5.50505 100.55866   3.3577660884E-002
   5.50505 101.56425   4.0186857444E-002
   5.50505 102.56983   4.7362541675E-002
   5.50505 103.57542   5.5095873167E-002
   5.50505 104.58101   6.3377324492E-002
   5.50505 105.58659   7.2196692940E-002
   5.50505 106.59218   8.1543113090E-002
   5.50505 107.59777   9.1405070194E-002
   5.50505 108.60335   1.0177041437E-001
   5.50505 109.60894   1.1262637556E-001
   5.50505 110.61453   1.2395957926E-001
   5.50505 111.62011   1.3575606303E-001
   5.50505 112.62570   1.4800129365E-001
   5.50505 113.63128   1.6068018506E-001
   5.50505 114.63687   1.7377711691E-001
   5.50505 115.64246   1.8727595385E-001
   5.50505 116.64804   2.0116006537E-001
   5.50505 117.65363   2.1541234632E-001
   5.50505 118.65922   2.3001523794E-001
   5.50505 119.66480   2.4495074954E-001
   5.50505 120.67039   2.6020048064E-001
   5.50505 121.67598   2.7574564365E-001
   5.50505 122.68156   2.9156708699E-001
   5.50505 123.68715   3.0764531871E-001
   5.50505 124.69274   3.2396053052E-001
   5.50505 125.69832   3.4049262214E-001
   5.50505 126.70391   3.5722122611E-001
   5.50505 127.70950   3.7412573288E-001
   5.50505 128.71508   3.9118531616E-001
   5.50505 129.72067   4.0837895863E-001
   5.50505 130.72626   4.2568547781E-001
   5.50505 131.73184   4.4308355213E-001
   5.50505 132.73743   4.6055174725E-001
   5.50505 133.74302   4.7806854244E-001
   5.50505 134.74860   4.9561235708E-001
   5.50505 135.75419   5.1316157728E-001
   5.50505 136.75978   5.3069458247E-001
   5.50505 137.76536   5.4818977208E-001
   5.50505 138.77095   5.6562559212E-001
   5.50505 139.77654   5.8298056172E-001
   5.50505 140.78212   6.0023329966E-001
   5.50505 141.78771   6.1736255064E-001
   5.50505 142.79330   6.3434721149E-001
   5.50505 143.79888   6.5116635720E-001
   5.50505 144.80447   6.6779926665E-001
   5.50505 145.81006   6.8422544818E-001
   5.50505 146.81564   7.0042466481E-001
   5.50505 147.82123   7.1637695918E-001
   5.50505 148.82682   7.3206267813E-001
   5.50505 149.83240   7.4746249693E-001
   5.50505 150.83799   7.6255744307E-001
   5.50505 151.84358   7.7732891966E-001
   5.50505 152.84916   7.9175872829E-001
   5.50505 153.85475   8.0582909152E-001
   5.50505 154.86034   8.1952267472E-001
   5.50505 155.86592   8.3282260745E-001
   5.50505 156.87151   8.4571250427E-001
   5.50505 157.87709   8.5817648488E-001
   5.50505 158.88268   8.7019919371E-001
   5.50505 159.88827   8.8176581883E-001
   5.50505 160.89385   8.9286211024E-001
   5.50505 161.89944   9.0347439733E-001
   5.50505 162.90503   9.1358960582E-001
   5.50505 163.91061   9.2319527383E-001
   5.50505 164.91620   9.3227956721E-001
   5.50505 165.92179   9.4083129416E-001
   5.50505 166.92737   9.4883991899E-001
   5.50505 167.93296   9.5629557511E-001
   5.50505 168.93855   9.6318907718E-001
   5.50505 169.94413   9.6951193245E-001
   5.50505 170.94972   9.7525635117E-001
   5.50505 171.95531   9.8041525627E-001
   5.50505 172.96089   9.8498229199E-001
   5.50505 173.96648   9.8895183176E-001
   5.50505 174.97207   9.9231898512E-001
   5.50505 175.97765   9.9507960377E-001
   5.50505 176.98324   9.9723028663E-001
   5.50505 177.98883   9.9876838406E-001
   5.50505 178.99441   9.9969200115E-001
   5.50505 180.00000   1.0000000000E+000

   5.56768   0.00000   4.8016951974E-310
   5.56768   1.00559   9.9969200115E-001
   5.56768   2.01117   9.9876838406E-001
   5.56768   3.01676   9.9723028663E-001
   5.56768   4.02235   9.9507960377E-001
   5.56768   5.02793   9.9231898512E-001
   5.56768   6.03352   9.8895183176E-001
   5.56768   7.03911   9.8498229199E-001
   5.56768   8.04469   9.8041525627E-001
   5.56768   9.05028   9.7525635117E-001
   5.56768  10.05587   9.6951193245E-001
   5.56768  11.06145   9.6318907718E-001
   5.56768  12.06704   9.5629557511E-001
   5.56768  13.07263   9.4883991899E-001
   5.56768  14.07821   9.4083129416E-001
   5.56768  15.08380   9.3227956721E-001
   5.56768  16.08939   9.2319527383E-001
   5.56768  17.09497   9.1358960582E-001
   5.56768  18.10056   9.0347439733E-001
   5.56768  19.10615   8.9286211024E-001
   5.56768  20.11173   8.8176581883E-001
   5.56768  21.11732   8.7019919371E-001
   5.56768  22.12291   8.5817648488E-001
   5.56768  23.12849   8.4571250427E-001
   5.56768  24.13408   8.3282260745E-001
   5.56768  25.13966   8.1952267472E-001
   5.56768  26.14525   8.0582909152E-001
   5.56768  27.15084   7.9175872829E-001
   5.56768  28.15642   7.7732891966E-001
   5.56768  29.16201   7.6255744307E-001
   5.56768  30.16760   7.4746249693E-001
   5.56768  31.17318   7.3206267813E-001
   5.56768  32.17877   7.1637695918E-001
   5.56768  33.18436   7.0042466481E-001
   5.56768  34.18994   6.8422544818E-001
   5.56768  35.19553   6.6779926665E-001
   5.56768  36.20112   6.5116635720E-001
   5.56768  37.20670   6.3434721149E-001
   5.56768  38.21229   6.1736255064E-001
   5.56768  39.21788   6.0023329966E-001
   5.56768  40.22346   5.8298056172E-001
   5.56768  41.22905   5.6562559212E-001
   5.56768  42.23464   5.4818977208E-001
   5.56768  43.24022   5.3069458247E-001
   5.56768  44.24581   5.1316157728E-001
   5.56768  45.25140   4.9561235708E-001
   5.56768  46.25698   4.7806854244E-001
   5.56768  47.26257   4.6055174725E-001
   5.56768  48.26816   4.4308355213E-001
   5.56768  49.27374   4.2568547781E-001
   5.56768  50.27933   4.0837895863E-001
   5.56768  51.28492   3.9118531616E-001
   5.56768  52.29050   3.7412573288E-001
   5.56768  53.29609   3.5722122611E-001
   5.56768  54.30168   3.4049262214E-001
   5.56768  55.30726   3.2396053052E-001
   5.56768  56.31285   3.0764531871E-001
   5.56768  57.31844   2.9156708699E-001
   5.56768  58.32402   2.7574564365E-001
   5.56768  59.32961   2.6020048064E-001
   5.56768  60.33520   2.4495074954E-001
   5.56768  61.34078   2.3001523794E-001
   5.56768  62.34637   2.1541234632E-001
   5.56768  63.35196   2.0116006537E-001
   5.56768  64.35754   1.8727595385E-001
   5.56768  65.36313   1.7377711691E-001
   5.56768  66.36872   1.6068018506E-001
   5.56768  67.37430   1.4800129365E-001
   5.56768  68.37989   1.3575606303E-001
   5.56768  69.38547   1.2395957926E-001
   5.56768  70.39106   1.1262637556E-001
   5.56768  71.39665   1.0177041437E-001
   5.56768  72.40223   9.1405070194E-002
   5.56768  73.40782   8.1543113090E-002
   5.56768  74.41341   7.2196692940E-002
   5.56768  75.41899   6.3377324492E-002
   5.56768  76.42458   5.5095873167E-002
   5.56768  77.43017   4.7362541675E-002
   5.56768  78.43575   4.0186857444E-002
   5.56768  79.44134   3.3577660884E-002
   5.56768  80.44693   2.7543094495E-002
   5.56768  81.45251   2.2090592836E-002
   5.56768  82.45810   1.7226873362E-002
   5.56768  83.46369   1.2957928154E-002
   5.56768  84.46927   9.2890165331E-003
   5.56768  85.47486   6.2246585807E-003
   5.56768  86.48045   3.7686295721E-003
   5.56768  87.48603   1.9239553236E-003
   5.56768  88.49162   6.9290846547E-004
   5.56768  89.49721   7.7005641668E-005
   5.56768  90.50279   7.7005641668E-005
   5.56768  91.50838   6.9290846547E-004
   5.56768  92.51397   1.9239553236E-003
   5.56768  93.51955   3.7686295721E-003
   5.56768  94.52514   6.2246585807E-003
   5.56768  95.53073   9.2890165331E-003
   5.56768  96.53631   1.2957928154E-002
   5.56768  97.54190   1.7226873362E-002
   5.56768  98.54749   2.2090592836E-002
   5.56768  99.55307   2.7543094495E-002
   5.56768 100.55866   3.3577660884E-002
   5.56768 101.56425   4.0186857444E-002
   5.56768 102.56983   4.7362541675E-002
   5.56768 103.57542   5.5095873167E-002
   5.56768 104.58101   6.3377324492E-002
   5.56768 105.58659   7.2196692940E-002
   5.56768 106.59218   8.1543113090E-002
   5.56768 107.59777   9.1405070194E-002
   5.56768 108.60335   1.0177041437E-001
   5.56768 109.60894   1.1262637556E-001
   5.56768 110.61453   1.2395957926E-001
   5.56768 111.62011   1.3575606303E-001
   5.56768 112.62570   1.4800129365E-001
   5.56768 113.63128   1.6068018506E-001
   5.56768 114.63687   1.7377711691E-001
   5.56768 115.64246   1.8727595385E-001
   5.56768 116.64804   2.0116006537E-001
   5.56768 117.65363   2.1541234632E-001
   5.56768 118.65922   2.3001523794E-001
   5.56768 119.66480   2.4495074954E-001
   5.56768 120.67039   2.6020048064E-001
   5.56768 121.67598   2.7574564365E-001
   5.56768 122.68156   2.9156708699E-001
   5.56768 123.68715   3.0764531871E-001
   5.56768 124.69274   3.2396053052E-001
   5.56768 125.69832   3.4049262214E-001
   5.56768 126.70391   3.5722122611E-001
   5.56768 127.70950   3.7412573288E-001
   5.56768 128.71508   3.9118531616E-001
   5.56768 129.72067   4.0837895863E-001
   5.56768 130.72626   4.2568547781E-001
   5.56768 131.73184   4.4308355213E-001
   5.56768 132.73743   4.6055174725E-001
   5.56768 133.74302   4.7806854244E-001
   5.56768 134.74860   4.9561235708E-001
   5.56768 135.75419   5.1316157728E-001
   5.56768 136.75978   5.3069458247E-001
   5.56768 137.76536   5.4818977208E-001
   5.56768 138.77095   5.6562559212E-001
   5.56768 139.77654   5.8298056172E-001
   5.56768 140.78212   6.0023329966E-001
   5.56768 141.78771   6.1736255064E-001
   5.56768 142.79330   6.3434721149E-001
   5.56768 143.79888   6.5116635720E-001
   5.56768 144.80447   6.6779926665E-001
   5.56768 145.81006   6.8422544818E-001
   5.56768 146.81564   7.0042466481E-001
   5.56768 147.82123   7.1637695918E-001
   5.56768 148.82682   7.3206267813E-001
   5.56768 149.83240   7.4746249693E-001
   5.56768 150.83799   7.6255744307E-001
   5.56768 151.84358   7.7732891966E-001
   5.56768 152.84916   7.9175872829E-001
   5.56768 153.85475   8.0582909152E-001
   5.56768 154.86034   8.1952267472E-001
   5.56768 155.86592   8.3282260745E-001
   5.56768 156.87151   8.4571250427E-001
   5.56768 157.87709   8.5817648488E-001
   5.56768 158.88268   8.7019919371E-001
   5.56768 159.88827   8.8176581883E-001
   5.56768 160.89385   8.9286211024E-001
   5.56768 161.89944   9.0347439733E-001
   5.56768 162.90503   9.1358960582E-001
   5.56768 163.91061   9.2319527383E-001
   5.56768 164.91620   9.3227956721E-001
   5.56768 165.92179   9.4083129416E-001
   5.56768 166.92737   9.4883991899E-001
   5.56768 167.93296   9.5629557511E-001
   5.56768 168.93855   9.6318907718E-001
   5.56768 169.94413   9.6951193245E-001
   5.56768 170.94972   9.7525635117E-001
   5.56768 171.95531   9.8041525627E-001
   5.56768 172.96089   9.8498229199E-001
   5.56768 173.96648   9.8895183176E-001
   5.56768 174.97207   9.9231898512E-001
   5.56768 175.97765   9.9507960377E-001
   5.56768 176.98324   9.9723028663E-001
   5.56768 177.98883   9.9876838406E-001
   5.56768 178.99441   9.9969200115E-001
   5.56768 180.00000   1.0000000000E+000

   5.63030   0.00000   4.8016951974E-310
   5.63030   1.00559   9.9969200115E-001
   5.63030   2.01117   9.9876838406E-001
   5.63030   3.01676   9.9723028663E-001
   5.63030   4.02235   9.9507960377E-001
   5.63030   5.02793   9.9231898512E-001
   5.63030   6.03352   9.8895183176E-001
   5.63030   7.03911   9.8498229199E-001
   5.63030   8.04469   9.8041525627E-001
   5.63030   9.05028   9.7525635117E-001
   5.63030  10.05587   9.6951193245E-001
   5.63030  11.06145   9.6318907718E-001
   5.63030  12.06704   9.5629557511E-001
   5.63030  13.07263   9.4883991899E-001
   5.63030  14.07821   9.4083129416E-001
   5.63030  15.08380   9.3227956721E-001
   5.63030  16.08939   9.2319527383E-001
   5.63030  17.09497   9.1358960582E-001
   5.63030  18.10056   9.0347439733E-001
   5.63030  19.10615   8.9286211024E-001
   5.63030  20.11173   8.8176581883E-001
   5.63030  21.11732   8.7019919371E-001
   5.63030  22.12291   8.5817648488E-001
   5.63030  23.12849   8.4571250427E-001
   5.63030  24.13408   8.3282260745E-001
   5.63030  25.13966   8.1952267472E-001
   5.63030  26.14525   8.0582909152E-001
   5.63030  27.15084   7.9175872829E-001
   5.63030  28.15642   7.7732891966E-001
   5.63030  29.16201   7.6255744307E-001
   5.63030  30.16760   7.4746249693E-001
   5.63030  31.17318   7.3206267813E-001
   5.63030  32.17877   7.1637695918E-001
   5.63030  33.18436   7.0042466481E-001
   5.63030  34.18994   6.8422544818E-001
   5.63030  35.19553   6.6779926665E-001
   5.63030  36.20112   6.5116635720E-001
   5.63030  37.20670   6.3434721149E-001
   5.63030  38.21229   6.1736255064E-001
   5.63030  39.21788   6.0023329966E-001
   5.63030  40.22346   5.8298056172E-001
   5.63030  41.22905   5.6562559212E-001
   5.63030  42.23464   5.4818977208E-001
   5.63030  43.24022   5.3069458247E-001
   5.63030  44.24581   5.1316157728E-001
   5.63030  45.25140   4.9561235708E-001
   5.63030  46.25698   4.7806854244E-001
   5.63030  47.26257   4.6055174725E-001
   5.63030  48.26816   4.4308355213E-001
   5.63030  49.27374   4.2568547781E-001
   5.63030  50.27933   4.0837895863E-001
   5.63030  51.28492   3.9118531616E-001
   5.63030  52.29050   3.7412573288E-001
   5.63030  53.29609   3.5722122611E-001
   5.63030  54.30168   3.4049262214E-001
   5.63030  55.30726   3.2396053052E-001
   5.63030  56.31285   3.0764531871E-001
   5.63030  57.31844   2.9156708699E-001
   5.63030  58.32402   2.7574564365E-001
   5.63030  59.32961   2.6020048064E-001
   5.63030  60.33520   2.4495074954E-001
   5.63030  61.34078   2.3001523794E-001
   5.63030  62.34637   2.1541234632E-001
   5.63030  63.35196   2.0116006537E-001
   5.63030  64.35754   1.8727595385E-001
   5.63030  65.36313   1.7377711691E-001
   5.63030  66.36872   1.6068018506E-001
   5.63030  67.37430   1.4800129365E-001
   5.63030  68.37989   1.3575606303E-001
   5.63030  69.38547   1.2395957926E-001
   5.63030  70.39106   1.1262637556E-001
   5.63030  71.39665   1.0177041437E-001
   5.63030  72.40223   9.1405070194E-002
   5.63030  73.40782   8.1543113090E-002
   5.63030  74.41341   7.2196692940E-002
   5.63030  75.41899   6.3377324492E-002
   5.63030  76.42458   5.5095873167E-002
   5.63030  77.43017   4.7362541675E-002
   5.63030  78.43575   4.0186857444E-002
   5.63030  79.44134   3.3577660884E-002
   5.63030  80.44693   2.7543094495E-002
   5.63030  81.45251   2.2090592836E-002
   5.63030  82.45810   1.7226873362E-002
   5.63030  83.46369   1.2957928154E-002
   5.63030  84.46927   9.2890165331E-003
   5.63030  85.47486   6.2246585807E-003
   5.63030  86.48045   3.7686295721E-003
   5.63030  87.48603   1.9239553236E-003
   5.63030  88.49162   6.9290846547E-004
   5.63030  89.49721   7.7005641668E-005
   5.63030  90.50279   7.7005641668E-005
   5.63030  91.50838   6.9290846547E-004
   5.63030  92.51397   1.9239553236E-003
   5.63030  93.51955   3.7686295721E-003
   5.63030  94.52514   6.2246585807E-003
   5.63030  95.53073   9.2890165331E-003
   5.63030  96.53631   1.2957928154E-002
   5.63030  97.54190   1.7226873362E-002
   5.63030  98.54749   2.2090592836E-002
   5.63030  99.55307   2.7543094495E-002
   5.63030 100.55866   3.3577660884E-002
   5.63030 101.56425   4.0186857444E-002
   5.63030 102.56983   4.7362541675E-002
   5.63030 103.57542   5.5095873167E-002
   5.63030 104.58101   6.3377324492E-002
   5.63030 105.58659   7.2196692940E-002
   5.63030 106.59218   8.1543113090E-002
   5.63030 107.59777   9.1405070194E-002
   5.63030 108.60335   1.0177041437E-001
   5.63030 109.60894   1.1262637556E-001
   5.63030 110.61453   1.2395957926E-001
   5.63030 111.62011   1.3575606303E-001
   5.63030 112.62570   1.4800129365E-001
   5.63030 113.63128   1.6068018506E-001
   5.63030 114.63687   1.7377711691E-001
   5.63030 115.64246   1.8727595385E-001
   5.63030 116.64804   2.0116006537E-001
   5.63030 117.65363   2.1541234632E-001
   5.63030 118.65922   2.3001523794E-001
   5.63030 119.66480   2.4495074954E-001
   5.63030 120.67039   2.6020048064E-001
   5.63030 121.67598   2.7574564365E-001
   5.63030 122.68156   2.9156708699E-001
   5.63030 123.68715   3.0764531871E-001
   5.63030 124.69274   3.2396053052E-001
   5.63030 125.69832   3.4049262214E-001
   5.63030 126.70391   3.5722122611E-001
   5.63030 127.70950   3.7412573288E-001
   5.63030 128.71508   3.9118531616E-001
   5.63030 129.72067   4.0837895863E-001
   5.63030 130.72626   4.2568547781E-001
   5.63030 131.73184   4.4308355213E-001
   5.63030 132.73743   4.6055174725E-001
   5.63030 133.74302   4.7806854244E-001
   5.63030 134.74860   4.9561235708E-001
   5.63030 135.75419   5.1316157728E-001
   5.63030 136.75978   5.3069458247E-001
   5.63030 137.76536   5.4818977208E-001
   5.63030 138.77095   5.6562559212E-001
   5.63030 139.77654   5.8298056172E-001
   5.63030 140.78212   6.0023329966E-001
   5.63030 141.78771   6.1736255064E-001
   5.63030 142.79330   6.3434721149E-001
   5.63030 143.79888   6.5116635720E-001
   5.63030 144.80447   6.6779926665E-001
   5.63030 145.81006   6.8422544818E-001
   5.63030 146.81564   7.0042466481E-001
   5.63030 147.82123   7.1637695918E-001
   5.63030 148.82682   7.3206267813E-001
   5.63030 149.83240   7.4746249693E-001
   5.63030 150.83799   7.6255744307E-001
   5.63030 151.84358   7.7732891966E-001
   5.63030 152.84916   7.9175872829E-001
   5.63030 153.85475   8.0582909152E-001
   5.63030 154.86034   8.1952267472E-001
   5.63030 155.86592   8.3282260745E-001
   5.63030 156.87151   8.4571250427E-001
   5.63030 157.87709   8.5817648488E-001
   5.63030 158.88268   8.7019919371E-001
   5.63030 159.88827   8.8176581883E-001
   5.63030 160.89385   8.9286211024E-001
   5.63030 161.89944   9.0347439733E-001
   5.63030 162.90503   9.1358960582E-001
   5.63030 163.91061   9.2319527383E-001
   5.63030 164.91620   9.3227956721E-001
   5.63030 165.92179   9.4083129416E-001
   5.63030 166.92737   9.4883991899E-001
   5.63030 167.93296   9.5629557511E-001
   5.63030 168.93855   9.6318907718E-001
   5.63030 169.94413   9.6951193245E-001
   5.63030 170.94972   9.7525635117E-001
   5.63030 171.95531   9.8041525627E-001
   5.63030 172.96089   9.8498229199E-001
   5.63030 173.96648   9.8895183176E-001
   5.63030 174.97207   9.9231898512E-001
   5.63030 175.97765   9.9507960377E-001
   5.63030 176.98324   9.9723028663E-001
   5.63030 177.98883   9.9876838406E-001
   5.63030 178.99441   9.9969200115E-001
   5.63030 180.00000   1.0000000000E+000

   5.69293   0.00000   4.8016951974E-310
   5.69293   1.00559   9.9969200115E-001
   5.69293   2.01117   9.9876838406E-001
   5.69293   3.01676   9.9723028663E-001
   5.69293   4.02235   9.9507960377E-001
   5.69293   5.02793   9.9231898512E-001
   5.69293   6.03352   9.8895183176E-001
   5.69293   7.03911   9.8498229199E-001
   5.69293   8.04469   9.8041525627E-001
   5.69293   9.05028   9.7525635117E-001
   5.69293  10.05587   9.6951193245E-001
   5.69293  11.06145   9.6318907718E-001
   5.69293  12.06704   9.5629557511E-001
   5.69293  13.07263   9.4883991899E-001
   5.69293  14.07821   9.4083129416E-001
   5.69293  15.08380   9.3227956721E-001
   5.69293  16.08939   9.2319527383E-001
   5.69293  17.09497   9.1358960582E-001
   5.69293  18.10056   9.0347439733E-001
   5.69293  19.10615   8.9286211024E-001
   5.69293  20.11173   8.8176581883E-001
   5.69293  21.11732   8.7019919371E-001
   5.69293  22.12291   8.5817648488E-001
   5.69293  23.12849   8.4571250427E-001
   5.69293  24.13408   8.3282260745E-001
   5.69293  25.13966   8.1952267472E-001
   5.69293  26.14525   8.0582909152E-001
   5.69293  27.15084   7.9175872829E-001
   5.69293  28.15642   7.7732891966E-001
   5.69293  29.16201   7.6255744307E-001
   5.69293  30.16760   7.4746249693E-001
   5.69293  31.17318   7.3206267813E-001
   5.69293  32.17877   7.1637695918E-001
   5.69293  33.18436   7.0042466481E-001
   5.69293  34.18994   6.8422544818E-001
   5.69293  35.19553   6.6779926665E-001
   5.69293  36.20112   6.5116635720E-001
   5.69293  37.20670   6.3434721149E-001
   5.69293  38.21229   6.1736255064E-001
   5.69293  39.21788   6.0023329966E-001
   5.69293  40.22346   5.8298056172E-001
   5.69293  41.22905   5.6562559212E-001
   5.69293  42.23464   5.4818977208E-001
   5.69293  43.24022   5.3069458247E-001
   5.69293  44.24581   5.1316157728E-001
   5.69293  45.25140   4.9561235708E-001
   5.69293  46.25698   4.7806854244E-001
   5.69293  47.26257   4.6055174725E-001
   5.69293  48.26816   4.4308355213E-001
   5.69293  49.27374   4.2568547781E-001
   5.69293  50.27933   4.0837895863E-001
   5.69293  51.28492   3.9118531616E-001
   5.69293  52.29050   3.7412573288E-001
   5.69293  53.29609   3.5722122611E-001
   5.69293  54.30168   3.4049262214E-001
   5.69293  55.30726   3.2396053052E-001
   5.69293  56.31285   3.0764531871E-001
   5.69293  57.31844   2.9156708699E-001
   5.69293  58.32402   2.7574564365E-001
   5.69293  59.32961   2.6020048064E-001
   5.69293  60.33520   2.4495074954E-001
   5.69293  61.34078   2.3001523794E-001
   5.69293  62.34637   2.1541234632E-001
   5.69293  63.35196   2.0116006537E-001
   5.69293  64.35754   1.8727595385E-001
   5.69293  65.36313   1.7377711691E-001
   5.69293  66.36872   1.6068018506E-001
   5.69293  67.37430   1.4800129365E-001
   5.69293  68.37989   1.3575606303E-001
   5.69293  69.38547   1.2395957926E-001
   5.69293  70.39106   1.1262637556E-001
   5.69293  71.39665   1.0177041437E-001
   5.69293  72.40223   9.1405070194E-002
   5.69293  73.40782   8.1543113090E-002
   5.69293  74.41341   7.2196692940E-002
   5.69293  75.41899   6.3377324492E-002
   5.69293  76.42458   5.5095873167E-002
   5.69293  77.43017   4.7362541675E-002
   5.69293  78.43575   4.0186857444E-002
   5.69293  79.44134   3.3577660884E-002
   5.69293  80.44693   2.7543094495E-002
   5.69293  81.45251   2.2090592836E-002
   5.69293  82.45810   1.7226873362E-002
   5.69293  83.46369   1.2957928154E-002
   5.69293  84.46927   9.2890165331E-003
   5.69293  85.47486   6.2246585807E-003
   5.69293  86.48045   3.7686295721E-003
   5.69293  87.48603   1.9239553236E-003
   5.69293  88.49162   6.9290846547E-004
   5.69293  89.49721   7.7005641668E-005
   5.69293  90.50279   7.7005641668E-005
   5.69293  91.50838   6.9290846547E-004
   5.69293  92.51397   1.9239553236E-003
   5.69293  93.51955   3.7686295721E-003
   5.69293  94.52514   6.2246585807E-003
   5.69293  95.53073   9.2890165331E-003
   5.69293  96.53631   1.2957928154E-002
   5.69293  97.54190   1.7226873362E-002
   5.69293  98.54749   2.2090592836E-002
   5.69293  99.55307   2.7543094495E-002
   5.69293 100.55866   3.3577660884E-002
   5.69293 101.56425   4.0186857444E-002
   5.69293 102.56983   4.7362541675E-002
   5.69293 103.57542   5.5095873167E-002
   5.69293 104.58101   6.3377324492E-002
   5.69293 105.58659   7.2196692940E-002
   5.69293 106.59218   8.1543113090E-002
   5.69293 107.59777   9.1405070194E-002
   5.69293 108.60335   1.0177041437E-001
   5.69293 109.60894   1.1262637556E-001
   5.69293 110.61453   1.2395957926E-001
   5.69293 111.62011   1.3575606303E-001
   5.69293 112.62570   1.4800129365E-001
   5.69293 113.63128   1.6068018506E-001
   5.69293 114.63687   1.7377711691E-001
   5.69293 115.64246   1.8727595385E-001
   5.69293 116.64804   2.0116006537E-001
   5.69293 117.65363   2.1541234632E-001
   5.69293 118.65922   2.3001523794E-001
   5.69293 119.66480   2.4495074954E-001
   5.69293 120.67039   2.6020048064E-001
   5.69293 121.67598   2.7574564365E-001
   5.69293 122.68156   2.9156708699E-001
   5.69293 123.68715   3.0764531871E-001
   5.69293 124.69274   3.2396053052E-001
   5.69293 125.69832   3.4049262214E-001
   5.69293 126.70391   3.5722122611E-001
   5.69293 127.70950   3.7412573288E-001
   5.69293 128.71508   3.9118531616E-001
   5.69293 129.72067   4.0837895863E-001
   5.69293 130.72626   4.2568547781E-001
   5.69293 131.73184   4.4308355213E-001
   5.69293 132.73743   4.6055174725E-001
   5.69293 133.74302   4.7806854244E-001
   5.69293 134.74860   4.9561235708E-001
   5.69293 135.75419   5.1316157728E-001
   5.69293 136.75978   5.3069458247E-001
   5.69293 137.76536   5.4818977208E-001
   5.69293 138.77095   5.6562559212E-001
   5.69293 139.77654   5.8298056172E-001
   5.69293 140.78212   6.0023329966E-001
   5.69293 141.78771   6.1736255064E-001
   5.69293 142.79330   6.3434721149E-001
   5.69293 143.79888   6.5116635720E-001
   5.69293 144.80447   6.6779926665E-001
   5.69293 145.81006   6.8422544818E-001
   5.69293 146.81564   7.0042466481E-001
   5.69293 147.82123   7.1637695918E-001
   5.69293 148.82682   7.3206267813E-001
   5.69293 149.83240   7.4746249693E-001
   5.69293 150.83799   7.6255744307E-001
   5.69293 151.84358   7.7732891966E-001
   5.69293 152.84916   7.9175872829E-001
   5.69293 153.85475   8.0582909152E-001
   5.69293 154.86034   8.1952267472E-001
   5.69293 155.86592   8.3282260745E-001
   5.69293 156.87151   8.4571250427E-001
   5.69293 157.87709   8.5817648488E-001
   5.69293 158.88268   8.7019919371E-001
   5.69293 159.88827   8.8176581883E-001
   5.69293 160.89385   8.9286211024E-001
   5.69293 161.89944   9.0347439733E-001
   5.69293 162.90503   9.1358960582E-001
   5.69293 163.91061   9.2319527383E-001
   5.69293 164.91620   9.3227956721E-001
   5.69293 165.92179   9.4083129416E-001
   5.69293 166.92737   9.4883991899E-001
   5.69293 167.93296   9.5629557511E-001
   5.69293 168.93855   9.6318907718E-001
   5.69293 169.94413   9.6951193245E-001
   5.69293 170.94972   9.7525635117E-001
   5.69293 171.95531   9.8041525627E-001
   5.69293 172.96089   9.8498229199E-001
   5.69293 173.96648   9.8895183176E-001
   5.69293 174.97207   9.9231898512E-001
   5.69293 175.97765   9.9507960377E-001
   5.69293 176.98324   9.9723028663E-001
   5.69293 177.98883   9.9876838406E-001
   5.69293 178.99441   9.9969200115E-001
   5.69293 180.00000   1.0000000000E+000

   5.75556   0.00000   4.8016951974E-310
   5.75556   1.00559   9.9969200115E-001
   5.75556   2.01117   9.9876838406E-001
   5.75556   3.01676   9.9723028663E-001
   5.75556   4.02235   9.9507960377E-001
   5.75556   5.02793   9.9231898512E-001
   5.75556   6.03352   9.8895183176E-001
   5.75556   7.03911   9.8498229199E-001
   5.75556   8.04469   9.8041525627E-001
   5.75556   9.05028   9.7525635117E-001
   5.75556  10.05587   9.6951193245E-001
   5.75556  11.06145   9.6318907718E-001
   5.75556  12.06704   9.5629557511E-001
   5.75556  13.07263   9.4883991899E-001
   5.75556  14.07821   9.4083129416E-001
   5.75556  15.08380   9.3227956721E-001
   5.75556  16.08939   9.2319527383E-001
   5.75556  17.09497   9.1358960582E-001
   5.75556  18.10056   9.0347439733E-001
   5.75556  19.10615   8.9286211024E-001
   5.75556  20.11173   8.8176581883E-001
   5.75556  21.11732   8.7019919371E-001
   5.75556  22.12291   8.5817648488E-001
   5.75556  23.12849   8.4571250427E-001
   5.75556  24.13408   8.3282260745E-001
   5.75556  25.13966   8.1952267472E-001
   5.75556  26.14525   8.0582909152E-001
   5.75556  27.15084   7.9175872829E-001
   5.75556  28.15642   7.7732891966E-001
   5.75556  29.16201   7.6255744307E-001
   5.75556  30.16760   7.4746249693E-001
   5.75556  31.17318   7.3206267813E-001
   5.75556  32.17877   7.1637695918E-001
   5.75556  33.18436   7.0042466481E-001
   5.75556  34.18994   6.8422544818E-001
   5.75556  35.19553   6.6779926665E-001
   5.75556  36.20112   6.5116635720E-001
   5.75556  37.20670   6.3434721149E-001
   5.75556  38.21229   6.1736255064E-001
   5.75556  39.21788   6.0023329966E-001
   5.75556  40.22346   5.8298056172E-001
   5.75556  41.22905   5.6562559212E-001
   5.75556  42.23464   5.4818977208E-001
   5.75556  43.24022   5.3069458247E-001
   5.75556  44.24581   5.1316157728E-001
   5.75556  45.25140   4.9561235708E-001
   5.75556  46.25698   4.7806854244E-001
   5.75556  47.26257   4.6055174725E-001
   5.75556  48.26816   4.4308355213E-001
   5.75556  49.27374   4.2568547781E-001
   5.75556  50.27933   4.0837895863E-001
   5.75556  51.28492   3.9118531616E-001
   5.75556  52.29050   3.7412573288E-001
   5.75556  53.29609   3.5722122611E-001
   5.75556  54.30168   3.4049262214E-001
   5.75556  55.30726   3.2396053052E-001
   5.75556  56.31285   3.0764531871E-001
   5.75556  57.31844   2.9156708699E-001
   5.75556  58.32402   2.7574564365E-001
   5.75556  59.32961   2.6020048064E-001
   5.75556  60.33520   2.4495074954E-001
   5.75556  61.34078   2.3001523794E-001
   5.75556  62.34637   2.1541234632E-001
   5.75556  63.35196   2.0116006537E-001
   5.75556  64.35754   1.8727595385E-001
   5.75556  65.36313   1.7377711691E-001
   5.75556  66.36872   1.6068018506E-001
   5.75556  67.37430   1.4800129365E-001
   5.75556  68.37989   1.3575606303E-001
   5.75556  69.38547   1.2395957926E-001
   5.75556  70.39106   1.1262637556E-001
   5.75556  71.39665   1.0177041437E-001
   5.75556  72.40223   9.1405070194E-002
   5.75556  73.40782   8.1543113090E-002
   5.75556  74.41341   7.2196692940E-002
   5.75556  75.41899   6.3377324492E-002
   5.75556  76.42458   5.5095873167E-002
   5.75556  77.43017   4.7362541675E-002
   5.75556  78.43575   4.0186857444E-002
   5.75556  79.44134   3.3577660884E-002
   5.75556  80.44693   2.7543094495E-002
   5.75556  81.45251   2.2090592836E-002
   5.75556  82.45810   1.7226873362E-002
   5.75556  83.46369   1.2957928154E-002
   5.75556  84.46927   9.2890165331E-003
   5.75556  85.47486   6.2246585807E-003
   5.75556  86.48045   3.7686295721E-003
   5.75556  87.48603   1.9239553236E-003
   5.75556  88.49162   6.9290846547E-004
   5.75556  89.49721   7.7005641668E-005
   5.75556  90.50279   7.7005641668E-005
   5.75556  91.50838   6.9290846547E-004
   5.75556  92.51397   1.9239553236E-003
   5.75556  93.51955   3.7686295721E-003
   5.75556  94.52514   6.2246585807E-003
   5.75556  95.53073   9.2890165331E-003
   5.75556  96.53631   1.2957928154E-002
   5.75556  97.54190   1.7226873362E-002
   5.75556  98.54749   2.2090592836E-002
   5.75556  99.55307   2.7543094495E-002
   5.75556 100.55866   3.3577660884E-002
   5.75556 101.56425   4.0186857444E-002
   5.75556 102.56983   4.7362541675E-002
   5.75556 103.57542   5.5095873167E-002
   5.75556 104.58101   6.3377324492E-002
   5.75556 105.58659   7.2196692940E-002
   5.75556 106.59218   8.1543113090E-002
   5.75556 107.59777   9.1405070194E-002
   5.75556 108.60335   1.0177041437E-001
   5.75556 109.60894   1.1262637556E-001
   5.75556 110.61453   1.2395957926E-001
   5.75556 111.62011   1.3575606303E-001
   5.75556 112.62570   1.4800129365E-001
   5.75556 113.63128   1.6068018506E-001
   5.75556 114.63687   1.7377711691E-001
   5.75556 115.64246   1.8727595385E-001
   5.75556 116.64804   2.0116006537E-001
   5.75556 117.65363   2.1541234632E-001
   5.75556 118.65922   2.3001523794E-001
   5.75556 119.66480   2.4495074954E-001
   5.75556 120.67039   2.6020048064E-001
   5.75556 121.67598   2.7574564365E-001
   5.75556 122.68156   2.9156708699E-001
   5.75556 123.68715   3.0764531871E-001
   5.75556 124.69274   3.2396053052E-001
   5.75556 125.69832   3.4049262214E-001
   5.75556 126.70391   3.5722122611E-001
   5.75556 127.70950   3.7412573288E-001
   5.75556 128.71508   3.9118531616E-001
   5.75556 129.72067   4.0837895863E-001
   5.75556 130.72626   4.2568547781E-001
   5.75556 131.73184   4.4308355213E-001
   5.75556 132.73743   4.6055174725E-001
   5.75556 133.74302   4.7806854244E-001
   5.75556 134.74860   4.9561235708E-001
   5.75556 135.75419   5.1316157728E-001
   5.75556 136.75978   5.3069458247E-001
   5.75556 137.76536   5.4818977208E-001
   5.75556 138.77095   5.6562559212E-001
   5.75556 139.77654   5.8298056172E-001
   5.75556 140.78212   6.0023329966E-001
   5.75556 141.78771   6.1736255064E-001
   5.75556 142.79330   6.3434721149E-001
   5.75556 143.79888   6.5116635720E-001
   5.75556 144.80447   6.6779926665E-001
   5.75556 145.81006   6.8422544818E-001
   5.75556 146.81564   7.0042466481E-001
   5.75556 147.82123   7.1637695918E-001
   5.75556 148.82682   7.3206267813E-001
   5.75556 149.83240   7.4746249693E-001
   5.75556 150.83799   7.6255744307E-001
   5.75556 151.84358   7.7732891966E-001
   5.75556 152.84916   7.9175872829E-001
   5.75556 153.85475   8.0582909152E-001
   5.75556 154.86034   8.1952267472E-001
   5.75556 155.86592   8.3282260745E-001
   5.75556 156.87151   8.4571250427E-001
   5.75556 157.87709   8.5817648488E-001
   5.75556 158.88268   8.7019919371E-001
   5.75556 159.88827   8.8176581883E-001
   5.75556 160.89385   8.9286211024E-001
   5.75556 161.89944   9.0347439733E-001
   5.75556 162.90503   9.1358960582E-001
   5.75556 163.91061   9.2319527383E-001
   5.75556 164.91620   9.3227956721E-001
   5.75556 165.92179   9.4083129416E-001
   5.75556 166.92737   9.4883991899E-001
   5.75556 167.93296   9.5629557511E-001
   5.75556 168.93855   9.6318907718E-001
   5.75556 169.94413   9.6951193245E-001
   5.75556 170.94972   9.7525635117E-001
   5.75556 171.95531   9.8041525627E-001
   5.75556 172.96089   9.8498229199E-001
   5.75556 173.96648   9.8895183176E-001
   5.75556 174.97207   9.9231898512E-001
   5.75556 175.97765   9.9507960377E-001
   5.75556 176.98324   9.9723028663E-001
   5.75556 177.98883   9.9876838406E-001
   5.75556 178.99441   9.9969200115E-001
   5.75556 180.00000   1.0000000000E+000

   5.81818   0.00000   4.8016951974E-310
   5.81818   1.00559   9.9969200115E-001
   5.81818   2.01117   9.9876838406E-001
   5.81818   3.01676   9.9723028663E-001
   5.81818   4.02235   9.9507960377E-001
   5.81818   5.02793   9.9231898512E-001
   5.81818   6.03352   9.8895183176E-001
   5.81818   7.03911   9.8498229199E-001
   5.81818   8.04469   9.8041525627E-001
   5.81818   9.05028   9.7525635117E-001
   5.81818  10.05587   9.6951193245E-001
   5.81818  11.06145   9.6318907718E-001
   5.81818  12.06704   9.5629557511E-001
   5.81818  13.07263   9.4883991899E-001
   5.81818  14.07821   9.4083129416E-001
   5.81818  15.08380   9.3227956721E-001
   5.81818  16.08939   9.2319527383E-001
   5.81818  17.09497   9.1358960582E-001
   5.81818  18.10056   9.0347439733E-001
   5.81818  19.10615   8.9286211024E-001
   5.81818  20.11173   8.8176581883E-001
   5.81818  21.11732   8.7019919371E-001
   5.81818  22.12291   8.5817648488E-001
   5.81818  23.12849   8.4571250427E-001
   5.81818  24.13408   8.3282260745E-001
   5.81818  25.13966   8.1952267472E-001
   5.81818  26.14525   8.0582909152E-001
   5.81818  27.15084   7.9175872829E-001
   5.81818  28.15642   7.7732891966E-001
   5.81818  29.16201   7.6255744307E-001
   5.81818  30.16760   7.4746249693E-001
   5.81818  31.17318   7.3206267813E-001
   5.81818  32.17877   7.1637695918E-001
   5.81818  33.18436   7.0042466481E-001
   5.81818  34.18994   6.8422544818E-001
   5.81818  35.19553   6.6779926665E-001
   5.81818  36.20112   6.5116635720E-001
   5.81818  37.20670   6.3434721149E-001
   5.81818  38.21229   6.1736255064E-001
   5.81818  39.21788   6.0023329966E-001
   5.81818  40.22346   5.8298056172E-001
   5.81818  41.22905   5.6562559212E-001
   5.81818  42.23464   5.4818977208E-001
   5.81818  43.24022   5.3069458247E-001
   5.81818  44.24581   5.1316157728E-001
   5.81818  45.25140   4.9561235708E-001
   5.81818  46.25698   4.7806854244E-001
   5.81818  47.26257   4.6055174725E-001
   5.81818  48.26816   4.4308355213E-001
   5.81818  49.27374   4.2568547781E-001
   5.81818  50.27933   4.0837895863E-001
   5.81818  51.28492   3.9118531616E-001
   5.81818  52.29050   3.7412573288E-001
   5.81818  53.29609   3.5722122611E-001
   5.81818  54.30168   3.4049262214E-001
   5.81818  55.30726   3.2396053052E-001
   5.81818  56.31285   3.0764531871E-001
   5.81818  57.31844   2.9156708699E-001
   5.81818  58.32402   2.7574564365E-001
   5.81818  59.32961   2.6020048064E-001
   5.81818  60.33520   2.4495074954E-001
   5.81818  61.34078   2.3001523794E-001
   5.81818  62.34637   2.1541234632E-001
   5.81818  63.35196   2.0116006537E-001
   5.81818  64.35754   1.8727595385E-001
   5.81818  65.36313   1.7377711691E-001
   5.81818  66.36872   1.6068018506E-001
   5.81818  67.37430   1.4800129365E-001
   5.81818  68.37989   1.3575606303E-001
   5.81818  69.38547   1.2395957926E-001
   5.81818  70.39106   1.1262637556E-001
   5.81818  71.39665   1.0177041437E-001
   5.81818  72.40223   9.1405070194E-002
   5.81818  73.40782   8.1543113090E-002
   5.81818  74.41341   7.2196692940E-002
   5.81818  75.41899   6.3377324492E-002
   5.81818  76.42458   5.5095873167E-002
   5.81818  77.43017   4.7362541675E-002
   5.81818  78.43575   4.0186857444E-002
   5.81818  79.44134   3.3577660884E-002
   5.81818  80.44693   2.7543094495E-002
   5.81818  81.45251   2.2090592836E-002
   5.81818  82.45810   1.7226873362E-002
   5.81818  83.46369   1.2957928154E-002
   5.81818  84.46927   9.2890165331E-003
   5.81818  85.47486   6.2246585807E-003
   5.81818  86.48045   3.7686295721E-003
   5.81818  87.48603   1.9239553236E-003
   5.81818  88.49162   6.9290846547E-004
   5.81818  89.49721   7.7005641668E-005
   5.81818  90.50279   7.7005641668E-005
   5.81818  91.50838   6.9290846547E-004
   5.81818  92.51397   1.9239553236E-003
   5.81818  93.51955   3.7686295721E-003
   5.81818  94.52514   6.2246585807E-003
   5.81818  95.53073   9.2890165331E-003
   5.81818  96.53631   1.2957928154E-002
   5.81818  97.54190   1.7226873362E-002
   5.81818  98.54749   2.2090592836E-002
   5.81818  99.55307   2.7543094495E-002
   5.81818 100.55866   3.3577660884E-002
   5.81818 101.56425   4.0186857444E-002
   5.81818 102.56983   4.7362541675E-002
   5.81818 103.57542   5.5095873167E-002
   5.81818 104.58101   6.3377324492E-002
   5.81818 105.58659   7.2196692940E-002
   5.81818 106.59218   8.1543113090E-002
   5.81818 107.59777   9.1405070194E-002
   5.81818 108.60335   1.0177041437E-001
   5.81818 109.60894   1.1262637556E-001
   5.81818 110.61453   1.2395957926E-001
   5.81818 111.62011   1.3575606303E-001
   5.81818 112.62570   1.4800129365E-001
   5.81818 113.63128   1.6068018506E-001
   5.81818 114.63687   1.7377711691E-001
   5.81818 115.64246   1.8727595385E-001
   5.81818 116.64804   2.0116006537E-001
   5.81818 117.65363   2.1541234632E-001
   5.81818 118.65922   2.3001523794E-001
   5.81818 119.66480   2.4495074954E-001
   5.81818 120.67039   2.6020048064E-001
   5.81818 121.67598   2.7574564365E-001
   5.81818 122.68156   2.9156708699E-001
   5.81818 123.68715   3.0764531871E-001
   5.81818 124.69274   3.2396053052E-001
   5.81818 125.69832   3.4049262214E-001
   5.81818 126.70391   3.5722122611E-001
   5.81818 127.70950   3.7412573288E-001
   5.81818 128.71508   3.9118531616E-001
   5.81818 129.72067   4.0837895863E-001
   5.81818 130.72626   4.2568547781E-001
   5.81818 131.73184   4.4308355213E-001
   5.81818 132.73743   4.6055174725E-001
   5.81818 133.74302   4.7806854244E-001
   5.81818 134.74860   4.9561235708E-001
   5.81818 135.75419   5.1316157728E-001
   5.81818 136.75978   5.3069458247E-001
   5.81818 137.76536   5.4818977208E-001
   5.81818 138.77095   5.6562559212E-001
   5.81818 139.77654   5.8298056172E-001
   5.81818 140.78212   6.0023329966E-001
   5.81818 141.78771   6.1736255064E-001
   5.81818 142.79330   6.3434721149E-001
   5.81818 143.79888   6.5116635720E-001
   5.81818 144.80447   6.6779926665E-001
   5.81818 145.81006   6.8422544818E-001
   5.81818 146.81564   7.0042466481E-001
   5.81818 147.82123   7.1637695918E-001
   5.81818 148.82682   7.3206267813E-001
   5.81818 149.83240   7.4746249693E-001
   5.81818 150.83799   7.6255744307E-001
   5.81818 151.84358   7.7732891966E-001
   5.81818 152.84916   7.9175872829E-001
   5.81818 153.85475   8.0582909152E-001
   5.81818 154.86034   8.1952267472E-001
   5.81818 155.86592   8.3282260745E-001
   5.81818 156.87151   8.4571250427E-001
   5.81818 157.87709   8.5817648488E-001
   5.81818 158.88268   8.7019919371E-001
   5.81818 159.88827   8.8176581883E-001
   5.81818 160.89385   8.9286211024E-001
   5.81818 161.89944   9.0347439733E-001
   5.81818 162.90503   9.1358960582E-001
   5.81818 163.91061   9.2319527383E-001
   5.81818 164.91620   9.3227956721E-001
   5.81818 165.92179   9.4083129416E-001
   5.81818 166.92737   9.4883991899E-001
   5.81818 167.93296   9.5629557511E-001
   5.81818 168.93855   9.6318907718E-001
   5.81818 169.94413   9.6951193245E-001
   5.81818 170.94972   9.7525635117E-001
   5.81818 171.95531   9.8041525627E-001
   5.81818 172.96089   9.8498229199E-001
   5.81818 173.96648   9.8895183176E-001
   5.81818 174.97207   9.9231898512E-001
   5.81818 175.97765   9.9507960377E-001
   5.81818 176.98324   9.9723028663E-001
   5.81818 177.98883   9.9876838406E-001
   5.81818 178.99441   9.9969200115E-001
   5.81818 180.00000   1.0000000000E+000

   5.88081   0.00000   4.8016951974E-310
   5.88081   1.00559   9.9969200115E-001
   5.88081   2.01117   9.9876838406E-001
   5.88081   3.01676   9.9723028663E-001
   5.88081   4.02235   9.9507960377E-001
   5.88081   5.02793   9.9231898512E-001
   5.88081   6.03352   9.8895183176E-001
   5.88081   7.03911   9.8498229199E-001
   5.88081   8.04469   9.8041525627E-001
   5.88081   9.05028   9.7525635117E-001
   5.88081  10.05587   9.6951193245E-001
   5.88081  11.06145   9.6318907718E-001
   5.88081  12.06704   9.5629557511E-001
   5.88081  13.07263   9.4883991899E-001
   5.88081  14.07821   9.4083129416E-001
   5.88081  15.08380   9.3227956721E-001
   5.88081  16.08939   9.2319527383E-001
   5.88081  17.09497   9.1358960582E-001
   5.88081  18.10056   9.0347439733E-001
   5.88081  19.10615   8.9286211024E-001
   5.88081  20.11173   8.8176581883E-001
   5.88081  21.11732   8.7019919371E-001
   5.88081  22.12291   8.5817648488E-001
   5.88081  23.12849   8.4571250427E-001
   5.88081  24.13408   8.3282260745E-001
   5.88081  25.13966   8.1952267472E-001
   5.88081  26.14525   8.0582909152E-001
   5.88081  27.15084   7.9175872829E-001
   5.88081  28.15642   7.7732891966E-001
   5.88081  29.16201   7.6255744307E-001
   5.88081  30.16760   7.4746249693E-001
   5.88081  31.17318   7.3206267813E-001
   5.88081  32.17877   7.1637695918E-001
   5.88081  33.18436   7.0042466481E-001
   5.88081  34.18994   6.8422544818E-001
   5.88081  35.19553   6.6779926665E-001
   5.88081  36.20112   6.5116635720E-001
   5.88081  37.20670   6.3434721149E-001
   5.88081  38.21229   6.1736255064E-001
   5.88081  39.21788   6.0023329966E-001
   5.88081  40.22346   5.8298056172E-001
   5.88081  41.22905   5.6562559212E-001
   5.88081  42.23464   5.4818977208E-001
   5.88081  43.24022   5.3069458247E-001
   5.88081  44.24581   5.1316157728E-001
   5.88081  45.25140   4.9561235708E-001
   5.88081  46.25698   4.7806854244E-001
   5.88081  47.26257   4.6055174725E-001
   5.88081  48.26816   4.4308355213E-001
   5.88081  49.27374   4.2568547781E-001
   5.88081  50.27933   4.0837895863E-001
   5.88081  51.28492   3.9118531616E-001
   5.88081  52.29050   3.7412573288E-001
   5.88081  53.29609   3.5722122611E-001
   5.88081  54.30168   3.4049262214E-001
   5.88081  55.30726   3.2396053052E-001
   5.88081  56.31285   3.0764531871E-001
   5.88081  57.31844   2.9156708699E-001
   5.88081  58.32402   2.7574564365E-001
   5.88081  59.32961   2.6020048064E-001
   5.88081  60.33520   2.4495074954E-001
   5.88081  61.34078   2.3001523794E-001
   5.88081  62.34637   2.1541234632E-001
   5.88081  63.35196   2.0116006537E-001
   5.88081  64.35754   1.8727595385E-001
   5.88081  65.36313   1.7377711691E-001
   5.88081  66.36872   1.6068018506E-001
   5.88081  67.37430   1.4800129365E-001
   5.88081  68.37989   1.3575606303E-001
   5.88081  69.38547   1.2395957926E-001
   5.88081  70.39106   1.1262637556E-001
   5.88081  71.39665   1.0177041437E-001
   5.88081  72.40223   9.1405070194E-002
   5.88081  73.40782   8.1543113090E-002
   5.88081  74.41341   7.2196692940E-002
   5.88081  75.41899   6.3377324492E-002
   5.88081  76.42458   5.5095873167E-002
   5.88081  77.43017   4.7362541675E-002
   5.88081  78.43575   4.0186857444E-002
   5.88081  79.44134   3.3577660884E-002
   5.88081  80.44693   2.7543094495E-002
   5.88081  81.45251   2.2090592836E-002
   5.88081  82.45810   1.7226873362E-002
   5.88081  83.46369   1.2957928154E-002
   5.88081  84.46927   9.2890165331E-003
   5.88081  85.47486   6.2246585807E-003
   5.88081  86.48045   3.7686295721E-003
   5.88081  87.48603   1.9239553236E-003
   5.88081  88.49162   6.9290846547E-004
   5.88081  89.49721   7.7005641668E-005
   5.88081  90.50279   7.7005641668E-005
   5.88081  91.50838   6.9290846547E-004
   5.88081  92.51397   1.9239553236E-003
   5.88081  93.51955   3.7686295721E-003
   5.88081  94.52514   6.2246585807E-003
   5.88081  95.53073   9.2890165331E-003
   5.88081  96.53631   1.2957928154E-002
   5.88081  97.54190   1.7226873362E-002
   5.88081  98.54749   2.2090592836E-002
   5.88081  99.55307   2.7543094495E-002
   5.88081 100.55866   3.3577660884E-002
   5.88081 101.56425   4.0186857444E-002
   5.88081 102.56983   4.7362541675E-002
   5.88081 103.57542   5.5095873167E-002
   5.88081 104.58101   6.3377324492E-002
   5.88081 105.58659   7.2196692940E-002
   5.88081 106.59218   8.1543113090E-002
   5.88081 107.59777   9.1405070194E-002
   5.88081 108.60335   1.0177041437E-001
   5.88081 109.60894   1.1262637556E-001
   5.88081 110.61453   1.2395957926E-001
   5.88081 111.62011   1.3575606303E-001
   5.88081 112.62570   1.4800129365E-001
   5.88081 113.63128   1.6068018506E-001
   5.88081 114.63687   1.7377711691E-001
   5.88081 115.64246   1.8727595385E-001
   5.88081 116.64804   2.0116006537E-001
   5.88081 117.65363   2.1541234632E-001
   5.88081 118.65922   2.3001523794E-001
   5.88081 119.66480   2.4495074954E-001
   5.88081 120.67039   2.6020048064E-001
   5.88081 121.67598   2.7574564365E-001
   5.88081 122.68156   2.9156708699E-001
   5.88081 123.68715   3.0764531871E-001
   5.88081 124.69274   3.2396053052E-001
   5.88081 125.69832   3.4049262214E-001
   5.88081 126.70391   3.5722122611E-001
   5.88081 127.70950   3.7412573288E-001
   5.88081 128.71508   3.9118531616E-001
   5.88081 129.72067   4.0837895863E-001
   5.88081 130.72626   4.2568547781E-001
   5.88081 131.73184   4.4308355213E-001
   5.88081 132.73743   4.6055174725E-001
   5.88081 133.74302   4.7806854244E-001
   5.88081 134.74860   4.9561235708E-001
   5.88081 135.75419   5.1316157728E-001
   5.88081 136.75978   5.3069458247E-001
   5.88081 137.76536   5.4818977208E-001
   5.88081 138.77095   5.6562559212E-001
   5.88081 139.77654   5.8298056172E-001
   5.88081 140.78212   6.0023329966E-001
   5.88081 141.78771   6.1736255064E-001
   5.88081 142.79330   6.3434721149E-001
   5.88081 143.79888   6.5116635720E-001
   5.88081 144.80447   6.6779926665E-001
   5.88081 145.81006   6.8422544818E-001
   5.88081 146.81564   7.0042466481E-001
   5.88081 147.82123   7.1637695918E-001
   5.88081 148.82682   7.3206267813E-001
   5.88081 149.83240   7.4746249693E-001
   5.88081 150.83799   7.6255744307E-001
   5.88081 151.84358   7.7732891966E-001
   5.88081 152.84916   7.9175872829E-001
   5.88081 153.85475   8.0582909152E-001
   5.88081 154.86034   8.1952267472E-001
   5.88081 155.86592   8.3282260745E-001
   5.88081 156.87151   8.4571250427E-001
   5.88081 157.87709   8.5817648488E-001
   5.88081 158.88268   8.7019919371E-001
   5.88081 159.88827   8.8176581883E-001
   5.88081 160.89385   8.9286211024E-001
   5.88081 161.89944   9.0347439733E-001
   5.88081 162.90503   9.1358960582E-001
   5.88081 163.91061   9.2319527383E-001
   5.88081 164.91620   9.3227956721E-001
   5.88081 165.92179   9.4083129416E-001
   5.88081 166.92737   9.4883991899E-001
   5.88081 167.93296   9.5629557511E-001
   5.88081 168.93855   9.6318907718E-001
   5.88081 169.94413   9.6951193245E-001
   5.88081 170.94972   9.7525635117E-001
   5.88081 171.95531   9.8041525627E-001
   5.88081 172.96089   9.8498229199E-001
   5.88081 173.96648   9.8895183176E-001
   5.88081 174.97207   9.9231898512E-001
   5.88081 175.97765   9.9507960377E-001
   5.88081 176.98324   9.9723028663E-001
   5.88081 177.98883   9.9876838406E-001
   5.88081 178.99441   9.9969200115E-001
   5.88081 180.00000   1.0000000000E+000

   5.94343   0.00000   4.8016951974E-310
   5.94343   1.00559   9.9969200115E-001
   5.94343   2.01117   9.9876838406E-001
   5.94343   3.01676   9.9723028663E-001
   5.94343   4.02235   9.9507960377E-001
   5.94343   5.02793   9.9231898512E-001
   5.94343   6.03352   9.8895183176E-001
   5.94343   7.03911   9.8498229199E-001
   5.94343   8.04469   9.8041525627E-001
   5.94343   9.05028   9.7525635117E-001
   5.94343  10.05587   9.6951193245E-001
   5.94343  11.06145   9.6318907718E-001
   5.94343  12.06704   9.5629557511E-001
   5.94343  13.07263   9.4883991899E-001
   5.94343  14.07821   9.4083129416E-001
   5.94343  15.08380   9.3227956721E-001
   5.94343  16.08939   9.2319527383E-001
   5.94343  17.09497   9.1358960582E-001
   5.94343  18.10056   9.0347439733E-001
   5.94343  19.10615   8.9286211024E-001
   5.94343  20.11173   8.8176581883E-001
   5.94343  21.11732   8.7019919371E-001
   5.94343  22.12291   8.5817648488E-001
   5.94343  23.12849   8.4571250427E-001
   5.94343  24.13408   8.3282260745E-001
   5.94343  25.13966   8.1952267472E-001
   5.94343  26.14525   8.0582909152E-001
   5.94343  27.15084   7.9175872829E-001
   5.94343  28.15642   7.7732891966E-001
   5.94343  29.16201   7.6255744307E-001
   5.94343  30.16760   7.4746249693E-001
   5.94343  31.17318   7.3206267813E-001
   5.94343  32.17877   7.1637695918E-001
   5.94343  33.18436   7.0042466481E-001
   5.94343  34.18994   6.8422544818E-001
   5.94343  35.19553   6.6779926665E-001
   5.94343  36.20112   6.5116635720E-001
   5.94343  37.20670   6.3434721149E-001
   5.94343  38.21229   6.1736255064E-001
   5.94343  39.21788   6.0023329966E-001
   5.94343  40.22346   5.8298056172E-001
   5.94343  41.22905   5.6562559212E-001
   5.94343  42.23464   5.4818977208E-001
   5.94343  43.24022   5.3069458247E-001
   5.94343  44.24581   5.1316157728E-001
   5.94343  45.25140   4.9561235708E-001
   5.94343  46.25698   4.7806854244E-001
   5.94343  47.26257   4.6055174725E-001
   5.94343  48.26816   4.4308355213E-001
   5.94343  49.27374   4.2568547781E-001
   5.94343  50.27933   4.0837895863E-001
   5.94343  51.28492   3.9118531616E-001
   5.94343  52.29050   3.7412573288E-001
   5.94343  53.29609   3.5722122611E-001
   5.94343  54.30168   3.4049262214E-001
   5.94343  55.30726   3.2396053052E-001
   5.94343  56.31285   3.0764531871E-001
   5.94343  57.31844   2.9156708699E-001
   5.94343  58.32402   2.7574564365E-001
   5.94343  59.32961   2.6020048064E-001
   5.94343  60.33520   2.4495074954E-001
   5.94343  61.34078   2.3001523794E-001
   5.94343  62.34637   2.1541234632E-001
   5.94343  63.35196   2.0116006537E-001
   5.94343  64.35754   1.8727595385E-001
   5.94343  65.36313   1.7377711691E-001
   5.94343  66.36872   1.6068018506E-001
   5.94343  67.37430   1.4800129365E-001
   5.94343  68.37989   1.3575606303E-001
   5.94343  69.38547   1.2395957926E-001
   5.94343  70.39106   1.1262637556E-001
   5.94343  71.39665   1.0177041437E-001
   5.94343  72.40223   9.1405070194E-002
   5.94343  73.40782   8.1543113090E-002
   5.94343  74.41341   7.2196692940E-002
   5.94343  75.41899   6.3377324492E-002
   5.94343  76.42458   5.5095873167E-002
   5.94343  77.43017   4.7362541675E-002
   5.94343  78.43575   4.0186857444E-002
   5.94343  79.44134   3.3577660884E-002
   5.94343  80.44693   2.7543094495E-002
   5.94343  81.45251   2.2090592836E-002
   5.94343  82.45810   1.7226873362E-002
   5.94343  83.46369   1.2957928154E-002
   5.94343  84.46927   9.2890165331E-003
   5.94343  85.47486   6.2246585807E-003
   5.94343  86.48045   3.7686295721E-003
   5.94343  87.48603   1.9239553236E-003
   5.94343  88.49162   6.9290846547E-004
   5.94343  89.49721   7.7005641668E-005
   5.94343  90.50279   7.7005641668E-005
   5.94343  91.50838   6.9290846547E-004
   5.94343  92.51397   1.9239553236E-003
   5.94343  93.51955   3.7686295721E-003
   5.94343  94.52514   6.2246585807E-003
   5.94343  95.53073   9.2890165331E-003
   5.94343  96.53631   1.2957928154E-002
   5.94343  97.54190   1.7226873362E-002
   5.94343  98.54749   2.2090592836E-002
   5.94343  99.55307   2.7543094495E-002
   5.94343 100.55866   3.3577660884E-002
   5.94343 101.56425   4.0186857444E-002
   5.94343 102.56983   4.7362541675E-002
   5.94343 103.57542   5.5095873167E-002
   5.94343 104.58101   6.3377324492E-002
   5.94343 105.58659   7.2196692940E-002
   5.94343 106.59218   8.1543113090E-002
   5.94343 107.59777   9.1405070194E-002
   5.94343 108.60335   1.0177041437E-001
   5.94343 109.60894   1.1262637556E-001
   5.94343 110.61453   1.2395957926E-001
   5.94343 111.62011   1.3575606303E-001
   5.94343 112.62570   1.4800129365E-001
   5.94343 113.63128   1.6068018506E-001
   5.94343 114.63687   1.7377711691E-001
   5.94343 115.64246   1.8727595385E-001
   5.94343 116.64804   2.0116006537E-001
   5.94343 117.65363   2.1541234632E-001
   5.94343 118.65922   2.3001523794E-001
   5.94343 119.66480   2.4495074954E-001
   5.94343 120.67039   2.6020048064E-001
   5.94343 121.67598   2.7574564365E-001
   5.94343 122.68156   2.9156708699E-001
   5.94343 123.68715   3.0764531871E-001
   5.94343 124.69274   3.2396053052E-001
   5.94343 125.69832   3.4049262214E-001
   5.94343 126.70391   3.5722122611E-001
   5.94343 127.70950   3.7412573288E-001
   5.94343 128.71508   3.9118531616E-001
   5.94343 129.72067   4.0837895863E-001
   5.94343 130.72626   4.2568547781E-001
   5.94343 131.73184   4.4308355213E-001
   5.94343 132.73743   4.6055174725E-001
   5.94343 133.74302   4.7806854244E-001
   5.94343 134.74860   4.9561235708E-001
   5.94343 135.75419   5.1316157728E-001
   5.94343 136.75978   5.3069458247E-001
   5.94343 137.76536   5.4818977208E-001
   5.94343 138.77095   5.6562559212E-001
   5.94343 139.77654   5.8298056172E-001
   5.94343 140.78212   6.0023329966E-001
   5.94343 141.78771   6.1736255064E-001
   5.94343 142.79330   6.3434721149E-001
   5.94343 143.79888   6.5116635720E-001
   5.94343 144.80447   6.6779926665E-001
   5.94343 145.81006   6.8422544818E-001
   5.94343 146.81564   7.0042466481E-001
   5.94343 147.82123   7.1637695918E-001
   5.94343 148.82682   7.3206267813E-001
   5.94343 149.83240   7.4746249693E-001
   5.94343 150.83799   7.6255744307E-001
   5.94343 151.84358   7.7732891966E-001
   5.94343 152.84916   7.9175872829E-001
   5.94343 153.85475   8.0582909152E-001
   5.94343 154.86034   8.1952267472E-001
   5.94343 155.86592   8.3282260745E-001
   5.94343 156.87151   8.4571250427E-001
   5.94343 157.87709   8.5817648488E-001
   5.94343 158.88268   8.7019919371E-001
   5.94343 159.88827   8.8176581883E-001
   5.94343 160.89385   8.9286211024E-001
   5.94343 161.89944   9.0347439733E-001
   5.94343 162.90503   9.1358960582E-001
   5.94343 163.91061   9.2319527383E-001
   5.94343 164.91620   9.3227956721E-001
   5.94343 165.92179   9.4083129416E-001
   5.94343 166.92737   9.4883991899E-001
   5.94343 167.93296   9.5629557511E-001
   5.94343 168.93855   9.6318907718E-001
   5.94343 169.94413   9.6951193245E-001
   5.94343 170.94972   9.7525635117E-001
   5.94343 171.95531   9.8041525627E-001
   5.94343 172.96089   9.8498229199E-001
   5.94343 173.96648   9.8895183176E-001
   5.94343 174.97207   9.9231898512E-001
   5.94343 175.97765   9.9507960377E-001
   5.94343 176.98324   9.9723028663E-001
   5.94343 177.98883   9.9876838406E-001
   5.94343 178.99441   9.9969200115E-001
   5.94343 180.00000   1.0000000000E+000

   6.00606   0.00000   4.8016951974E-310
   6.00606   1.00559   9.9969200115E-001
   6.00606   2.01117   9.9876838406E-001
   6.00606   3.01676   9.9723028663E-001
   6.00606   4.02235   9.9507960377E-001
   6.00606   5.02793   9.9231898512E-001
   6.00606   6.03352   9.8895183176E-001
   6.00606   7.03911   9.8498229199E-001
   6.00606   8.04469   9.8041525627E-001
   6.00606   9.05028   9.7525635117E-001
   6.00606  10.05587   9.6951193245E-001
   6.00606  11.06145   9.6318907718E-001
   6.00606  12.06704   9.5629557511E-001
   6.00606  13.07263   9.4883991899E-001
   6.00606  14.07821   9.4083129416E-001
   6.00606  15.08380   9.3227956721E-001
   6.00606  16.08939   9.2319527383E-001
   6.00606  17.09497   9.1358960582E-001
   6.00606  18.10056   9.0347439733E-001
   6.00606  19.10615   8.9286211024E-001
   6.00606  20.11173   8.8176581883E-001
   6.00606  21.11732   8.7019919371E-001
   6.00606  22.12291   8.5817648488E-001
   6.00606  23.12849   8.4571250427E-001
   6.00606  24.13408   8.3282260745E-001
   6.00606  25.13966   8.1952267472E-001
   6.00606  26.14525   8.0582909152E-001
   6.00606  27.15084   7.9175872829E-001
   6.00606  28.15642   7.7732891966E-001
   6.00606  29.16201   7.6255744307E-001
   6.00606  30.16760   7.4746249693E-001
   6.00606  31.17318   7.3206267813E-001
   6.00606  32.17877   7.1637695918E-001
   6.00606  33.18436   7.0042466481E-001
   6.00606  34.18994   6.8422544818E-001
   6.00606  35.19553   6.6779926665E-001
   6.00606  36.20112   6.5116635720E-001
   6.00606  37.20670   6.3434721149E-001
   6.00606  38.21229   6.1736255064E-001
   6.00606  39.21788   6.0023329966E-001
   6.00606  40.22346   5.8298056172E-001
   6.00606  41.22905   5.6562559212E-001
   6.00606  42.23464   5.4818977208E-001
   6.00606  43.24022   5.3069458247E-001
   6.00606  44.24581   5.1316157728E-001
   6.00606  45.25140   4.9561235708E-001
   6.00606  46.25698   4.7806854244E-001
   6.00606  47.26257   4.6055174725E-001
   6.00606  48.26816   4.4308355213E-001
   6.00606  49.27374   4.2568547781E-001
   6.00606  50.27933   4.0837895863E-001
   6.00606  51.28492   3.9118531616E-001
   6.00606  52.29050   3.7412573288E-001
   6.00606  53.29609   3.5722122611E-001
   6.00606  54.30168   3.4049262214E-001
   6.00606  55.30726   3.2396053052E-001
   6.00606  56.31285   3.0764531871E-001
   6.00606  57.31844   2.9156708699E-001
   6.00606  58.32402   2.7574564365E-001
   6.00606  59.32961   2.6020048064E-001
   6.00606  60.33520   2.4495074954E-001
   6.00606  61.34078   2.3001523794E-001
   6.00606  62.34637   2.1541234632E-001
   6.00606  63.35196   2.0116006537E-001
   6.00606  64.35754   1.8727595385E-001
   6.00606  65.36313   1.7377711691E-001
   6.00606  66.36872   1.6068018506E-001
   6.00606  67.37430   1.4800129365E-001
   6.00606  68.37989   1.3575606303E-001
   6.00606  69.38547   1.2395957926E-001
   6.00606  70.39106   1.1262637556E-001
   6.00606  71.39665   1.0177041437E-001
   6.00606  72.40223   9.1405070194E-002
   6.00606  73.40782   8.1543113090E-002
   6.00606  74.41341   7.2196692940E-002
   6.00606  75.41899   6.3377324492E-002
   6.00606  76.42458   5.5095873167E-002
   6.00606  77.43017   4.7362541675E-002
   6.00606  78.43575   4.0186857444E-002
   6.00606  79.44134   3.3577660884E-002
   6.00606  80.44693   2.7543094495E-002
   6.00606  81.45251   2.2090592836E-002
   6.00606  82.45810   1.7226873362E-002
   6.00606  83.46369   1.2957928154E-002
   6.00606  84.46927   9.2890165331E-003
   6.00606  85.47486   6.2246585807E-003
   6.00606  86.48045   3.7686295721E-003
   6.00606  87.48603   1.9239553236E-003
   6.00606  88.49162   6.9290846547E-004
   6.00606  89.49721   7.7005641668E-005
   6.00606  90.50279   7.7005641668E-005
   6.00606  91.50838   6.9290846547E-004
   6.00606  92.51397   1.9239553236E-003
   6.00606  93.51955   3.7686295721E-003
   6.00606  94.52514   6.2246585807E-003
   6.00606  95.53073   9.2890165331E-003
   6.00606  96.53631   1.2957928154E-002
   6.00606  97.54190   1.7226873362E-002
   6.00606  98.54749   2.2090592836E-002
   6.00606  99.55307   2.7543094495E-002
   6.00606 100.55866   3.3577660884E-002
   6.00606 101.56425   4.0186857444E-002
   6.00606 102.56983   4.7362541675E-002
   6.00606 103.57542   5.5095873167E-002
   6.00606 104.58101   6.3377324492E-002
   6.00606 105.58659   7.2196692940E-002
   6.00606 106.59218   8.1543113090E-002
   6.00606 107.59777   9.1405070194E-002
   6.00606 108.60335   1.0177041437E-001
   6.00606 109.60894   1.1262637556E-001
   6.00606 110.61453   1.2395957926E-001
   6.00606 111.62011   1.3575606303E-001
   6.00606 112.62570   1.4800129365E-001
   6.00606 113.63128   1.6068018506E-001
   6.00606 114.63687   1.7377711691E-001
   6.00606 115.64246   1.8727595385E-001
   6.00606 116.64804   2.0116006537E-001
   6.00606 117.65363   2.1541234632E-001
   6.00606 118.65922   2.3001523794E-001
   6.00606 119.66480   2.4495074954E-001
   6.00606 120.67039   2.6020048064E-001
   6.00606 121.67598   2.7574564365E-001
   6.00606 122.68156   2.9156708699E-001
   6.00606 123.68715   3.0764531871E-001
   6.00606 124.69274   3.2396053052E-001
   6.00606 125.69832   3.4049262214E-001
   6.00606 126.70391   3.5722122611E-001
   6.00606 127.70950   3.7412573288E-001
   6.00606 128.71508   3.9118531616E-001
   6.00606 129.72067   4.0837895863E-001
   6.00606 130.72626   4.2568547781E-001
   6.00606 131.73184   4.4308355213E-001
   6.00606 132.73743   4.6055174725E-001
   6.00606 133.74302   4.7806854244E-001
   6.00606 134.74860   4.9561235708E-001
   6.00606 135.75419   5.1316157728E-001
   6.00606 136.75978   5.3069458247E-001
   6.00606 137.76536   5.4818977208E-001
   6.00606 138.77095   5.6562559212E-001
   6.00606 139.77654   5.8298056172E-001
   6.00606 140.78212   6.0023329966E-001
   6.00606 141.78771   6.1736255064E-001
   6.00606 142.79330   6.3434721149E-001
   6.00606 143.79888   6.5116635720E-001
   6.00606 144.80447   6.6779926665E-001
   6.00606 145.81006   6.8422544818E-001
   6.00606 146.81564   7.0042466481E-001
   6.00606 147.82123   7.1637695918E-001
   6.00606 148.82682   7.3206267813E-001
   6.00606 149.83240   7.4746249693E-001
   6.00606 150.83799   7.6255744307E-001
   6.00606 151.84358   7.7732891966E-001
   6.00606 152.84916   7.9175872829E-001
   6.00606 153.85475   8.0582909152E-001
   6.00606 154.86034   8.1952267472E-001
   6.00606 155.86592   8.3282260745E-001
   6.00606 156.87151   8.4571250427E-001
   6.00606 157.87709   8.5817648488E-001
   6.00606 158.88268   8.7019919371E-001
   6.00606 159.88827   8.8176581883E-001
   6.00606 160.89385   8.9286211024E-001
   6.00606 161.89944   9.0347439733E-001
   6.00606 162.90503   9.1358960582E-001
   6.00606 163.91061   9.2319527383E-001
   6.00606 164.91620   9.3227956721E-001
   6.00606 165.92179   9.4083129416E-001
   6.00606 166.92737   9.4883991899E-001
   6.00606 167.93296   9.5629557511E-001
   6.00606 168.93855   9.6318907718E-001
   6.00606 169.94413   9.6951193245E-001
   6.00606 170.94972   9.7525635117E-001
   6.00606 171.95531   9.8041525627E-001
   6.00606 172.96089   9.8498229199E-001
   6.00606 173.96648   9.8895183176E-001
   6.00606 174.97207   9.9231898512E-001
   6.00606 175.97765   9.9507960377E-001
   6.00606 176.98324   9.9723028663E-001
   6.00606 177.98883   9.9876838406E-001
   6.00606 178.99441   9.9969200115E-001
   6.00606 180.00000   1.0000000000E+000

   6.06869   0.00000   4.8016951974E-310
   6.06869   1.00559   9.9969200115E-001
   6.06869   2.01117   9.9876838406E-001
   6.06869   3.01676   9.9723028663E-001
   6.06869   4.02235   9.9507960377E-001
   6.06869   5.02793   9.9231898512E-001
   6.06869   6.03352   9.8895183176E-001
   6.06869   7.03911   9.8498229199E-001
   6.06869   8.04469   9.8041525627E-001
   6.06869   9.05028   9.7525635117E-001
   6.06869  10.05587   9.6951193245E-001
   6.06869  11.06145   9.6318907718E-001
   6.06869  12.06704   9.5629557511E-001
   6.06869  13.07263   9.4883991899E-001
   6.06869  14.07821   9.4083129416E-001
   6.06869  15.08380   9.3227956721E-001
   6.06869  16.08939   9.2319527383E-001
   6.06869  17.09497   9.1358960582E-001
   6.06869  18.10056   9.0347439733E-001
   6.06869  19.10615   8.9286211024E-001
   6.06869  20.11173   8.8176581883E-001
   6.06869  21.11732   8.7019919371E-001
   6.06869  22.12291   8.5817648488E-001
   6.06869  23.12849   8.4571250427E-001
   6.06869  24.13408   8.3282260745E-001
   6.06869  25.13966   8.1952267472E-001
   6.06869  26.14525   8.0582909152E-001
   6.06869  27.15084   7.9175872829E-001
   6.06869  28.15642   7.7732891966E-001
   6.06869  29.16201   7.6255744307E-001
   6.06869  30.16760   7.4746249693E-001
   6.06869  31.17318   7.3206267813E-001
   6.06869  32.17877   7.1637695918E-001
   6.06869  33.18436   7.0042466481E-001
   6.06869  34.18994   6.8422544818E-001
   6.06869  35.19553   6.6779926665E-001
   6.06869  36.20112   6.5116635720E-001
   6.06869  37.20670   6.3434721149E-001
   6.06869  38.21229   6.1736255064E-001
   6.06869  39.21788   6.0023329966E-001
   6.06869  40.22346   5.8298056172E-001
   6.06869  41.22905   5.6562559212E-001
   6.06869  42.23464   5.4818977208E-001
   6.06869  43.24022   5.3069458247E-001
   6.06869  44.24581   5.1316157728E-001
   6.06869  45.25140   4.9561235708E-001
   6.06869  46.25698   4.7806854244E-001
   6.06869  47.26257   4.6055174725E-001
   6.06869  48.26816   4.4308355213E-001
   6.06869  49.27374   4.2568547781E-001
   6.06869  50.27933   4.0837895863E-001
   6.06869  51.28492   3.9118531616E-001
   6.06869  52.29050   3.7412573288E-001
   6.06869  53.29609   3.5722122611E-001
   6.06869  54.30168   3.4049262214E-001
   6.06869  55.30726   3.2396053052E-001
   6.06869  56.31285   3.0764531871E-001
   6.06869  57.31844   2.9156708699E-001
   6.06869  58.32402   2.7574564365E-001
   6.06869  59.32961   2.6020048064E-001
   6.06869  60.33520   2.4495074954E-001
   6.06869  61.34078   2.3001523794E-001
   6.06869  62.34637   2.1541234632E-001
   6.06869  63.35196   2.0116006537E-001
   6.06869  64.35754   1.8727595385E-001
   6.06869  65.36313   1.7377711691E-001
   6.06869  66.36872   1.6068018506E-001
   6.06869  67.37430   1.4800129365E-001
   6.06869  68.37989   1.3575606303E-001
   6.06869  69.38547   1.2395957926E-001
   6.06869  70.39106   1.1262637556E-001
   6.06869  71.39665   1.0177041437E-001
   6.06869  72.40223   9.1405070194E-002
   6.06869  73.40782   8.1543113090E-002
   6.06869  74.41341   7.2196692940E-002
   6.06869  75.41899   6.3377324492E-002
   6.06869  76.42458   5.5095873167E-002
   6.06869  77.43017   4.7362541675E-002
   6.06869  78.43575   4.0186857444E-002
   6.06869  79.44134   3.3577660884E-002
   6.06869  80.44693   2.7543094495E-002
   6.06869  81.45251   2.2090592836E-002
   6.06869  82.45810   1.7226873362E-002
   6.06869  83.46369   1.2957928154E-002
   6.06869  84.46927   9.2890165331E-003
   6.06869  85.47486   6.2246585807E-003
   6.06869  86.48045   3.7686295721E-003
   6.06869  87.48603   1.9239553236E-003
   6.06869  88.49162   6.9290846547E-004
   6.06869  89.49721   7.7005641668E-005
   6.06869  90.50279   7.7005641668E-005
   6.06869  91.50838   6.9290846547E-004
   6.06869  92.51397   1.9239553236E-003
   6.06869  93.51955   3.7686295721E-003
   6.06869  94.52514   6.2246585807E-003
   6.06869  95.53073   9.2890165331E-003
   6.06869  96.53631   1.2957928154E-002
   6.06869  97.54190   1.7226873362E-002
   6.06869  98.54749   2.2090592836E-002
   6.06869  99.55307   2.7543094495E-002
   6.06869 100.55866   3.3577660884E-002
   6.06869 101.56425   4.0186857444E-002
   6.06869 102.56983   4.7362541675E-002
   6.06869 103.57542   5.5095873167E-002
   6.06869 104.58101   6.3377324492E-002
   6.06869 105.58659   7.2196692940E-002
   6.06869 106.59218   8.1543113090E-002
   6.06869 107.59777   9.1405070194E-002
   6.06869 108.60335   1.0177041437E-001
   6.06869 109.60894   1.1262637556E-001
   6.06869 110.61453   1.2395957926E-001
   6.06869 111.62011   1.3575606303E-001
   6.06869 112.62570   1.4800129365E-001
   6.06869 113.63128   1.6068018506E-001
   6.06869 114.63687   1.7377711691E-001
   6.06869 115.64246   1.8727595385E-001
   6.06869 116.64804   2.0116006537E-001
   6.06869 117.65363   2.1541234632E-001
   6.06869 118.65922   2.3001523794E-001
   6.06869 119.66480   2.4495074954E-001
   6.06869 120.67039   2.6020048064E-001
   6.06869 121.67598   2.7574564365E-001
   6.06869 122.68156   2.9156708699E-001
   6.06869 123.68715   3.0764531871E-001
   6.06869 124.69274   3.2396053052E-001
   6.06869 125.69832   3.4049262214E-001
   6.06869 126.70391   3.5722122611E-001
   6.06869 127.70950   3.7412573288E-001
   6.06869 128.71508   3.9118531616E-001
   6.06869 129.72067   4.0837895863E-001
   6.06869 130.72626   4.2568547781E-001
   6.06869 131.73184   4.4308355213E-001
   6.06869 132.73743   4.6055174725E-001
   6.06869 133.74302   4.7806854244E-001
   6.06869 134.74860   4.9561235708E-001
   6.06869 135.75419   5.1316157728E-001
   6.06869 136.75978   5.3069458247E-001
   6.06869 137.76536   5.4818977208E-001
   6.06869 138.77095   5.6562559212E-001
   6.06869 139.77654   5.8298056172E-001
   6.06869 140.78212   6.0023329966E-001
   6.06869 141.78771   6.1736255064E-001
   6.06869 142.79330   6.3434721149E-001
   6.06869 143.79888   6.5116635720E-001
   6.06869 144.80447   6.6779926665E-001
   6.06869 145.81006   6.8422544818E-001
   6.06869 146.81564   7.0042466481E-001
   6.06869 147.82123   7.1637695918E-001
   6.06869 148.82682   7.3206267813E-001
   6.06869 149.83240   7.4746249693E-001
   6.06869 150.83799   7.6255744307E-001
   6.06869 151.84358   7.7732891966E-001
   6.06869 152.84916   7.9175872829E-001
   6.06869 153.85475   8.0582909152E-001
   6.06869 154.86034   8.1952267472E-001
   6.06869 155.86592   8.3282260745E-001
   6.06869 156.87151   8.4571250427E-001
   6.06869 157.87709   8.5817648488E-001
   6.06869 158.88268   8.7019919371E-001
   6.06869 159.88827   8.8176581883E-001
   6.06869 160.89385   8.9286211024E-001
   6.06869 161.89944   9.0347439733E-001
   6.06869 162.90503   9.1358960582E-001
   6.06869 163.91061   9.2319527383E-001
   6.06869 164.91620   9.3227956721E-001
   6.06869 165.92179   9.4083129416E-001
   6.06869 166.92737   9.4883991899E-001
   6.06869 167.93296   9.5629557511E-001
   6.06869 168.93855   9.6318907718E-001
   6.06869 169.94413   9.6951193245E-001
   6.06869 170.94972   9.7525635117E-001
   6.06869 171.95531   9.8041525627E-001
   6.06869 172.96089   9.8498229199E-001
   6.06869 173.96648   9.8895183176E-001
   6.06869 174.97207   9.9231898512E-001
   6.06869 175.97765   9.9507960377E-001
   6.06869 176.98324   9.9723028663E-001
   6.06869 177.98883   9.9876838406E-001
   6.06869 178.99441   9.9969200115E-001
   6.06869 180.00000   1.0000000000E+000

   6.13131   0.00000   4.8016951974E-310
   6.13131   1.00559   9.9969200115E-001
   6.13131   2.01117   9.9876838406E-001
   6.13131   3.01676   9.9723028663E-001
   6.13131   4.02235   9.9507960377E-001
   6.13131   5.02793   9.9231898512E-001
   6.13131   6.03352   9.8895183176E-001
   6.13131   7.03911   9.8498229199E-001
   6.13131   8.04469   9.8041525627E-001
   6.13131   9.05028   9.7525635117E-001
   6.13131  10.05587   9.6951193245E-001
   6.13131  11.06145   9.6318907718E-001
   6.13131  12.06704   9.5629557511E-001
   6.13131  13.07263   9.4883991899E-001
   6.13131  14.07821   9.4083129416E-001
   6.13131  15.08380   9.3227956721E-001
   6.13131  16.08939   9.2319527383E-001
   6.13131  17.09497   9.1358960582E-001
   6.13131  18.10056   9.0347439733E-001
   6.13131  19.10615   8.9286211024E-001
   6.13131  20.11173   8.8176581883E-001
   6.13131  21.11732   8.7019919371E-001
   6.13131  22.12291   8.5817648488E-001
   6.13131  23.12849   8.4571250427E-001
   6.13131  24.13408   8.3282260745E-001
   6.13131  25.13966   8.1952267472E-001
   6.13131  26.14525   8.0582909152E-001
   6.13131  27.15084   7.9175872829E-001
   6.13131  28.15642   7.7732891966E-001
   6.13131  29.16201   7.6255744307E-001
   6.13131  30.16760   7.4746249693E-001
   6.13131  31.17318   7.3206267813E-001
   6.13131  32.17877   7.1637695918E-001
   6.13131  33.18436   7.0042466481E-001
   6.13131  34.18994   6.8422544818E-001
   6.13131  35.19553   6.6779926665E-001
   6.13131  36.20112   6.5116635720E-001
   6.13131  37.20670   6.3434721149E-001
   6.13131  38.21229   6.1736255064E-001
   6.13131  39.21788   6.0023329966E-001
   6.13131  40.22346   5.8298056172E-001
   6.13131  41.22905   5.6562559212E-001
   6.13131  42.23464   5.4818977208E-001
   6.13131  43.24022   5.3069458247E-001
   6.13131  44.24581   5.1316157728E-001
   6.13131  45.25140   4.9561235708E-001
   6.13131  46.25698   4.7806854244E-001
   6.13131  47.26257   4.6055174725E-001
   6.13131  48.26816   4.4308355213E-001
   6.13131  49.27374   4.2568547781E-001
   6.13131  50.27933   4.0837895863E-001
   6.13131  51.28492   3.9118531616E-001
   6.13131  52.29050   3.7412573288E-001
   6.13131  53.29609   3.5722122611E-001
   6.13131  54.30168   3.4049262214E-001
   6.13131  55.30726   3.2396053052E-001
   6.13131  56.31285   3.0764531871E-001
   6.13131  57.31844   2.9156708699E-001
   6.13131  58.32402   2.7574564365E-001
   6.13131  59.32961   2.6020048064E-001
   6.13131  60.33520   2.4495074954E-001
   6.13131  61.34078   2.3001523794E-001
   6.13131  62.34637   2.1541234632E-001
   6.13131  63.35196   2.0116006537E-001
   6.13131  64.35754   1.8727595385E-001
   6.13131  65.36313   1.7377711691E-001
   6.13131  66.36872   1.6068018506E-001
   6.13131  67.37430   1.4800129365E-001
   6.13131  68.37989   1.3575606303E-001
   6.13131  69.38547   1.2395957926E-001
   6.13131  70.39106   1.1262637556E-001
   6.13131  71.39665   1.0177041437E-001
   6.13131  72.40223   9.1405070194E-002
   6.13131  73.40782   8.1543113090E-002
   6.13131  74.41341   7.2196692940E-002
   6.13131  75.41899   6.3377324492E-002
   6.13131  76.42458   5.5095873167E-002
   6.13131  77.43017   4.7362541675E-002
   6.13131  78.43575   4.0186857444E-002
   6.13131  79.44134   3.3577660884E-002
   6.13131  80.44693   2.7543094495E-002
   6.13131  81.45251   2.2090592836E-002
   6.13131  82.45810   1.7226873362E-002
   6.13131  83.46369   1.2957928154E-002
   6.13131  84.46927   9.2890165331E-003
   6.13131  85.47486   6.2246585807E-003
   6.13131  86.48045   3.7686295721E-003
   6.13131  87.48603   1.9239553236E-003
   6.13131  88.49162   6.9290846547E-004
   6.13131  89.49721   7.7005641668E-005
   6.13131  90.50279   7.7005641668E-005
   6.13131  91.50838   6.9290846547E-004
   6.13131  92.51397   1.9239553236E-003
   6.13131  93.51955   3.7686295721E-003
   6.13131  94.52514   6.2246585807E-003
   6.13131  95.53073   9.2890165331E-003
   6.13131  96.53631   1.2957928154E-002
   6.13131  97.54190   1.7226873362E-002
   6.13131  98.54749   2.2090592836E-002
   6.13131  99.55307   2.7543094495E-002
   6.13131 100.55866   3.3577660884E-002
   6.13131 101.56425   4.0186857444E-002
   6.13131 102.56983   4.7362541675E-002
   6.13131 103.57542   5.5095873167E-002
   6.13131 104.58101   6.3377324492E-002
   6.13131 105.58659   7.2196692940E-002
   6.13131 106.59218   8.1543113090E-002
   6.13131 107.59777   9.1405070194E-002
   6.13131 108.60335   1.0177041437E-001
   6.13131 109.60894   1.1262637556E-001
   6.13131 110.61453   1.2395957926E-001
   6.13131 111.62011   1.3575606303E-001
   6.13131 112.62570   1.4800129365E-001
   6.13131 113.63128   1.6068018506E-001
   6.13131 114.63687   1.7377711691E-001
   6.13131 115.64246   1.8727595385E-001
   6.13131 116.64804   2.0116006537E-001
   6.13131 117.65363   2.1541234632E-001
   6.13131 118.65922   2.3001523794E-001
   6.13131 119.66480   2.4495074954E-001
   6.13131 120.67039   2.6020048064E-001
   6.13131 121.67598   2.7574564365E-001
   6.13131 122.68156   2.9156708699E-001
   6.13131 123.68715   3.0764531871E-001
   6.13131 124.69274   3.2396053052E-001
   6.13131 125.69832   3.4049262214E-001
   6.13131 126.70391   3.5722122611E-001
   6.13131 127.70950   3.7412573288E-001
   6.13131 128.71508   3.9118531616E-001
   6.13131 129.72067   4.0837895863E-001
   6.13131 130.72626   4.2568547781E-001
   6.13131 131.73184   4.4308355213E-001
   6.13131 132.73743   4.6055174725E-001
   6.13131 133.74302   4.7806854244E-001
   6.13131 134.74860   4.9561235708E-001
   6.13131 135.75419   5.1316157728E-001
   6.13131 136.75978   5.3069458247E-001
   6.13131 137.76536   5.4818977208E-001
   6.13131 138.77095   5.6562559212E-001
   6.13131 139.77654   5.8298056172E-001
   6.13131 140.78212   6.0023329966E-001
   6.13131 141.78771   6.1736255064E-001
   6.13131 142.79330   6.3434721149E-001
   6.13131 143.79888   6.5116635720E-001
   6.13131 144.80447   6.6779926665E-001
   6.13131 145.81006   6.8422544818E-001
   6.13131 146.81564   7.0042466481E-001
   6.13131 147.82123   7.1637695918E-001
   6.13131 148.82682   7.3206267813E-001
   6.13131 149.83240   7.4746249693E-001
   6.13131 150.83799   7.6255744307E-001
   6.13131 151.84358   7.7732891966E-001
   6.13131 152.84916   7.9175872829E-001
   6.13131 153.85475   8.0582909152E-001
   6.13131 154.86034   8.1952267472E-001
   6.13131 155.86592   8.3282260745E-001
   6.13131 156.87151   8.4571250427E-001
   6.13131 157.87709   8.5817648488E-001
   6.13131 158.88268   8.7019919371E-001
   6.13131 159.88827   8.8176581883E-001
   6.13131 160.89385   8.9286211024E-001
   6.13131 161.89944   9.0347439733E-001
   6.13131 162.90503   9.1358960582E-001
   6.13131 163.91061   9.2319527383E-001
   6.13131 164.91620   9.3227956721E-001
   6.13131 165.92179   9.4083129416E-001
   6.13131 166.92737   9.4883991899E-001
   6.13131 167.93296   9.5629557511E-001
   6.13131 168.93855   9.6318907718E-001
   6.13131 169.94413   9.6951193245E-001
   6.13131 170.94972   9.7525635117E-001
   6.13131 171.95531   9.8041525627E-001
   6.13131 172.96089   9.8498229199E-001
   6.13131 173.96648   9.8895183176E-001
   6.13131 174.97207   9.9231898512E-001
   6.13131 175.97765   9.9507960377E-001
   6.13131 176.98324   9.9723028663E-001
   6.13131 177.98883   9.9876838406E-001
   6.13131 178.99441   9.9969200115E-001
   6.13131 180.00000   1.0000000000E+000

   6.19394   0.00000   4.8016951974E-310
   6.19394   1.00559   9.9969200115E-001
   6.19394   2.01117   9.9876838406E-001
   6.19394   3.01676   9.9723028663E-001
   6.19394   4.02235   9.9507960377E-001
   6.19394   5.02793   9.9231898512E-001
   6.19394   6.03352   9.8895183176E-001
   6.19394   7.03911   9.8498229199E-001
   6.19394   8.04469   9.8041525627E-001
   6.19394   9.05028   9.7525635117E-001
   6.19394  10.05587   9.6951193245E-001
   6.19394  11.06145   9.6318907718E-001
   6.19394  12.06704   9.5629557511E-001
   6.19394  13.07263   9.4883991899E-001
   6.19394  14.07821   9.4083129416E-001
   6.19394  15.08380   9.3227956721E-001
   6.19394  16.08939   9.2319527383E-001
   6.19394  17.09497   9.1358960582E-001
   6.19394  18.10056   9.0347439733E-001
   6.19394  19.10615   8.9286211024E-001
   6.19394  20.11173   8.8176581883E-001
   6.19394  21.11732   8.7019919371E-001
   6.19394  22.12291   8.5817648488E-001
   6.19394  23.12849   8.4571250427E-001
   6.19394  24.13408   8.3282260745E-001
   6.19394  25.13966   8.1952267472E-001
   6.19394  26.14525   8.0582909152E-001
   6.19394  27.15084   7.9175872829E-001
   6.19394  28.15642   7.7732891966E-001
   6.19394  29.16201   7.6255744307E-001
   6.19394  30.16760   7.4746249693E-001
   6.19394  31.17318   7.3206267813E-001
   6.19394  32.17877   7.1637695918E-001
   6.19394  33.18436   7.0042466481E-001
   6.19394  34.18994   6.8422544818E-001
   6.19394  35.19553   6.6779926665E-001
   6.19394  36.20112   6.5116635720E-001
   6.19394  37.20670   6.3434721149E-001
   6.19394  38.21229   6.1736255064E-001
   6.19394  39.21788   6.0023329966E-001
   6.19394  40.22346   5.8298056172E-001
   6.19394  41.22905   5.6562559212E-001
   6.19394  42.23464   5.4818977208E-001
   6.19394  43.24022   5.3069458247E-001
   6.19394  44.24581   5.1316157728E-001
   6.19394  45.25140   4.9561235708E-001
   6.19394  46.25698   4.7806854244E-001
   6.19394  47.26257   4.6055174725E-001
   6.19394  48.26816   4.4308355213E-001
   6.19394  49.27374   4.2568547781E-001
   6.19394  50.27933   4.0837895863E-001
   6.19394  51.28492   3.9118531616E-001
   6.19394  52.29050   3.7412573288E-001
   6.19394  53.29609   3.5722122611E-001
   6.19394  54.30168   3.4049262214E-001
   6.19394  55.30726   3.2396053052E-001
   6.19394  56.31285   3.0764531871E-001
   6.19394  57.31844   2.9156708699E-001
   6.19394  58.32402   2.7574564365E-001
   6.19394  59.32961   2.6020048064E-001
   6.19394  60.33520   2.4495074954E-001
   6.19394  61.34078   2.3001523794E-001
   6.19394  62.34637   2.1541234632E-001
   6.19394  63.35196   2.0116006537E-001
   6.19394  64.35754   1.8727595385E-001
   6.19394  65.36313   1.7377711691E-001
   6.19394  66.36872   1.6068018506E-001
   6.19394  67.37430   1.4800129365E-001
   6.19394  68.37989   1.3575606303E-001
   6.19394  69.38547   1.2395957926E-001
   6.19394  70.39106   1.1262637556E-001
   6.19394  71.39665   1.0177041437E-001
   6.19394  72.40223   9.1405070194E-002
   6.19394  73.40782   8.1543113090E-002
   6.19394  74.41341   7.2196692940E-002
   6.19394  75.41899   6.3377324492E-002
   6.19394  76.42458   5.5095873167E-002
   6.19394  77.43017   4.7362541675E-002
   6.19394  78.43575   4.0186857444E-002
   6.19394  79.44134   3.3577660884E-002
   6.19394  80.44693   2.7543094495E-002
   6.19394  81.45251   2.2090592836E-002
   6.19394  82.45810   1.7226873362E-002
   6.19394  83.46369   1.2957928154E-002
   6.19394  84.46927   9.2890165331E-003
   6.19394  85.47486   6.2246585807E-003
   6.19394  86.48045   3.7686295721E-003
   6.19394  87.48603   1.9239553236E-003
   6.19394  88.49162   6.9290846547E-004
   6.19394  89.49721   7.7005641668E-005
   6.19394  90.50279   7.7005641668E-005
   6.19394  91.50838   6.9290846547E-004
   6.19394  92.51397   1.9239553236E-003
   6.19394  93.51955   3.7686295721E-003
   6.19394  94.52514   6.2246585807E-003
   6.19394  95.53073   9.2890165331E-003
   6.19394  96.53631   1.2957928154E-002
   6.19394  97.54190   1.7226873362E-002
   6.19394  98.54749   2.2090592836E-002
   6.19394  99.55307   2.7543094495E-002
   6.19394 100.55866   3.3577660884E-002
   6.19394 101.56425   4.0186857444E-002
   6.19394 102.56983   4.7362541675E-002
   6.19394 103.57542   5.5095873167E-002
   6.19394 104.58101   6.3377324492E-002
   6.19394 105.58659   7.2196692940E-002
   6.19394 106.59218   8.1543113090E-002
   6.19394 107.59777   9.1405070194E-002
   6.19394 108.60335   1.0177041437E-001
   6.19394 109.60894   1.1262637556E-001
   6.19394 110.61453   1.2395957926E-001
   6.19394 111.62011   1.3575606303E-001
   6.19394 112.62570   1.4800129365E-001
   6.19394 113.63128   1.6068018506E-001
   6.19394 114.63687   1.7377711691E-001
   6.19394 115.64246   1.8727595385E-001
   6.19394 116.64804   2.0116006537E-001
   6.19394 117.65363   2.1541234632E-001
   6.19394 118.65922   2.3001523794E-001
   6.19394 119.66480   2.4495074954E-001
   6.19394 120.67039   2.6020048064E-001
   6.19394 121.67598   2.7574564365E-001
   6.19394 122.68156   2.9156708699E-001
   6.19394 123.68715   3.0764531871E-001
   6.19394 124.69274   3.2396053052E-001
   6.19394 125.69832   3.4049262214E-001
   6.19394 126.70391   3.5722122611E-001
   6.19394 127.70950   3.7412573288E-001
   6.19394 128.71508   3.9118531616E-001
   6.19394 129.72067   4.0837895863E-001
   6.19394 130.72626   4.2568547781E-001
   6.19394 131.73184   4.4308355213E-001
   6.19394 132.73743   4.6055174725E-001
   6.19394 133.74302   4.7806854244E-001
   6.19394 134.74860   4.9561235708E-001
   6.19394 135.75419   5.1316157728E-001
   6.19394 136.75978   5.3069458247E-001
   6.19394 137.76536   5.4818977208E-001
   6.19394 138.77095   5.6562559212E-001
   6.19394 139.77654   5.8298056172E-001
   6.19394 140.78212   6.0023329966E-001
   6.19394 141.78771   6.1736255064E-001
   6.19394 142.79330   6.3434721149E-001
   6.19394 143.79888   6.5116635720E-001
   6.19394 144.80447   6.6779926665E-001
   6.19394 145.81006   6.8422544818E-001
   6.19394 146.81564   7.0042466481E-001
   6.19394 147.82123   7.1637695918E-001
   6.19394 148.82682   7.3206267813E-001
   6.19394 149.83240   7.4746249693E-001
   6.19394 150.83799   7.6255744307E-001
   6.19394 151.84358   7.7732891966E-001
   6.19394 152.84916   7.9175872829E-001
   6.19394 153.85475   8.0582909152E-001
   6.19394 154.86034   8.1952267472E-001
   6.19394 155.86592   8.3282260745E-001
   6.19394 156.87151   8.4571250427E-001
   6.19394 157.87709   8.5817648488E-001
   6.19394 158.88268   8.7019919371E-001
   6.19394 159.88827   8.8176581883E-001
   6.19394 160.89385   8.9286211024E-001
   6.19394 161.89944   9.0347439733E-001
   6.19394 162.90503   9.1358960582E-001
   6.19394 163.91061   9.2319527383E-001
   6.19394 164.91620   9.3227956721E-001
   6.19394 165.92179   9.4083129416E-001
   6.19394 166.92737   9.4883991899E-001
   6.19394 167.93296   9.5629557511E-001
   6.19394 168.93855   9.6318907718E-001
   6.19394 169.94413   9.6951193245E-001
   6.19394 170.94972   9.7525635117E-001
   6.19394 171.95531   9.8041525627E-001
   6.19394 172.96089   9.8498229199E-001
   6.19394 173.96648   9.8895183176E-001
   6.19394 174.97207   9.9231898512E-001
   6.19394 175.97765   9.9507960377E-001
   6.19394 176.98324   9.9723028663E-001
   6.19394 177.98883   9.9876838406E-001
   6.19394 178.99441   9.9969200115E-001
   6.19394 180.00000   1.0000000000E+000

   6.25657   0.00000   4.8016951974E-310
   6.25657   1.00559   9.9969200115E-001
   6.25657   2.01117   9.9876838406E-001
   6.25657   3.01676   9.9723028663E-001
   6.25657   4.02235   9.9507960377E-001
   6.25657   5.02793   9.9231898512E-001
   6.25657   6.03352   9.8895183176E-001
   6.25657   7.03911   9.8498229199E-001
   6.25657   8.04469   9.8041525627E-001
   6.25657   9.05028   9.7525635117E-001
   6.25657  10.05587   9.6951193245E-001
   6.25657  11.06145   9.6318907718E-001
   6.25657  12.06704   9.5629557511E-001
   6.25657  13.07263   9.4883991899E-001
   6.25657  14.07821   9.4083129416E-001
   6.25657  15.08380   9.3227956721E-001
   6.25657  16.08939   9.2319527383E-001
   6.25657  17.09497   9.1358960582E-001
   6.25657  18.10056   9.0347439733E-001
   6.25657  19.10615   8.9286211024E-001
   6.25657  20.11173   8.8176581883E-001
   6.25657  21.11732   8.7019919371E-001
   6.25657  22.12291   8.5817648488E-001
   6.25657  23.12849   8.4571250427E-001
   6.25657  24.13408   8.3282260745E-001
   6.25657  25.13966   8.1952267472E-001
   6.25657  26.14525   8.0582909152E-001
   6.25657  27.15084   7.9175872829E-001
   6.25657  28.15642   7.7732891966E-001
   6.25657  29.16201   7.6255744307E-001
   6.25657  30.16760   7.4746249693E-001
   6.25657  31.17318   7.3206267813E-001
   6.25657  32.17877   7.1637695918E-001
   6.25657  33.18436   7.0042466481E-001
   6.25657  34.18994   6.8422544818E-001
   6.25657  35.19553   6.6779926665E-001
   6.25657  36.20112   6.5116635720E-001
   6.25657  37.20670   6.3434721149E-001
   6.25657  38.21229   6.1736255064E-001
   6.25657  39.21788   6.0023329966E-001
   6.25657  40.22346   5.8298056172E-001
   6.25657  41.22905   5.6562559212E-001
   6.25657  42.23464   5.4818977208E-001
   6.25657  43.24022   5.3069458247E-001
   6.25657  44.24581   5.1316157728E-001
   6.25657  45.25140   4.9561235708E-001
   6.25657  46.25698   4.7806854244E-001
   6.25657  47.26257   4.6055174725E-001
   6.25657  48.26816   4.4308355213E-001
   6.25657  49.27374   4.2568547781E-001
   6.25657  50.27933   4.0837895863E-001
   6.25657  51.28492   3.9118531616E-001
   6.25657  52.29050   3.7412573288E-001
   6.25657  53.29609   3.5722122611E-001
   6.25657  54.30168   3.4049262214E-001
   6.25657  55.30726   3.2396053052E-001
   6.25657  56.31285   3.0764531871E-001
   6.25657  57.31844   2.9156708699E-001
   6.25657  58.32402   2.7574564365E-001
   6.25657  59.32961   2.6020048064E-001
   6.25657  60.33520   2.4495074954E-001
   6.25657  61.34078   2.3001523794E-001
   6.25657  62.34637   2.1541234632E-001
   6.25657  63.35196   2.0116006537E-001
   6.25657  64.35754   1.8727595385E-001
   6.25657  65.36313   1.7377711691E-001
   6.25657  66.36872   1.6068018506E-001
   6.25657  67.37430   1.4800129365E-001
   6.25657  68.37989   1.3575606303E-001
   6.25657  69.38547   1.2395957926E-001
   6.25657  70.39106   1.1262637556E-001
   6.25657  71.39665   1.0177041437E-001
   6.25657  72.40223   9.1405070194E-002
   6.25657  73.40782   8.1543113090E-002
   6.25657  74.41341   7.2196692940E-002
   6.25657  75.41899   6.3377324492E-002
   6.25657  76.42458   5.5095873167E-002
   6.25657  77.43017   4.7362541675E-002
   6.25657  78.43575   4.0186857444E-002
   6.25657  79.44134   3.3577660884E-002
   6.25657  80.44693   2.7543094495E-002
   6.25657  81.45251   2.2090592836E-002
   6.25657  82.45810   1.7226873362E-002
   6.25657  83.46369   1.2957928154E-002
   6.25657  84.46927   9.2890165331E-003
   6.25657  85.47486   6.2246585807E-003
   6.25657  86.48045   3.7686295721E-003
   6.25657  87.48603   1.9239553236E-003
   6.25657  88.49162   6.9290846547E-004
   6.25657  89.49721   7.7005641668E-005
   6.25657  90.50279   7.7005641668E-005
   6.25657  91.50838   6.9290846547E-004
   6.25657  92.51397   1.9239553236E-003
   6.25657  93.51955   3.7686295721E-003
   6.25657  94.52514   6.2246585807E-003
   6.25657  95.53073   9.2890165331E-003
   6.25657  96.53631   1.2957928154E-002
   6.25657  97.54190   1.7226873362E-002
   6.25657  98.54749   2.2090592836E-002
   6.25657  99.55307   2.7543094495E-002
   6.25657 100.55866   3.3577660884E-002
   6.25657 101.56425   4.0186857444E-002
   6.25657 102.56983   4.7362541675E-002
   6.25657 103.57542   5.5095873167E-002
   6.25657 104.58101   6.3377324492E-002
   6.25657 105.58659   7.2196692940E-002
   6.25657 106.59218   8.1543113090E-002
   6.25657 107.59777   9.1405070194E-002
   6.25657 108.60335   1.0177041437E-001
   6.25657 109.60894   1.1262637556E-001
   6.25657 110.61453   1.2395957926E-001
   6.25657 111.62011   1.3575606303E-001
   6.25657 112.62570   1.4800129365E-001
   6.25657 113.63128   1.6068018506E-001
   6.25657 114.63687   1.7377711691E-001
   6.25657 115.64246   1.8727595385E-001
   6.25657 116.64804   2.0116006537E-001
   6.25657 117.65363   2.1541234632E-001
   6.25657 118.65922   2.3001523794E-001
   6.25657 119.66480   2.4495074954E-001
   6.25657 120.67039   2.6020048064E-001
   6.25657 121.67598   2.7574564365E-001
   6.25657 122.68156   2.9156708699E-001
   6.25657 123.68715   3.0764531871E-001
   6.25657 124.69274   3.2396053052E-001
   6.25657 125.69832   3.4049262214E-001
   6.25657 126.70391   3.5722122611E-001
   6.25657 127.70950   3.7412573288E-001
   6.25657 128.71508   3.9118531616E-001
   6.25657 129.72067   4.0837895863E-001
   6.25657 130.72626   4.2568547781E-001
   6.25657 131.73184   4.4308355213E-001
   6.25657 132.73743   4.6055174725E-001
   6.25657 133.74302   4.7806854244E-001
   6.25657 134.74860   4.9561235708E-001
   6.25657 135.75419   5.1316157728E-001
   6.25657 136.75978   5.3069458247E-001
   6.25657 137.76536   5.4818977208E-001
   6.25657 138.77095   5.6562559212E-001
   6.25657 139.77654   5.8298056172E-001
   6.25657 140.78212   6.0023329966E-001
   6.25657 141.78771   6.1736255064E-001
   6.25657 142.79330   6.3434721149E-001
   6.25657 143.79888   6.5116635720E-001
   6.25657 144.80447   6.6779926665E-001
   6.25657 145.81006   6.8422544818E-001
   6.25657 146.81564   7.0042466481E-001
   6.25657 147.82123   7.1637695918E-001
   6.25657 148.82682   7.3206267813E-001
   6.25657 149.83240   7.4746249693E-001
   6.25657 150.83799   7.6255744307E-001
   6.25657 151.84358   7.7732891966E-001
   6.25657 152.84916   7.9175872829E-001
   6.25657 153.85475   8.0582909152E-001
   6.25657 154.86034   8.1952267472E-001
   6.25657 155.86592   8.3282260745E-001
   6.25657 156.87151   8.4571250427E-001
   6.25657 157.87709   8.5817648488E-001
   6.25657 158.88268   8.7019919371E-001
   6.25657 159.88827   8.8176581883E-001
   6.25657 160.89385   8.9286211024E-001
   6.25657 161.89944   9.0347439733E-001
   6.25657 162.90503   9.1358960582E-001
   6.25657 163.91061   9.2319527383E-001
   6.25657 164.91620   9.3227956721E-001
   6.25657 165.92179   9.4083129416E-001
   6.25657 166.92737   9.4883991899E-001
   6.25657 167.93296   9.5629557511E-001
   6.25657 168.93855   9.6318907718E-001
   6.25657 169.94413   9.6951193245E-001
   6.25657 170.94972   9.7525635117E-001
   6.25657 171.95531   9.8041525627E-001
   6.25657 172.96089   9.8498229199E-001
   6.25657 173.96648   9.8895183176E-001
   6.25657 174.97207   9.9231898512E-001
   6.25657 175.97765   9.9507960377E-001
   6.25657 176.98324   9.9723028663E-001
   6.25657 177.98883   9.9876838406E-001
   6.25657 178.99441   9.9969200115E-001
   6.25657 180.00000   1.0000000000E+000

   6.31919   0.00000   4.8016951974E-310
   6.31919   1.00559   9.9969200115E-001
   6.31919   2.01117   9.9876838406E-001
   6.31919   3.01676   9.9723028663E-001
   6.31919   4.02235   9.9507960377E-001
   6.31919   5.02793   9.9231898512E-001
   6.31919   6.03352   9.8895183176E-001
   6.31919   7.03911   9.8498229199E-001
   6.31919   8.04469   9.8041525627E-001
   6.31919   9.05028   9.7525635117E-001
   6.31919  10.05587   9.6951193245E-001
   6.31919  11.06145   9.6318907718E-001
   6.31919  12.06704   9.5629557511E-001
   6.31919  13.07263   9.4883991899E-001
   6.31919  14.07821   9.4083129416E-001
   6.31919  15.08380   9.3227956721E-001
   6.31919  16.08939   9.2319527383E-001
   6.31919  17.09497   9.1358960582E-001
   6.31919  18.10056   9.0347439733E-001
   6.31919  19.10615   8.9286211024E-001
   6.31919  20.11173   8.8176581883E-001
   6.31919  21.11732   8.7019919371E-001
   6.31919  22.12291   8.5817648488E-001
   6.31919  23.12849   8.4571250427E-001
   6.31919  24.13408   8.3282260745E-001
   6.31919  25.13966   8.1952267472E-001
   6.31919  26.14525   8.0582909152E-001
   6.31919  27.15084   7.9175872829E-001
   6.31919  28.15642   7.7732891966E-001
   6.31919  29.16201   7.6255744307E-001
   6.31919  30.16760   7.4746249693E-001
   6.31919  31.17318   7.3206267813E-001
   6.31919  32.17877   7.1637695918E-001
   6.31919  33.18436   7.0042466481E-001
   6.31919  34.18994   6.8422544818E-001
   6.31919  35.19553   6.6779926665E-001
   6.31919  36.20112   6.5116635720E-001
   6.31919  37.20670   6.3434721149E-001
   6.31919  38.21229   6.1736255064E-001
   6.31919  39.21788   6.0023329966E-001
   6.31919  40.22346   5.8298056172E-001
   6.31919  41.22905   5.6562559212E-001
   6.31919  42.23464   5.4818977208E-001
   6.31919  43.24022   5.3069458247E-001
   6.31919  44.24581   5.1316157728E-001
   6.31919  45.25140   4.9561235708E-001
   6.31919  46.25698   4.7806854244E-001
   6.31919  47.26257   4.6055174725E-001
   6.31919  48.26816   4.4308355213E-001
   6.31919  49.27374   4.2568547781E-001
   6.31919  50.27933   4.0837895863E-001
   6.31919  51.28492   3.9118531616E-001
   6.31919  52.29050   3.7412573288E-001
   6.31919  53.29609   3.5722122611E-001
   6.31919  54.30168   3.4049262214E-001
   6.31919  55.30726   3.2396053052E-001
   6.31919  56.31285   3.0764531871E-001
   6.31919  57.31844   2.9156708699E-001
   6.31919  58.32402   2.7574564365E-001
   6.31919  59.32961   2.6020048064E-001
   6.31919  60.33520   2.4495074954E-001
   6.31919  61.34078   2.3001523794E-001
   6.31919  62.34637   2.1541234632E-001
   6.31919  63.35196   2.0116006537E-001
   6.31919  64.35754   1.8727595385E-001
   6.31919  65.36313   1.7377711691E-001
   6.31919  66.36872   1.6068018506E-001
   6.31919  67.37430   1.4800129365E-001
   6.31919  68.37989   1.3575606303E-001
   6.31919  69.38547   1.2395957926E-001
   6.31919  70.39106   1.1262637556E-001
   6.31919  71.39665   1.0177041437E-001
   6.31919  72.40223   9.1405070194E-002
   6.31919  73.40782   8.1543113090E-002
   6.31919  74.41341   7.2196692940E-002
   6.31919  75.41899   6.3377324492E-002
   6.31919  76.42458   5.5095873167E-002
   6.31919  77.43017   4.7362541675E-002
   6.31919  78.43575   4.0186857444E-002
   6.31919  79.44134   3.3577660884E-002
   6.31919  80.44693   2.7543094495E-002
   6.31919  81.45251   2.2090592836E-002
   6.31919  82.45810   1.7226873362E-002
   6.31919  83.46369   1.2957928154E-002
   6.31919  84.46927   9.2890165331E-003
   6.31919  85.47486   6.2246585807E-003
   6.31919  86.48045   3.7686295721E-003
   6.31919  87.48603   1.9239553236E-003
   6.31919  88.49162   6.9290846547E-004
   6.31919  89.49721   7.7005641668E-005
   6.31919  90.50279   7.7005641668E-005
   6.31919  91.50838   6.9290846547E-004
   6.31919  92.51397   1.9239553236E-003
   6.31919  93.51955   3.7686295721E-003
   6.31919  94.52514   6.2246585807E-003
   6.31919  95.53073   9.2890165331E-003
   6.31919  96.53631   1.2957928154E-002
   6.31919  97.54190   1.7226873362E-002
   6.31919  98.54749   2.2090592836E-002
   6.31919  99.55307   2.7543094495E-002
   6.31919 100.55866   3.3577660884E-002
   6.31919 101.56425   4.0186857444E-002
   6.31919 102.56983   4.7362541675E-002
   6.31919 103.57542   5.5095873167E-002
   6.31919 104.58101   6.3377324492E-002
   6.31919 105.58659   7.2196692940E-002
   6.31919 106.59218   8.1543113090E-002
   6.31919 107.59777   9.1405070194E-002
   6.31919 108.60335   1.0177041437E-001
   6.31919 109.60894   1.1262637556E-001
   6.31919 110.61453   1.2395957926E-001
   6.31919 111.62011   1.3575606303E-001
   6.31919 112.62570   1.4800129365E-001
   6.31919 113.63128   1.6068018506E-001
   6.31919 114.63687   1.7377711691E-001
   6.31919 115.64246   1.8727595385E-001
   6.31919 116.64804   2.0116006537E-001
   6.31919 117.65363   2.1541234632E-001
   6.31919 118.65922   2.3001523794E-001
   6.31919 119.66480   2.4495074954E-001
   6.31919 120.67039   2.6020048064E-001
   6.31919 121.67598   2.7574564365E-001
   6.31919 122.68156   2.9156708699E-001
   6.31919 123.68715   3.0764531871E-001
   6.31919 124.69274   3.2396053052E-001
   6.31919 125.69832   3.4049262214E-001
   6.31919 126.70391   3.5722122611E-001
   6.31919 127.70950   3.7412573288E-001
   6.31919 128.71508   3.9118531616E-001
   6.31919 129.72067   4.0837895863E-001
   6.31919 130.72626   4.2568547781E-001
   6.31919 131.73184   4.4308355213E-001
   6.31919 132.73743   4.6055174725E-001
   6.31919 133.74302   4.7806854244E-001
   6.31919 134.74860   4.9561235708E-001
   6.31919 135.75419   5.1316157728E-001
   6.31919 136.75978   5.3069458247E-001
   6.31919 137.76536   5.4818977208E-001
   6.31919 138.77095   5.6562559212E-001
   6.31919 139.77654   5.8298056172E-001
   6.31919 140.78212   6.0023329966E-001
   6.31919 141.78771   6.1736255064E-001
   6.31919 142.79330   6.3434721149E-001
   6.31919 143.79888   6.5116635720E-001
   6.31919 144.80447   6.6779926665E-001
   6.31919 145.81006   6.8422544818E-001
   6.31919 146.81564   7.0042466481E-001
   6.31919 147.82123   7.1637695918E-001
   6.31919 148.82682   7.3206267813E-001
   6.31919 149.83240   7.4746249693E-001
   6.31919 150.83799   7.6255744307E-001
   6.31919 151.84358   7.7732891966E-001
   6.31919 152.84916   7.9175872829E-001
   6.31919 153.85475   8.0582909152E-001
   6.31919 154.86034   8.1952267472E-001
   6.31919 155.86592   8.3282260745E-001
   6.31919 156.87151   8.4571250427E-001
   6.31919 157.87709   8.5817648488E-001
   6.31919 158.88268   8.7019919371E-001
   6.31919 159.88827   8.8176581883E-001
   6.31919 160.89385   8.9286211024E-001
   6.31919 161.89944   9.0347439733E-001
   6.31919 162.90503   9.1358960582E-001
   6.31919 163.91061   9.2319527383E-001
   6.31919 164.91620   9.3227956721E-001
   6.31919 165.92179   9.4083129416E-001
   6.31919 166.92737   9.4883991899E-001
   6.31919 167.93296   9.5629557511E-001
   6.31919 168.93855   9.6318907718E-001
   6.31919 169.94413   9.6951193245E-001
   6.31919 170.94972   9.7525635117E-001
   6.31919 171.95531   9.8041525627E-001
   6.31919 172.96089   9.8498229199E-001
   6.31919 173.96648   9.8895183176E-001
   6.31919 174.97207   9.9231898512E-001
   6.31919 175.97765   9.9507960377E-001
   6.31919 176.98324   9.9723028663E-001
   6.31919 177.98883   9.9876838406E-001
   6.31919 178.99441   9.9969200115E-001
   6.31919 180.00000   1.0000000000E+000

   6.38182   0.00000   4.8016951974E-310
   6.38182   1.00559   9.9969200115E-001
   6.38182   2.01117   9.9876838406E-001
   6.38182   3.01676   9.9723028663E-001
   6.38182   4.02235   9.9507960377E-001
   6.38182   5.02793   9.9231898512E-001
   6.38182   6.03352   9.8895183176E-001
   6.38182   7.03911   9.8498229199E-001
   6.38182   8.04469   9.8041525627E-001
   6.38182   9.05028   9.7525635117E-001
   6.38182  10.05587   9.6951193245E-001
   6.38182  11.06145   9.6318907718E-001
   6.38182  12.06704   9.5629557511E-001
   6.38182  13.07263   9.4883991899E-001
   6.38182  14.07821   9.4083129416E-001
   6.38182  15.08380   9.3227956721E-001
   6.38182  16.08939   9.2319527383E-001
   6.38182  17.09497   9.1358960582E-001
   6.38182  18.10056   9.0347439733E-001
   6.38182  19.10615   8.9286211024E-001
   6.38182  20.11173   8.8176581883E-001
   6.38182  21.11732   8.7019919371E-001
   6.38182  22.12291   8.5817648488E-001
   6.38182  23.12849   8.4571250427E-001
   6.38182  24.13408   8.3282260745E-001
   6.38182  25.13966   8.1952267472E-001
   6.38182  26.14525   8.0582909152E-001
   6.38182  27.15084   7.9175872829E-001
   6.38182  28.15642   7.7732891966E-001
   6.38182  29.16201   7.6255744307E-001
   6.38182  30.16760   7.4746249693E-001
   6.38182  31.17318   7.3206267813E-001
   6.38182  32.17877   7.1637695918E-001
   6.38182  33.18436   7.0042466481E-001
   6.38182  34.18994   6.8422544818E-001
   6.38182  35.19553   6.6779926665E-001
   6.38182  36.20112   6.5116635720E-001
   6.38182  37.20670   6.3434721149E-001
   6.38182  38.21229   6.1736255064E-001
   6.38182  39.21788   6.0023329966E-001
   6.38182  40.22346   5.8298056172E-001
   6.38182  41.22905   5.6562559212E-001
   6.38182  42.23464   5.4818977208E-001
   6.38182  43.24022   5.3069458247E-001
   6.38182  44.24581   5.1316157728E-001
   6.38182  45.25140   4.9561235708E-001
   6.38182  46.25698   4.7806854244E-001
   6.38182  47.26257   4.6055174725E-001
   6.38182  48.26816   4.4308355213E-001
   6.38182  49.27374   4.2568547781E-001
   6.38182  50.27933   4.0837895863E-001
   6.38182  51.28492   3.9118531616E-001
   6.38182  52.29050   3.7412573288E-001
   6.38182  53.29609   3.5722122611E-001
   6.38182  54.30168   3.4049262214E-001
   6.38182  55.30726   3.2396053052E-001
   6.38182  56.31285   3.0764531871E-001
   6.38182  57.31844   2.9156708699E-001
   6.38182  58.32402   2.7574564365E-001
   6.38182  59.32961   2.6020048064E-001
   6.38182  60.33520   2.4495074954E-001
   6.38182  61.34078   2.3001523794E-001
   6.38182  62.34637   2.1541234632E-001
   6.38182  63.35196   2.0116006537E-001
   6.38182  64.35754   1.8727595385E-001
   6.38182  65.36313   1.7377711691E-001
   6.38182  66.36872   1.6068018506E-001
   6.38182  67.37430   1.4800129365E-001
   6.38182  68.37989   1.3575606303E-001
   6.38182  69.38547   1.2395957926E-001
   6.38182  70.39106   1.1262637556E-001
   6.38182  71.39665   1.0177041437E-001
   6.38182  72.40223   9.1405070194E-002
   6.38182  73.40782   8.1543113090E-002
   6.38182  74.41341   7.2196692940E-002
   6.38182  75.41899   6.3377324492E-002
   6.38182  76.42458   5.5095873167E-002
   6.38182  77.43017   4.7362541675E-002
   6.38182  78.43575   4.0186857444E-002
   6.38182  79.44134   3.3577660884E-002
   6.38182  80.44693   2.7543094495E-002
   6.38182  81.45251   2.2090592836E-002
   6.38182  82.45810   1.7226873362E-002
   6.38182  83.46369   1.2957928154E-002
   6.38182  84.46927   9.2890165331E-003
   6.38182  85.47486   6.2246585807E-003
   6.38182  86.48045   3.7686295721E-003
   6.38182  87.48603   1.9239553236E-003
   6.38182  88.49162   6.9290846547E-004
   6.38182  89.49721   7.7005641668E-005
   6.38182  90.50279   7.7005641668E-005
   6.38182  91.50838   6.9290846547E-004
   6.38182  92.51397   1.9239553236E-003
   6.38182  93.51955   3.7686295721E-003
   6.38182  94.52514   6.2246585807E-003
   6.38182  95.53073   9.2890165331E-003
   6.38182  96.53631   1.2957928154E-002
   6.38182  97.54190   1.7226873362E-002
   6.38182  98.54749   2.2090592836E-002
   6.38182  99.55307   2.7543094495E-002
   6.38182 100.55866   3.3577660884E-002
   6.38182 101.56425   4.0186857444E-002
   6.38182 102.56983   4.7362541675E-002
   6.38182 103.57542   5.5095873167E-002
   6.38182 104.58101   6.3377324492E-002
   6.38182 105.58659   7.2196692940E-002
   6.38182 106.59218   8.1543113090E-002
   6.38182 107.59777   9.1405070194E-002
   6.38182 108.60335   1.0177041437E-001
   6.38182 109.60894   1.1262637556E-001
   6.38182 110.61453   1.2395957926E-001
   6.38182 111.62011   1.3575606303E-001
   6.38182 112.62570   1.4800129365E-001
   6.38182 113.63128   1.6068018506E-001
   6.38182 114.63687   1.7377711691E-001
   6.38182 115.64246   1.8727595385E-001
   6.38182 116.64804   2.0116006537E-001
   6.38182 117.65363   2.1541234632E-001
   6.38182 118.65922   2.3001523794E-001
   6.38182 119.66480   2.4495074954E-001
   6.38182 120.67039   2.6020048064E-001
   6.38182 121.67598   2.7574564365E-001
   6.38182 122.68156   2.9156708699E-001
   6.38182 123.68715   3.0764531871E-001
   6.38182 124.69274   3.2396053052E-001
   6.38182 125.69832   3.4049262214E-001
   6.38182 126.70391   3.5722122611E-001
   6.38182 127.70950   3.7412573288E-001
   6.38182 128.71508   3.9118531616E-001
   6.38182 129.72067   4.0837895863E-001
   6.38182 130.72626   4.2568547781E-001
   6.38182 131.73184   4.4308355213E-001
   6.38182 132.73743   4.6055174725E-001
   6.38182 133.74302   4.7806854244E-001
   6.38182 134.74860   4.9561235708E-001
   6.38182 135.75419   5.1316157728E-001
   6.38182 136.75978   5.3069458247E-001
   6.38182 137.76536   5.4818977208E-001
   6.38182 138.77095   5.6562559212E-001
   6.38182 139.77654   5.8298056172E-001
   6.38182 140.78212   6.0023329966E-001
   6.38182 141.78771   6.1736255064E-001
   6.38182 142.79330   6.3434721149E-001
   6.38182 143.79888   6.5116635720E-001
   6.38182 144.80447   6.6779926665E-001
   6.38182 145.81006   6.8422544818E-001
   6.38182 146.81564   7.0042466481E-001
   6.38182 147.82123   7.1637695918E-001
   6.38182 148.82682   7.3206267813E-001
   6.38182 149.83240   7.4746249693E-001
   6.38182 150.83799   7.6255744307E-001
   6.38182 151.84358   7.7732891966E-001
   6.38182 152.84916   7.9175872829E-001
   6.38182 153.85475   8.0582909152E-001
   6.38182 154.86034   8.1952267472E-001
   6.38182 155.86592   8.3282260745E-001
   6.38182 156.87151   8.4571250427E-001
   6.38182 157.87709   8.5817648488E-001
   6.38182 158.88268   8.7019919371E-001
   6.38182 159.88827   8.8176581883E-001
   6.38182 160.89385   8.9286211024E-001
   6.38182 161.89944   9.0347439733E-001
   6.38182 162.90503   9.1358960582E-001
   6.38182 163.91061   9.2319527383E-001
   6.38182 164.91620   9.3227956721E-001
   6.38182 165.92179   9.4083129416E-001
   6.38182 166.92737   9.4883991899E-001
   6.38182 167.93296   9.5629557511E-001
   6.38182 168.93855   9.6318907718E-001
   6.38182 169.94413   9.6951193245E-001
   6.38182 170.94972   9.7525635117E-001
   6.38182 171.95531   9.8041525627E-001
   6.38182 172.96089   9.8498229199E-001
   6.38182 173.96648   9.8895183176E-001
   6.38182 174.97207   9.9231898512E-001
   6.38182 175.97765   9.9507960377E-001
   6.38182 176.98324   9.9723028663E-001
   6.38182 177.98883   9.9876838406E-001
   6.38182 178.99441   9.9969200115E-001
   6.38182 180.00000   1.0000000000E+000

   6.44444   0.00000   4.8016951974E-310
   6.44444   1.00559   9.9969200115E-001
   6.44444   2.01117   9.9876838406E-001
   6.44444   3.01676   9.9723028663E-001
   6.44444   4.02235   9.9507960377E-001
   6.44444   5.02793   9.9231898512E-001
   6.44444   6.03352   9.8895183176E-001
   6.44444   7.03911   9.8498229199E-001
   6.44444   8.04469   9.8041525627E-001
   6.44444   9.05028   9.7525635117E-001
   6.44444  10.05587   9.6951193245E-001
   6.44444  11.06145   9.6318907718E-001
   6.44444  12.06704   9.5629557511E-001
   6.44444  13.07263   9.4883991899E-001
   6.44444  14.07821   9.4083129416E-001
   6.44444  15.08380   9.3227956721E-001
   6.44444  16.08939   9.2319527383E-001
   6.44444  17.09497   9.1358960582E-001
   6.44444  18.10056   9.0347439733E-001
   6.44444  19.10615   8.9286211024E-001
   6.44444  20.11173   8.8176581883E-001
   6.44444  21.11732   8.7019919371E-001
   6.44444  22.12291   8.5817648488E-001
   6.44444  23.12849   8.4571250427E-001
   6.44444  24.13408   8.3282260745E-001
   6.44444  25.13966   8.1952267472E-001
   6.44444  26.14525   8.0582909152E-001
   6.44444  27.15084   7.9175872829E-001
   6.44444  28.15642   7.7732891966E-001
   6.44444  29.16201   7.6255744307E-001
   6.44444  30.16760   7.4746249693E-001
   6.44444  31.17318   7.3206267813E-001
   6.44444  32.17877   7.1637695918E-001
   6.44444  33.18436   7.0042466481E-001
   6.44444  34.18994   6.8422544818E-001
   6.44444  35.19553   6.6779926665E-001
   6.44444  36.20112   6.5116635720E-001
   6.44444  37.20670   6.3434721149E-001
   6.44444  38.21229   6.1736255064E-001
   6.44444  39.21788   6.0023329966E-001
   6.44444  40.22346   5.8298056172E-001
   6.44444  41.22905   5.6562559212E-001
   6.44444  42.23464   5.4818977208E-001
   6.44444  43.24022   5.3069458247E-001
   6.44444  44.24581   5.1316157728E-001
   6.44444  45.25140   4.9561235708E-001
   6.44444  46.25698   4.7806854244E-001
   6.44444  47.26257   4.6055174725E-001
   6.44444  48.26816   4.4308355213E-001
   6.44444  49.27374   4.2568547781E-001
   6.44444  50.27933   4.0837895863E-001
   6.44444  51.28492   3.9118531616E-001
   6.44444  52.29050   3.7412573288E-001
   6.44444  53.29609   3.5722122611E-001
   6.44444  54.30168   3.4049262214E-001
   6.44444  55.30726   3.2396053052E-001
   6.44444  56.31285   3.0764531871E-001
   6.44444  57.31844   2.9156708699E-001
   6.44444  58.32402   2.7574564365E-001
   6.44444  59.32961   2.6020048064E-001
   6.44444  60.33520   2.4495074954E-001
   6.44444  61.34078   2.3001523794E-001
   6.44444  62.34637   2.1541234632E-001
   6.44444  63.35196   2.0116006537E-001
   6.44444  64.35754   1.8727595385E-001
   6.44444  65.36313   1.7377711691E-001
   6.44444  66.36872   1.6068018506E-001
   6.44444  67.37430   1.4800129365E-001
   6.44444  68.37989   1.3575606303E-001
   6.44444  69.38547   1.2395957926E-001
   6.44444  70.39106   1.1262637556E-001
   6.44444  71.39665   1.0177041437E-001
   6.44444  72.40223   9.1405070194E-002
   6.44444  73.40782   8.1543113090E-002
   6.44444  74.41341   7.2196692940E-002
   6.44444  75.41899   6.3377324492E-002
   6.44444  76.42458   5.5095873167E-002
   6.44444  77.43017   4.7362541675E-002
   6.44444  78.43575   4.0186857444E-002
   6.44444  79.44134   3.3577660884E-002
   6.44444  80.44693   2.7543094495E-002
   6.44444  81.45251   2.2090592836E-002
   6.44444  82.45810   1.7226873362E-002
   6.44444  83.46369   1.2957928154E-002
   6.44444  84.46927   9.2890165331E-003
   6.44444  85.47486   6.2246585807E-003
   6.44444  86.48045   3.7686295721E-003
   6.44444  87.48603   1.9239553236E-003
   6.44444  88.49162   6.9290846547E-004
   6.44444  89.49721   7.7005641668E-005
   6.44444  90.50279   7.7005641668E-005
   6.44444  91.50838   6.9290846547E-004
   6.44444  92.51397   1.9239553236E-003
   6.44444  93.51955   3.7686295721E-003
   6.44444  94.52514   6.2246585807E-003
   6.44444  95.53073   9.2890165331E-003
   6.44444  96.53631   1.2957928154E-002
   6.44444  97.54190   1.7226873362E-002
   6.44444  98.54749   2.2090592836E-002
   6.44444  99.55307   2.7543094495E-002
   6.44444 100.55866   3.3577660884E-002
   6.44444 101.56425   4.0186857444E-002
   6.44444 102.56983   4.7362541675E-002
   6.44444 103.57542   5.5095873167E-002
   6.44444 104.58101   6.3377324492E-002
   6.44444 105.58659   7.2196692940E-002
   6.44444 106.59218   8.1543113090E-002
   6.44444 107.59777   9.1405070194E-002
   6.44444 108.60335   1.0177041437E-001
   6.44444 109.60894   1.1262637556E-001
   6.44444 110.61453   1.2395957926E-001
   6.44444 111.62011   1.3575606303E-001
   6.44444 112.62570   1.4800129365E-001
   6.44444 113.63128   1.6068018506E-001
   6.44444 114.63687   1.7377711691E-001
   6.44444 115.64246   1.8727595385E-001
   6.44444 116.64804   2.0116006537E-001
   6.44444 117.65363   2.1541234632E-001
   6.44444 118.65922   2.3001523794E-001
   6.44444 119.66480   2.4495074954E-001
   6.44444 120.67039   2.6020048064E-001
   6.44444 121.67598   2.7574564365E-001
   6.44444 122.68156   2.9156708699E-001
   6.44444 123.68715   3.0764531871E-001
   6.44444 124.69274   3.2396053052E-001
   6.44444 125.69832   3.4049262214E-001
   6.44444 126.70391   3.5722122611E-001
   6.44444 127.70950   3.7412573288E-001
   6.44444 128.71508   3.9118531616E-001
   6.44444 129.72067   4.0837895863E-001
   6.44444 130.72626   4.2568547781E-001
   6.44444 131.73184   4.4308355213E-001
   6.44444 132.73743   4.6055174725E-001
   6.44444 133.74302   4.7806854244E-001
   6.44444 134.74860   4.9561235708E-001
   6.44444 135.75419   5.1316157728E-001
   6.44444 136.75978   5.3069458247E-001
   6.44444 137.76536   5.4818977208E-001
   6.44444 138.77095   5.6562559212E-001
   6.44444 139.77654   5.8298056172E-001
   6.44444 140.78212   6.0023329966E-001
   6.44444 141.78771   6.1736255064E-001
   6.44444 142.79330   6.3434721149E-001
   6.44444 143.79888   6.5116635720E-001
   6.44444 144.80447   6.6779926665E-001
   6.44444 145.81006   6.8422544818E-001
   6.44444 146.81564   7.0042466481E-001
   6.44444 147.82123   7.1637695918E-001
   6.44444 148.82682   7.3206267813E-001
   6.44444 149.83240   7.4746249693E-001
   6.44444 150.83799   7.6255744307E-001
   6.44444 151.84358   7.7732891966E-001
   6.44444 152.84916   7.9175872829E-001
   6.44444 153.85475   8.0582909152E-001
   6.44444 154.86034   8.1952267472E-001
   6.44444 155.86592   8.3282260745E-001
   6.44444 156.87151   8.4571250427E-001
   6.44444 157.87709   8.5817648488E-001
   6.44444 158.88268   8.7019919371E-001
   6.44444 159.88827   8.8176581883E-001
   6.44444 160.89385   8.9286211024E-001
   6.44444 161.89944   9.0347439733E-001
   6.44444 162.90503   9.1358960582E-001
   6.44444 163.91061   9.2319527383E-001
   6.44444 164.91620   9.3227956721E-001
   6.44444 165.92179   9.4083129416E-001
   6.44444 166.92737   9.4883991899E-001
   6.44444 167.93296   9.5629557511E-001
   6.44444 168.93855   9.6318907718E-001
   6.44444 169.94413   9.6951193245E-001
   6.44444 170.94972   9.7525635117E-001
   6.44444 171.95531   9.8041525627E-001
   6.44444 172.96089   9.8498229199E-001
   6.44444 173.96648   9.8895183176E-001
   6.44444 174.97207   9.9231898512E-001
   6.44444 175.97765   9.9507960377E-001
   6.44444 176.98324   9.9723028663E-001
   6.44444 177.98883   9.9876838406E-001
   6.44444 178.99441   9.9969200115E-001
   6.44444 180.00000   1.0000000000E+000

   6.50707   0.00000   4.8016951974E-310
   6.50707   1.00559   9.9969200115E-001
   6.50707   2.01117   9.9876838406E-001
   6.50707   3.01676   9.9723028663E-001
   6.50707   4.02235   9.9507960377E-001
   6.50707   5.02793   9.9231898512E-001
   6.50707   6.03352   9.8895183176E-001
   6.50707   7.03911   9.8498229199E-001
   6.50707   8.04469   9.8041525627E-001
   6.50707   9.05028   9.7525635117E-001
   6.50707  10.05587   9.6951193245E-001
   6.50707  11.06145   9.6318907718E-001
   6.50707  12.06704   9.5629557511E-001
   6.50707  13.07263   9.4883991899E-001
   6.50707  14.07821   9.4083129416E-001
   6.50707  15.08380   9.3227956721E-001
   6.50707  16.08939   9.2319527383E-001
   6.50707  17.09497   9.1358960582E-001
   6.50707  18.10056   9.0347439733E-001
   6.50707  19.10615   8.9286211024E-001
   6.50707  20.11173   8.8176581883E-001
   6.50707  21.11732   8.7019919371E-001
   6.50707  22.12291   8.5817648488E-001
   6.50707  23.12849   8.4571250427E-001
   6.50707  24.13408   8.3282260745E-001
   6.50707  25.13966   8.1952267472E-001
   6.50707  26.14525   8.0582909152E-001
   6.50707  27.15084   7.9175872829E-001
   6.50707  28.15642   7.7732891966E-001
   6.50707  29.16201   7.6255744307E-001
   6.50707  30.16760   7.4746249693E-001
   6.50707  31.17318   7.3206267813E-001
   6.50707  32.17877   7.1637695918E-001
   6.50707  33.18436   7.0042466481E-001
   6.50707  34.18994   6.8422544818E-001
   6.50707  35.19553   6.6779926665E-001
   6.50707  36.20112   6.5116635720E-001
   6.50707  37.20670   6.3434721149E-001
   6.50707  38.21229   6.1736255064E-001
   6.50707  39.21788   6.0023329966E-001
   6.50707  40.22346   5.8298056172E-001
   6.50707  41.22905   5.6562559212E-001
   6.50707  42.23464   5.4818977208E-001
   6.50707  43.24022   5.3069458247E-001
   6.50707  44.24581   5.1316157728E-001
   6.50707  45.25140   4.9561235708E-001
   6.50707  46.25698   4.7806854244E-001
   6.50707  47.26257   4.6055174725E-001
   6.50707  48.26816   4.4308355213E-001
   6.50707  49.27374   4.2568547781E-001
   6.50707  50.27933   4.0837895863E-001
   6.50707  51.28492   3.9118531616E-001
   6.50707  52.29050   3.7412573288E-001
   6.50707  53.29609   3.5722122611E-001
   6.50707  54.30168   3.4049262214E-001
   6.50707  55.30726   3.2396053052E-001
   6.50707  56.31285   3.0764531871E-001
   6.50707  57.31844   2.9156708699E-001
   6.50707  58.32402   2.7574564365E-001
   6.50707  59.32961   2.6020048064E-001
   6.50707  60.33520   2.4495074954E-001
   6.50707  61.34078   2.3001523794E-001
   6.50707  62.34637   2.1541234632E-001
   6.50707  63.35196   2.0116006537E-001
   6.50707  64.35754   1.8727595385E-001
   6.50707  65.36313   1.7377711691E-001
   6.50707  66.36872   1.6068018506E-001
   6.50707  67.37430   1.4800129365E-001
   6.50707  68.37989   1.3575606303E-001
   6.50707  69.38547   1.2395957926E-001
   6.50707  70.39106   1.1262637556E-001
   6.50707  71.39665   1.0177041437E-001
   6.50707  72.40223   9.1405070194E-002
   6.50707  73.40782   8.1543113090E-002
   6.50707  74.41341   7.2196692940E-002
   6.50707  75.41899   6.3377324492E-002
   6.50707  76.42458   5.5095873167E-002
   6.50707  77.43017   4.7362541675E-002
   6.50707  78.43575   4.0186857444E-002
   6.50707  79.44134   3.3577660884E-002
   6.50707  80.44693   2.7543094495E-002
   6.50707  81.45251   2.2090592836E-002
   6.50707  82.45810   1.7226873362E-002
   6.50707  83.46369   1.2957928154E-002
   6.50707  84.46927   9.2890165331E-003
   6.50707  85.47486   6.2246585807E-003
   6.50707  86.48045   3.7686295721E-003
   6.50707  87.48603   1.9239553236E-003
   6.50707  88.49162   6.9290846547E-004
   6.50707  89.49721   7.7005641668E-005
   6.50707  90.50279   7.7005641668E-005
   6.50707  91.50838   6.9290846547E-004
   6.50707  92.51397   1.9239553236E-003
   6.50707  93.51955   3.7686295721E-003
   6.50707  94.52514   6.2246585807E-003
   6.50707  95.53073   9.2890165331E-003
   6.50707  96.53631   1.2957928154E-002
   6.50707  97.54190   1.7226873362E-002
   6.50707  98.54749   2.2090592836E-002
   6.50707  99.55307   2.7543094495E-002
   6.50707 100.55866   3.3577660884E-002
   6.50707 101.56425   4.0186857444E-002
   6.50707 102.56983   4.7362541675E-002
   6.50707 103.57542   5.5095873167E-002
   6.50707 104.58101   6.3377324492E-002
   6.50707 105.58659   7.2196692940E-002
   6.50707 106.59218   8.1543113090E-002
   6.50707 107.59777   9.1405070194E-002
   6.50707 108.60335   1.0177041437E-001
   6.50707 109.60894   1.1262637556E-001
   6.50707 110.61453   1.2395957926E-001
   6.50707 111.62011   1.3575606303E-001
   6.50707 112.62570   1.4800129365E-001
   6.50707 113.63128   1.6068018506E-001
   6.50707 114.63687   1.7377711691E-001
   6.50707 115.64246   1.8727595385E-001
   6.50707 116.64804   2.0116006537E-001
   6.50707 117.65363   2.1541234632E-001
   6.50707 118.65922   2.3001523794E-001
   6.50707 119.66480   2.4495074954E-001
   6.50707 120.67039   2.6020048064E-001
   6.50707 121.67598   2.7574564365E-001
   6.50707 122.68156   2.9156708699E-001
   6.50707 123.68715   3.0764531871E-001
   6.50707 124.69274   3.2396053052E-001
   6.50707 125.69832   3.4049262214E-001
   6.50707 126.70391   3.5722122611E-001
   6.50707 127.70950   3.7412573288E-001
   6.50707 128.71508   3.9118531616E-001
   6.50707 129.72067   4.0837895863E-001
   6.50707 130.72626   4.2568547781E-001
   6.50707 131.73184   4.4308355213E-001
   6.50707 132.73743   4.6055174725E-001
   6.50707 133.74302   4.7806854244E-001
   6.50707 134.74860   4.9561235708E-001
   6.50707 135.75419   5.1316157728E-001
   6.50707 136.75978   5.3069458247E-001
   6.50707 137.76536   5.4818977208E-001
   6.50707 138.77095   5.6562559212E-001
   6.50707 139.77654   5.8298056172E-001
   6.50707 140.78212   6.0023329966E-001
   6.50707 141.78771   6.1736255064E-001
   6.50707 142.79330   6.3434721149E-001
   6.50707 143.79888   6.5116635720E-001
   6.50707 144.80447   6.6779926665E-001
   6.50707 145.81006   6.8422544818E-001
   6.50707 146.81564   7.0042466481E-001
   6.50707 147.82123   7.1637695918E-001
   6.50707 148.82682   7.3206267813E-001
   6.50707 149.83240   7.4746249693E-001
   6.50707 150.83799   7.6255744307E-001
   6.50707 151.84358   7.7732891966E-001
   6.50707 152.84916   7.9175872829E-001
   6.50707 153.85475   8.0582909152E-001
   6.50707 154.86034   8.1952267472E-001
   6.50707 155.86592   8.3282260745E-001
   6.50707 156.87151   8.4571250427E-001
   6.50707 157.87709   8.5817648488E-001
   6.50707 158.88268   8.7019919371E-001
   6.50707 159.88827   8.8176581883E-001
   6.50707 160.89385   8.9286211024E-001
   6.50707 161.89944   9.0347439733E-001
   6.50707 162.90503   9.1358960582E-001
   6.50707 163.91061   9.2319527383E-001
   6.50707 164.91620   9.3227956721E-001
   6.50707 165.92179   9.4083129416E-001
   6.50707 166.92737   9.4883991899E-001
   6.50707 167.93296   9.5629557511E-001
   6.50707 168.93855   9.6318907718E-001
   6.50707 169.94413   9.6951193245E-001
   6.50707 170.94972   9.7525635117E-001
   6.50707 171.95531   9.8041525627E-001
   6.50707 172.96089   9.8498229199E-001
   6.50707 173.96648   9.8895183176E-001
   6.50707 174.97207   9.9231898512E-001
   6.50707 175.97765   9.9507960377E-001
   6.50707 176.98324   9.9723028663E-001
   6.50707 177.98883   9.9876838406E-001
   6.50707 178.99441   9.9969200115E-001
   6.50707 180.00000   1.0000000000E+000

   6.56970   0.00000   4.8016951974E-310
   6.56970   1.00559   9.9969200115E-001
   6.56970   2.01117   9.9876838406E-001
   6.56970   3.01676   9.9723028663E-001
   6.56970   4.02235   9.9507960377E-001
   6.56970   5.02793   9.9231898512E-001
   6.56970   6.03352   9.8895183176E-001
   6.56970   7.03911   9.8498229199E-001
   6.56970   8.04469   9.8041525627E-001
   6.56970   9.05028   9.7525635117E-001
   6.56970  10.05587   9.6951193245E-001
   6.56970  11.06145   9.6318907718E-001
   6.56970  12.06704   9.5629557511E-001
   6.56970  13.07263   9.4883991899E-001
   6.56970  14.07821   9.4083129416E-001
   6.56970  15.08380   9.3227956721E-001
   6.56970  16.08939   9.2319527383E-001
   6.56970  17.09497   9.1358960582E-001
   6.56970  18.10056   9.0347439733E-001
   6.56970  19.10615   8.9286211024E-001
   6.56970  20.11173   8.8176581883E-001
   6.56970  21.11732   8.7019919371E-001
   6.56970  22.12291   8.5817648488E-001
   6.56970  23.12849   8.4571250427E-001
   6.56970  24.13408   8.3282260745E-001
   6.56970  25.13966   8.1952267472E-001
   6.56970  26.14525   8.0582909152E-001
   6.56970  27.15084   7.9175872829E-001
   6.56970  28.15642   7.7732891966E-001
   6.56970  29.16201   7.6255744307E-001
   6.56970  30.16760   7.4746249693E-001
   6.56970  31.17318   7.3206267813E-001
   6.56970  32.17877   7.1637695918E-001
   6.56970  33.18436   7.0042466481E-001
   6.56970  34.18994   6.8422544818E-001
   6.56970  35.19553   6.6779926665E-001
   6.56970  36.20112   6.5116635720E-001
   6.56970  37.20670   6.3434721149E-001
   6.56970  38.21229   6.1736255064E-001
   6.56970  39.21788   6.0023329966E-001
   6.56970  40.22346   5.8298056172E-001
   6.56970  41.22905   5.6562559212E-001
   6.56970  42.23464   5.4818977208E-001
   6.56970  43.24022   5.3069458247E-001
   6.56970  44.24581   5.1316157728E-001
   6.56970  45.25140   4.9561235708E-001
   6.56970  46.25698   4.7806854244E-001
   6.56970  47.26257   4.6055174725E-001
   6.56970  48.26816   4.4308355213E-001
   6.56970  49.27374   4.2568547781E-001
   6.56970  50.27933   4.0837895863E-001
   6.56970  51.28492   3.9118531616E-001
   6.56970  52.29050   3.7412573288E-001
   6.56970  53.29609   3.5722122611E-001
   6.56970  54.30168   3.4049262214E-001
   6.56970  55.30726   3.2396053052E-001
   6.56970  56.31285   3.0764531871E-001
   6.56970  57.31844   2.9156708699E-001
   6.56970  58.32402   2.7574564365E-001
   6.56970  59.32961   2.6020048064E-001
   6.56970  60.33520   2.4495074954E-001
   6.56970  61.34078   2.3001523794E-001
   6.56970  62.34637   2.1541234632E-001
   6.56970  63.35196   2.0116006537E-001
   6.56970  64.35754   1.8727595385E-001
   6.56970  65.36313   1.7377711691E-001
   6.56970  66.36872   1.6068018506E-001
   6.56970  67.37430   1.4800129365E-001
   6.56970  68.37989   1.3575606303E-001
   6.56970  69.38547   1.2395957926E-001
   6.56970  70.39106   1.1262637556E-001
   6.56970  71.39665   1.0177041437E-001
   6.56970  72.40223   9.1405070194E-002
   6.56970  73.40782   8.1543113090E-002
   6.56970  74.41341   7.2196692940E-002
   6.56970  75.41899   6.3377324492E-002
   6.56970  76.42458   5.5095873167E-002
   6.56970  77.43017   4.7362541675E-002
   6.56970  78.43575   4.0186857444E-002
   6.56970  79.44134   3.3577660884E-002
   6.56970  80.44693   2.7543094495E-002
   6.56970  81.45251   2.2090592836E-002
   6.56970  82.45810   1.7226873362E-002
   6.56970  83.46369   1.2957928154E-002
   6.56970  84.46927   9.2890165331E-003
   6.56970  85.47486   6.2246585807E-003
   6.56970  86.48045   3.7686295721E-003
   6.56970  87.48603   1.9239553236E-003
   6.56970  88.49162   6.9290846547E-004
   6.56970  89.49721   7.7005641668E-005
   6.56970  90.50279   7.7005641668E-005
   6.56970  91.50838   6.9290846547E-004
   6.56970  92.51397   1.9239553236E-003
   6.56970  93.51955   3.7686295721E-003
   6.56970  94.52514   6.2246585807E-003
   6.56970  95.53073   9.2890165331E-003
   6.56970  96.53631   1.2957928154E-002
   6.56970  97.54190   1.7226873362E-002
   6.56970  98.54749   2.2090592836E-002
   6.56970  99.55307   2.7543094495E-002
   6.56970 100.55866   3.3577660884E-002
   6.56970 101.56425   4.0186857444E-002
   6.56970 102.56983   4.7362541675E-002
   6.56970 103.57542   5.5095873167E-002
   6.56970 104.58101   6.3377324492E-002
   6.56970 105.58659   7.2196692940E-002
   6.56970 106.59218   8.1543113090E-002
   6.56970 107.59777   9.1405070194E-002
   6.56970 108.60335   1.0177041437E-001
   6.56970 109.60894   1.1262637556E-001
   6.56970 110.61453   1.2395957926E-001
   6.56970 111.62011   1.3575606303E-001
   6.56970 112.62570   1.4800129365E-001
   6.56970 113.63128   1.6068018506E-001
   6.56970 114.63687   1.7377711691E-001
   6.56970 115.64246   1.8727595385E-001
   6.56970 116.64804   2.0116006537E-001
   6.56970 117.65363   2.1541234632E-001
   6.56970 118.65922   2.3001523794E-001
   6.56970 119.66480   2.4495074954E-001
   6.56970 120.67039   2.6020048064E-001
   6.56970 121.67598   2.7574564365E-001
   6.56970 122.68156   2.9156708699E-001
   6.56970 123.68715   3.0764531871E-001
   6.56970 124.69274   3.2396053052E-001
   6.56970 125.69832   3.4049262214E-001
   6.56970 126.70391   3.5722122611E-001
   6.56970 127.70950   3.7412573288E-001
   6.56970 128.71508   3.9118531616E-001
   6.56970 129.72067   4.0837895863E-001
   6.56970 130.72626   4.2568547781E-001
   6.56970 131.73184   4.4308355213E-001
   6.56970 132.73743   4.6055174725E-001
   6.56970 133.74302   4.7806854244E-001
   6.56970 134.74860   4.9561235708E-001
   6.56970 135.75419   5.1316157728E-001
   6.56970 136.75978   5.3069458247E-001
   6.56970 137.76536   5.4818977208E-001
   6.56970 138.77095   5.6562559212E-001
   6.56970 139.77654   5.8298056172E-001
   6.56970 140.78212   6.0023329966E-001
   6.56970 141.78771   6.1736255064E-001
   6.56970 142.79330   6.3434721149E-001
   6.56970 143.79888   6.5116635720E-001
   6.56970 144.80447   6.6779926665E-001
   6.56970 145.81006   6.8422544818E-001
   6.56970 146.81564   7.0042466481E-001
   6.56970 147.82123   7.1637695918E-001
   6.56970 148.82682   7.3206267813E-001
   6.56970 149.83240   7.4746249693E-001
   6.56970 150.83799   7.6255744307E-001
   6.56970 151.84358   7.7732891966E-001
   6.56970 152.84916   7.9175872829E-001
   6.56970 153.85475   8.0582909152E-001
   6.56970 154.86034   8.1952267472E-001
   6.56970 155.86592   8.3282260745E-001
   6.56970 156.87151   8.4571250427E-001
   6.56970 157.87709   8.5817648488E-001
   6.56970 158.88268   8.7019919371E-001
   6.56970 159.88827   8.8176581883E-001
   6.56970 160.89385   8.9286211024E-001
   6.56970 161.89944   9.0347439733E-001
   6.56970 162.90503   9.1358960582E-001
   6.56970 163.91061   9.2319527383E-001
   6.56970 164.91620   9.3227956721E-001
   6.56970 165.92179   9.4083129416E-001
   6.56970 166.92737   9.4883991899E-001
   6.56970 167.93296   9.5629557511E-001
   6.56970 168.93855   9.6318907718E-001
   6.56970 169.94413   9.6951193245E-001
   6.56970 170.94972   9.7525635117E-001
   6.56970 171.95531   9.8041525627E-001
   6.56970 172.96089   9.8498229199E-001
   6.56970 173.96648   9.8895183176E-001
   6.56970 174.97207   9.9231898512E-001
   6.56970 175.97765   9.9507960377E-001
   6.56970 176.98324   9.9723028663E-001
   6.56970 177.98883   9.9876838406E-001
   6.56970 178.99441   9.9969200115E-001
   6.56970 180.00000   1.0000000000E+000

   6.63232   0.00000   4.8016951974E-310
   6.63232   1.00559   9.9969200115E-001
   6.63232   2.01117   9.9876838406E-001
   6.63232   3.01676   9.9723028663E-001
   6.63232   4.02235   9.9507960377E-001
   6.63232   5.02793   9.9231898512E-001
   6.63232   6.03352   9.8895183176E-001
   6.63232   7.03911   9.8498229199E-001
   6.63232   8.04469   9.8041525627E-001
   6.63232   9.05028   9.7525635117E-001
   6.63232  10.05587   9.6951193245E-001
   6.63232  11.06145   9.6318907718E-001
   6.63232  12.06704   9.5629557511E-001
   6.63232  13.07263   9.4883991899E-001
   6.63232  14.07821   9.4083129416E-001
   6.63232  15.08380   9.3227956721E-001
   6.63232  16.08939   9.2319527383E-001
   6.63232  17.09497   9.1358960582E-001
   6.63232  18.10056   9.0347439733E-001
   6.63232  19.10615   8.9286211024E-001
   6.63232  20.11173   8.8176581883E-001
   6.63232  21.11732   8.7019919371E-001
   6.63232  22.12291   8.5817648488E-001
   6.63232  23.12849   8.4571250427E-001
   6.63232  24.13408   8.3282260745E-001
   6.63232  25.13966   8.1952267472E-001
   6.63232  26.14525   8.0582909152E-001
   6.63232  27.15084   7.9175872829E-001
   6.63232  28.15642   7.7732891966E-001
   6.63232  29.16201   7.6255744307E-001
   6.63232  30.16760   7.4746249693E-001
   6.63232  31.17318   7.3206267813E-001
   6.63232  32.17877   7.1637695918E-001
   6.63232  33.18436   7.0042466481E-001
   6.63232  34.18994   6.8422544818E-001
   6.63232  35.19553   6.6779926665E-001
   6.63232  36.20112   6.5116635720E-001
   6.63232  37.20670   6.3434721149E-001
   6.63232  38.21229   6.1736255064E-001
   6.63232  39.21788   6.0023329966E-001
   6.63232  40.22346   5.8298056172E-001
   6.63232  41.22905   5.6562559212E-001
   6.63232  42.23464   5.4818977208E-001
   6.63232  43.24022   5.3069458247E-001
   6.63232  44.24581   5.1316157728E-001
   6.63232  45.25140   4.9561235708E-001
   6.63232  46.25698   4.7806854244E-001
   6.63232  47.26257   4.6055174725E-001
   6.63232  48.26816   4.4308355213E-001
   6.63232  49.27374   4.2568547781E-001
   6.63232  50.27933   4.0837895863E-001
   6.63232  51.28492   3.9118531616E-001
   6.63232  52.29050   3.7412573288E-001
   6.63232  53.29609   3.5722122611E-001
   6.63232  54.30168   3.4049262214E-001
   6.63232  55.30726   3.2396053052E-001
   6.63232  56.31285   3.0764531871E-001
   6.63232  57.31844   2.9156708699E-001
   6.63232  58.32402   2.7574564365E-001
   6.63232  59.32961   2.6020048064E-001
   6.63232  60.33520   2.4495074954E-001
   6.63232  61.34078   2.3001523794E-001
   6.63232  62.34637   2.1541234632E-001
   6.63232  63.35196   2.0116006537E-001
   6.63232  64.35754   1.8727595385E-001
   6.63232  65.36313   1.7377711691E-001
   6.63232  66.36872   1.6068018506E-001
   6.63232  67.37430   1.4800129365E-001
   6.63232  68.37989   1.3575606303E-001
   6.63232  69.38547   1.2395957926E-001
   6.63232  70.39106   1.1262637556E-001
   6.63232  71.39665   1.0177041437E-001
   6.63232  72.40223   9.1405070194E-002
   6.63232  73.40782   8.1543113090E-002
   6.63232  74.41341   7.2196692940E-002
   6.63232  75.41899   6.3377324492E-002
   6.63232  76.42458   5.5095873167E-002
   6.63232  77.43017   4.7362541675E-002
   6.63232  78.43575   4.0186857444E-002
   6.63232  79.44134   3.3577660884E-002
   6.63232  80.44693   2.7543094495E-002
   6.63232  81.45251   2.2090592836E-002
   6.63232  82.45810   1.7226873362E-002
   6.63232  83.46369   1.2957928154E-002
   6.63232  84.46927   9.2890165331E-003
   6.63232  85.47486   6.2246585807E-003
   6.63232  86.48045   3.7686295721E-003
   6.63232  87.48603   1.9239553236E-003
   6.63232  88.49162   6.9290846547E-004
   6.63232  89.49721   7.7005641668E-005
   6.63232  90.50279   7.7005641668E-005
   6.63232  91.50838   6.9290846547E-004
   6.63232  92.51397   1.9239553236E-003
   6.63232  93.51955   3.7686295721E-003
   6.63232  94.52514   6.2246585807E-003
   6.63232  95.53073   9.2890165331E-003
   6.63232  96.53631   1.2957928154E-002
   6.63232  97.54190   1.7226873362E-002
   6.63232  98.54749   2.2090592836E-002
   6.63232  99.55307   2.7543094495E-002
   6.63232 100.55866   3.3577660884E-002
   6.63232 101.56425   4.0186857444E-002
   6.63232 102.56983   4.7362541675E-002
   6.63232 103.57542   5.5095873167E-002
   6.63232 104.58101   6.3377324492E-002
   6.63232 105.58659   7.2196692940E-002
   6.63232 106.59218   8.1543113090E-002
   6.63232 107.59777   9.1405070194E-002
   6.63232 108.60335   1.0177041437E-001
   6.63232 109.60894   1.1262637556E-001
   6.63232 110.61453   1.2395957926E-001
   6.63232 111.62011   1.3575606303E-001
   6.63232 112.62570   1.4800129365E-001
   6.63232 113.63128   1.6068018506E-001
   6.63232 114.63687   1.7377711691E-001
   6.63232 115.64246   1.8727595385E-001
   6.63232 116.64804   2.0116006537E-001
   6.63232 117.65363   2.1541234632E-001
   6.63232 118.65922   2.3001523794E-001
   6.63232 119.66480   2.4495074954E-001
   6.63232 120.67039   2.6020048064E-001
   6.63232 121.67598   2.7574564365E-001
   6.63232 122.68156   2.9156708699E-001
   6.63232 123.68715   3.0764531871E-001
   6.63232 124.69274   3.2396053052E-001
   6.63232 125.69832   3.4049262214E-001
   6.63232 126.70391   3.5722122611E-001
   6.63232 127.70950   3.7412573288E-001
   6.63232 128.71508   3.9118531616E-001
   6.63232 129.72067   4.0837895863E-001
   6.63232 130.72626   4.2568547781E-001
   6.63232 131.73184   4.4308355213E-001
   6.63232 132.73743   4.6055174725E-001
   6.63232 133.74302   4.7806854244E-001
   6.63232 134.74860   4.9561235708E-001
   6.63232 135.75419   5.1316157728E-001
   6.63232 136.75978   5.3069458247E-001
   6.63232 137.76536   5.4818977208E-001
   6.63232 138.77095   5.6562559212E-001
   6.63232 139.77654   5.8298056172E-001
   6.63232 140.78212   6.0023329966E-001
   6.63232 141.78771   6.1736255064E-001
   6.63232 142.79330   6.3434721149E-001
   6.63232 143.79888   6.5116635720E-001
   6.63232 144.80447   6.6779926665E-001
   6.63232 145.81006   6.8422544818E-001
   6.63232 146.81564   7.0042466481E-001
   6.63232 147.82123   7.1637695918E-001
   6.63232 148.82682   7.3206267813E-001
   6.63232 149.83240   7.4746249693E-001
   6.63232 150.83799   7.6255744307E-001
   6.63232 151.84358   7.7732891966E-001
   6.63232 152.84916   7.9175872829E-001
   6.63232 153.85475   8.0582909152E-001
   6.63232 154.86034   8.1952267472E-001
   6.63232 155.86592   8.3282260745E-001
   6.63232 156.87151   8.4571250427E-001
   6.63232 157.87709   8.5817648488E-001
   6.63232 158.88268   8.7019919371E-001
   6.63232 159.88827   8.8176581883E-001
   6.63232 160.89385   8.9286211024E-001
   6.63232 161.89944   9.0347439733E-001
   6.63232 162.90503   9.1358960582E-001
   6.63232 163.91061   9.2319527383E-001
   6.63232 164.91620   9.3227956721E-001
   6.63232 165.92179   9.4083129416E-001
   6.63232 166.92737   9.4883991899E-001
   6.63232 167.93296   9.5629557511E-001
   6.63232 168.93855   9.6318907718E-001
   6.63232 169.94413   9.6951193245E-001
   6.63232 170.94972   9.7525635117E-001
   6.63232 171.95531   9.8041525627E-001
   6.63232 172.96089   9.8498229199E-001
   6.63232 173.96648   9.8895183176E-001
   6.63232 174.97207   9.9231898512E-001
   6.63232 175.97765   9.9507960377E-001
   6.63232 176.98324   9.9723028663E-001
   6.63232 177.98883   9.9876838406E-001
   6.63232 178.99441   9.9969200115E-001
   6.63232 180.00000   1.0000000000E+000

   6.69495   0.00000   4.8016951974E-310
   6.69495   1.00559   9.9969200115E-001
   6.69495   2.01117   9.9876838406E-001
   6.69495   3.01676   9.9723028663E-001
   6.69495   4.02235   9.9507960377E-001
   6.69495   5.02793   9.9231898512E-001
   6.69495   6.03352   9.8895183176E-001
   6.69495   7.03911   9.8498229199E-001
   6.69495   8.04469   9.8041525627E-001
   6.69495   9.05028   9.7525635117E-001
   6.69495  10.05587   9.6951193245E-001
   6.69495  11.06145   9.6318907718E-001
   6.69495  12.06704   9.5629557511E-001
   6.69495  13.07263   9.4883991899E-001
   6.69495  14.07821   9.4083129416E-001
   6.69495  15.08380   9.3227956721E-001
   6.69495  16.08939   9.2319527383E-001
   6.69495  17.09497   9.1358960582E-001
   6.69495  18.10056   9.0347439733E-001
   6.69495  19.10615   8.9286211024E-001
   6.69495  20.11173   8.8176581883E-001
   6.69495  21.11732   8.7019919371E-001
   6.69495  22.12291   8.5817648488E-001
   6.69495  23.12849   8.4571250427E-001
   6.69495  24.13408   8.3282260745E-001
   6.69495  25.13966   8.1952267472E-001
   6.69495  26.14525   8.0582909152E-001
   6.69495  27.15084   7.9175872829E-001
   6.69495  28.15642   7.7732891966E-001
   6.69495  29.16201   7.6255744307E-001
   6.69495  30.16760   7.4746249693E-001
   6.69495  31.17318   7.3206267813E-001
   6.69495  32.17877   7.1637695918E-001
   6.69495  33.18436   7.0042466481E-001
   6.69495  34.18994   6.8422544818E-001
   6.69495  35.19553   6.6779926665E-001
   6.69495  36.20112   6.5116635720E-001
   6.69495  37.20670   6.3434721149E-001
   6.69495  38.21229   6.1736255064E-001
   6.69495  39.21788   6.0023329966E-001
   6.69495  40.22346   5.8298056172E-001
   6.69495  41.22905   5.6562559212E-001
   6.69495  42.23464   5.4818977208E-001
   6.69495  43.24022   5.3069458247E-001
   6.69495  44.24581   5.1316157728E-001
   6.69495  45.25140   4.9561235708E-001
   6.69495  46.25698   4.7806854244E-001
   6.69495  47.26257   4.6055174725E-001
   6.69495  48.26816   4.4308355213E-001
   6.69495  49.27374   4.2568547781E-001
   6.69495  50.27933   4.0837895863E-001
   6.69495  51.28492   3.9118531616E-001
   6.69495  52.29050   3.7412573288E-001
   6.69495  53.29609   3.5722122611E-001
   6.69495  54.30168   3.4049262214E-001
   6.69495  55.30726   3.2396053052E-001
   6.69495  56.31285   3.0764531871E-001
   6.69495  57.31844   2.9156708699E-001
   6.69495  58.32402   2.7574564365E-001
   6.69495  59.32961   2.6020048064E-001
   6.69495  60.33520   2.4495074954E-001
   6.69495  61.34078   2.3001523794E-001
   6.69495  62.34637   2.1541234632E-001
   6.69495  63.35196   2.0116006537E-001
   6.69495  64.35754   1.8727595385E-001
   6.69495  65.36313   1.7377711691E-001
   6.69495  66.36872   1.6068018506E-001
   6.69495  67.37430   1.4800129365E-001
   6.69495  68.37989   1.3575606303E-001
   6.69495  69.38547   1.2395957926E-001
   6.69495  70.39106   1.1262637556E-001
   6.69495  71.39665   1.0177041437E-001
   6.69495  72.40223   9.1405070194E-002
   6.69495  73.40782   8.1543113090E-002
   6.69495  74.41341   7.2196692940E-002
   6.69495  75.41899   6.3377324492E-002
   6.69495  76.42458   5.5095873167E-002
   6.69495  77.43017   4.7362541675E-002
   6.69495  78.43575   4.0186857444E-002
   6.69495  79.44134   3.3577660884E-002
   6.69495  80.44693   2.7543094495E-002
   6.69495  81.45251   2.2090592836E-002
   6.69495  82.45810   1.7226873362E-002
   6.69495  83.46369   1.2957928154E-002
   6.69495  84.46927   9.2890165331E-003
   6.69495  85.47486   6.2246585807E-003
   6.69495  86.48045   3.7686295721E-003
   6.69495  87.48603   1.9239553236E-003
   6.69495  88.49162   6.9290846547E-004
   6.69495  89.49721   7.7005641668E-005
   6.69495  90.50279   7.7005641668E-005
   6.69495  91.50838   6.9290846547E-004
   6.69495  92.51397   1.9239553236E-003
   6.69495  93.51955   3.7686295721E-003
   6.69495  94.52514   6.2246585807E-003
   6.69495  95.53073   9.2890165331E-003
   6.69495  96.53631   1.2957928154E-002
   6.69495  97.54190   1.7226873362E-002
   6.69495  98.54749   2.2090592836E-002
   6.69495  99.55307   2.7543094495E-002
   6.69495 100.55866   3.3577660884E-002
   6.69495 101.56425   4.0186857444E-002
   6.69495 102.56983   4.7362541675E-002
   6.69495 103.57542   5.5095873167E-002
   6.69495 104.58101   6.3377324492E-002
   6.69495 105.58659   7.2196692940E-002
   6.69495 106.59218   8.1543113090E-002
   6.69495 107.59777   9.1405070194E-002
   6.69495 108.60335   1.0177041437E-001
   6.69495 109.60894   1.1262637556E-001
   6.69495 110.61453   1.2395957926E-001
   6.69495 111.62011   1.3575606303E-001
   6.69495 112.62570   1.4800129365E-001
   6.69495 113.63128   1.6068018506E-001
   6.69495 114.63687   1.7377711691E-001
   6.69495 115.64246   1.8727595385E-001
   6.69495 116.64804   2.0116006537E-001
   6.69495 117.65363   2.1541234632E-001
   6.69495 118.65922   2.3001523794E-001
   6.69495 119.66480   2.4495074954E-001
   6.69495 120.67039   2.6020048064E-001
   6.69495 121.67598   2.7574564365E-001
   6.69495 122.68156   2.9156708699E-001
   6.69495 123.68715   3.0764531871E-001
   6.69495 124.69274   3.2396053052E-001
   6.69495 125.69832   3.4049262214E-001
   6.69495 126.70391   3.5722122611E-001
   6.69495 127.70950   3.7412573288E-001
   6.69495 128.71508   3.9118531616E-001
   6.69495 129.72067   4.0837895863E-001
   6.69495 130.72626   4.2568547781E-001
   6.69495 131.73184   4.4308355213E-001
   6.69495 132.73743   4.6055174725E-001
   6.69495 133.74302   4.7806854244E-001
   6.69495 134.74860   4.9561235708E-001
   6.69495 135.75419   5.1316157728E-001
   6.69495 136.75978   5.3069458247E-001
   6.69495 137.76536   5.4818977208E-001
   6.69495 138.77095   5.6562559212E-001
   6.69495 139.77654   5.8298056172E-001
   6.69495 140.78212   6.0023329966E-001
   6.69495 141.78771   6.1736255064E-001
   6.69495 142.79330   6.3434721149E-001
   6.69495 143.79888   6.5116635720E-001
   6.69495 144.80447   6.6779926665E-001
   6.69495 145.81006   6.8422544818E-001
   6.69495 146.81564   7.0042466481E-001
   6.69495 147.82123   7.1637695918E-001
   6.69495 148.82682   7.3206267813E-001
   6.69495 149.83240   7.4746249693E-001
   6.69495 150.83799   7.6255744307E-001
   6.69495 151.84358   7.7732891966E-001
   6.69495 152.84916   7.9175872829E-001
   6.69495 153.85475   8.0582909152E-001
   6.69495 154.86034   8.1952267472E-001
   6.69495 155.86592   8.3282260745E-001
   6.69495 156.87151   8.4571250427E-001
   6.69495 157.87709   8.5817648488E-001
   6.69495 158.88268   8.7019919371E-001
   6.69495 159.88827   8.8176581883E-001
   6.69495 160.89385   8.9286211024E-001
   6.69495 161.89944   9.0347439733E-001
   6.69495 162.90503   9.1358960582E-001
   6.69495 163.91061   9.2319527383E-001
   6.69495 164.91620   9.3227956721E-001
   6.69495 165.92179   9.4083129416E-001
   6.69495 166.92737   9.4883991899E-001
   6.69495 167.93296   9.5629557511E-001
   6.69495 168.93855   9.6318907718E-001
   6.69495 169.94413   9.6951193245E-001
   6.69495 170.94972   9.7525635117E-001
   6.69495 171.95531   9.8041525627E-001
   6.69495 172.96089   9.8498229199E-001
   6.69495 173.96648   9.8895183176E-001
   6.69495 174.97207   9.9231898512E-001
   6.69495 175.97765   9.9507960377E-001
   6.69495 176.98324   9.9723028663E-001
   6.69495 177.98883   9.9876838406E-001
   6.69495 178.99441   9.9969200115E-001
   6.69495 180.00000   1.0000000000E+000

   6.75758   0.00000   4.8016951974E-310
   6.75758   1.00559   9.9969200115E-001
   6.75758   2.01117   9.9876838406E-001
   6.75758   3.01676   9.9723028663E-001
   6.75758   4.02235   9.9507960377E-001
   6.75758   5.02793   9.9231898512E-001
   6.75758   6.03352   9.8895183176E-001
   6.75758   7.03911   9.8498229199E-001
   6.75758   8.04469   9.8041525627E-001
   6.75758   9.05028   9.7525635117E-001
   6.75758  10.05587   9.6951193245E-001
   6.75758  11.06145   9.6318907718E-001
   6.75758  12.06704   9.5629557511E-001
   6.75758  13.07263   9.4883991899E-001
   6.75758  14.07821   9.4083129416E-001
   6.75758  15.08380   9.3227956721E-001
   6.75758  16.08939   9.2319527383E-001
   6.75758  17.09497   9.1358960582E-001
   6.75758  18.10056   9.0347439733E-001
   6.75758  19.10615   8.9286211024E-001
   6.75758  20.11173   8.8176581883E-001
   6.75758  21.11732   8.7019919371E-001
   6.75758  22.12291   8.5817648488E-001
   6.75758  23.12849   8.4571250427E-001
   6.75758  24.13408   8.3282260745E-001
   6.75758  25.13966   8.1952267472E-001
   6.75758  26.14525   8.0582909152E-001
   6.75758  27.15084   7.9175872829E-001
   6.75758  28.15642   7.7732891966E-001
   6.75758  29.16201   7.6255744307E-001
   6.75758  30.16760   7.4746249693E-001
   6.75758  31.17318   7.3206267813E-001
   6.75758  32.17877   7.1637695918E-001
   6.75758  33.18436   7.0042466481E-001
   6.75758  34.18994   6.8422544818E-001
   6.75758  35.19553   6.6779926665E-001
   6.75758  36.20112   6.5116635720E-001
   6.75758  37.20670   6.3434721149E-001
   6.75758  38.21229   6.1736255064E-001
   6.75758  39.21788   6.0023329966E-001
   6.75758  40.22346   5.8298056172E-001
   6.75758  41.22905   5.6562559212E-001
   6.75758  42.23464   5.4818977208E-001
   6.75758  43.24022   5.3069458247E-001
   6.75758  44.24581   5.1316157728E-001
   6.75758  45.25140   4.9561235708E-001
   6.75758  46.25698   4.7806854244E-001
   6.75758  47.26257   4.6055174725E-001
   6.75758  48.26816   4.4308355213E-001
   6.75758  49.27374   4.2568547781E-001
   6.75758  50.27933   4.0837895863E-001
   6.75758  51.28492   3.9118531616E-001
   6.75758  52.29050   3.7412573288E-001
   6.75758  53.29609   3.5722122611E-001
   6.75758  54.30168   3.4049262214E-001
   6.75758  55.30726   3.2396053052E-001
   6.75758  56.31285   3.0764531871E-001
   6.75758  57.31844   2.9156708699E-001
   6.75758  58.32402   2.7574564365E-001
   6.75758  59.32961   2.6020048064E-001
   6.75758  60.33520   2.4495074954E-001
   6.75758  61.34078   2.3001523794E-001
   6.75758  62.34637   2.1541234632E-001
   6.75758  63.35196   2.0116006537E-001
   6.75758  64.35754   1.8727595385E-001
   6.75758  65.36313   1.7377711691E-001
   6.75758  66.36872   1.6068018506E-001
   6.75758  67.37430   1.4800129365E-001
   6.75758  68.37989   1.3575606303E-001
   6.75758  69.38547   1.2395957926E-001
   6.75758  70.39106   1.1262637556E-001
   6.75758  71.39665   1.0177041437E-001
   6.75758  72.40223   9.1405070194E-002
   6.75758  73.40782   8.1543113090E-002
   6.75758  74.41341   7.2196692940E-002
   6.75758  75.41899   6.3377324492E-002
   6.75758  76.42458   5.5095873167E-002
   6.75758  77.43017   4.7362541675E-002
   6.75758  78.43575   4.0186857444E-002
   6.75758  79.44134   3.3577660884E-002
   6.75758  80.44693   2.7543094495E-002
   6.75758  81.45251   2.2090592836E-002
   6.75758  82.45810   1.7226873362E-002
   6.75758  83.46369   1.2957928154E-002
   6.75758  84.46927   9.2890165331E-003
   6.75758  85.47486   6.2246585807E-003
   6.75758  86.48045   3.7686295721E-003
   6.75758  87.48603   1.9239553236E-003
   6.75758  88.49162   6.9290846547E-004
   6.75758  89.49721   7.7005641668E-005
   6.75758  90.50279   7.7005641668E-005
   6.75758  91.50838   6.9290846547E-004
   6.75758  92.51397   1.9239553236E-003
   6.75758  93.51955   3.7686295721E-003
   6.75758  94.52514   6.2246585807E-003
   6.75758  95.53073   9.2890165331E-003
   6.75758  96.53631   1.2957928154E-002
   6.75758  97.54190   1.7226873362E-002
   6.75758  98.54749   2.2090592836E-002
   6.75758  99.55307   2.7543094495E-002
   6.75758 100.55866   3.3577660884E-002
   6.75758 101.56425   4.0186857444E-002
   6.75758 102.56983   4.7362541675E-002
   6.75758 103.57542   5.5095873167E-002
   6.75758 104.58101   6.3377324492E-002
   6.75758 105.58659   7.2196692940E-002
   6.75758 106.59218   8.1543113090E-002
   6.75758 107.59777   9.1405070194E-002
   6.75758 108.60335   1.0177041437E-001
   6.75758 109.60894   1.1262637556E-001
   6.75758 110.61453   1.2395957926E-001
   6.75758 111.62011   1.3575606303E-001
   6.75758 112.62570   1.4800129365E-001
   6.75758 113.63128   1.6068018506E-001
   6.75758 114.63687   1.7377711691E-001
   6.75758 115.64246   1.8727595385E-001
   6.75758 116.64804   2.0116006537E-001
   6.75758 117.65363   2.1541234632E-001
   6.75758 118.65922   2.3001523794E-001
   6.75758 119.66480   2.4495074954E-001
   6.75758 120.67039   2.6020048064E-001
   6.75758 121.67598   2.7574564365E-001
   6.75758 122.68156   2.9156708699E-001
   6.75758 123.68715   3.0764531871E-001
   6.75758 124.69274   3.2396053052E-001
   6.75758 125.69832   3.4049262214E-001
   6.75758 126.70391   3.5722122611E-001
   6.75758 127.70950   3.7412573288E-001
   6.75758 128.71508   3.9118531616E-001
   6.75758 129.72067   4.0837895863E-001
   6.75758 130.72626   4.2568547781E-001
   6.75758 131.73184   4.4308355213E-001
   6.75758 132.73743   4.6055174725E-001
   6.75758 133.74302   4.7806854244E-001
   6.75758 134.74860   4.9561235708E-001
   6.75758 135.75419   5.1316157728E-001
   6.75758 136.75978   5.3069458247E-001
   6.75758 137.76536   5.4818977208E-001
   6.75758 138.77095   5.6562559212E-001
   6.75758 139.77654   5.8298056172E-001
   6.75758 140.78212   6.0023329966E-001
   6.75758 141.78771   6.1736255064E-001
   6.75758 142.79330   6.3434721149E-001
   6.75758 143.79888   6.5116635720E-001
   6.75758 144.80447   6.6779926665E-001
   6.75758 145.81006   6.8422544818E-001
   6.75758 146.81564   7.0042466481E-001
   6.75758 147.82123   7.1637695918E-001
   6.75758 148.82682   7.3206267813E-001
   6.75758 149.83240   7.4746249693E-001
   6.75758 150.83799   7.6255744307E-001
   6.75758 151.84358   7.7732891966E-001
   6.75758 152.84916   7.9175872829E-001
   6.75758 153.85475   8.0582909152E-001
   6.75758 154.86034   8.1952267472E-001
   6.75758 155.86592   8.3282260745E-001
   6.75758 156.87151   8.4571250427E-001
   6.75758 157.87709   8.5817648488E-001
   6.75758 158.88268   8.7019919371E-001
   6.75758 159.88827   8.8176581883E-001
   6.75758 160.89385   8.9286211024E-001
   6.75758 161.89944   9.0347439733E-001
   6.75758 162.90503   9.1358960582E-001
   6.75758 163.91061   9.2319527383E-001
   6.75758 164.91620   9.3227956721E-001
   6.75758 165.92179   9.4083129416E-001
   6.75758 166.92737   9.4883991899E-001
   6.75758 167.93296   9.5629557511E-001
   6.75758 168.93855   9.6318907718E-001
   6.75758 169.94413   9.6951193245E-001
   6.75758 170.94972   9.7525635117E-001
   6.75758 171.95531   9.8041525627E-001
   6.75758 172.96089   9.8498229199E-001
   6.75758 173.96648   9.8895183176E-001
   6.75758 174.97207   9.9231898512E-001
   6.75758 175.97765   9.9507960377E-001
   6.75758 176.98324   9.9723028663E-001
   6.75758 177.98883   9.9876838406E-001
   6.75758 178.99441   9.9969200115E-001
   6.75758 180.00000   1.0000000000E+000

   6.82020   0.00000   4.8016951974E-310
   6.82020   1.00559   9.9969200115E-001
   6.82020   2.01117   9.9876838406E-001
   6.82020   3.01676   9.9723028663E-001
   6.82020   4.02235   9.9507960377E-001
   6.82020   5.02793   9.9231898512E-001
   6.82020   6.03352   9.8895183176E-001
   6.82020   7.03911   9.8498229199E-001
   6.82020   8.04469   9.8041525627E-001
   6.82020   9.05028   9.7525635117E-001
   6.82020  10.05587   9.6951193245E-001
   6.82020  11.06145   9.6318907718E-001
   6.82020  12.06704   9.5629557511E-001
   6.82020  13.07263   9.4883991899E-001
   6.82020  14.07821   9.4083129416E-001
   6.82020  15.08380   9.3227956721E-001
   6.82020  16.08939   9.2319527383E-001
   6.82020  17.09497   9.1358960582E-001
   6.82020  18.10056   9.0347439733E-001
   6.82020  19.10615   8.9286211024E-001
   6.82020  20.11173   8.8176581883E-001
   6.82020  21.11732   8.7019919371E-001
   6.82020  22.12291   8.5817648488E-001
   6.82020  23.12849   8.4571250427E-001
   6.82020  24.13408   8.3282260745E-001
   6.82020  25.13966   8.1952267472E-001
   6.82020  26.14525   8.0582909152E-001
   6.82020  27.15084   7.9175872829E-001
   6.82020  28.15642   7.7732891966E-001
   6.82020  29.16201   7.6255744307E-001
   6.82020  30.16760   7.4746249693E-001
   6.82020  31.17318   7.3206267813E-001
   6.82020  32.17877   7.1637695918E-001
   6.82020  33.18436   7.0042466481E-001
   6.82020  34.18994   6.8422544818E-001
   6.82020  35.19553   6.6779926665E-001
   6.82020  36.20112   6.5116635720E-001
   6.82020  37.20670   6.3434721149E-001
   6.82020  38.21229   6.1736255064E-001
   6.82020  39.21788   6.0023329966E-001
   6.82020  40.22346   5.8298056172E-001
   6.82020  41.22905   5.6562559212E-001
   6.82020  42.23464   5.4818977208E-001
   6.82020  43.24022   5.3069458247E-001
   6.82020  44.24581   5.1316157728E-001
   6.82020  45.25140   4.9561235708E-001
   6.82020  46.25698   4.7806854244E-001
   6.82020  47.26257   4.6055174725E-001
   6.82020  48.26816   4.4308355213E-001
   6.82020  49.27374   4.2568547781E-001
   6.82020  50.27933   4.0837895863E-001
   6.82020  51.28492   3.9118531616E-001
   6.82020  52.29050   3.7412573288E-001
   6.82020  53.29609   3.5722122611E-001
   6.82020  54.30168   3.4049262214E-001
   6.82020  55.30726   3.2396053052E-001
   6.82020  56.31285   3.0764531871E-001
   6.82020  57.31844   2.9156708699E-001
   6.82020  58.32402   2.7574564365E-001
   6.82020  59.32961   2.6020048064E-001
   6.82020  60.33520   2.4495074954E-001
   6.82020  61.34078   2.3001523794E-001
   6.82020  62.34637   2.1541234632E-001
   6.82020  63.35196   2.0116006537E-001
   6.82020  64.35754   1.8727595385E-001
   6.82020  65.36313   1.7377711691E-001
   6.82020  66.36872   1.6068018506E-001
   6.82020  67.37430   1.4800129365E-001
   6.82020  68.37989   1.3575606303E-001
   6.82020  69.38547   1.2395957926E-001
   6.82020  70.39106   1.1262637556E-001
   6.82020  71.39665   1.0177041437E-001
   6.82020  72.40223   9.1405070194E-002
   6.82020  73.40782   8.1543113090E-002
   6.82020  74.41341   7.2196692940E-002
   6.82020  75.41899   6.3377324492E-002
   6.82020  76.42458   5.5095873167E-002
   6.82020  77.43017   4.7362541675E-002
   6.82020  78.43575   4.0186857444E-002
   6.82020  79.44134   3.3577660884E-002
   6.82020  80.44693   2.7543094495E-002
   6.82020  81.45251   2.2090592836E-002
   6.82020  82.45810   1.7226873362E-002
   6.82020  83.46369   1.2957928154E-002
   6.82020  84.46927   9.2890165331E-003
   6.82020  85.47486   6.2246585807E-003
   6.82020  86.48045   3.7686295721E-003
   6.82020  87.48603   1.9239553236E-003
   6.82020  88.49162   6.9290846547E-004
   6.82020  89.49721   7.7005641668E-005
   6.82020  90.50279   7.7005641668E-005
   6.82020  91.50838   6.9290846547E-004
   6.82020  92.51397   1.9239553236E-003
   6.82020  93.51955   3.7686295721E-003
   6.82020  94.52514   6.2246585807E-003
   6.82020  95.53073   9.2890165331E-003
   6.82020  96.53631   1.2957928154E-002
   6.82020  97.54190   1.7226873362E-002
   6.82020  98.54749   2.2090592836E-002
   6.82020  99.55307   2.7543094495E-002
   6.82020 100.55866   3.3577660884E-002
   6.82020 101.56425   4.0186857444E-002
   6.82020 102.56983   4.7362541675E-002
   6.82020 103.57542   5.5095873167E-002
   6.82020 104.58101   6.3377324492E-002
   6.82020 105.58659   7.2196692940E-002
   6.82020 106.59218   8.1543113090E-002
   6.82020 107.59777   9.1405070194E-002
   6.82020 108.60335   1.0177041437E-001
   6.82020 109.60894   1.1262637556E-001
   6.82020 110.61453   1.2395957926E-001
   6.82020 111.62011   1.3575606303E-001
   6.82020 112.62570   1.4800129365E-001
   6.82020 113.63128   1.6068018506E-001
   6.82020 114.63687   1.7377711691E-001
   6.82020 115.64246   1.8727595385E-001
   6.82020 116.64804   2.0116006537E-001
   6.82020 117.65363   2.1541234632E-001
   6.82020 118.65922   2.3001523794E-001
   6.82020 119.66480   2.4495074954E-001
   6.82020 120.67039   2.6020048064E-001
   6.82020 121.67598   2.7574564365E-001
   6.82020 122.68156   2.9156708699E-001
   6.82020 123.68715   3.0764531871E-001
   6.82020 124.69274   3.2396053052E-001
   6.82020 125.69832   3.4049262214E-001
   6.82020 126.70391   3.5722122611E-001
   6.82020 127.70950   3.7412573288E-001
   6.82020 128.71508   3.9118531616E-001
   6.82020 129.72067   4.0837895863E-001
   6.82020 130.72626   4.2568547781E-001
   6.82020 131.73184   4.4308355213E-001
   6.82020 132.73743   4.6055174725E-001
   6.82020 133.74302   4.7806854244E-001
   6.82020 134.74860   4.9561235708E-001
   6.82020 135.75419   5.1316157728E-001
   6.82020 136.75978   5.3069458247E-001
   6.82020 137.76536   5.4818977208E-001
   6.82020 138.77095   5.6562559212E-001
   6.82020 139.77654   5.8298056172E-001
   6.82020 140.78212   6.0023329966E-001
   6.82020 141.78771   6.1736255064E-001
   6.82020 142.79330   6.3434721149E-001
   6.82020 143.79888   6.5116635720E-001
   6.82020 144.80447   6.6779926665E-001
   6.82020 145.81006   6.8422544818E-001
   6.82020 146.81564   7.0042466481E-001
   6.82020 147.82123   7.1637695918E-001
   6.82020 148.82682   7.3206267813E-001
   6.82020 149.83240   7.4746249693E-001
   6.82020 150.83799   7.6255744307E-001
   6.82020 151.84358   7.7732891966E-001
   6.82020 152.84916   7.9175872829E-001
   6.82020 153.85475   8.0582909152E-001
   6.82020 154.86034   8.1952267472E-001
   6.82020 155.86592   8.3282260745E-001
   6.82020 156.87151   8.4571250427E-001
   6.82020 157.87709   8.5817648488E-001
   6.82020 158.88268   8.7019919371E-001
   6.82020 159.88827   8.8176581883E-001
   6.82020 160.89385   8.9286211024E-001
   6.82020 161.89944   9.0347439733E-001
   6.82020 162.90503   9.1358960582E-001
   6.82020 163.91061   9.2319527383E-001
   6.82020 164.91620   9.3227956721E-001
   6.82020 165.92179   9.4083129416E-001
   6.82020 166.92737   9.4883991899E-001
   6.82020 167.93296   9.5629557511E-001
   6.82020 168.93855   9.6318907718E-001
   6.82020 169.94413   9.6951193245E-001
   6.82020 170.94972   9.7525635117E-001
   6.82020 171.95531   9.8041525627E-001
   6.82020 172.96089   9.8498229199E-001
   6.82020 173.96648   9.8895183176E-001
   6.82020 174.97207   9.9231898512E-001
   6.82020 175.97765   9.9507960377E-001
   6.82020 176.98324   9.9723028663E-001
   6.82020 177.98883   9.9876838406E-001
   6.82020 178.99441   9.9969200115E-001
   6.82020 180.00000   1.0000000000E+000

   6.88283   0.00000   4.8016951974E-310
   6.88283   1.00559   9.9969200115E-001
   6.88283   2.01117   9.9876838406E-001
   6.88283   3.01676   9.9723028663E-001
   6.88283   4.02235   9.9507960377E-001
   6.88283   5.02793   9.9231898512E-001
   6.88283   6.03352   9.8895183176E-001
   6.88283   7.03911   9.8498229199E-001
   6.88283   8.04469   9.8041525627E-001
   6.88283   9.05028   9.7525635117E-001
   6.88283  10.05587   9.6951193245E-001
   6.88283  11.06145   9.6318907718E-001
   6.88283  12.06704   9.5629557511E-001
   6.88283  13.07263   9.4883991899E-001
   6.88283  14.07821   9.4083129416E-001
   6.88283  15.08380   9.3227956721E-001
   6.88283  16.08939   9.2319527383E-001
   6.88283  17.09497   9.1358960582E-001
   6.88283  18.10056   9.0347439733E-001
   6.88283  19.10615   8.9286211024E-001
   6.88283  20.11173   8.8176581883E-001
   6.88283  21.11732   8.7019919371E-001
   6.88283  22.12291   8.5817648488E-001
   6.88283  23.12849   8.4571250427E-001
   6.88283  24.13408   8.3282260745E-001
   6.88283  25.13966   8.1952267472E-001
   6.88283  26.14525   8.0582909152E-001
   6.88283  27.15084   7.9175872829E-001
   6.88283  28.15642   7.7732891966E-001
   6.88283  29.16201   7.6255744307E-001
   6.88283  30.16760   7.4746249693E-001
   6.88283  31.17318   7.3206267813E-001
   6.88283  32.17877   7.1637695918E-001
   6.88283  33.18436   7.0042466481E-001
   6.88283  34.18994   6.8422544818E-001
   6.88283  35.19553   6.6779926665E-001
   6.88283  36.20112   6.5116635720E-001
   6.88283  37.20670   6.3434721149E-001
   6.88283  38.21229   6.1736255064E-001
   6.88283  39.21788   6.0023329966E-001
   6.88283  40.22346   5.8298056172E-001
   6.88283  41.22905   5.6562559212E-001
   6.88283  42.23464   5.4818977208E-001
   6.88283  43.24022   5.3069458247E-001
   6.88283  44.24581   5.1316157728E-001
   6.88283  45.25140   4.9561235708E-001
   6.88283  46.25698   4.7806854244E-001
   6.88283  47.26257   4.6055174725E-001
   6.88283  48.26816   4.4308355213E-001
   6.88283  49.27374   4.2568547781E-001
   6.88283  50.27933   4.0837895863E-001
   6.88283  51.28492   3.9118531616E-001
   6.88283  52.29050   3.7412573288E-001
   6.88283  53.29609   3.5722122611E-001
   6.88283  54.30168   3.4049262214E-001
   6.88283  55.30726   3.2396053052E-001
   6.88283  56.31285   3.0764531871E-001
   6.88283  57.31844   2.9156708699E-001
   6.88283  58.32402   2.7574564365E-001
   6.88283  59.32961   2.6020048064E-001
   6.88283  60.33520   2.4495074954E-001
   6.88283  61.34078   2.3001523794E-001
   6.88283  62.34637   2.1541234632E-001
   6.88283  63.35196   2.0116006537E-001
   6.88283  64.35754   1.8727595385E-001
   6.88283  65.36313   1.7377711691E-001
   6.88283  66.36872   1.6068018506E-001
   6.88283  67.37430   1.4800129365E-001
   6.88283  68.37989   1.3575606303E-001
   6.88283  69.38547   1.2395957926E-001
   6.88283  70.39106   1.1262637556E-001
   6.88283  71.39665   1.0177041437E-001
   6.88283  72.40223   9.1405070194E-002
   6.88283  73.40782   8.1543113090E-002
   6.88283  74.41341   7.2196692940E-002
   6.88283  75.41899   6.3377324492E-002
   6.88283  76.42458   5.5095873167E-002
   6.88283  77.43017   4.7362541675E-002
   6.88283  78.43575   4.0186857444E-002
   6.88283  79.44134   3.3577660884E-002
   6.88283  80.44693   2.7543094495E-002
   6.88283  81.45251   2.2090592836E-002
   6.88283  82.45810   1.7226873362E-002
   6.88283  83.46369   1.2957928154E-002
   6.88283  84.46927   9.2890165331E-003
   6.88283  85.47486   6.2246585807E-003
   6.88283  86.48045   3.7686295721E-003
   6.88283  87.48603   1.9239553236E-003
   6.88283  88.49162   6.9290846547E-004
   6.88283  89.49721   7.7005641668E-005
   6.88283  90.50279   7.7005641668E-005
   6.88283  91.50838   6.9290846547E-004
   6.88283  92.51397   1.9239553236E-003
   6.88283  93.51955   3.7686295721E-003
   6.88283  94.52514   6.2246585807E-003
   6.88283  95.53073   9.2890165331E-003
   6.88283  96.53631   1.2957928154E-002
   6.88283  97.54190   1.7226873362E-002
   6.88283  98.54749   2.2090592836E-002
   6.88283  99.55307   2.7543094495E-002
   6.88283 100.55866   3.3577660884E-002
   6.88283 101.56425   4.0186857444E-002
   6.88283 102.56983   4.7362541675E-002
   6.88283 103.57542   5.5095873167E-002
   6.88283 104.58101   6.3377324492E-002
   6.88283 105.58659   7.2196692940E-002
   6.88283 106.59218   8.1543113090E-002
   6.88283 107.59777   9.1405070194E-002
   6.88283 108.60335   1.0177041437E-001
   6.88283 109.60894   1.1262637556E-001
   6.88283 110.61453   1.2395957926E-001
   6.88283 111.62011   1.3575606303E-001
   6.88283 112.62570   1.4800129365E-001
   6.88283 113.63128   1.6068018506E-001
   6.88283 114.63687   1.7377711691E-001
   6.88283 115.64246   1.8727595385E-001
   6.88283 116.64804   2.0116006537E-001
   6.88283 117.65363   2.1541234632E-001
   6.88283 118.65922   2.3001523794E-001
   6.88283 119.66480   2.4495074954E-001
   6.88283 120.67039   2.6020048064E-001
   6.88283 121.67598   2.7574564365E-001
   6.88283 122.68156   2.9156708699E-001
   6.88283 123.68715   3.0764531871E-001
   6.88283 124.69274   3.2396053052E-001
   6.88283 125.69832   3.4049262214E-001
   6.88283 126.70391   3.5722122611E-001
   6.88283 127.70950   3.7412573288E-001
   6.88283 128.71508   3.9118531616E-001
   6.88283 129.72067   4.0837895863E-001
   6.88283 130.72626   4.2568547781E-001
   6.88283 131.73184   4.4308355213E-001
   6.88283 132.73743   4.6055174725E-001
   6.88283 133.74302   4.7806854244E-001
   6.88283 134.74860   4.9561235708E-001
   6.88283 135.75419   5.1316157728E-001
   6.88283 136.75978   5.3069458247E-001
   6.88283 137.76536   5.4818977208E-001
   6.88283 138.77095   5.6562559212E-001
   6.88283 139.77654   5.8298056172E-001
   6.88283 140.78212   6.0023329966E-001
   6.88283 141.78771   6.1736255064E-001
   6.88283 142.79330   6.3434721149E-001
   6.88283 143.79888   6.5116635720E-001
   6.88283 144.80447   6.6779926665E-001
   6.88283 145.81006   6.8422544818E-001
   6.88283 146.81564   7.0042466481E-001
   6.88283 147.82123   7.1637695918E-001
   6.88283 148.82682   7.3206267813E-001
   6.88283 149.83240   7.4746249693E-001
   6.88283 150.83799   7.6255744307E-001
   6.88283 151.84358   7.7732891966E-001
   6.88283 152.84916   7.9175872829E-001
   6.88283 153.85475   8.0582909152E-001
   6.88283 154.86034   8.1952267472E-001
   6.88283 155.86592   8.3282260745E-001
   6.88283 156.87151   8.4571250427E-001
   6.88283 157.87709   8.5817648488E-001
   6.88283 158.88268   8.7019919371E-001
   6.88283 159.88827   8.8176581883E-001
   6.88283 160.89385   8.9286211024E-001
   6.88283 161.89944   9.0347439733E-001
   6.88283 162.90503   9.1358960582E-001
   6.88283 163.91061   9.2319527383E-001
   6.88283 164.91620   9.3227956721E-001
   6.88283 165.92179   9.4083129416E-001
   6.88283 166.92737   9.4883991899E-001
   6.88283 167.93296   9.5629557511E-001
   6.88283 168.93855   9.6318907718E-001
   6.88283 169.94413   9.6951193245E-001
   6.88283 170.94972   9.7525635117E-001
   6.88283 171.95531   9.8041525627E-001
   6.88283 172.96089   9.8498229199E-001
   6.88283 173.96648   9.8895183176E-001
   6.88283 174.97207   9.9231898512E-001
   6.88283 175.97765   9.9507960377E-001
   6.88283 176.98324   9.9723028663E-001
   6.88283 177.98883   9.9876838406E-001
   6.88283 178.99441   9.9969200115E-001
   6.88283 180.00000   1.0000000000E+000

   6.94545   0.00000   4.8016951974E-310
   6.94545   1.00559   9.9969200115E-001
   6.94545   2.01117   9.9876838406E-001
   6.94545   3.01676   9.9723028663E-001
   6.94545   4.02235   9.9507960377E-001
   6.94545   5.02793   9.9231898512E-001
   6.94545   6.03352   9.8895183176E-001
   6.94545   7.03911   9.8498229199E-001
   6.94545   8.04469   9.8041525627E-001
   6.94545   9.05028   9.7525635117E-001
   6.94545  10.05587   9.6951193245E-001
   6.94545  11.06145   9.6318907718E-001
   6.94545  12.06704   9.5629557511E-001
   6.94545  13.07263   9.4883991899E-001
   6.94545  14.07821   9.4083129416E-001
   6.94545  15.08380   9.3227956721E-001
   6.94545  16.08939   9.2319527383E-001
   6.94545  17.09497   9.1358960582E-001
   6.94545  18.10056   9.0347439733E-001
   6.94545  19.10615   8.9286211024E-001
   6.94545  20.11173   8.8176581883E-001
   6.94545  21.11732   8.7019919371E-001
   6.94545  22.12291   8.5817648488E-001
   6.94545  23.12849   8.4571250427E-001
   6.94545  24.13408   8.3282260745E-001
   6.94545  25.13966   8.1952267472E-001
   6.94545  26.14525   8.0582909152E-001
   6.94545  27.15084   7.9175872829E-001
   6.94545  28.15642   7.7732891966E-001
   6.94545  29.16201   7.6255744307E-001
   6.94545  30.16760   7.4746249693E-001
   6.94545  31.17318   7.3206267813E-001
   6.94545  32.17877   7.1637695918E-001
   6.94545  33.18436   7.0042466481E-001
   6.94545  34.18994   6.8422544818E-001
   6.94545  35.19553   6.6779926665E-001
   6.94545  36.20112   6.5116635720E-001
   6.94545  37.20670   6.3434721149E-001
   6.94545  38.21229   6.1736255064E-001
   6.94545  39.21788   6.0023329966E-001
   6.94545  40.22346   5.8298056172E-001
   6.94545  41.22905   5.6562559212E-001
   6.94545  42.23464   5.4818977208E-001
   6.94545  43.24022   5.3069458247E-001
   6.94545  44.24581   5.1316157728E-001
   6.94545  45.25140   4.9561235708E-001
   6.94545  46.25698   4.7806854244E-001
   6.94545  47.26257   4.6055174725E-001
   6.94545  48.26816   4.4308355213E-001
   6.94545  49.27374   4.2568547781E-001
   6.94545  50.27933   4.0837895863E-001
   6.94545  51.28492   3.9118531616E-001
   6.94545  52.29050   3.7412573288E-001
   6.94545  53.29609   3.5722122611E-001
   6.94545  54.30168   3.4049262214E-001
   6.94545  55.30726   3.2396053052E-001
   6.94545  56.31285   3.0764531871E-001
   6.94545  57.31844   2.9156708699E-001
   6.94545  58.32402   2.7574564365E-001
   6.94545  59.32961   2.6020048064E-001
   6.94545  60.33520   2.4495074954E-001
   6.94545  61.34078   2.3001523794E-001
   6.94545  62.34637   2.1541234632E-001
   6.94545  63.35196   2.0116006537E-001
   6.94545  64.35754   1.8727595385E-001
   6.94545  65.36313   1.7377711691E-001
   6.94545  66.36872   1.6068018506E-001
   6.94545  67.37430   1.4800129365E-001
   6.94545  68.37989   1.3575606303E-001
   6.94545  69.38547   1.2395957926E-001
   6.94545  70.39106   1.1262637556E-001
   6.94545  71.39665   1.0177041437E-001
   6.94545  72.40223   9.1405070194E-002
   6.94545  73.40782   8.1543113090E-002
   6.94545  74.41341   7.2196692940E-002
   6.94545  75.41899   6.3377324492E-002
   6.94545  76.42458   5.5095873167E-002
   6.94545  77.43017   4.7362541675E-002
   6.94545  78.43575   4.0186857444E-002
   6.94545  79.44134   3.3577660884E-002
   6.94545  80.44693   2.7543094495E-002
   6.94545  81.45251   2.2090592836E-002
   6.94545  82.45810   1.7226873362E-002
   6.94545  83.46369   1.2957928154E-002
   6.94545  84.46927   9.2890165331E-003
   6.94545  85.47486   6.2246585807E-003
   6.94545  86.48045   3.7686295721E-003
   6.94545  87.48603   1.9239553236E-003
   6.94545  88.49162   6.9290846547E-004
   6.94545  89.49721   7.7005641668E-005
   6.94545  90.50279   7.7005641668E-005
   6.94545  91.50838   6.9290846547E-004
   6.94545  92.51397   1.9239553236E-003
   6.94545  93.51955   3.7686295721E-003
   6.94545  94.52514   6.2246585807E-003
   6.94545  95.53073   9.2890165331E-003
   6.94545  96.53631   1.2957928154E-002
   6.94545  97.54190   1.7226873362E-002
   6.94545  98.54749   2.2090592836E-002
   6.94545  99.55307   2.7543094495E-002
   6.94545 100.55866   3.3577660884E-002
   6.94545 101.56425   4.0186857444E-002
   6.94545 102.56983   4.7362541675E-002
   6.94545 103.57542   5.5095873167E-002
   6.94545 104.58101   6.3377324492E-002
   6.94545 105.58659   7.2196692940E-002
   6.94545 106.59218   8.1543113090E-002
   6.94545 107.59777   9.1405070194E-002
   6.94545 108.60335   1.0177041437E-001
   6.94545 109.60894   1.1262637556E-001
   6.94545 110.61453   1.2395957926E-001
   6.94545 111.62011   1.3575606303E-001
   6.94545 112.62570   1.4800129365E-001
   6.94545 113.63128   1.6068018506E-001
   6.94545 114.63687   1.7377711691E-001
   6.94545 115.64246   1.8727595385E-001
   6.94545 116.64804   2.0116006537E-001
   6.94545 117.65363   2.1541234632E-001
   6.94545 118.65922   2.3001523794E-001
   6.94545 119.66480   2.4495074954E-001
   6.94545 120.67039   2.6020048064E-001
   6.94545 121.67598   2.7574564365E-001
   6.94545 122.68156   2.9156708699E-001
   6.94545 123.68715   3.0764531871E-001
   6.94545 124.69274   3.2396053052E-001
   6.94545 125.69832   3.4049262214E-001
   6.94545 126.70391   3.5722122611E-001
   6.94545 127.70950   3.7412573288E-001
   6.94545 128.71508   3.9118531616E-001
   6.94545 129.72067   4.0837895863E-001
   6.94545 130.72626   4.2568547781E-001
   6.94545 131.73184   4.4308355213E-001
   6.94545 132.73743   4.6055174725E-001
   6.94545 133.74302   4.7806854244E-001
   6.94545 134.74860   4.9561235708E-001
   6.94545 135.75419   5.1316157728E-001
   6.94545 136.75978   5.3069458247E-001
   6.94545 137.76536   5.4818977208E-001
   6.94545 138.77095   5.6562559212E-001
   6.94545 139.77654   5.8298056172E-001
   6.94545 140.78212   6.0023329966E-001
   6.94545 141.78771   6.1736255064E-001
   6.94545 142.79330   6.3434721149E-001
   6.94545 143.79888   6.5116635720E-001
   6.94545 144.80447   6.6779926665E-001
   6.94545 145.81006   6.8422544818E-001
   6.94545 146.81564   7.0042466481E-001
   6.94545 147.82123   7.1637695918E-001
   6.94545 148.82682   7.3206267813E-001
   6.94545 149.83240   7.4746249693E-001
   6.94545 150.83799   7.6255744307E-001
   6.94545 151.84358   7.7732891966E-001
   6.94545 152.84916   7.9175872829E-001
   6.94545 153.85475   8.0582909152E-001
   6.94545 154.86034   8.1952267472E-001
   6.94545 155.86592   8.3282260745E-001
   6.94545 156.87151   8.4571250427E-001
   6.94545 157.87709   8.5817648488E-001
   6.94545 158.88268   8.7019919371E-001
   6.94545 159.88827   8.8176581883E-001
   6.94545 160.89385   8.9286211024E-001
   6.94545 161.89944   9.0347439733E-001
   6.94545 162.90503   9.1358960582E-001
   6.94545 163.91061   9.2319527383E-001
   6.94545 164.91620   9.3227956721E-001
   6.94545 165.92179   9.4083129416E-001
   6.94545 166.92737   9.4883991899E-001
   6.94545 167.93296   9.5629557511E-001
   6.94545 168.93855   9.6318907718E-001
   6.94545 169.94413   9.6951193245E-001
   6.94545 170.94972   9.7525635117E-001
   6.94545 171.95531   9.8041525627E-001
   6.94545 172.96089   9.8498229199E-001
   6.94545 173.96648   9.8895183176E-001
   6.94545 174.97207   9.9231898512E-001
   6.94545 175.97765   9.9507960377E-001
   6.94545 176.98324   9.9723028663E-001
   6.94545 177.98883   9.9876838406E-001
   6.94545 178.99441   9.9969200115E-001
   6.94545 180.00000   1.0000000000E+000

   7.00808   0.00000   4.8016951974E-310
   7.00808   1.00559   9.9969200115E-001
   7.00808   2.01117   9.9876838406E-001
   7.00808   3.01676   9.9723028663E-001
   7.00808   4.02235   9.9507960377E-001
   7.00808   5.02793   9.9231898512E-001
   7.00808   6.03352   9.8895183176E-001
   7.00808   7.03911   9.8498229199E-001
   7.00808   8.04469   9.8041525627E-001
   7.00808   9.05028   9.7525635117E-001
   7.00808  10.05587   9.6951193245E-001
   7.00808  11.06145   9.6318907718E-001
   7.00808  12.06704   9.5629557511E-001
   7.00808  13.07263   9.4883991899E-001
   7.00808  14.07821   9.4083129416E-001
   7.00808  15.08380   9.3227956721E-001
   7.00808  16.08939   9.2319527383E-001
   7.00808  17.09497   9.1358960582E-001
   7.00808  18.10056   9.0347439733E-001
   7.00808  19.10615   8.9286211024E-001
   7.00808  20.11173   8.8176581883E-001
   7.00808  21.11732   8.7019919371E-001
   7.00808  22.12291   8.5817648488E-001
   7.00808  23.12849   8.4571250427E-001
   7.00808  24.13408   8.3282260745E-001
   7.00808  25.13966   8.1952267472E-001
   7.00808  26.14525   8.0582909152E-001
   7.00808  27.15084   7.9175872829E-001
   7.00808  28.15642   7.7732891966E-001
   7.00808  29.16201   7.6255744307E-001
   7.00808  30.16760   7.4746249693E-001
   7.00808  31.17318   7.3206267813E-001
   7.00808  32.17877   7.1637695918E-001
   7.00808  33.18436   7.0042466481E-001
   7.00808  34.18994   6.8422544818E-001
   7.00808  35.19553   6.6779926665E-001
   7.00808  36.20112   6.5116635720E-001
   7.00808  37.20670   6.3434721149E-001
   7.00808  38.21229   6.1736255064E-001
   7.00808  39.21788   6.0023329966E-001
   7.00808  40.22346   5.8298056172E-001
   7.00808  41.22905   5.6562559212E-001
   7.00808  42.23464   5.4818977208E-001
   7.00808  43.24022   5.3069458247E-001
   7.00808  44.24581   5.1316157728E-001
   7.00808  45.25140   4.9561235708E-001
   7.00808  46.25698   4.7806854244E-001
   7.00808  47.26257   4.6055174725E-001
   7.00808  48.26816   4.4308355213E-001
   7.00808  49.27374   4.2568547781E-001
   7.00808  50.27933   4.0837895863E-001
   7.00808  51.28492   3.9118531616E-001
   7.00808  52.29050   3.7412573288E-001
   7.00808  53.29609   3.5722122611E-001
   7.00808  54.30168   3.4049262214E-001
   7.00808  55.30726   3.2396053052E-001
   7.00808  56.31285   3.0764531871E-001
   7.00808  57.31844   2.9156708699E-001
   7.00808  58.32402   2.7574564365E-001
   7.00808  59.32961   2.6020048064E-001
   7.00808  60.33520   2.4495074954E-001
   7.00808  61.34078   2.3001523794E-001
   7.00808  62.34637   2.1541234632E-001
   7.00808  63.35196   2.0116006537E-001
   7.00808  64.35754   1.8727595385E-001
   7.00808  65.36313   1.7377711691E-001
   7.00808  66.36872   1.6068018506E-001
   7.00808  67.37430   1.4800129365E-001
   7.00808  68.37989   1.3575606303E-001
   7.00808  69.38547   1.2395957926E-001
   7.00808  70.39106   1.1262637556E-001
   7.00808  71.39665   1.0177041437E-001
   7.00808  72.40223   9.1405070194E-002
   7.00808  73.40782   8.1543113090E-002
   7.00808  74.41341   7.2196692940E-002
   7.00808  75.41899   6.3377324492E-002
   7.00808  76.42458   5.5095873167E-002
   7.00808  77.43017   4.7362541675E-002
   7.00808  78.43575   4.0186857444E-002
   7.00808  79.44134   3.3577660884E-002
   7.00808  80.44693   2.7543094495E-002
   7.00808  81.45251   2.2090592836E-002
   7.00808  82.45810   1.7226873362E-002
   7.00808  83.46369   1.2957928154E-002
   7.00808  84.46927   9.2890165331E-003
   7.00808  85.47486   6.2246585807E-003
   7.00808  86.48045   3.7686295721E-003
   7.00808  87.48603   1.9239553236E-003
   7.00808  88.49162   6.9290846547E-004
   7.00808  89.49721   7.7005641668E-005
   7.00808  90.50279   7.7005641668E-005
   7.00808  91.50838   6.9290846547E-004
   7.00808  92.51397   1.9239553236E-003
   7.00808  93.51955   3.7686295721E-003
   7.00808  94.52514   6.2246585807E-003
   7.00808  95.53073   9.2890165331E-003
   7.00808  96.53631   1.2957928154E-002
   7.00808  97.54190   1.7226873362E-002
   7.00808  98.54749   2.2090592836E-002
   7.00808  99.55307   2.7543094495E-002
   7.00808 100.55866   3.3577660884E-002
   7.00808 101.56425   4.0186857444E-002
   7.00808 102.56983   4.7362541675E-002
   7.00808 103.57542   5.5095873167E-002
   7.00808 104.58101   6.3377324492E-002
   7.00808 105.58659   7.2196692940E-002
   7.00808 106.59218   8.1543113090E-002
   7.00808 107.59777   9.1405070194E-002
   7.00808 108.60335   1.0177041437E-001
   7.00808 109.60894   1.1262637556E-001
   7.00808 110.61453   1.2395957926E-001
   7.00808 111.62011   1.3575606303E-001
   7.00808 112.62570   1.4800129365E-001
   7.00808 113.63128   1.6068018506E-001
   7.00808 114.63687   1.7377711691E-001
   7.00808 115.64246   1.8727595385E-001
   7.00808 116.64804   2.0116006537E-001
   7.00808 117.65363   2.1541234632E-001
   7.00808 118.65922   2.3001523794E-001
   7.00808 119.66480   2.4495074954E-001
   7.00808 120.67039   2.6020048064E-001
   7.00808 121.67598   2.7574564365E-001
   7.00808 122.68156   2.9156708699E-001
   7.00808 123.68715   3.0764531871E-001
   7.00808 124.69274   3.2396053052E-001
   7.00808 125.69832   3.4049262214E-001
   7.00808 126.70391   3.5722122611E-001
   7.00808 127.70950   3.7412573288E-001
   7.00808 128.71508   3.9118531616E-001
   7.00808 129.72067   4.0837895863E-001
   7.00808 130.72626   4.2568547781E-001
   7.00808 131.73184   4.4308355213E-001
   7.00808 132.73743   4.6055174725E-001
   7.00808 133.74302   4.7806854244E-001
   7.00808 134.74860   4.9561235708E-001
   7.00808 135.75419   5.1316157728E-001
   7.00808 136.75978   5.3069458247E-001
   7.00808 137.76536   5.4818977208E-001
   7.00808 138.77095   5.6562559212E-001
   7.00808 139.77654   5.8298056172E-001
   7.00808 140.78212   6.0023329966E-001
   7.00808 141.78771   6.1736255064E-001
   7.00808 142.79330   6.3434721149E-001
   7.00808 143.79888   6.5116635720E-001
   7.00808 144.80447   6.6779926665E-001
   7.00808 145.81006   6.8422544818E-001
   7.00808 146.81564   7.0042466481E-001
   7.00808 147.82123   7.1637695918E-001
   7.00808 148.82682   7.3206267813E-001
   7.00808 149.83240   7.4746249693E-001
   7.00808 150.83799   7.6255744307E-001
   7.00808 151.84358   7.7732891966E-001
   7.00808 152.84916   7.9175872829E-001
   7.00808 153.85475   8.0582909152E-001
   7.00808 154.86034   8.1952267472E-001
   7.00808 155.86592   8.3282260745E-001
   7.00808 156.87151   8.4571250427E-001
   7.00808 157.87709   8.5817648488E-001
   7.00808 158.88268   8.7019919371E-001
   7.00808 159.88827   8.8176581883E-001
   7.00808 160.89385   8.9286211024E-001
   7.00808 161.89944   9.0347439733E-001
   7.00808 162.90503   9.1358960582E-001
   7.00808 163.91061   9.2319527383E-001
   7.00808 164.91620   9.3227956721E-001
   7.00808 165.92179   9.4083129416E-001
   7.00808 166.92737   9.4883991899E-001
   7.00808 167.93296   9.5629557511E-001
   7.00808 168.93855   9.6318907718E-001
   7.00808 169.94413   9.6951193245E-001
   7.00808 170.94972   9.7525635117E-001
   7.00808 171.95531   9.8041525627E-001
   7.00808 172.96089   9.8498229199E-001
   7.00808 173.96648   9.8895183176E-001
   7.00808 174.97207   9.9231898512E-001
   7.00808 175.97765   9.9507960377E-001
   7.00808 176.98324   9.9723028663E-001
   7.00808 177.98883   9.9876838406E-001
   7.00808 178.99441   9.9969200115E-001
   7.00808 180.00000   1.0000000000E+000

   7.07071   0.00000   4.8016951974E-310
   7.07071   1.00559   9.9969200115E-001
   7.07071   2.01117   9.9876838406E-001
   7.07071   3.01676   9.9723028663E-001
   7.07071   4.02235   9.9507960377E-001
   7.07071   5.02793   9.9231898512E-001
   7.07071   6.03352   9.8895183176E-001
   7.07071   7.03911   9.8498229199E-001
   7.07071   8.04469   9.8041525627E-001
   7.07071   9.05028   9.7525635117E-001
   7.07071  10.05587   9.6951193245E-001
   7.07071  11.06145   9.6318907718E-001
   7.07071  12.06704   9.5629557511E-001
   7.07071  13.07263   9.4883991899E-001
   7.07071  14.07821   9.4083129416E-001
   7.07071  15.08380   9.3227956721E-001
   7.07071  16.08939   9.2319527383E-001
   7.07071  17.09497   9.1358960582E-001
   7.07071  18.10056   9.0347439733E-001
   7.07071  19.10615   8.9286211024E-001
   7.07071  20.11173   8.8176581883E-001
   7.07071  21.11732   8.7019919371E-001
   7.07071  22.12291   8.5817648488E-001
   7.07071  23.12849   8.4571250427E-001
   7.07071  24.13408   8.3282260745E-001
   7.07071  25.13966   8.1952267472E-001
   7.07071  26.14525   8.0582909152E-001
   7.07071  27.15084   7.9175872829E-001
   7.07071  28.15642   7.7732891966E-001
   7.07071  29.16201   7.6255744307E-001
   7.07071  30.16760   7.4746249693E-001
   7.07071  31.17318   7.3206267813E-001
   7.07071  32.17877   7.1637695918E-001
   7.07071  33.18436   7.0042466481E-001
   7.07071  34.18994   6.8422544818E-001
   7.07071  35.19553   6.6779926665E-001
   7.07071  36.20112   6.5116635720E-001
   7.07071  37.20670   6.3434721149E-001
   7.07071  38.21229   6.1736255064E-001
   7.07071  39.21788   6.0023329966E-001
   7.07071  40.22346   5.8298056172E-001
   7.07071  41.22905   5.6562559212E-001
   7.07071  42.23464   5.4818977208E-001
   7.07071  43.24022   5.3069458247E-001
   7.07071  44.24581   5.1316157728E-001
   7.07071  45.25140   4.9561235708E-001
   7.07071  46.25698   4.7806854244E-001
   7.07071  47.26257   4.6055174725E-001
   7.07071  48.26816   4.4308355213E-001
   7.07071  49.27374   4.2568547781E-001
   7.07071  50.27933   4.0837895863E-001
   7.07071  51.28492   3.9118531616E-001
   7.07071  52.29050   3.7412573288E-001
   7.07071  53.29609   3.5722122611E-001
   7.07071  54.30168   3.4049262214E-001
   7.07071  55.30726   3.2396053052E-001
   7.07071  56.31285   3.0764531871E-001
   7.07071  57.31844   2.9156708699E-001
   7.07071  58.32402   2.7574564365E-001
   7.07071  59.32961   2.6020048064E-001
   7.07071  60.33520   2.4495074954E-001
   7.07071  61.34078   2.3001523794E-001
   7.07071  62.34637   2.1541234632E-001
   7.07071  63.35196   2.0116006537E-001
   7.07071  64.35754   1.8727595385E-001
   7.07071  65.36313   1.7377711691E-001
   7.07071  66.36872   1.6068018506E-001
   7.07071  67.37430   1.4800129365E-001
   7.07071  68.37989   1.3575606303E-001
   7.07071  69.38547   1.2395957926E-001
   7.07071  70.39106   1.1262637556E-001
   7.07071  71.39665   1.0177041437E-001
   7.07071  72.40223   9.1405070194E-002
   7.07071  73.40782   8.1543113090E-002
   7.07071  74.41341   7.2196692940E-002
   7.07071  75.41899   6.3377324492E-002
   7.07071  76.42458   5.5095873167E-002
   7.07071  77.43017   4.7362541675E-002
   7.07071  78.43575   4.0186857444E-002
   7.07071  79.44134   3.3577660884E-002
   7.07071  80.44693   2.7543094495E-002
   7.07071  81.45251   2.2090592836E-002
   7.07071  82.45810   1.7226873362E-002
   7.07071  83.46369   1.2957928154E-002
   7.07071  84.46927   9.2890165331E-003
   7.07071  85.47486   6.2246585807E-003
   7.07071  86.48045   3.7686295721E-003
   7.07071  87.48603   1.9239553236E-003
   7.07071  88.49162   6.9290846547E-004
   7.07071  89.49721   7.7005641668E-005
   7.07071  90.50279   7.7005641668E-005
   7.07071  91.50838   6.9290846547E-004
   7.07071  92.51397   1.9239553236E-003
   7.07071  93.51955   3.7686295721E-003
   7.07071  94.52514   6.2246585807E-003
   7.07071  95.53073   9.2890165331E-003
   7.07071  96.53631   1.2957928154E-002
   7.07071  97.54190   1.7226873362E-002
   7.07071  98.54749   2.2090592836E-002
   7.07071  99.55307   2.7543094495E-002
   7.07071 100.55866   3.3577660884E-002
   7.07071 101.56425   4.0186857444E-002
   7.07071 102.56983   4.7362541675E-002
   7.07071 103.57542   5.5095873167E-002
   7.07071 104.58101   6.3377324492E-002
   7.07071 105.58659   7.2196692940E-002
   7.07071 106.59218   8.1543113090E-002
   7.07071 107.59777   9.1405070194E-002
   7.07071 108.60335   1.0177041437E-001
   7.07071 109.60894   1.1262637556E-001
   7.07071 110.61453   1.2395957926E-001
   7.07071 111.62011   1.3575606303E-001
   7.07071 112.62570   1.4800129365E-001
   7.07071 113.63128   1.6068018506E-001
   7.07071 114.63687   1.7377711691E-001
   7.07071 115.64246   1.8727595385E-001
   7.07071 116.64804   2.0116006537E-001
   7.07071 117.65363   2.1541234632E-001
   7.07071 118.65922   2.3001523794E-001
   7.07071 119.66480   2.4495074954E-001
   7.07071 120.67039   2.6020048064E-001
   7.07071 121.67598   2.7574564365E-001
   7.07071 122.68156   2.9156708699E-001
   7.07071 123.68715   3.0764531871E-001
   7.07071 124.69274   3.2396053052E-001
   7.07071 125.69832   3.4049262214E-001
   7.07071 126.70391   3.5722122611E-001
   7.07071 127.70950   3.7412573288E-001
   7.07071 128.71508   3.9118531616E-001
   7.07071 129.72067   4.0837895863E-001
   7.07071 130.72626   4.2568547781E-001
   7.07071 131.73184   4.4308355213E-001
   7.07071 132.73743   4.6055174725E-001
   7.07071 133.74302   4.7806854244E-001
   7.07071 134.74860   4.9561235708E-001
   7.07071 135.75419   5.1316157728E-001
   7.07071 136.75978   5.3069458247E-001
   7.07071 137.76536   5.4818977208E-001
   7.07071 138.77095   5.6562559212E-001
   7.07071 139.77654   5.8298056172E-001
   7.07071 140.78212   6.0023329966E-001
   7.07071 141.78771   6.1736255064E-001
   7.07071 142.79330   6.3434721149E-001
   7.07071 143.79888   6.5116635720E-001
   7.07071 144.80447   6.6779926665E-001
   7.07071 145.81006   6.8422544818E-001
   7.07071 146.81564   7.0042466481E-001
   7.07071 147.82123   7.1637695918E-001
   7.07071 148.82682   7.3206267813E-001
   7.07071 149.83240   7.4746249693E-001
   7.07071 150.83799   7.6255744307E-001
   7.07071 151.84358   7.7732891966E-001
   7.07071 152.84916   7.9175872829E-001
   7.07071 153.85475   8.0582909152E-001
   7.07071 154.86034   8.1952267472E-001
   7.07071 155.86592   8.3282260745E-001
   7.07071 156.87151   8.4571250427E-001
   7.07071 157.87709   8.5817648488E-001
   7.07071 158.88268   8.7019919371E-001
   7.07071 159.88827   8.8176581883E-001
   7.07071 160.89385   8.9286211024E-001
   7.07071 161.89944   9.0347439733E-001
   7.07071 162.90503   9.1358960582E-001
   7.07071 163.91061   9.2319527383E-001
   7.07071 164.91620   9.3227956721E-001
   7.07071 165.92179   9.4083129416E-001
   7.07071 166.92737   9.4883991899E-001
   7.07071 167.93296   9.5629557511E-001
   7.07071 168.93855   9.6318907718E-001
   7.07071 169.94413   9.6951193245E-001
   7.07071 170.94972   9.7525635117E-001
   7.07071 171.95531   9.8041525627E-001
   7.07071 172.96089   9.8498229199E-001
   7.07071 173.96648   9.8895183176E-001
   7.07071 174.97207   9.9231898512E-001
   7.07071 175.97765   9.9507960377E-001
   7.07071 176.98324   9.9723028663E-001
   7.07071 177.98883   9.9876838406E-001
   7.07071 178.99441   9.9969200115E-001
   7.07071 180.00000   1.0000000000E+000

   7.13333   0.00000   4.8016951974E-310
   7.13333   1.00559   9.9969200115E-001
   7.13333   2.01117   9.9876838406E-001
   7.13333   3.01676   9.9723028663E-001
   7.13333   4.02235   9.9507960377E-001
   7.13333   5.02793   9.9231898512E-001
   7.13333   6.03352   9.8895183176E-001
   7.13333   7.03911   9.8498229199E-001
   7.13333   8.04469   9.8041525627E-001
   7.13333   9.05028   9.7525635117E-001
   7.13333  10.05587   9.6951193245E-001
   7.13333  11.06145   9.6318907718E-001
   7.13333  12.06704   9.5629557511E-001
   7.13333  13.07263   9.4883991899E-001
   7.13333  14.07821   9.4083129416E-001
   7.13333  15.08380   9.3227956721E-001
   7.13333  16.08939   9.2319527383E-001
   7.13333  17.09497   9.1358960582E-001
   7.13333  18.10056   9.0347439733E-001
   7.13333  19.10615   8.9286211024E-001
   7.13333  20.11173   8.8176581883E-001
   7.13333  21.11732   8.7019919371E-001
   7.13333  22.12291   8.5817648488E-001
   7.13333  23.12849   8.4571250427E-001
   7.13333  24.13408   8.3282260745E-001
   7.13333  25.13966   8.1952267472E-001
   7.13333  26.14525   8.0582909152E-001
   7.13333  27.15084   7.9175872829E-001
   7.13333  28.15642   7.7732891966E-001
   7.13333  29.16201   7.6255744307E-001
   7.13333  30.16760   7.4746249693E-001
   7.13333  31.17318   7.3206267813E-001
   7.13333  32.17877   7.1637695918E-001
   7.13333  33.18436   7.0042466481E-001
   7.13333  34.18994   6.8422544818E-001
   7.13333  35.19553   6.6779926665E-001
   7.13333  36.20112   6.5116635720E-001
   7.13333  37.20670   6.3434721149E-001
   7.13333  38.21229   6.1736255064E-001
   7.13333  39.21788   6.0023329966E-001
   7.13333  40.22346   5.8298056172E-001
   7.13333  41.22905   5.6562559212E-001
   7.13333  42.23464   5.4818977208E-001
   7.13333  43.24022   5.3069458247E-001
   7.13333  44.24581   5.1316157728E-001
   7.13333  45.25140   4.9561235708E-001
   7.13333  46.25698   4.7806854244E-001
   7.13333  47.26257   4.6055174725E-001
   7.13333  48.26816   4.4308355213E-001
   7.13333  49.27374   4.2568547781E-001
   7.13333  50.27933   4.0837895863E-001
   7.13333  51.28492   3.9118531616E-001
   7.13333  52.29050   3.7412573288E-001
   7.13333  53.29609   3.5722122611E-001
   7.13333  54.30168   3.4049262214E-001
   7.13333  55.30726   3.2396053052E-001
   7.13333  56.31285   3.0764531871E-001
   7.13333  57.31844   2.9156708699E-001
   7.13333  58.32402   2.7574564365E-001
   7.13333  59.32961   2.6020048064E-001
   7.13333  60.33520   2.4495074954E-001
   7.13333  61.34078   2.3001523794E-001
   7.13333  62.34637   2.1541234632E-001
   7.13333  63.35196   2.0116006537E-001
   7.13333  64.35754   1.8727595385E-001
   7.13333  65.36313   1.7377711691E-001
   7.13333  66.36872   1.6068018506E-001
   7.13333  67.37430   1.4800129365E-001
   7.13333  68.37989   1.3575606303E-001
   7.13333  69.38547   1.2395957926E-001
   7.13333  70.39106   1.1262637556E-001
   7.13333  71.39665   1.0177041437E-001
   7.13333  72.40223   9.1405070194E-002
   7.13333  73.40782   8.1543113090E-002
   7.13333  74.41341   7.2196692940E-002
   7.13333  75.41899   6.3377324492E-002
   7.13333  76.42458   5.5095873167E-002
   7.13333  77.43017   4.7362541675E-002
   7.13333  78.43575   4.0186857444E-002
   7.13333  79.44134   3.3577660884E-002
   7.13333  80.44693   2.7543094495E-002
   7.13333  81.45251   2.2090592836E-002
   7.13333  82.45810   1.7226873362E-002
   7.13333  83.46369   1.2957928154E-002
   7.13333  84.46927   9.2890165331E-003
   7.13333  85.47486   6.2246585807E-003
   7.13333  86.48045   3.7686295721E-003
   7.13333  87.48603   1.9239553236E-003
   7.13333  88.49162   6.9290846547E-004
   7.13333  89.49721   7.7005641668E-005
   7.13333  90.50279   7.7005641668E-005
   7.13333  91.50838   6.9290846547E-004
   7.13333  92.51397   1.9239553236E-003
   7.13333  93.51955   3.7686295721E-003
   7.13333  94.52514   6.2246585807E-003
   7.13333  95.53073   9.2890165331E-003
   7.13333  96.53631   1.2957928154E-002
   7.13333  97.54190   1.7226873362E-002
   7.13333  98.54749   2.2090592836E-002
   7.13333  99.55307   2.7543094495E-002
   7.13333 100.55866   3.3577660884E-002
   7.13333 101.56425   4.0186857444E-002
   7.13333 102.56983   4.7362541675E-002
   7.13333 103.57542   5.5095873167E-002
   7.13333 104.58101   6.3377324492E-002
   7.13333 105.58659   7.2196692940E-002
   7.13333 106.59218   8.1543113090E-002
   7.13333 107.59777   9.1405070194E-002
   7.13333 108.60335   1.0177041437E-001
   7.13333 109.60894   1.1262637556E-001
   7.13333 110.61453   1.2395957926E-001
   7.13333 111.62011   1.3575606303E-001
   7.13333 112.62570   1.4800129365E-001
   7.13333 113.63128   1.6068018506E-001
   7.13333 114.63687   1.7377711691E-001
   7.13333 115.64246   1.8727595385E-001
   7.13333 116.64804   2.0116006537E-001
   7.13333 117.65363   2.1541234632E-001
   7.13333 118.65922   2.3001523794E-001
   7.13333 119.66480   2.4495074954E-001
   7.13333 120.67039   2.6020048064E-001
   7.13333 121.67598   2.7574564365E-001
   7.13333 122.68156   2.9156708699E-001
   7.13333 123.68715   3.0764531871E-001
   7.13333 124.69274   3.2396053052E-001
   7.13333 125.69832   3.4049262214E-001
   7.13333 126.70391   3.5722122611E-001
   7.13333 127.70950   3.7412573288E-001
   7.13333 128.71508   3.9118531616E-001
   7.13333 129.72067   4.0837895863E-001
   7.13333 130.72626   4.2568547781E-001
   7.13333 131.73184   4.4308355213E-001
   7.13333 132.73743   4.6055174725E-001
   7.13333 133.74302   4.7806854244E-001
   7.13333 134.74860   4.9561235708E-001
   7.13333 135.75419   5.1316157728E-001
   7.13333 136.75978   5.3069458247E-001
   7.13333 137.76536   5.4818977208E-001
   7.13333 138.77095   5.6562559212E-001
   7.13333 139.77654   5.8298056172E-001
   7.13333 140.78212   6.0023329966E-001
   7.13333 141.78771   6.1736255064E-001
   7.13333 142.79330   6.3434721149E-001
   7.13333 143.79888   6.5116635720E-001
   7.13333 144.80447   6.6779926665E-001
   7.13333 145.81006   6.8422544818E-001
   7.13333 146.81564   7.0042466481E-001
   7.13333 147.82123   7.1637695918E-001
   7.13333 148.82682   7.3206267813E-001
   7.13333 149.83240   7.4746249693E-001
   7.13333 150.83799   7.6255744307E-001
   7.13333 151.84358   7.7732891966E-001
   7.13333 152.84916   7.9175872829E-001
   7.13333 153.85475   8.0582909152E-001
   7.13333 154.86034   8.1952267472E-001
   7.13333 155.86592   8.3282260745E-001
   7.13333 156.87151   8.4571250427E-001
   7.13333 157.87709   8.5817648488E-001
   7.13333 158.88268   8.7019919371E-001
   7.13333 159.88827   8.8176581883E-001
   7.13333 160.89385   8.9286211024E-001
   7.13333 161.89944   9.0347439733E-001
   7.13333 162.90503   9.1358960582E-001
   7.13333 163.91061   9.2319527383E-001
   7.13333 164.91620   9.3227956721E-001
   7.13333 165.92179   9.4083129416E-001
   7.13333 166.92737   9.4883991899E-001
   7.13333 167.93296   9.5629557511E-001
   7.13333 168.93855   9.6318907718E-001
   7.13333 169.94413   9.6951193245E-001
   7.13333 170.94972   9.7525635117E-001
   7.13333 171.95531   9.8041525627E-001
   7.13333 172.96089   9.8498229199E-001
   7.13333 173.96648   9.8895183176E-001
   7.13333 174.97207   9.9231898512E-001
   7.13333 175.97765   9.9507960377E-001
   7.13333 176.98324   9.9723028663E-001
   7.13333 177.98883   9.9876838406E-001
   7.13333 178.99441   9.9969200115E-001
   7.13333 180.00000   1.0000000000E+000

   7.19596   0.00000   4.8016951974E-310
   7.19596   1.00559   9.9969200115E-001
   7.19596   2.01117   9.9876838406E-001
   7.19596   3.01676   9.9723028663E-001
   7.19596   4.02235   9.9507960377E-001
   7.19596   5.02793   9.9231898512E-001
   7.19596   6.03352   9.8895183176E-001
   7.19596   7.03911   9.8498229199E-001
   7.19596   8.04469   9.8041525627E-001
   7.19596   9.05028   9.7525635117E-001
   7.19596  10.05587   9.6951193245E-001
   7.19596  11.06145   9.6318907718E-001
   7.19596  12.06704   9.5629557511E-001
   7.19596  13.07263   9.4883991899E-001
   7.19596  14.07821   9.4083129416E-001
   7.19596  15.08380   9.3227956721E-001
   7.19596  16.08939   9.2319527383E-001
   7.19596  17.09497   9.1358960582E-001
   7.19596  18.10056   9.0347439733E-001
   7.19596  19.10615   8.9286211024E-001
   7.19596  20.11173   8.8176581883E-001
   7.19596  21.11732   8.7019919371E-001
   7.19596  22.12291   8.5817648488E-001
   7.19596  23.12849   8.4571250427E-001
   7.19596  24.13408   8.3282260745E-001
   7.19596  25.13966   8.1952267472E-001
   7.19596  26.14525   8.0582909152E-001
   7.19596  27.15084   7.9175872829E-001
   7.19596  28.15642   7.7732891966E-001
   7.19596  29.16201   7.6255744307E-001
   7.19596  30.16760   7.4746249693E-001
   7.19596  31.17318   7.3206267813E-001
   7.19596  32.17877   7.1637695918E-001
   7.19596  33.18436   7.0042466481E-001
   7.19596  34.18994   6.8422544818E-001
   7.19596  35.19553   6.6779926665E-001
   7.19596  36.20112   6.5116635720E-001
   7.19596  37.20670   6.3434721149E-001
   7.19596  38.21229   6.1736255064E-001
   7.19596  39.21788   6.0023329966E-001
   7.19596  40.22346   5.8298056172E-001
   7.19596  41.22905   5.6562559212E-001
   7.19596  42.23464   5.4818977208E-001
   7.19596  43.24022   5.3069458247E-001
   7.19596  44.24581   5.1316157728E-001
   7.19596  45.25140   4.9561235708E-001
   7.19596  46.25698   4.7806854244E-001
   7.19596  47.26257   4.6055174725E-001
   7.19596  48.26816   4.4308355213E-001
   7.19596  49.27374   4.2568547781E-001
   7.19596  50.27933   4.0837895863E-001
   7.19596  51.28492   3.9118531616E-001
   7.19596  52.29050   3.7412573288E-001
   7.19596  53.29609   3.5722122611E-001
   7.19596  54.30168   3.4049262214E-001
   7.19596  55.30726   3.2396053052E-001
   7.19596  56.31285   3.0764531871E-001
   7.19596  57.31844   2.9156708699E-001
   7.19596  58.32402   2.7574564365E-001
   7.19596  59.32961   2.6020048064E-001
   7.19596  60.33520   2.4495074954E-001
   7.19596  61.34078   2.3001523794E-001
   7.19596  62.34637   2.1541234632E-001
   7.19596  63.35196   2.0116006537E-001
   7.19596  64.35754   1.8727595385E-001
   7.19596  65.36313   1.7377711691E-001
   7.19596  66.36872   1.6068018506E-001
   7.19596  67.37430   1.4800129365E-001
   7.19596  68.37989   1.3575606303E-001
   7.19596  69.38547   1.2395957926E-001
   7.19596  70.39106   1.1262637556E-001
   7.19596  71.39665   1.0177041437E-001
   7.19596  72.40223   9.1405070194E-002
   7.19596  73.40782   8.1543113090E-002
   7.19596  74.41341   7.2196692940E-002
   7.19596  75.41899   6.3377324492E-002
   7.19596  76.42458   5.5095873167E-002
   7.19596  77.43017   4.7362541675E-002
   7.19596  78.43575   4.0186857444E-002
   7.19596  79.44134   3.3577660884E-002
   7.19596  80.44693   2.7543094495E-002
   7.19596  81.45251   2.2090592836E-002
   7.19596  82.45810   1.7226873362E-002
   7.19596  83.46369   1.2957928154E-002
   7.19596  84.46927   9.2890165331E-003
   7.19596  85.47486   6.2246585807E-003
   7.19596  86.48045   3.7686295721E-003
   7.19596  87.48603   1.9239553236E-003
   7.19596  88.49162   6.9290846547E-004
   7.19596  89.49721   7.7005641668E-005
   7.19596  90.50279   7.7005641668E-005
   7.19596  91.50838   6.9290846547E-004
   7.19596  92.51397   1.9239553236E-003
   7.19596  93.51955   3.7686295721E-003
   7.19596  94.52514   6.2246585807E-003
   7.19596  95.53073   9.2890165331E-003
   7.19596  96.53631   1.2957928154E-002
   7.19596  97.54190   1.7226873362E-002
   7.19596  98.54749   2.2090592836E-002
   7.19596  99.55307   2.7543094495E-002
   7.19596 100.55866   3.3577660884E-002
   7.19596 101.56425   4.0186857444E-002
   7.19596 102.56983   4.7362541675E-002
   7.19596 103.57542   5.5095873167E-002
   7.19596 104.58101   6.3377324492E-002
   7.19596 105.58659   7.2196692940E-002
   7.19596 106.59218   8.1543113090E-002
   7.19596 107.59777   9.1405070194E-002
   7.19596 108.60335   1.0177041437E-001
   7.19596 109.60894   1.1262637556E-001
   7.19596 110.61453   1.2395957926E-001
   7.19596 111.62011   1.3575606303E-001
   7.19596 112.62570   1.4800129365E-001
   7.19596 113.63128   1.6068018506E-001
   7.19596 114.63687   1.7377711691E-001
   7.19596 115.64246   1.8727595385E-001
   7.19596 116.64804   2.0116006537E-001
   7.19596 117.65363   2.1541234632E-001
   7.19596 118.65922   2.3001523794E-001
   7.19596 119.66480   2.4495074954E-001
   7.19596 120.67039   2.6020048064E-001
   7.19596 121.67598   2.7574564365E-001
   7.19596 122.68156   2.9156708699E-001
   7.19596 123.68715   3.0764531871E-001
   7.19596 124.69274   3.2396053052E-001
   7.19596 125.69832   3.4049262214E-001
   7.19596 126.70391   3.5722122611E-001
   7.19596 127.70950   3.7412573288E-001
   7.19596 128.71508   3.9118531616E-001
   7.19596 129.72067   4.0837895863E-001
   7.19596 130.72626   4.2568547781E-001
   7.19596 131.73184   4.4308355213E-001
   7.19596 132.73743   4.6055174725E-001
   7.19596 133.74302   4.7806854244E-001
   7.19596 134.74860   4.9561235708E-001
   7.19596 135.75419   5.1316157728E-001
   7.19596 136.75978   5.3069458247E-001
   7.19596 137.76536   5.4818977208E-001
   7.19596 138.77095   5.6562559212E-001
   7.19596 139.77654   5.8298056172E-001
   7.19596 140.78212   6.0023329966E-001
   7.19596 141.78771   6.1736255064E-001
   7.19596 142.79330   6.3434721149E-001
   7.19596 143.79888   6.5116635720E-001
   7.19596 144.80447   6.6779926665E-001
   7.19596 145.81006   6.8422544818E-001
   7.19596 146.81564   7.0042466481E-001
   7.19596 147.82123   7.1637695918E-001
   7.19596 148.82682   7.3206267813E-001
   7.19596 149.83240   7.4746249693E-001
   7.19596 150.83799   7.6255744307E-001
   7.19596 151.84358   7.7732891966E-001
   7.19596 152.84916   7.9175872829E-001
   7.19596 153.85475   8.0582909152E-001
   7.19596 154.86034   8.1952267472E-001
   7.19596 155.86592   8.3282260745E-001
   7.19596 156.87151   8.4571250427E-001
   7.19596 157.87709   8.5817648488E-001
   7.19596 158.88268   8.7019919371E-001
   7.19596 159.88827   8.8176581883E-001
   7.19596 160.89385   8.9286211024E-001
   7.19596 161.89944   9.0347439733E-001
   7.19596 162.90503   9.1358960582E-001
   7.19596 163.91061   9.2319527383E-001
   7.19596 164.91620   9.3227956721E-001
   7.19596 165.92179   9.4083129416E-001
   7.19596 166.92737   9.4883991899E-001
   7.19596 167.93296   9.5629557511E-001
   7.19596 168.93855   9.6318907718E-001
   7.19596 169.94413   9.6951193245E-001
   7.19596 170.94972   9.7525635117E-001
   7.19596 171.95531   9.8041525627E-001
   7.19596 172.96089   9.8498229199E-001
   7.19596 173.96648   9.8895183176E-001
   7.19596 174.97207   9.9231898512E-001
   7.19596 175.97765   9.9507960377E-001
   7.19596 176.98324   9.9723028663E-001
   7.19596 177.98883   9.9876838406E-001
   7.19596 178.99441   9.9969200115E-001
   7.19596 180.00000   1.0000000000E+000

   7.25859   0.00000   4.8016951974E-310
   7.25859   1.00559   9.9969200115E-001
   7.25859   2.01117   9.9876838406E-001
   7.25859   3.01676   9.9723028663E-001
   7.25859   4.02235   9.9507960377E-001
   7.25859   5.02793   9.9231898512E-001
   7.25859   6.03352   9.8895183176E-001
   7.25859   7.03911   9.8498229199E-001
   7.25859   8.04469   9.8041525627E-001
   7.25859   9.05028   9.7525635117E-001
   7.25859  10.05587   9.6951193245E-001
   7.25859  11.06145   9.6318907718E-001
   7.25859  12.06704   9.5629557511E-001
   7.25859  13.07263   9.4883991899E-001
   7.25859  14.07821   9.4083129416E-001
   7.25859  15.08380   9.3227956721E-001
   7.25859  16.08939   9.2319527383E-001
   7.25859  17.09497   9.1358960582E-001
   7.25859  18.10056   9.0347439733E-001
   7.25859  19.10615   8.9286211024E-001
   7.25859  20.11173   8.8176581883E-001
   7.25859  21.11732   8.7019919371E-001
   7.25859  22.12291   8.5817648488E-001
   7.25859  23.12849   8.4571250427E-001
   7.25859  24.13408   8.3282260745E-001
   7.25859  25.13966   8.1952267472E-001
   7.25859  26.14525   8.0582909152E-001
   7.25859  27.15084   7.9175872829E-001
   7.25859  28.15642   7.7732891966E-001
   7.25859  29.16201   7.6255744307E-001
   7.25859  30.16760   7.4746249693E-001
   7.25859  31.17318   7.3206267813E-001
   7.25859  32.17877   7.1637695918E-001
   7.25859  33.18436   7.0042466481E-001
   7.25859  34.18994   6.8422544818E-001
   7.25859  35.19553   6.6779926665E-001
   7.25859  36.20112   6.5116635720E-001
   7.25859  37.20670   6.3434721149E-001
   7.25859  38.21229   6.1736255064E-001
   7.25859  39.21788   6.0023329966E-001
   7.25859  40.22346   5.8298056172E-001
   7.25859  41.22905   5.6562559212E-001
   7.25859  42.23464   5.4818977208E-001
   7.25859  43.24022   5.3069458247E-001
   7.25859  44.24581   5.1316157728E-001
   7.25859  45.25140   4.9561235708E-001
   7.25859  46.25698   4.7806854244E-001
   7.25859  47.26257   4.6055174725E-001
   7.25859  48.26816   4.4308355213E-001
   7.25859  49.27374   4.2568547781E-001
   7.25859  50.27933   4.0837895863E-001
   7.25859  51.28492   3.9118531616E-001
   7.25859  52.29050   3.7412573288E-001
   7.25859  53.29609   3.5722122611E-001
   7.25859  54.30168   3.4049262214E-001
   7.25859  55.30726   3.2396053052E-001
   7.25859  56.31285   3.0764531871E-001
   7.25859  57.31844   2.9156708699E-001
   7.25859  58.32402   2.7574564365E-001
   7.25859  59.32961   2.6020048064E-001
   7.25859  60.33520   2.4495074954E-001
   7.25859  61.34078   2.3001523794E-001
   7.25859  62.34637   2.1541234632E-001
   7.25859  63.35196   2.0116006537E-001
   7.25859  64.35754   1.8727595385E-001
   7.25859  65.36313   1.7377711691E-001
   7.25859  66.36872   1.6068018506E-001
   7.25859  67.37430   1.4800129365E-001
   7.25859  68.37989   1.3575606303E-001
   7.25859  69.38547   1.2395957926E-001
   7.25859  70.39106   1.1262637556E-001
   7.25859  71.39665   1.0177041437E-001
   7.25859  72.40223   9.1405070194E-002
   7.25859  73.40782   8.1543113090E-002
   7.25859  74.41341   7.2196692940E-002
   7.25859  75.41899   6.3377324492E-002
   7.25859  76.42458   5.5095873167E-002
   7.25859  77.43017   4.7362541675E-002
   7.25859  78.43575   4.0186857444E-002
   7.25859  79.44134   3.3577660884E-002
   7.25859  80.44693   2.7543094495E-002
   7.25859  81.45251   2.2090592836E-002
   7.25859  82.45810   1.7226873362E-002
   7.25859  83.46369   1.2957928154E-002
   7.25859  84.46927   9.2890165331E-003
   7.25859  85.47486   6.2246585807E-003
   7.25859  86.48045   3.7686295721E-003
   7.25859  87.48603   1.9239553236E-003
   7.25859  88.49162   6.9290846547E-004
   7.25859  89.49721   7.7005641668E-005
   7.25859  90.50279   7.7005641668E-005
   7.25859  91.50838   6.9290846547E-004
   7.25859  92.51397   1.9239553236E-003
   7.25859  93.51955   3.7686295721E-003
   7.25859  94.52514   6.2246585807E-003
   7.25859  95.53073   9.2890165331E-003
   7.25859  96.53631   1.2957928154E-002
   7.25859  97.54190   1.7226873362E-002
   7.25859  98.54749   2.2090592836E-002
   7.25859  99.55307   2.7543094495E-002
   7.25859 100.55866   3.3577660884E-002
   7.25859 101.56425   4.0186857444E-002
   7.25859 102.56983   4.7362541675E-002
   7.25859 103.57542   5.5095873167E-002
   7.25859 104.58101   6.3377324492E-002
   7.25859 105.58659   7.2196692940E-002
   7.25859 106.59218   8.1543113090E-002
   7.25859 107.59777   9.1405070194E-002
   7.25859 108.60335   1.0177041437E-001
   7.25859 109.60894   1.1262637556E-001
   7.25859 110.61453   1.2395957926E-001
   7.25859 111.62011   1.3575606303E-001
   7.25859 112.62570   1.4800129365E-001
   7.25859 113.63128   1.6068018506E-001
   7.25859 114.63687   1.7377711691E-001
   7.25859 115.64246   1.8727595385E-001
   7.25859 116.64804   2.0116006537E-001
   7.25859 117.65363   2.1541234632E-001
   7.25859 118.65922   2.3001523794E-001
   7.25859 119.66480   2.4495074954E-001
   7.25859 120.67039   2.6020048064E-001
   7.25859 121.67598   2.7574564365E-001
   7.25859 122.68156   2.9156708699E-001
   7.25859 123.68715   3.0764531871E-001
   7.25859 124.69274   3.2396053052E-001
   7.25859 125.69832   3.4049262214E-001
   7.25859 126.70391   3.5722122611E-001
   7.25859 127.70950   3.7412573288E-001
   7.25859 128.71508   3.9118531616E-001
   7.25859 129.72067   4.0837895863E-001
   7.25859 130.72626   4.2568547781E-001
   7.25859 131.73184   4.4308355213E-001
   7.25859 132.73743   4.6055174725E-001
   7.25859 133.74302   4.7806854244E-001
   7.25859 134.74860   4.9561235708E-001
   7.25859 135.75419   5.1316157728E-001
   7.25859 136.75978   5.3069458247E-001
   7.25859 137.76536   5.4818977208E-001
   7.25859 138.77095   5.6562559212E-001
   7.25859 139.77654   5.8298056172E-001
   7.25859 140.78212   6.0023329966E-001
   7.25859 141.78771   6.1736255064E-001
   7.25859 142.79330   6.3434721149E-001
   7.25859 143.79888   6.5116635720E-001
   7.25859 144.80447   6.6779926665E-001
   7.25859 145.81006   6.8422544818E-001
   7.25859 146.81564   7.0042466481E-001
   7.25859 147.82123   7.1637695918E-001
   7.25859 148.82682   7.3206267813E-001
   7.25859 149.83240   7.4746249693E-001
   7.25859 150.83799   7.6255744307E-001
   7.25859 151.84358   7.7732891966E-001
   7.25859 152.84916   7.9175872829E-001
   7.25859 153.85475   8.0582909152E-001
   7.25859 154.86034   8.1952267472E-001
   7.25859 155.86592   8.3282260745E-001
   7.25859 156.87151   8.4571250427E-001
   7.25859 157.87709   8.5817648488E-001
   7.25859 158.88268   8.7019919371E-001
   7.25859 159.88827   8.8176581883E-001
   7.25859 160.89385   8.9286211024E-001
   7.25859 161.89944   9.0347439733E-001
   7.25859 162.90503   9.1358960582E-001
   7.25859 163.91061   9.2319527383E-001
   7.25859 164.91620   9.3227956721E-001
   7.25859 165.92179   9.4083129416E-001
   7.25859 166.92737   9.4883991899E-001
   7.25859 167.93296   9.5629557511E-001
   7.25859 168.93855   9.6318907718E-001
   7.25859 169.94413   9.6951193245E-001
   7.25859 170.94972   9.7525635117E-001
   7.25859 171.95531   9.8041525627E-001
   7.25859 172.96089   9.8498229199E-001
   7.25859 173.96648   9.8895183176E-001
   7.25859 174.97207   9.9231898512E-001
   7.25859 175.97765   9.9507960377E-001
   7.25859 176.98324   9.9723028663E-001
   7.25859 177.98883   9.9876838406E-001
   7.25859 178.99441   9.9969200115E-001
   7.25859 180.00000   1.0000000000E+000

   7.32121   0.00000   4.8016951974E-310
   7.32121   1.00559   9.9969200115E-001
   7.32121   2.01117   9.9876838406E-001
   7.32121   3.01676   9.9723028663E-001
   7.32121   4.02235   9.9507960377E-001
   7.32121   5.02793   9.9231898512E-001
   7.32121   6.03352   9.8895183176E-001
   7.32121   7.03911   9.8498229199E-001
   7.32121   8.04469   9.8041525627E-001
   7.32121   9.05028   9.7525635117E-001
   7.32121  10.05587   9.6951193245E-001
   7.32121  11.06145   9.6318907718E-001
   7.32121  12.06704   9.5629557511E-001
   7.32121  13.07263   9.4883991899E-001
   7.32121  14.07821   9.4083129416E-001
   7.32121  15.08380   9.3227956721E-001
   7.32121  16.08939   9.2319527383E-001
   7.32121  17.09497   9.1358960582E-001
   7.32121  18.10056   9.0347439733E-001
   7.32121  19.10615   8.9286211024E-001
   7.32121  20.11173   8.8176581883E-001
   7.32121  21.11732   8.7019919371E-001
   7.32121  22.12291   8.5817648488E-001
   7.32121  23.12849   8.4571250427E-001
   7.32121  24.13408   8.3282260745E-001
   7.32121  25.13966   8.1952267472E-001
   7.32121  26.14525   8.0582909152E-001
   7.32121  27.15084   7.9175872829E-001
   7.32121  28.15642   7.7732891966E-001
   7.32121  29.16201   7.6255744307E-001
   7.32121  30.16760   7.4746249693E-001
   7.32121  31.17318   7.3206267813E-001
   7.32121  32.17877   7.1637695918E-001
   7.32121  33.18436   7.0042466481E-001
   7.32121  34.18994   6.8422544818E-001
   7.32121  35.19553   6.6779926665E-001
   7.32121  36.20112   6.5116635720E-001
   7.32121  37.20670   6.3434721149E-001
   7.32121  38.21229   6.1736255064E-001
   7.32121  39.21788   6.0023329966E-001
   7.32121  40.22346   5.8298056172E-001
   7.32121  41.22905   5.6562559212E-001
   7.32121  42.23464   5.4818977208E-001
   7.32121  43.24022   5.3069458247E-001
   7.32121  44.24581   5.1316157728E-001
   7.32121  45.25140   4.9561235708E-001
   7.32121  46.25698   4.7806854244E-001
   7.32121  47.26257   4.6055174725E-001
   7.32121  48.26816   4.4308355213E-001
   7.32121  49.27374   4.2568547781E-001
   7.32121  50.27933   4.0837895863E-001
   7.32121  51.28492   3.9118531616E-001
   7.32121  52.29050   3.7412573288E-001
   7.32121  53.29609   3.5722122611E-001
   7.32121  54.30168   3.4049262214E-001
   7.32121  55.30726   3.2396053052E-001
   7.32121  56.31285   3.0764531871E-001
   7.32121  57.31844   2.9156708699E-001
   7.32121  58.32402   2.7574564365E-001
   7.32121  59.32961   2.6020048064E-001
   7.32121  60.33520   2.4495074954E-001
   7.32121  61.34078   2.3001523794E-001
   7.32121  62.34637   2.1541234632E-001
   7.32121  63.35196   2.0116006537E-001
   7.32121  64.35754   1.8727595385E-001
   7.32121  65.36313   1.7377711691E-001
   7.32121  66.36872   1.6068018506E-001
   7.32121  67.37430   1.4800129365E-001
   7.32121  68.37989   1.3575606303E-001
   7.32121  69.38547   1.2395957926E-001
   7.32121  70.39106   1.1262637556E-001
   7.32121  71.39665   1.0177041437E-001
   7.32121  72.40223   9.1405070194E-002
   7.32121  73.40782   8.1543113090E-002
   7.32121  74.41341   7.2196692940E-002
   7.32121  75.41899   6.3377324492E-002
   7.32121  76.42458   5.5095873167E-002
   7.32121  77.43017   4.7362541675E-002
   7.32121  78.43575   4.0186857444E-002
   7.32121  79.44134   3.3577660884E-002
   7.32121  80.44693   2.7543094495E-002
   7.32121  81.45251   2.2090592836E-002
   7.32121  82.45810   1.7226873362E-002
   7.32121  83.46369   1.2957928154E-002
   7.32121  84.46927   9.2890165331E-003
   7.32121  85.47486   6.2246585807E-003
   7.32121  86.48045   3.7686295721E-003
   7.32121  87.48603   1.9239553236E-003
   7.32121  88.49162   6.9290846547E-004
   7.32121  89.49721   7.7005641668E-005
   7.32121  90.50279   7.7005641668E-005
   7.32121  91.50838   6.9290846547E-004
   7.32121  92.51397   1.9239553236E-003
   7.32121  93.51955   3.7686295721E-003
   7.32121  94.52514   6.2246585807E-003
   7.32121  95.53073   9.2890165331E-003
   7.32121  96.53631   1.2957928154E-002
   7.32121  97.54190   1.7226873362E-002
   7.32121  98.54749   2.2090592836E-002
   7.32121  99.55307   2.7543094495E-002
   7.32121 100.55866   3.3577660884E-002
   7.32121 101.56425   4.0186857444E-002
   7.32121 102.56983   4.7362541675E-002
   7.32121 103.57542   5.5095873167E-002
   7.32121 104.58101   6.3377324492E-002
   7.32121 105.58659   7.2196692940E-002
   7.32121 106.59218   8.1543113090E-002
   7.32121 107.59777   9.1405070194E-002
   7.32121 108.60335   1.0177041437E-001
   7.32121 109.60894   1.1262637556E-001
   7.32121 110.61453   1.2395957926E-001
   7.32121 111.62011   1.3575606303E-001
   7.32121 112.62570   1.4800129365E-001
   7.32121 113.63128   1.6068018506E-001
   7.32121 114.63687   1.7377711691E-001
   7.32121 115.64246   1.8727595385E-001
   7.32121 116.64804   2.0116006537E-001
   7.32121 117.65363   2.1541234632E-001
   7.32121 118.65922   2.3001523794E-001
   7.32121 119.66480   2.4495074954E-001
   7.32121 120.67039   2.6020048064E-001
   7.32121 121.67598   2.7574564365E-001
   7.32121 122.68156   2.9156708699E-001
   7.32121 123.68715   3.0764531871E-001
   7.32121 124.69274   3.2396053052E-001
   7.32121 125.69832   3.4049262214E-001
   7.32121 126.70391   3.5722122611E-001
   7.32121 127.70950   3.7412573288E-001
   7.32121 128.71508   3.9118531616E-001
   7.32121 129.72067   4.0837895863E-001
   7.32121 130.72626   4.2568547781E-001
   7.32121 131.73184   4.4308355213E-001
   7.32121 132.73743   4.6055174725E-001
   7.32121 133.74302   4.7806854244E-001
   7.32121 134.74860   4.9561235708E-001
   7.32121 135.75419   5.1316157728E-001
   7.32121 136.75978   5.3069458247E-001
   7.32121 137.76536   5.4818977208E-001
   7.32121 138.77095   5.6562559212E-001
   7.32121 139.77654   5.8298056172E-001
   7.32121 140.78212   6.0023329966E-001
   7.32121 141.78771   6.1736255064E-001
   7.32121 142.79330   6.3434721149E-001
   7.32121 143.79888   6.5116635720E-001
   7.32121 144.80447   6.6779926665E-001
   7.32121 145.81006   6.8422544818E-001
   7.32121 146.81564   7.0042466481E-001
   7.32121 147.82123   7.1637695918E-001
   7.32121 148.82682   7.3206267813E-001
   7.32121 149.83240   7.4746249693E-001
   7.32121 150.83799   7.6255744307E-001
   7.32121 151.84358   7.7732891966E-001
   7.32121 152.84916   7.9175872829E-001
   7.32121 153.85475   8.0582909152E-001
   7.32121 154.86034   8.1952267472E-001
   7.32121 155.86592   8.3282260745E-001
   7.32121 156.87151   8.4571250427E-001
   7.32121 157.87709   8.5817648488E-001
   7.32121 158.88268   8.7019919371E-001
   7.32121 159.88827   8.8176581883E-001
   7.32121 160.89385   8.9286211024E-001
   7.32121 161.89944   9.0347439733E-001
   7.32121 162.90503   9.1358960582E-001
   7.32121 163.91061   9.2319527383E-001
   7.32121 164.91620   9.3227956721E-001
   7.32121 165.92179   9.4083129416E-001
   7.32121 166.92737   9.4883991899E-001
   7.32121 167.93296   9.5629557511E-001
   7.32121 168.93855   9.6318907718E-001
   7.32121 169.94413   9.6951193245E-001
   7.32121 170.94972   9.7525635117E-001
   7.32121 171.95531   9.8041525627E-001
   7.32121 172.96089   9.8498229199E-001
   7.32121 173.96648   9.8895183176E-001
   7.32121 174.97207   9.9231898512E-001
   7.32121 175.97765   9.9507960377E-001
   7.32121 176.98324   9.9723028663E-001
   7.32121 177.98883   9.9876838406E-001
   7.32121 178.99441   9.9969200115E-001
   7.32121 180.00000   1.0000000000E+000

   7.38384   0.00000   4.8016951974E-310
   7.38384   1.00559   9.9969200115E-001
   7.38384   2.01117   9.9876838406E-001
   7.38384   3.01676   9.9723028663E-001
   7.38384   4.02235   9.9507960377E-001
   7.38384   5.02793   9.9231898512E-001
   7.38384   6.03352   9.8895183176E-001
   7.38384   7.03911   9.8498229199E-001
   7.38384   8.04469   9.8041525627E-001
   7.38384   9.05028   9.7525635117E-001
   7.38384  10.05587   9.6951193245E-001
   7.38384  11.06145   9.6318907718E-001
   7.38384  12.06704   9.5629557511E-001
   7.38384  13.07263   9.4883991899E-001
   7.38384  14.07821   9.4083129416E-001
   7.38384  15.08380   9.3227956721E-001
   7.38384  16.08939   9.2319527383E-001
   7.38384  17.09497   9.1358960582E-001
   7.38384  18.10056   9.0347439733E-001
   7.38384  19.10615   8.9286211024E-001
   7.38384  20.11173   8.8176581883E-001
   7.38384  21.11732   8.7019919371E-001
   7.38384  22.12291   8.5817648488E-001
   7.38384  23.12849   8.4571250427E-001
   7.38384  24.13408   8.3282260745E-001
   7.38384  25.13966   8.1952267472E-001
   7.38384  26.14525   8.0582909152E-001
   7.38384  27.15084   7.9175872829E-001
   7.38384  28.15642   7.7732891966E-001
   7.38384  29.16201   7.6255744307E-001
   7.38384  30.16760   7.4746249693E-001
   7.38384  31.17318   7.3206267813E-001
   7.38384  32.17877   7.1637695918E-001
   7.38384  33.18436   7.0042466481E-001
   7.38384  34.18994   6.8422544818E-001
   7.38384  35.19553   6.6779926665E-001
   7.38384  36.20112   6.5116635720E-001
   7.38384  37.20670   6.3434721149E-001
   7.38384  38.21229   6.1736255064E-001
   7.38384  39.21788   6.0023329966E-001
   7.38384  40.22346   5.8298056172E-001
   7.38384  41.22905   5.6562559212E-001
   7.38384  42.23464   5.4818977208E-001
   7.38384  43.24022   5.3069458247E-001
   7.38384  44.24581   5.1316157728E-001
   7.38384  45.25140   4.9561235708E-001
   7.38384  46.25698   4.7806854244E-001
   7.38384  47.26257   4.6055174725E-001
   7.38384  48.26816   4.4308355213E-001
   7.38384  49.27374   4.2568547781E-001
   7.38384  50.27933   4.0837895863E-001
   7.38384  51.28492   3.9118531616E-001
   7.38384  52.29050   3.7412573288E-001
   7.38384  53.29609   3.5722122611E-001
   7.38384  54.30168   3.4049262214E-001
   7.38384  55.30726   3.2396053052E-001
   7.38384  56.31285   3.0764531871E-001
   7.38384  57.31844   2.9156708699E-001
   7.38384  58.32402   2.7574564365E-001
   7.38384  59.32961   2.6020048064E-001
   7.38384  60.33520   2.4495074954E-001
   7.38384  61.34078   2.3001523794E-001
   7.38384  62.34637   2.1541234632E-001
   7.38384  63.35196   2.0116006537E-001
   7.38384  64.35754   1.8727595385E-001
   7.38384  65.36313   1.7377711691E-001
   7.38384  66.36872   1.6068018506E-001
   7.38384  67.37430   1.4800129365E-001
   7.38384  68.37989   1.3575606303E-001
   7.38384  69.38547   1.2395957926E-001
   7.38384  70.39106   1.1262637556E-001
   7.38384  71.39665   1.0177041437E-001
   7.38384  72.40223   9.1405070194E-002
   7.38384  73.40782   8.1543113090E-002
   7.38384  74.41341   7.2196692940E-002
   7.38384  75.41899   6.3377324492E-002
   7.38384  76.42458   5.5095873167E-002
   7.38384  77.43017   4.7362541675E-002
   7.38384  78.43575   4.0186857444E-002
   7.38384  79.44134   3.3577660884E-002
   7.38384  80.44693   2.7543094495E-002
   7.38384  81.45251   2.2090592836E-002
   7.38384  82.45810   1.7226873362E-002
   7.38384  83.46369   1.2957928154E-002
   7.38384  84.46927   9.2890165331E-003
   7.38384  85.47486   6.2246585807E-003
   7.38384  86.48045   3.7686295721E-003
   7.38384  87.48603   1.9239553236E-003
   7.38384  88.49162   6.9290846547E-004
   7.38384  89.49721   7.7005641668E-005
   7.38384  90.50279   7.7005641668E-005
   7.38384  91.50838   6.9290846547E-004
   7.38384  92.51397   1.9239553236E-003
   7.38384  93.51955   3.7686295721E-003
   7.38384  94.52514   6.2246585807E-003
   7.38384  95.53073   9.2890165331E-003
   7.38384  96.53631   1.2957928154E-002
   7.38384  97.54190   1.7226873362E-002
   7.38384  98.54749   2.2090592836E-002
   7.38384  99.55307   2.7543094495E-002
   7.38384 100.55866   3.3577660884E-002
   7.38384 101.56425   4.0186857444E-002
   7.38384 102.56983   4.7362541675E-002
   7.38384 103.57542   5.5095873167E-002
   7.38384 104.58101   6.3377324492E-002
   7.38384 105.58659   7.2196692940E-002
   7.38384 106.59218   8.1543113090E-002
   7.38384 107.59777   9.1405070194E-002
   7.38384 108.60335   1.0177041437E-001
   7.38384 109.60894   1.1262637556E-001
   7.38384 110.61453   1.2395957926E-001
   7.38384 111.62011   1.3575606303E-001
   7.38384 112.62570   1.4800129365E-001
   7.38384 113.63128   1.6068018506E-001
   7.38384 114.63687   1.7377711691E-001
   7.38384 115.64246   1.8727595385E-001
   7.38384 116.64804   2.0116006537E-001
   7.38384 117.65363   2.1541234632E-001
   7.38384 118.65922   2.3001523794E-001
   7.38384 119.66480   2.4495074954E-001
   7.38384 120.67039   2.6020048064E-001
   7.38384 121.67598   2.7574564365E-001
   7.38384 122.68156   2.9156708699E-001
   7.38384 123.68715   3.0764531871E-001
   7.38384 124.69274   3.2396053052E-001
   7.38384 125.69832   3.4049262214E-001
   7.38384 126.70391   3.5722122611E-001
   7.38384 127.70950   3.7412573288E-001
   7.38384 128.71508   3.9118531616E-001
   7.38384 129.72067   4.0837895863E-001
   7.38384 130.72626   4.2568547781E-001
   7.38384 131.73184   4.4308355213E-001
   7.38384 132.73743   4.6055174725E-001
   7.38384 133.74302   4.7806854244E-001
   7.38384 134.74860   4.9561235708E-001
   7.38384 135.75419   5.1316157728E-001
   7.38384 136.75978   5.3069458247E-001
   7.38384 137.76536   5.4818977208E-001
   7.38384 138.77095   5.6562559212E-001
   7.38384 139.77654   5.8298056172E-001
   7.38384 140.78212   6.0023329966E-001
   7.38384 141.78771   6.1736255064E-001
   7.38384 142.79330   6.3434721149E-001
   7.38384 143.79888   6.5116635720E-001
   7.38384 144.80447   6.6779926665E-001
   7.38384 145.81006   6.8422544818E-001
   7.38384 146.81564   7.0042466481E-001
   7.38384 147.82123   7.1637695918E-001
   7.38384 148.82682   7.3206267813E-001
   7.38384 149.83240   7.4746249693E-001
   7.38384 150.83799   7.6255744307E-001
   7.38384 151.84358   7.7732891966E-001
   7.38384 152.84916   7.9175872829E-001
   7.38384 153.85475   8.0582909152E-001
   7.38384 154.86034   8.1952267472E-001
   7.38384 155.86592   8.3282260745E-001
   7.38384 156.87151   8.4571250427E-001
   7.38384 157.87709   8.5817648488E-001
   7.38384 158.88268   8.7019919371E-001
   7.38384 159.88827   8.8176581883E-001
   7.38384 160.89385   8.9286211024E-001
   7.38384 161.89944   9.0347439733E-001
   7.38384 162.90503   9.1358960582E-001
   7.38384 163.91061   9.2319527383E-001
   7.38384 164.91620   9.3227956721E-001
   7.38384 165.92179   9.4083129416E-001
   7.38384 166.92737   9.4883991899E-001
   7.38384 167.93296   9.5629557511E-001
   7.38384 168.93855   9.6318907718E-001
   7.38384 169.94413   9.6951193245E-001
   7.38384 170.94972   9.7525635117E-001
   7.38384 171.95531   9.8041525627E-001
   7.38384 172.96089   9.8498229199E-001
   7.38384 173.96648   9.8895183176E-001
   7.38384 174.97207   9.9231898512E-001
   7.38384 175.97765   9.9507960377E-001
   7.38384 176.98324   9.9723028663E-001
   7.38384 177.98883   9.9876838406E-001
   7.38384 178.99441   9.9969200115E-001
   7.38384 180.00000   1.0000000000E+000

   7.44646   0.00000   4.8016951974E-310
   7.44646   1.00559   9.9969200115E-001
   7.44646   2.01117   9.9876838406E-001
   7.44646   3.01676   9.9723028663E-001
   7.44646   4.02235   9.9507960377E-001
   7.44646   5.02793   9.9231898512E-001
   7.44646   6.03352   9.8895183176E-001
   7.44646   7.03911   9.8498229199E-001
   7.44646   8.04469   9.8041525627E-001
   7.44646   9.05028   9.7525635117E-001
   7.44646  10.05587   9.6951193245E-001
   7.44646  11.06145   9.6318907718E-001
   7.44646  12.06704   9.5629557511E-001
   7.44646  13.07263   9.4883991899E-001
   7.44646  14.07821   9.4083129416E-001
   7.44646  15.08380   9.3227956721E-001
   7.44646  16.08939   9.2319527383E-001
   7.44646  17.09497   9.1358960582E-001
   7.44646  18.10056   9.0347439733E-001
   7.44646  19.10615   8.9286211024E-001
   7.44646  20.11173   8.8176581883E-001
   7.44646  21.11732   8.7019919371E-001
   7.44646  22.12291   8.5817648488E-001
   7.44646  23.12849   8.4571250427E-001
   7.44646  24.13408   8.3282260745E-001
   7.44646  25.13966   8.1952267472E-001
   7.44646  26.14525   8.0582909152E-001
   7.44646  27.15084   7.9175872829E-001
   7.44646  28.15642   7.7732891966E-001
   7.44646  29.16201   7.6255744307E-001
   7.44646  30.16760   7.4746249693E-001
   7.44646  31.17318   7.3206267813E-001
   7.44646  32.17877   7.1637695918E-001
   7.44646  33.18436   7.0042466481E-001
   7.44646  34.18994   6.8422544818E-001
   7.44646  35.19553   6.6779926665E-001
   7.44646  36.20112   6.5116635720E-001
   7.44646  37.20670   6.3434721149E-001
   7.44646  38.21229   6.1736255064E-001
   7.44646  39.21788   6.0023329966E-001
   7.44646  40.22346   5.8298056172E-001
   7.44646  41.22905   5.6562559212E-001
   7.44646  42.23464   5.4818977208E-001
   7.44646  43.24022   5.3069458247E-001
   7.44646  44.24581   5.1316157728E-001
   7.44646  45.25140   4.9561235708E-001
   7.44646  46.25698   4.7806854244E-001
   7.44646  47.26257   4.6055174725E-001
   7.44646  48.26816   4.4308355213E-001
   7.44646  49.27374   4.2568547781E-001
   7.44646  50.27933   4.0837895863E-001
   7.44646  51.28492   3.9118531616E-001
   7.44646  52.29050   3.7412573288E-001
   7.44646  53.29609   3.5722122611E-001
   7.44646  54.30168   3.4049262214E-001
   7.44646  55.30726   3.2396053052E-001
   7.44646  56.31285   3.0764531871E-001
   7.44646  57.31844   2.9156708699E-001
   7.44646  58.32402   2.7574564365E-001
   7.44646  59.32961   2.6020048064E-001
   7.44646  60.33520   2.4495074954E-001
   7.44646  61.34078   2.3001523794E-001
   7.44646  62.34637   2.1541234632E-001
   7.44646  63.35196   2.0116006537E-001
   7.44646  64.35754   1.8727595385E-001
   7.44646  65.36313   1.7377711691E-001
   7.44646  66.36872   1.6068018506E-001
   7.44646  67.37430   1.4800129365E-001
   7.44646  68.37989   1.3575606303E-001
   7.44646  69.38547   1.2395957926E-001
   7.44646  70.39106   1.1262637556E-001
   7.44646  71.39665   1.0177041437E-001
   7.44646  72.40223   9.1405070194E-002
   7.44646  73.40782   8.1543113090E-002
   7.44646  74.41341   7.2196692940E-002
   7.44646  75.41899   6.3377324492E-002
   7.44646  76.42458   5.5095873167E-002
   7.44646  77.43017   4.7362541675E-002
   7.44646  78.43575   4.0186857444E-002
   7.44646  79.44134   3.3577660884E-002
   7.44646  80.44693   2.7543094495E-002
   7.44646  81.45251   2.2090592836E-002
   7.44646  82.45810   1.7226873362E-002
   7.44646  83.46369   1.2957928154E-002
   7.44646  84.46927   9.2890165331E-003
   7.44646  85.47486   6.2246585807E-003
   7.44646  86.48045   3.7686295721E-003
   7.44646  87.48603   1.9239553236E-003
   7.44646  88.49162   6.9290846547E-004
   7.44646  89.49721   7.7005641668E-005
   7.44646  90.50279   7.7005641668E-005
   7.44646  91.50838   6.9290846547E-004
   7.44646  92.51397   1.9239553236E-003
   7.44646  93.51955   3.7686295721E-003
   7.44646  94.52514   6.2246585807E-003
   7.44646  95.53073   9.2890165331E-003
   7.44646  96.53631   1.2957928154E-002
   7.44646  97.54190   1.7226873362E-002
   7.44646  98.54749   2.2090592836E-002
   7.44646  99.55307   2.7543094495E-002
   7.44646 100.55866   3.3577660884E-002
   7.44646 101.56425   4.0186857444E-002
   7.44646 102.56983   4.7362541675E-002
   7.44646 103.57542   5.5095873167E-002
   7.44646 104.58101   6.3377324492E-002
   7.44646 105.58659   7.2196692940E-002
   7.44646 106.59218   8.1543113090E-002
   7.44646 107.59777   9.1405070194E-002
   7.44646 108.60335   1.0177041437E-001
   7.44646 109.60894   1.1262637556E-001
   7.44646 110.61453   1.2395957926E-001
   7.44646 111.62011   1.3575606303E-001
   7.44646 112.62570   1.4800129365E-001
   7.44646 113.63128   1.6068018506E-001
   7.44646 114.63687   1.7377711691E-001
   7.44646 115.64246   1.8727595385E-001
   7.44646 116.64804   2.0116006537E-001
   7.44646 117.65363   2.1541234632E-001
   7.44646 118.65922   2.3001523794E-001
   7.44646 119.66480   2.4495074954E-001
   7.44646 120.67039   2.6020048064E-001
   7.44646 121.67598   2.7574564365E-001
   7.44646 122.68156   2.9156708699E-001
   7.44646 123.68715   3.0764531871E-001
   7.44646 124.69274   3.2396053052E-001
   7.44646 125.69832   3.4049262214E-001
   7.44646 126.70391   3.5722122611E-001
   7.44646 127.70950   3.7412573288E-001
   7.44646 128.71508   3.9118531616E-001
   7.44646 129.72067   4.0837895863E-001
   7.44646 130.72626   4.2568547781E-001
   7.44646 131.73184   4.4308355213E-001
   7.44646 132.73743   4.6055174725E-001
   7.44646 133.74302   4.7806854244E-001
   7.44646 134.74860   4.9561235708E-001
   7.44646 135.75419   5.1316157728E-001
   7.44646 136.75978   5.3069458247E-001
   7.44646 137.76536   5.4818977208E-001
   7.44646 138.77095   5.6562559212E-001
   7.44646 139.77654   5.8298056172E-001
   7.44646 140.78212   6.0023329966E-001
   7.44646 141.78771   6.1736255064E-001
   7.44646 142.79330   6.3434721149E-001
   7.44646 143.79888   6.5116635720E-001
   7.44646 144.80447   6.6779926665E-001
   7.44646 145.81006   6.8422544818E-001
   7.44646 146.81564   7.0042466481E-001
   7.44646 147.82123   7.1637695918E-001
   7.44646 148.82682   7.3206267813E-001
   7.44646 149.83240   7.4746249693E-001
   7.44646 150.83799   7.6255744307E-001
   7.44646 151.84358   7.7732891966E-001
   7.44646 152.84916   7.9175872829E-001
   7.44646 153.85475   8.0582909152E-001
   7.44646 154.86034   8.1952267472E-001
   7.44646 155.86592   8.3282260745E-001
   7.44646 156.87151   8.4571250427E-001
   7.44646 157.87709   8.5817648488E-001
   7.44646 158.88268   8.7019919371E-001
   7.44646 159.88827   8.8176581883E-001
   7.44646 160.89385   8.9286211024E-001
   7.44646 161.89944   9.0347439733E-001
   7.44646 162.90503   9.1358960582E-001
   7.44646 163.91061   9.2319527383E-001
   7.44646 164.91620   9.3227956721E-001
   7.44646 165.92179   9.4083129416E-001
   7.44646 166.92737   9.4883991899E-001
   7.44646 167.93296   9.5629557511E-001
   7.44646 168.93855   9.6318907718E-001
   7.44646 169.94413   9.6951193245E-001
   7.44646 170.94972   9.7525635117E-001
   7.44646 171.95531   9.8041525627E-001
   7.44646 172.96089   9.8498229199E-001
   7.44646 173.96648   9.8895183176E-001
   7.44646 174.97207   9.9231898512E-001
   7.44646 175.97765   9.9507960377E-001
   7.44646 176.98324   9.9723028663E-001
   7.44646 177.98883   9.9876838406E-001
   7.44646 178.99441   9.9969200115E-001
   7.44646 180.00000   1.0000000000E+000

   7.50909   0.00000   4.8016951974E-310
   7.50909   1.00559   9.9969200115E-001
   7.50909   2.01117   9.9876838406E-001
   7.50909   3.01676   9.9723028663E-001
   7.50909   4.02235   9.9507960377E-001
   7.50909   5.02793   9.9231898512E-001
   7.50909   6.03352   9.8895183176E-001
   7.50909   7.03911   9.8498229199E-001
   7.50909   8.04469   9.8041525627E-001
   7.50909   9.05028   9.7525635117E-001
   7.50909  10.05587   9.6951193245E-001
   7.50909  11.06145   9.6318907718E-001
   7.50909  12.06704   9.5629557511E-001
   7.50909  13.07263   9.4883991899E-001
   7.50909  14.07821   9.4083129416E-001
   7.50909  15.08380   9.3227956721E-001
   7.50909  16.08939   9.2319527383E-001
   7.50909  17.09497   9.1358960582E-001
   7.50909  18.10056   9.0347439733E-001
   7.50909  19.10615   8.9286211024E-001
   7.50909  20.11173   8.8176581883E-001
   7.50909  21.11732   8.7019919371E-001
   7.50909  22.12291   8.5817648488E-001
   7.50909  23.12849   8.4571250427E-001
   7.50909  24.13408   8.3282260745E-001
   7.50909  25.13966   8.1952267472E-001
   7.50909  26.14525   8.0582909152E-001
   7.50909  27.15084   7.9175872829E-001
   7.50909  28.15642   7.7732891966E-001
   7.50909  29.16201   7.6255744307E-001
   7.50909  30.16760   7.4746249693E-001
   7.50909  31.17318   7.3206267813E-001
   7.50909  32.17877   7.1637695918E-001
   7.50909  33.18436   7.0042466481E-001
   7.50909  34.18994   6.8422544818E-001
   7.50909  35.19553   6.6779926665E-001
   7.50909  36.20112   6.5116635720E-001
   7.50909  37.20670   6.3434721149E-001
   7.50909  38.21229   6.1736255064E-001
   7.50909  39.21788   6.0023329966E-001
   7.50909  40.22346   5.8298056172E-001
   7.50909  41.22905   5.6562559212E-001
   7.50909  42.23464   5.4818977208E-001
   7.50909  43.24022   5.3069458247E-001
   7.50909  44.24581   5.1316157728E-001
   7.50909  45.25140   4.9561235708E-001
   7.50909  46.25698   4.7806854244E-001
   7.50909  47.26257   4.6055174725E-001
   7.50909  48.26816   4.4308355213E-001
   7.50909  49.27374   4.2568547781E-001
   7.50909  50.27933   4.0837895863E-001
   7.50909  51.28492   3.9118531616E-001
   7.50909  52.29050   3.7412573288E-001
   7.50909  53.29609   3.5722122611E-001
   7.50909  54.30168   3.4049262214E-001
   7.50909  55.30726   3.2396053052E-001
   7.50909  56.31285   3.0764531871E-001
   7.50909  57.31844   2.9156708699E-001
   7.50909  58.32402   2.7574564365E-001
   7.50909  59.32961   2.6020048064E-001
   7.50909  60.33520   2.4495074954E-001
   7.50909  61.34078   2.3001523794E-001
   7.50909  62.34637   2.1541234632E-001
   7.50909  63.35196   2.0116006537E-001
   7.50909  64.35754   1.8727595385E-001
   7.50909  65.36313   1.7377711691E-001
   7.50909  66.36872   1.6068018506E-001
   7.50909  67.37430   1.4800129365E-001
   7.50909  68.37989   1.3575606303E-001
   7.50909  69.38547   1.2395957926E-001
   7.50909  70.39106   1.1262637556E-001
   7.50909  71.39665   1.0177041437E-001
   7.50909  72.40223   9.1405070194E-002
   7.50909  73.40782   8.1543113090E-002
   7.50909  74.41341   7.2196692940E-002
   7.50909  75.41899   6.3377324492E-002
   7.50909  76.42458   5.5095873167E-002
   7.50909  77.43017   4.7362541675E-002
   7.50909  78.43575   4.0186857444E-002
   7.50909  79.44134   3.3577660884E-002
   7.50909  80.44693   2.7543094495E-002
   7.50909  81.45251   2.2090592836E-002
   7.50909  82.45810   1.7226873362E-002
   7.50909  83.46369   1.2957928154E-002
   7.50909  84.46927   9.2890165331E-003
   7.50909  85.47486   6.2246585807E-003
   7.50909  86.48045   3.7686295721E-003
   7.50909  87.48603   1.9239553236E-003
   7.50909  88.49162   6.9290846547E-004
   7.50909  89.49721   7.7005641668E-005
   7.50909  90.50279   7.7005641668E-005
   7.50909  91.50838   6.9290846547E-004
   7.50909  92.51397   1.9239553236E-003
   7.50909  93.51955   3.7686295721E-003
   7.50909  94.52514   6.2246585807E-003
   7.50909  95.53073   9.2890165331E-003
   7.50909  96.53631   1.2957928154E-002
   7.50909  97.54190   1.7226873362E-002
   7.50909  98.54749   2.2090592836E-002
   7.50909  99.55307   2.7543094495E-002
   7.50909 100.55866   3.3577660884E-002
   7.50909 101.56425   4.0186857444E-002
   7.50909 102.56983   4.7362541675E-002
   7.50909 103.57542   5.5095873167E-002
   7.50909 104.58101   6.3377324492E-002
   7.50909 105.58659   7.2196692940E-002
   7.50909 106.59218   8.1543113090E-002
   7.50909 107.59777   9.1405070194E-002
   7.50909 108.60335   1.0177041437E-001
   7.50909 109.60894   1.1262637556E-001
   7.50909 110.61453   1.2395957926E-001
   7.50909 111.62011   1.3575606303E-001
   7.50909 112.62570   1.4800129365E-001
   7.50909 113.63128   1.6068018506E-001
   7.50909 114.63687   1.7377711691E-001
   7.50909 115.64246   1.8727595385E-001
   7.50909 116.64804   2.0116006537E-001
   7.50909 117.65363   2.1541234632E-001
   7.50909 118.65922   2.3001523794E-001
   7.50909 119.66480   2.4495074954E-001
   7.50909 120.67039   2.6020048064E-001
   7.50909 121.67598   2.7574564365E-001
   7.50909 122.68156   2.9156708699E-001
   7.50909 123.68715   3.0764531871E-001
   7.50909 124.69274   3.2396053052E-001
   7.50909 125.69832   3.4049262214E-001
   7.50909 126.70391   3.5722122611E-001
   7.50909 127.70950   3.7412573288E-001
   7.50909 128.71508   3.9118531616E-001
   7.50909 129.72067   4.0837895863E-001
   7.50909 130.72626   4.2568547781E-001
   7.50909 131.73184   4.4308355213E-001
   7.50909 132.73743   4.6055174725E-001
   7.50909 133.74302   4.7806854244E-001
   7.50909 134.74860   4.9561235708E-001
   7.50909 135.75419   5.1316157728E-001
   7.50909 136.75978   5.3069458247E-001
   7.50909 137.76536   5.4818977208E-001
   7.50909 138.77095   5.6562559212E-001
   7.50909 139.77654   5.8298056172E-001
   7.50909 140.78212   6.0023329966E-001
   7.50909 141.78771   6.1736255064E-001
   7.50909 142.79330   6.3434721149E-001
   7.50909 143.79888   6.5116635720E-001
   7.50909 144.80447   6.6779926665E-001
   7.50909 145.81006   6.8422544818E-001
   7.50909 146.81564   7.0042466481E-001
   7.50909 147.82123   7.1637695918E-001
   7.50909 148.82682   7.3206267813E-001
   7.50909 149.83240   7.4746249693E-001
   7.50909 150.83799   7.6255744307E-001
   7.50909 151.84358   7.7732891966E-001
   7.50909 152.84916   7.9175872829E-001
   7.50909 153.85475   8.0582909152E-001
   7.50909 154.86034   8.1952267472E-001
   7.50909 155.86592   8.3282260745E-001
   7.50909 156.87151   8.4571250427E-001
   7.50909 157.87709   8.5817648488E-001
   7.50909 158.88268   8.7019919371E-001
   7.50909 159.88827   8.8176581883E-001
   7.50909 160.89385   8.9286211024E-001
   7.50909 161.89944   9.0347439733E-001
   7.50909 162.90503   9.1358960582E-001
   7.50909 163.91061   9.2319527383E-001
   7.50909 164.91620   9.3227956721E-001
   7.50909 165.92179   9.4083129416E-001
   7.50909 166.92737   9.4883991899E-001
   7.50909 167.93296   9.5629557511E-001
   7.50909 168.93855   9.6318907718E-001
   7.50909 169.94413   9.6951193245E-001
   7.50909 170.94972   9.7525635117E-001
   7.50909 171.95531   9.8041525627E-001
   7.50909 172.96089   9.8498229199E-001
   7.50909 173.96648   9.8895183176E-001
   7.50909 174.97207   9.9231898512E-001
   7.50909 175.97765   9.9507960377E-001
   7.50909 176.98324   9.9723028663E-001
   7.50909 177.98883   9.9876838406E-001
   7.50909 178.99441   9.9969200115E-001
   7.50909 180.00000   1.0000000000E+000

   7.57172   0.00000   4.8016951974E-310
   7.57172   1.00559   9.9969200115E-001
   7.57172   2.01117   9.9876838406E-001
   7.57172   3.01676   9.9723028663E-001
   7.57172   4.02235   9.9507960377E-001
   7.57172   5.02793   9.9231898512E-001
   7.57172   6.03352   9.8895183176E-001
   7.57172   7.03911   9.8498229199E-001
   7.57172   8.04469   9.8041525627E-001
   7.57172   9.05028   9.7525635117E-001
   7.57172  10.05587   9.6951193245E-001
   7.57172  11.06145   9.6318907718E-001
   7.57172  12.06704   9.5629557511E-001
   7.57172  13.07263   9.4883991899E-001
   7.57172  14.07821   9.4083129416E-001
   7.57172  15.08380   9.3227956721E-001
   7.57172  16.08939   9.2319527383E-001
   7.57172  17.09497   9.1358960582E-001
   7.57172  18.10056   9.0347439733E-001
   7.57172  19.10615   8.9286211024E-001
   7.57172  20.11173   8.8176581883E-001
   7.57172  21.11732   8.7019919371E-001
   7.57172  22.12291   8.5817648488E-001
   7.57172  23.12849   8.4571250427E-001
   7.57172  24.13408   8.3282260745E-001
   7.57172  25.13966   8.1952267472E-001
   7.57172  26.14525   8.0582909152E-001
   7.57172  27.15084   7.9175872829E-001
   7.57172  28.15642   7.7732891966E-001
   7.57172  29.16201   7.6255744307E-001
   7.57172  30.16760   7.4746249693E-001
   7.57172  31.17318   7.3206267813E-001
   7.57172  32.17877   7.1637695918E-001
   7.57172  33.18436   7.0042466481E-001
   7.57172  34.18994   6.8422544818E-001
   7.57172  35.19553   6.6779926665E-001
   7.57172  36.20112   6.5116635720E-001
   7.57172  37.20670   6.3434721149E-001
   7.57172  38.21229   6.1736255064E-001
   7.57172  39.21788   6.0023329966E-001
   7.57172  40.22346   5.8298056172E-001
   7.57172  41.22905   5.6562559212E-001
   7.57172  42.23464   5.4818977208E-001
   7.57172  43.24022   5.3069458247E-001
   7.57172  44.24581   5.1316157728E-001
   7.57172  45.25140   4.9561235708E-001
   7.57172  46.25698   4.7806854244E-001
   7.57172  47.26257   4.6055174725E-001
   7.57172  48.26816   4.4308355213E-001
   7.57172  49.27374   4.2568547781E-001
   7.57172  50.27933   4.0837895863E-001
   7.57172  51.28492   3.9118531616E-001
   7.57172  52.29050   3.7412573288E-001
   7.57172  53.29609   3.5722122611E-001
   7.57172  54.30168   3.4049262214E-001
   7.57172  55.30726   3.2396053052E-001
   7.57172  56.31285   3.0764531871E-001
   7.57172  57.31844   2.9156708699E-001
   7.57172  58.32402   2.7574564365E-001
   7.57172  59.32961   2.6020048064E-001
   7.57172  60.33520   2.4495074954E-001
   7.57172  61.34078   2.3001523794E-001
   7.57172  62.34637   2.1541234632E-001
   7.57172  63.35196   2.0116006537E-001
   7.57172  64.35754   1.8727595385E-001
   7.57172  65.36313   1.7377711691E-001
   7.57172  66.36872   1.6068018506E-001
   7.57172  67.37430   1.4800129365E-001
   7.57172  68.37989   1.3575606303E-001
   7.57172  69.38547   1.2395957926E-001
   7.57172  70.39106   1.1262637556E-001
   7.57172  71.39665   1.0177041437E-001
   7.57172  72.40223   9.1405070194E-002
   7.57172  73.40782   8.1543113090E-002
   7.57172  74.41341   7.2196692940E-002
   7.57172  75.41899   6.3377324492E-002
   7.57172  76.42458   5.5095873167E-002
   7.57172  77.43017   4.7362541675E-002
   7.57172  78.43575   4.0186857444E-002
   7.57172  79.44134   3.3577660884E-002
   7.57172  80.44693   2.7543094495E-002
   7.57172  81.45251   2.2090592836E-002
   7.57172  82.45810   1.7226873362E-002
   7.57172  83.46369   1.2957928154E-002
   7.57172  84.46927   9.2890165331E-003
   7.57172  85.47486   6.2246585807E-003
   7.57172  86.48045   3.7686295721E-003
   7.57172  87.48603   1.9239553236E-003
   7.57172  88.49162   6.9290846547E-004
   7.57172  89.49721   7.7005641668E-005
   7.57172  90.50279   7.7005641668E-005
   7.57172  91.50838   6.9290846547E-004
   7.57172  92.51397   1.9239553236E-003
   7.57172  93.51955   3.7686295721E-003
   7.57172  94.52514   6.2246585807E-003
   7.57172  95.53073   9.2890165331E-003
   7.57172  96.53631   1.2957928154E-002
   7.57172  97.54190   1.7226873362E-002
   7.57172  98.54749   2.2090592836E-002
   7.57172  99.55307   2.7543094495E-002
   7.57172 100.55866   3.3577660884E-002
   7.57172 101.56425   4.0186857444E-002
   7.57172 102.56983   4.7362541675E-002
   7.57172 103.57542   5.5095873167E-002
   7.57172 104.58101   6.3377324492E-002
   7.57172 105.58659   7.2196692940E-002
   7.57172 106.59218   8.1543113090E-002
   7.57172 107.59777   9.1405070194E-002
   7.57172 108.60335   1.0177041437E-001
   7.57172 109.60894   1.1262637556E-001
   7.57172 110.61453   1.2395957926E-001
   7.57172 111.62011   1.3575606303E-001
   7.57172 112.62570   1.4800129365E-001
   7.57172 113.63128   1.6068018506E-001
   7.57172 114.63687   1.7377711691E-001
   7.57172 115.64246   1.8727595385E-001
   7.57172 116.64804   2.0116006537E-001
   7.57172 117.65363   2.1541234632E-001
   7.57172 118.65922   2.3001523794E-001
   7.57172 119.66480   2.4495074954E-001
   7.57172 120.67039   2.6020048064E-001
   7.57172 121.67598   2.7574564365E-001
   7.57172 122.68156   2.9156708699E-001
   7.57172 123.68715   3.0764531871E-001
   7.57172 124.69274   3.2396053052E-001
   7.57172 125.69832   3.4049262214E-001
   7.57172 126.70391   3.5722122611E-001
   7.57172 127.70950   3.7412573288E-001
   7.57172 128.71508   3.9118531616E-001
   7.57172 129.72067   4.0837895863E-001
   7.57172 130.72626   4.2568547781E-001
   7.57172 131.73184   4.4308355213E-001
   7.57172 132.73743   4.6055174725E-001
   7.57172 133.74302   4.7806854244E-001
   7.57172 134.74860   4.9561235708E-001
   7.57172 135.75419   5.1316157728E-001
   7.57172 136.75978   5.3069458247E-001
   7.57172 137.76536   5.4818977208E-001
   7.57172 138.77095   5.6562559212E-001
   7.57172 139.77654   5.8298056172E-001
   7.57172 140.78212   6.0023329966E-001
   7.57172 141.78771   6.1736255064E-001
   7.57172 142.79330   6.3434721149E-001
   7.57172 143.79888   6.5116635720E-001
   7.57172 144.80447   6.6779926665E-001
   7.57172 145.81006   6.8422544818E-001
   7.57172 146.81564   7.0042466481E-001
   7.57172 147.82123   7.1637695918E-001
   7.57172 148.82682   7.3206267813E-001
   7.57172 149.83240   7.4746249693E-001
   7.57172 150.83799   7.6255744307E-001
   7.57172 151.84358   7.7732891966E-001
   7.57172 152.84916   7.9175872829E-001
   7.57172 153.85475   8.0582909152E-001
   7.57172 154.86034   8.1952267472E-001
   7.57172 155.86592   8.3282260745E-001
   7.57172 156.87151   8.4571250427E-001
   7.57172 157.87709   8.5817648488E-001
   7.57172 158.88268   8.7019919371E-001
   7.57172 159.88827   8.8176581883E-001
   7.57172 160.89385   8.9286211024E-001
   7.57172 161.89944   9.0347439733E-001
   7.57172 162.90503   9.1358960582E-001
   7.57172 163.91061   9.2319527383E-001
   7.57172 164.91620   9.3227956721E-001
   7.57172 165.92179   9.4083129416E-001
   7.57172 166.92737   9.4883991899E-001
   7.57172 167.93296   9.5629557511E-001
   7.57172 168.93855   9.6318907718E-001
   7.57172 169.94413   9.6951193245E-001
   7.57172 170.94972   9.7525635117E-001
   7.57172 171.95531   9.8041525627E-001
   7.57172 172.96089   9.8498229199E-001
   7.57172 173.96648   9.8895183176E-001
   7.57172 174.97207   9.9231898512E-001
   7.57172 175.97765   9.9507960377E-001
   7.57172 176.98324   9.9723028663E-001
   7.57172 177.98883   9.9876838406E-001
   7.57172 178.99441   9.9969200115E-001
   7.57172 180.00000   1.0000000000E+000

   7.63434   0.00000   4.8016951974E-310
   7.63434   1.00559   9.9969200115E-001
   7.63434   2.01117   9.9876838406E-001
   7.63434   3.01676   9.9723028663E-001
   7.63434   4.02235   9.9507960377E-001
   7.63434   5.02793   9.9231898512E-001
   7.63434   6.03352   9.8895183176E-001
   7.63434   7.03911   9.8498229199E-001
   7.63434   8.04469   9.8041525627E-001
   7.63434   9.05028   9.7525635117E-001
   7.63434  10.05587   9.6951193245E-001
   7.63434  11.06145   9.6318907718E-001
   7.63434  12.06704   9.5629557511E-001
   7.63434  13.07263   9.4883991899E-001
   7.63434  14.07821   9.4083129416E-001
   7.63434  15.08380   9.3227956721E-001
   7.63434  16.08939   9.2319527383E-001
   7.63434  17.09497   9.1358960582E-001
   7.63434  18.10056   9.0347439733E-001
   7.63434  19.10615   8.9286211024E-001
   7.63434  20.11173   8.8176581883E-001
   7.63434  21.11732   8.7019919371E-001
   7.63434  22.12291   8.5817648488E-001
   7.63434  23.12849   8.4571250427E-001
   7.63434  24.13408   8.3282260745E-001
   7.63434  25.13966   8.1952267472E-001
   7.63434  26.14525   8.0582909152E-001
   7.63434  27.15084   7.9175872829E-001
   7.63434  28.15642   7.7732891966E-001
   7.63434  29.16201   7.6255744307E-001
   7.63434  30.16760   7.4746249693E-001
   7.63434  31.17318   7.3206267813E-001
   7.63434  32.17877   7.1637695918E-001
   7.63434  33.18436   7.0042466481E-001
   7.63434  34.18994   6.8422544818E-001
   7.63434  35.19553   6.6779926665E-001
   7.63434  36.20112   6.5116635720E-001
   7.63434  37.20670   6.3434721149E-001
   7.63434  38.21229   6.1736255064E-001
   7.63434  39.21788   6.0023329966E-001
   7.63434  40.22346   5.8298056172E-001
   7.63434  41.22905   5.6562559212E-001
   7.63434  42.23464   5.4818977208E-001
   7.63434  43.24022   5.3069458247E-001
   7.63434  44.24581   5.1316157728E-001
   7.63434  45.25140   4.9561235708E-001
   7.63434  46.25698   4.7806854244E-001
   7.63434  47.26257   4.6055174725E-001
   7.63434  48.26816   4.4308355213E-001
   7.63434  49.27374   4.2568547781E-001
   7.63434  50.27933   4.0837895863E-001
   7.63434  51.28492   3.9118531616E-001
   7.63434  52.29050   3.7412573288E-001
   7.63434  53.29609   3.5722122611E-001
   7.63434  54.30168   3.4049262214E-001
   7.63434  55.30726   3.2396053052E-001
   7.63434  56.31285   3.0764531871E-001
   7.63434  57.31844   2.9156708699E-001
   7.63434  58.32402   2.7574564365E-001
   7.63434  59.32961   2.6020048064E-001
   7.63434  60.33520   2.4495074954E-001
   7.63434  61.34078   2.3001523794E-001
   7.63434  62.34637   2.1541234632E-001
   7.63434  63.35196   2.0116006537E-001
   7.63434  64.35754   1.8727595385E-001
   7.63434  65.36313   1.7377711691E-001
   7.63434  66.36872   1.6068018506E-001
   7.63434  67.37430   1.4800129365E-001
   7.63434  68.37989   1.3575606303E-001
   7.63434  69.38547   1.2395957926E-001
   7.63434  70.39106   1.1262637556E-001
   7.63434  71.39665   1.0177041437E-001
   7.63434  72.40223   9.1405070194E-002
   7.63434  73.40782   8.1543113090E-002
   7.63434  74.41341   7.2196692940E-002
   7.63434  75.41899   6.3377324492E-002
   7.63434  76.42458   5.5095873167E-002
   7.63434  77.43017   4.7362541675E-002
   7.63434  78.43575   4.0186857444E-002
   7.63434  79.44134   3.3577660884E-002
   7.63434  80.44693   2.7543094495E-002
   7.63434  81.45251   2.2090592836E-002
   7.63434  82.45810   1.7226873362E-002
   7.63434  83.46369   1.2957928154E-002
   7.63434  84.46927   9.2890165331E-003
   7.63434  85.47486   6.2246585807E-003
   7.63434  86.48045   3.7686295721E-003
   7.63434  87.48603   1.9239553236E-003
   7.63434  88.49162   6.9290846547E-004
   7.63434  89.49721   7.7005641668E-005
   7.63434  90.50279   7.7005641668E-005
   7.63434  91.50838   6.9290846547E-004
   7.63434  92.51397   1.9239553236E-003
   7.63434  93.51955   3.7686295721E-003
   7.63434  94.52514   6.2246585807E-003
   7.63434  95.53073   9.2890165331E-003
   7.63434  96.53631   1.2957928154E-002
   7.63434  97.54190   1.7226873362E-002
   7.63434  98.54749   2.2090592836E-002
   7.63434  99.55307   2.7543094495E-002
   7.63434 100.55866   3.3577660884E-002
   7.63434 101.56425   4.0186857444E-002
   7.63434 102.56983   4.7362541675E-002
   7.63434 103.57542   5.5095873167E-002
   7.63434 104.58101   6.3377324492E-002
   7.63434 105.58659   7.2196692940E-002
   7.63434 106.59218   8.1543113090E-002
   7.63434 107.59777   9.1405070194E-002
   7.63434 108.60335   1.0177041437E-001
   7.63434 109.60894   1.1262637556E-001
   7.63434 110.61453   1.2395957926E-001
   7.63434 111.62011   1.3575606303E-001
   7.63434 112.62570   1.4800129365E-001
   7.63434 113.63128   1.6068018506E-001
   7.63434 114.63687   1.7377711691E-001
   7.63434 115.64246   1.8727595385E-001
   7.63434 116.64804   2.0116006537E-001
   7.63434 117.65363   2.1541234632E-001
   7.63434 118.65922   2.3001523794E-001
   7.63434 119.66480   2.4495074954E-001
   7.63434 120.67039   2.6020048064E-001
   7.63434 121.67598   2.7574564365E-001
   7.63434 122.68156   2.9156708699E-001
   7.63434 123.68715   3.0764531871E-001
   7.63434 124.69274   3.2396053052E-001
   7.63434 125.69832   3.4049262214E-001
   7.63434 126.70391   3.5722122611E-001
   7.63434 127.70950   3.7412573288E-001
   7.63434 128.71508   3.9118531616E-001
   7.63434 129.72067   4.0837895863E-001
   7.63434 130.72626   4.2568547781E-001
   7.63434 131.73184   4.4308355213E-001
   7.63434 132.73743   4.6055174725E-001
   7.63434 133.74302   4.7806854244E-001
   7.63434 134.74860   4.9561235708E-001
   7.63434 135.75419   5.1316157728E-001
   7.63434 136.75978   5.3069458247E-001
   7.63434 137.76536   5.4818977208E-001
   7.63434 138.77095   5.6562559212E-001
   7.63434 139.77654   5.8298056172E-001
   7.63434 140.78212   6.0023329966E-001
   7.63434 141.78771   6.1736255064E-001
   7.63434 142.79330   6.3434721149E-001
   7.63434 143.79888   6.5116635720E-001
   7.63434 144.80447   6.6779926665E-001
   7.63434 145.81006   6.8422544818E-001
   7.63434 146.81564   7.0042466481E-001
   7.63434 147.82123   7.1637695918E-001
   7.63434 148.82682   7.3206267813E-001
   7.63434 149.83240   7.4746249693E-001
   7.63434 150.83799   7.6255744307E-001
   7.63434 151.84358   7.7732891966E-001
   7.63434 152.84916   7.9175872829E-001
   7.63434 153.85475   8.0582909152E-001
   7.63434 154.86034   8.1952267472E-001
   7.63434 155.86592   8.3282260745E-001
   7.63434 156.87151   8.4571250427E-001
   7.63434 157.87709   8.5817648488E-001
   7.63434 158.88268   8.7019919371E-001
   7.63434 159.88827   8.8176581883E-001
   7.63434 160.89385   8.9286211024E-001
   7.63434 161.89944   9.0347439733E-001
   7.63434 162.90503   9.1358960582E-001
   7.63434 163.91061   9.2319527383E-001
   7.63434 164.91620   9.3227956721E-001
   7.63434 165.92179   9.4083129416E-001
   7.63434 166.92737   9.4883991899E-001
   7.63434 167.93296   9.5629557511E-001
   7.63434 168.93855   9.6318907718E-001
   7.63434 169.94413   9.6951193245E-001
   7.63434 170.94972   9.7525635117E-001
   7.63434 171.95531   9.8041525627E-001
   7.63434 172.96089   9.8498229199E-001
   7.63434 173.96648   9.8895183176E-001
   7.63434 174.97207   9.9231898512E-001
   7.63434 175.97765   9.9507960377E-001
   7.63434 176.98324   9.9723028663E-001
   7.63434 177.98883   9.9876838406E-001
   7.63434 178.99441   9.9969200115E-001
   7.63434 180.00000   1.0000000000E+000

   7.69697   0.00000   4.8016951974E-310
   7.69697   1.00559   9.9969200115E-001
   7.69697   2.01117   9.9876838406E-001
   7.69697   3.01676   9.9723028663E-001
   7.69697   4.02235   9.9507960377E-001
   7.69697   5.02793   9.9231898512E-001
   7.69697   6.03352   9.8895183176E-001
   7.69697   7.03911   9.8498229199E-001
   7.69697   8.04469   9.8041525627E-001
   7.69697   9.05028   9.7525635117E-001
   7.69697  10.05587   9.6951193245E-001
   7.69697  11.06145   9.6318907718E-001
   7.69697  12.06704   9.5629557511E-001
   7.69697  13.07263   9.4883991899E-001
   7.69697  14.07821   9.4083129416E-001
   7.69697  15.08380   9.3227956721E-001
   7.69697  16.08939   9.2319527383E-001
   7.69697  17.09497   9.1358960582E-001
   7.69697  18.10056   9.0347439733E-001
   7.69697  19.10615   8.9286211024E-001
   7.69697  20.11173   8.8176581883E-001
   7.69697  21.11732   8.7019919371E-001
   7.69697  22.12291   8.5817648488E-001
   7.69697  23.12849   8.4571250427E-001
   7.69697  24.13408   8.3282260745E-001
   7.69697  25.13966   8.1952267472E-001
   7.69697  26.14525   8.0582909152E-001
   7.69697  27.15084   7.9175872829E-001
   7.69697  28.15642   7.7732891966E-001
   7.69697  29.16201   7.6255744307E-001
   7.69697  30.16760   7.4746249693E-001
   7.69697  31.17318   7.3206267813E-001
   7.69697  32.17877   7.1637695918E-001
   7.69697  33.18436   7.0042466481E-001
   7.69697  34.18994   6.8422544818E-001
   7.69697  35.19553   6.6779926665E-001
   7.69697  36.20112   6.5116635720E-001
   7.69697  37.20670   6.3434721149E-001
   7.69697  38.21229   6.1736255064E-001
   7.69697  39.21788   6.0023329966E-001
   7.69697  40.22346   5.8298056172E-001
   7.69697  41.22905   5.6562559212E-001
   7.69697  42.23464   5.4818977208E-001
   7.69697  43.24022   5.3069458247E-001
   7.69697  44.24581   5.1316157728E-001
   7.69697  45.25140   4.9561235708E-001
   7.69697  46.25698   4.7806854244E-001
   7.69697  47.26257   4.6055174725E-001
   7.69697  48.26816   4.4308355213E-001
   7.69697  49.27374   4.2568547781E-001
   7.69697  50.27933   4.0837895863E-001
   7.69697  51.28492   3.9118531616E-001
   7.69697  52.29050   3.7412573288E-001
   7.69697  53.29609   3.5722122611E-001
   7.69697  54.30168   3.4049262214E-001
   7.69697  55.30726   3.2396053052E-001
   7.69697  56.31285   3.0764531871E-001
   7.69697  57.31844   2.9156708699E-001
   7.69697  58.32402   2.7574564365E-001
   7.69697  59.32961   2.6020048064E-001
   7.69697  60.33520   2.4495074954E-001
   7.69697  61.34078   2.3001523794E-001
   7.69697  62.34637   2.1541234632E-001
   7.69697  63.35196   2.0116006537E-001
   7.69697  64.35754   1.8727595385E-001
   7.69697  65.36313   1.7377711691E-001
   7.69697  66.36872   1.6068018506E-001
   7.69697  67.37430   1.4800129365E-001
   7.69697  68.37989   1.3575606303E-001
   7.69697  69.38547   1.2395957926E-001
   7.69697  70.39106   1.1262637556E-001
   7.69697  71.39665   1.0177041437E-001
   7.69697  72.40223   9.1405070194E-002
   7.69697  73.40782   8.1543113090E-002
   7.69697  74.41341   7.2196692940E-002
   7.69697  75.41899   6.3377324492E-002
   7.69697  76.42458   5.5095873167E-002
   7.69697  77.43017   4.7362541675E-002
   7.69697  78.43575   4.0186857444E-002
   7.69697  79.44134   3.3577660884E-002
   7.69697  80.44693   2.7543094495E-002
   7.69697  81.45251   2.2090592836E-002
   7.69697  82.45810   1.7226873362E-002
   7.69697  83.46369   1.2957928154E-002
   7.69697  84.46927   9.2890165331E-003
   7.69697  85.47486   6.2246585807E-003
   7.69697  86.48045   3.7686295721E-003
   7.69697  87.48603   1.9239553236E-003
   7.69697  88.49162   6.9290846547E-004
   7.69697  89.49721   7.7005641668E-005
   7.69697  90.50279   7.7005641668E-005
   7.69697  91.50838   6.9290846547E-004
   7.69697  92.51397   1.9239553236E-003
   7.69697  93.51955   3.7686295721E-003
   7.69697  94.52514   6.2246585807E-003
   7.69697  95.53073   9.2890165331E-003
   7.69697  96.53631   1.2957928154E-002
   7.69697  97.54190   1.7226873362E-002
   7.69697  98.54749   2.2090592836E-002
   7.69697  99.55307   2.7543094495E-002
   7.69697 100.55866   3.3577660884E-002
   7.69697 101.56425   4.0186857444E-002
   7.69697 102.56983   4.7362541675E-002
   7.69697 103.57542   5.5095873167E-002
   7.69697 104.58101   6.3377324492E-002
   7.69697 105.58659   7.2196692940E-002
   7.69697 106.59218   8.1543113090E-002
   7.69697 107.59777   9.1405070194E-002
   7.69697 108.60335   1.0177041437E-001
   7.69697 109.60894   1.1262637556E-001
   7.69697 110.61453   1.2395957926E-001
   7.69697 111.62011   1.3575606303E-001
   7.69697 112.62570   1.4800129365E-001
   7.69697 113.63128   1.6068018506E-001
   7.69697 114.63687   1.7377711691E-001
   7.69697 115.64246   1.8727595385E-001
   7.69697 116.64804   2.0116006537E-001
   7.69697 117.65363   2.1541234632E-001
   7.69697 118.65922   2.3001523794E-001
   7.69697 119.66480   2.4495074954E-001
   7.69697 120.67039   2.6020048064E-001
   7.69697 121.67598   2.7574564365E-001
   7.69697 122.68156   2.9156708699E-001
   7.69697 123.68715   3.0764531871E-001
   7.69697 124.69274   3.2396053052E-001
   7.69697 125.69832   3.4049262214E-001
   7.69697 126.70391   3.5722122611E-001
   7.69697 127.70950   3.7412573288E-001
   7.69697 128.71508   3.9118531616E-001
   7.69697 129.72067   4.0837895863E-001
   7.69697 130.72626   4.2568547781E-001
   7.69697 131.73184   4.4308355213E-001
   7.69697 132.73743   4.6055174725E-001
   7.69697 133.74302   4.7806854244E-001
   7.69697 134.74860   4.9561235708E-001
   7.69697 135.75419   5.1316157728E-001
   7.69697 136.75978   5.3069458247E-001
   7.69697 137.76536   5.4818977208E-001
   7.69697 138.77095   5.6562559212E-001
   7.69697 139.77654   5.8298056172E-001
   7.69697 140.78212   6.0023329966E-001
   7.69697 141.78771   6.1736255064E-001
   7.69697 142.79330   6.3434721149E-001
   7.69697 143.79888   6.5116635720E-001
   7.69697 144.80447   6.6779926665E-001
   7.69697 145.81006   6.8422544818E-001
   7.69697 146.81564   7.0042466481E-001
   7.69697 147.82123   7.1637695918E-001
   7.69697 148.82682   7.3206267813E-001
   7.69697 149.83240   7.4746249693E-001
   7.69697 150.83799   7.6255744307E-001
   7.69697 151.84358   7.7732891966E-001
   7.69697 152.84916   7.9175872829E-001
   7.69697 153.85475   8.0582909152E-001
   7.69697 154.86034   8.1952267472E-001
   7.69697 155.86592   8.3282260745E-001
   7.69697 156.87151   8.4571250427E-001
   7.69697 157.87709   8.5817648488E-001
   7.69697 158.88268   8.7019919371E-001
   7.69697 159.88827   8.8176581883E-001
   7.69697 160.89385   8.9286211024E-001
   7.69697 161.89944   9.0347439733E-001
   7.69697 162.90503   9.1358960582E-001
   7.69697 163.91061   9.2319527383E-001
   7.69697 164.91620   9.3227956721E-001
   7.69697 165.92179   9.4083129416E-001
   7.69697 166.92737   9.4883991899E-001
   7.69697 167.93296   9.5629557511E-001
   7.69697 168.93855   9.6318907718E-001
   7.69697 169.94413   9.6951193245E-001
   7.69697 170.94972   9.7525635117E-001
   7.69697 171.95531   9.8041525627E-001
   7.69697 172.96089   9.8498229199E-001
   7.69697 173.96648   9.8895183176E-001
   7.69697 174.97207   9.9231898512E-001
   7.69697 175.97765   9.9507960377E-001
   7.69697 176.98324   9.9723028663E-001
   7.69697 177.98883   9.9876838406E-001
   7.69697 178.99441   9.9969200115E-001
   7.69697 180.00000   1.0000000000E+000

   7.75960   0.00000   4.8016951974E-310
   7.75960   1.00559   9.9969200115E-001
   7.75960   2.01117   9.9876838406E-001
   7.75960   3.01676   9.9723028663E-001
   7.75960   4.02235   9.9507960377E-001
   7.75960   5.02793   9.9231898512E-001
   7.75960   6.03352   9.8895183176E-001
   7.75960   7.03911   9.8498229199E-001
   7.75960   8.04469   9.8041525627E-001
   7.75960   9.05028   9.7525635117E-001
   7.75960  10.05587   9.6951193245E-001
   7.75960  11.06145   9.6318907718E-001
   7.75960  12.06704   9.5629557511E-001
   7.75960  13.07263   9.4883991899E-001
   7.75960  14.07821   9.4083129416E-001
   7.75960  15.08380   9.3227956721E-001
   7.75960  16.08939   9.2319527383E-001
   7.75960  17.09497   9.1358960582E-001
   7.75960  18.10056   9.0347439733E-001
   7.75960  19.10615   8.9286211024E-001
   7.75960  20.11173   8.8176581883E-001
   7.75960  21.11732   8.7019919371E-001
   7.75960  22.12291   8.5817648488E-001
   7.75960  23.12849   8.4571250427E-001
   7.75960  24.13408   8.3282260745E-001
   7.75960  25.13966   8.1952267472E-001
   7.75960  26.14525   8.0582909152E-001
   7.75960  27.15084   7.9175872829E-001
   7.75960  28.15642   7.7732891966E-001
   7.75960  29.16201   7.6255744307E-001
   7.75960  30.16760   7.4746249693E-001
   7.75960  31.17318   7.3206267813E-001
   7.75960  32.17877   7.1637695918E-001
   7.75960  33.18436   7.0042466481E-001
   7.75960  34.18994   6.8422544818E-001
   7.75960  35.19553   6.6779926665E-001
   7.75960  36.20112   6.5116635720E-001
   7.75960  37.20670   6.3434721149E-001
   7.75960  38.21229   6.1736255064E-001
   7.75960  39.21788   6.0023329966E-001
   7.75960  40.22346   5.8298056172E-001
   7.75960  41.22905   5.6562559212E-001
   7.75960  42.23464   5.4818977208E-001
   7.75960  43.24022   5.3069458247E-001
   7.75960  44.24581   5.1316157728E-001
   7.75960  45.25140   4.9561235708E-001
   7.75960  46.25698   4.7806854244E-001
   7.75960  47.26257   4.6055174725E-001
   7.75960  48.26816   4.4308355213E-001
   7.75960  49.27374   4.2568547781E-001
   7.75960  50.27933   4.0837895863E-001
   7.75960  51.28492   3.9118531616E-001
   7.75960  52.29050   3.7412573288E-001
   7.75960  53.29609   3.5722122611E-001
   7.75960  54.30168   3.4049262214E-001
   7.75960  55.30726   3.2396053052E-001
   7.75960  56.31285   3.0764531871E-001
   7.75960  57.31844   2.9156708699E-001
   7.75960  58.32402   2.7574564365E-001
   7.75960  59.32961   2.6020048064E-001
   7.75960  60.33520   2.4495074954E-001
   7.75960  61.34078   2.3001523794E-001
   7.75960  62.34637   2.1541234632E-001
   7.75960  63.35196   2.0116006537E-001
   7.75960  64.35754   1.8727595385E-001
   7.75960  65.36313   1.7377711691E-001
   7.75960  66.36872   1.6068018506E-001
   7.75960  67.37430   1.4800129365E-001
   7.75960  68.37989   1.3575606303E-001
   7.75960  69.38547   1.2395957926E-001
   7.75960  70.39106   1.1262637556E-001
   7.75960  71.39665   1.0177041437E-001
   7.75960  72.40223   9.1405070194E-002
   7.75960  73.40782   8.1543113090E-002
   7.75960  74.41341   7.2196692940E-002
   7.75960  75.41899   6.3377324492E-002
   7.75960  76.42458   5.5095873167E-002
   7.75960  77.43017   4.7362541675E-002
   7.75960  78.43575   4.0186857444E-002
   7.75960  79.44134   3.3577660884E-002
   7.75960  80.44693   2.7543094495E-002
   7.75960  81.45251   2.2090592836E-002
   7.75960  82.45810   1.7226873362E-002
   7.75960  83.46369   1.2957928154E-002
   7.75960  84.46927   9.2890165331E-003
   7.75960  85.47486   6.2246585807E-003
   7.75960  86.48045   3.7686295721E-003
   7.75960  87.48603   1.9239553236E-003
   7.75960  88.49162   6.9290846547E-004
   7.75960  89.49721   7.7005641668E-005
   7.75960  90.50279   7.7005641668E-005
   7.75960  91.50838   6.9290846547E-004
   7.75960  92.51397   1.9239553236E-003
   7.75960  93.51955   3.7686295721E-003
   7.75960  94.52514   6.2246585807E-003
   7.75960  95.53073   9.2890165331E-003
   7.75960  96.53631   1.2957928154E-002
   7.75960  97.54190   1.7226873362E-002
   7.75960  98.54749   2.2090592836E-002
   7.75960  99.55307   2.7543094495E-002
   7.75960 100.55866   3.3577660884E-002
   7.75960 101.56425   4.0186857444E-002
   7.75960 102.56983   4.7362541675E-002
   7.75960 103.57542   5.5095873167E-002
   7.75960 104.58101   6.3377324492E-002
   7.75960 105.58659   7.2196692940E-002
   7.75960 106.59218   8.1543113090E-002
   7.75960 107.59777   9.1405070194E-002
   7.75960 108.60335   1.0177041437E-001
   7.75960 109.60894   1.1262637556E-001
   7.75960 110.61453   1.2395957926E-001
   7.75960 111.62011   1.3575606303E-001
   7.75960 112.62570   1.4800129365E-001
   7.75960 113.63128   1.6068018506E-001
   7.75960 114.63687   1.7377711691E-001
   7.75960 115.64246   1.8727595385E-001
   7.75960 116.64804   2.0116006537E-001
   7.75960 117.65363   2.1541234632E-001
   7.75960 118.65922   2.3001523794E-001
   7.75960 119.66480   2.4495074954E-001
   7.75960 120.67039   2.6020048064E-001
   7.75960 121.67598   2.7574564365E-001
   7.75960 122.68156   2.9156708699E-001
   7.75960 123.68715   3.0764531871E-001
   7.75960 124.69274   3.2396053052E-001
   7.75960 125.69832   3.4049262214E-001
   7.75960 126.70391   3.5722122611E-001
   7.75960 127.70950   3.7412573288E-001
   7.75960 128.71508   3.9118531616E-001
   7.75960 129.72067   4.0837895863E-001
   7.75960 130.72626   4.2568547781E-001
   7.75960 131.73184   4.4308355213E-001
   7.75960 132.73743   4.6055174725E-001
   7.75960 133.74302   4.7806854244E-001
   7.75960 134.74860   4.9561235708E-001
   7.75960 135.75419   5.1316157728E-001
   7.75960 136.75978   5.3069458247E-001
   7.75960 137.76536   5.4818977208E-001
   7.75960 138.77095   5.6562559212E-001
   7.75960 139.77654   5.8298056172E-001
   7.75960 140.78212   6.0023329966E-001
   7.75960 141.78771   6.1736255064E-001
   7.75960 142.79330   6.3434721149E-001
   7.75960 143.79888   6.5116635720E-001
   7.75960 144.80447   6.6779926665E-001
   7.75960 145.81006   6.8422544818E-001
   7.75960 146.81564   7.0042466481E-001
   7.75960 147.82123   7.1637695918E-001
   7.75960 148.82682   7.3206267813E-001
   7.75960 149.83240   7.4746249693E-001
   7.75960 150.83799   7.6255744307E-001
   7.75960 151.84358   7.7732891966E-001
   7.75960 152.84916   7.9175872829E-001
   7.75960 153.85475   8.0582909152E-001
   7.75960 154.86034   8.1952267472E-001
   7.75960 155.86592   8.3282260745E-001
   7.75960 156.87151   8.4571250427E-001
   7.75960 157.87709   8.5817648488E-001
   7.75960 158.88268   8.7019919371E-001
   7.75960 159.88827   8.8176581883E-001
   7.75960 160.89385   8.9286211024E-001
   7.75960 161.89944   9.0347439733E-001
   7.75960 162.90503   9.1358960582E-001
   7.75960 163.91061   9.2319527383E-001
   7.75960 164.91620   9.3227956721E-001
   7.75960 165.92179   9.4083129416E-001
   7.75960 166.92737   9.4883991899E-001
   7.75960 167.93296   9.5629557511E-001
   7.75960 168.93855   9.6318907718E-001
   7.75960 169.94413   9.6951193245E-001
   7.75960 170.94972   9.7525635117E-001
   7.75960 171.95531   9.8041525627E-001
   7.75960 172.96089   9.8498229199E-001
   7.75960 173.96648   9.8895183176E-001
   7.75960 174.97207   9.9231898512E-001
   7.75960 175.97765   9.9507960377E-001
   7.75960 176.98324   9.9723028663E-001
   7.75960 177.98883   9.9876838406E-001
   7.75960 178.99441   9.9969200115E-001
   7.75960 180.00000   1.0000000000E+000

   7.82222   0.00000   4.8016951974E-310
   7.82222   1.00559   9.9969200115E-001
   7.82222   2.01117   9.9876838406E-001
   7.82222   3.01676   9.9723028663E-001
   7.82222   4.02235   9.9507960377E-001
   7.82222   5.02793   9.9231898512E-001
   7.82222   6.03352   9.8895183176E-001
   7.82222   7.03911   9.8498229199E-001
   7.82222   8.04469   9.8041525627E-001
   7.82222   9.05028   9.7525635117E-001
   7.82222  10.05587   9.6951193245E-001
   7.82222  11.06145   9.6318907718E-001
   7.82222  12.06704   9.5629557511E-001
   7.82222  13.07263   9.4883991899E-001
   7.82222  14.07821   9.4083129416E-001
   7.82222  15.08380   9.3227956721E-001
   7.82222  16.08939   9.2319527383E-001
   7.82222  17.09497   9.1358960582E-001
   7.82222  18.10056   9.0347439733E-001
   7.82222  19.10615   8.9286211024E-001
   7.82222  20.11173   8.8176581883E-001
   7.82222  21.11732   8.7019919371E-001
   7.82222  22.12291   8.5817648488E-001
   7.82222  23.12849   8.4571250427E-001
   7.82222  24.13408   8.3282260745E-001
   7.82222  25.13966   8.1952267472E-001
   7.82222  26.14525   8.0582909152E-001
   7.82222  27.15084   7.9175872829E-001
   7.82222  28.15642   7.7732891966E-001
   7.82222  29.16201   7.6255744307E-001
   7.82222  30.16760   7.4746249693E-001
   7.82222  31.17318   7.3206267813E-001
   7.82222  32.17877   7.1637695918E-001
   7.82222  33.18436   7.0042466481E-001
   7.82222  34.18994   6.8422544818E-001
   7.82222  35.19553   6.6779926665E-001
   7.82222  36.20112   6.5116635720E-001
   7.82222  37.20670   6.3434721149E-001
   7.82222  38.21229   6.1736255064E-001
   7.82222  39.21788   6.0023329966E-001
   7.82222  40.22346   5.8298056172E-001
   7.82222  41.22905   5.6562559212E-001
   7.82222  42.23464   5.4818977208E-001
   7.82222  43.24022   5.3069458247E-001
   7.82222  44.24581   5.1316157728E-001
   7.82222  45.25140   4.9561235708E-001
   7.82222  46.25698   4.7806854244E-001
   7.82222  47.26257   4.6055174725E-001
   7.82222  48.26816   4.4308355213E-001
   7.82222  49.27374   4.2568547781E-001
   7.82222  50.27933   4.0837895863E-001
   7.82222  51.28492   3.9118531616E-001
   7.82222  52.29050   3.7412573288E-001
   7.82222  53.29609   3.5722122611E-001
   7.82222  54.30168   3.4049262214E-001
   7.82222  55.30726   3.2396053052E-001
   7.82222  56.31285   3.0764531871E-001
   7.82222  57.31844   2.9156708699E-001
   7.82222  58.32402   2.7574564365E-001
   7.82222  59.32961   2.6020048064E-001
   7.82222  60.33520   2.4495074954E-001
   7.82222  61.34078   2.3001523794E-001
   7.82222  62.34637   2.1541234632E-001
   7.82222  63.35196   2.0116006537E-001
   7.82222  64.35754   1.8727595385E-001
   7.82222  65.36313   1.7377711691E-001
   7.82222  66.36872   1.6068018506E-001
   7.82222  67.37430   1.4800129365E-001
   7.82222  68.37989   1.3575606303E-001
   7.82222  69.38547   1.2395957926E-001
   7.82222  70.39106   1.1262637556E-001
   7.82222  71.39665   1.0177041437E-001
   7.82222  72.40223   9.1405070194E-002
   7.82222  73.40782   8.1543113090E-002
   7.82222  74.41341   7.2196692940E-002
   7.82222  75.41899   6.3377324492E-002
   7.82222  76.42458   5.5095873167E-002
   7.82222  77.43017   4.7362541675E-002
   7.82222  78.43575   4.0186857444E-002
   7.82222  79.44134   3.3577660884E-002
   7.82222  80.44693   2.7543094495E-002
   7.82222  81.45251   2.2090592836E-002
   7.82222  82.45810   1.7226873362E-002
   7.82222  83.46369   1.2957928154E-002
   7.82222  84.46927   9.2890165331E-003
   7.82222  85.47486   6.2246585807E-003
   7.82222  86.48045   3.7686295721E-003
   7.82222  87.48603   1.9239553236E-003
   7.82222  88.49162   6.9290846547E-004
   7.82222  89.49721   7.7005641668E-005
   7.82222  90.50279   7.7005641668E-005
   7.82222  91.50838   6.9290846547E-004
   7.82222  92.51397   1.9239553236E-003
   7.82222  93.51955   3.7686295721E-003
   7.82222  94.52514   6.2246585807E-003
   7.82222  95.53073   9.2890165331E-003
   7.82222  96.53631   1.2957928154E-002
   7.82222  97.54190   1.7226873362E-002
   7.82222  98.54749   2.2090592836E-002
   7.82222  99.55307   2.7543094495E-002
   7.82222 100.55866   3.3577660884E-002
   7.82222 101.56425   4.0186857444E-002
   7.82222 102.56983   4.7362541675E-002
   7.82222 103.57542   5.5095873167E-002
   7.82222 104.58101   6.3377324492E-002
   7.82222 105.58659   7.2196692940E-002
   7.82222 106.59218   8.1543113090E-002
   7.82222 107.59777   9.1405070194E-002
   7.82222 108.60335   1.0177041437E-001
   7.82222 109.60894   1.1262637556E-001
   7.82222 110.61453   1.2395957926E-001
   7.82222 111.62011   1.3575606303E-001
   7.82222 112.62570   1.4800129365E-001
   7.82222 113.63128   1.6068018506E-001
   7.82222 114.63687   1.7377711691E-001
   7.82222 115.64246   1.8727595385E-001
   7.82222 116.64804   2.0116006537E-001
   7.82222 117.65363   2.1541234632E-001
   7.82222 118.65922   2.3001523794E-001
   7.82222 119.66480   2.4495074954E-001
   7.82222 120.67039   2.6020048064E-001
   7.82222 121.67598   2.7574564365E-001
   7.82222 122.68156   2.9156708699E-001
   7.82222 123.68715   3.0764531871E-001
   7.82222 124.69274   3.2396053052E-001
   7.82222 125.69832   3.4049262214E-001
   7.82222 126.70391   3.5722122611E-001
   7.82222 127.70950   3.7412573288E-001
   7.82222 128.71508   3.9118531616E-001
   7.82222 129.72067   4.0837895863E-001
   7.82222 130.72626   4.2568547781E-001
   7.82222 131.73184   4.4308355213E-001
   7.82222 132.73743   4.6055174725E-001
   7.82222 133.74302   4.7806854244E-001
   7.82222 134.74860   4.9561235708E-001
   7.82222 135.75419   5.1316157728E-001
   7.82222 136.75978   5.3069458247E-001
   7.82222 137.76536   5.4818977208E-001
   7.82222 138.77095   5.6562559212E-001
   7.82222 139.77654   5.8298056172E-001
   7.82222 140.78212   6.0023329966E-001
   7.82222 141.78771   6.1736255064E-001
   7.82222 142.79330   6.3434721149E-001
   7.82222 143.79888   6.5116635720E-001
   7.82222 144.80447   6.6779926665E-001
   7.82222 145.81006   6.8422544818E-001
   7.82222 146.81564   7.0042466481E-001
   7.82222 147.82123   7.1637695918E-001
   7.82222 148.82682   7.3206267813E-001
   7.82222 149.83240   7.4746249693E-001
   7.82222 150.83799   7.6255744307E-001
   7.82222 151.84358   7.7732891966E-001
   7.82222 152.84916   7.9175872829E-001
   7.82222 153.85475   8.0582909152E-001
   7.82222 154.86034   8.1952267472E-001
   7.82222 155.86592   8.3282260745E-001
   7.82222 156.87151   8.4571250427E-001
   7.82222 157.87709   8.5817648488E-001
   7.82222 158.88268   8.7019919371E-001
   7.82222 159.88827   8.8176581883E-001
   7.82222 160.89385   8.9286211024E-001
   7.82222 161.89944   9.0347439733E-001
   7.82222 162.90503   9.1358960582E-001
   7.82222 163.91061   9.2319527383E-001
   7.82222 164.91620   9.3227956721E-001
   7.82222 165.92179   9.4083129416E-001
   7.82222 166.92737   9.4883991899E-001
   7.82222 167.93296   9.5629557511E-001
   7.82222 168.93855   9.6318907718E-001
   7.82222 169.94413   9.6951193245E-001
   7.82222 170.94972   9.7525635117E-001
   7.82222 171.95531   9.8041525627E-001
   7.82222 172.96089   9.8498229199E-001
   7.82222 173.96648   9.8895183176E-001
   7.82222 174.97207   9.9231898512E-001
   7.82222 175.97765   9.9507960377E-001
   7.82222 176.98324   9.9723028663E-001
   7.82222 177.98883   9.9876838406E-001
   7.82222 178.99441   9.9969200115E-001
   7.82222 180.00000   1.0000000000E+000

   7.88485   0.00000   4.8016951974E-310
   7.88485   1.00559   9.9969200115E-001
   7.88485   2.01117   9.9876838406E-001
   7.88485   3.01676   9.9723028663E-001
   7.88485   4.02235   9.9507960377E-001
   7.88485   5.02793   9.9231898512E-001
   7.88485   6.03352   9.8895183176E-001
   7.88485   7.03911   9.8498229199E-001
   7.88485   8.04469   9.8041525627E-001
   7.88485   9.05028   9.7525635117E-001
   7.88485  10.05587   9.6951193245E-001
   7.88485  11.06145   9.6318907718E-001
   7.88485  12.06704   9.5629557511E-001
   7.88485  13.07263   9.4883991899E-001
   7.88485  14.07821   9.4083129416E-001
   7.88485  15.08380   9.3227956721E-001
   7.88485  16.08939   9.2319527383E-001
   7.88485  17.09497   9.1358960582E-001
   7.88485  18.10056   9.0347439733E-001
   7.88485  19.10615   8.9286211024E-001
   7.88485  20.11173   8.8176581883E-001
   7.88485  21.11732   8.7019919371E-001
   7.88485  22.12291   8.5817648488E-001
   7.88485  23.12849   8.4571250427E-001
   7.88485  24.13408   8.3282260745E-001
   7.88485  25.13966   8.1952267472E-001
   7.88485  26.14525   8.0582909152E-001
   7.88485  27.15084   7.9175872829E-001
   7.88485  28.15642   7.7732891966E-001
   7.88485  29.16201   7.6255744307E-001
   7.88485  30.16760   7.4746249693E-001
   7.88485  31.17318   7.3206267813E-001
   7.88485  32.17877   7.1637695918E-001
   7.88485  33.18436   7.0042466481E-001
   7.88485  34.18994   6.8422544818E-001
   7.88485  35.19553   6.6779926665E-001
   7.88485  36.20112   6.5116635720E-001
   7.88485  37.20670   6.3434721149E-001
   7.88485  38.21229   6.1736255064E-001
   7.88485  39.21788   6.0023329966E-001
   7.88485  40.22346   5.8298056172E-001
   7.88485  41.22905   5.6562559212E-001
   7.88485  42.23464   5.4818977208E-001
   7.88485  43.24022   5.3069458247E-001
   7.88485  44.24581   5.1316157728E-001
   7.88485  45.25140   4.9561235708E-001
   7.88485  46.25698   4.7806854244E-001
   7.88485  47.26257   4.6055174725E-001
   7.88485  48.26816   4.4308355213E-001
   7.88485  49.27374   4.2568547781E-001
   7.88485  50.27933   4.0837895863E-001
   7.88485  51.28492   3.9118531616E-001
   7.88485  52.29050   3.7412573288E-001
   7.88485  53.29609   3.5722122611E-001
   7.88485  54.30168   3.4049262214E-001
   7.88485  55.30726   3.2396053052E-001
   7.88485  56.31285   3.0764531871E-001
   7.88485  57.31844   2.9156708699E-001
   7.88485  58.32402   2.7574564365E-001
   7.88485  59.32961   2.6020048064E-001
   7.88485  60.33520   2.4495074954E-001
   7.88485  61.34078   2.3001523794E-001
   7.88485  62.34637   2.1541234632E-001
   7.88485  63.35196   2.0116006537E-001
   7.88485  64.35754   1.8727595385E-001
   7.88485  65.36313   1.7377711691E-001
   7.88485  66.36872   1.6068018506E-001
   7.88485  67.37430   1.4800129365E-001
   7.88485  68.37989   1.3575606303E-001
   7.88485  69.38547   1.2395957926E-001
   7.88485  70.39106   1.1262637556E-001
   7.88485  71.39665   1.0177041437E-001
   7.88485  72.40223   9.1405070194E-002
   7.88485  73.40782   8.1543113090E-002
   7.88485  74.41341   7.2196692940E-002
   7.88485  75.41899   6.3377324492E-002
   7.88485  76.42458   5.5095873167E-002
   7.88485  77.43017   4.7362541675E-002
   7.88485  78.43575   4.0186857444E-002
   7.88485  79.44134   3.3577660884E-002
   7.88485  80.44693   2.7543094495E-002
   7.88485  81.45251   2.2090592836E-002
   7.88485  82.45810   1.7226873362E-002
   7.88485  83.46369   1.2957928154E-002
   7.88485  84.46927   9.2890165331E-003
   7.88485  85.47486   6.2246585807E-003
   7.88485  86.48045   3.7686295721E-003
   7.88485  87.48603   1.9239553236E-003
   7.88485  88.49162   6.9290846547E-004
   7.88485  89.49721   7.7005641668E-005
   7.88485  90.50279   7.7005641668E-005
   7.88485  91.50838   6.9290846547E-004
   7.88485  92.51397   1.9239553236E-003
   7.88485  93.51955   3.7686295721E-003
   7.88485  94.52514   6.2246585807E-003
   7.88485  95.53073   9.2890165331E-003
   7.88485  96.53631   1.2957928154E-002
   7.88485  97.54190   1.7226873362E-002
   7.88485  98.54749   2.2090592836E-002
   7.88485  99.55307   2.7543094495E-002
   7.88485 100.55866   3.3577660884E-002
   7.88485 101.56425   4.0186857444E-002
   7.88485 102.56983   4.7362541675E-002
   7.88485 103.57542   5.5095873167E-002
   7.88485 104.58101   6.3377324492E-002
   7.88485 105.58659   7.2196692940E-002
   7.88485 106.59218   8.1543113090E-002
   7.88485 107.59777   9.1405070194E-002
   7.88485 108.60335   1.0177041437E-001
   7.88485 109.60894   1.1262637556E-001
   7.88485 110.61453   1.2395957926E-001
   7.88485 111.62011   1.3575606303E-001
   7.88485 112.62570   1.4800129365E-001
   7.88485 113.63128   1.6068018506E-001
   7.88485 114.63687   1.7377711691E-001
   7.88485 115.64246   1.8727595385E-001
   7.88485 116.64804   2.0116006537E-001
   7.88485 117.65363   2.1541234632E-001
   7.88485 118.65922   2.3001523794E-001
   7.88485 119.66480   2.4495074954E-001
   7.88485 120.67039   2.6020048064E-001
   7.88485 121.67598   2.7574564365E-001
   7.88485 122.68156   2.9156708699E-001
   7.88485 123.68715   3.0764531871E-001
   7.88485 124.69274   3.2396053052E-001
   7.88485 125.69832   3.4049262214E-001
   7.88485 126.70391   3.5722122611E-001
   7.88485 127.70950   3.7412573288E-001
   7.88485 128.71508   3.9118531616E-001
   7.88485 129.72067   4.0837895863E-001
   7.88485 130.72626   4.2568547781E-001
   7.88485 131.73184   4.4308355213E-001
   7.88485 132.73743   4.6055174725E-001
   7.88485 133.74302   4.7806854244E-001
   7.88485 134.74860   4.9561235708E-001
   7.88485 135.75419   5.1316157728E-001
   7.88485 136.75978   5.3069458247E-001
   7.88485 137.76536   5.4818977208E-001
   7.88485 138.77095   5.6562559212E-001
   7.88485 139.77654   5.8298056172E-001
   7.88485 140.78212   6.0023329966E-001
   7.88485 141.78771   6.1736255064E-001
   7.88485 142.79330   6.3434721149E-001
   7.88485 143.79888   6.5116635720E-001
   7.88485 144.80447   6.6779926665E-001
   7.88485 145.81006   6.8422544818E-001
   7.88485 146.81564   7.0042466481E-001
   7.88485 147.82123   7.1637695918E-001
   7.88485 148.82682   7.3206267813E-001
   7.88485 149.83240   7.4746249693E-001
   7.88485 150.83799   7.6255744307E-001
   7.88485 151.84358   7.7732891966E-001
   7.88485 152.84916   7.9175872829E-001
   7.88485 153.85475   8.0582909152E-001
   7.88485 154.86034   8.1952267472E-001
   7.88485 155.86592   8.3282260745E-001
   7.88485 156.87151   8.4571250427E-001
   7.88485 157.87709   8.5817648488E-001
   7.88485 158.88268   8.7019919371E-001
   7.88485 159.88827   8.8176581883E-001
   7.88485 160.89385   8.9286211024E-001
   7.88485 161.89944   9.0347439733E-001
   7.88485 162.90503   9.1358960582E-001
   7.88485 163.91061   9.2319527383E-001
   7.88485 164.91620   9.3227956721E-001
   7.88485 165.92179   9.4083129416E-001
   7.88485 166.92737   9.4883991899E-001
   7.88485 167.93296   9.5629557511E-001
   7.88485 168.93855   9.6318907718E-001
   7.88485 169.94413   9.6951193245E-001
   7.88485 170.94972   9.7525635117E-001
   7.88485 171.95531   9.8041525627E-001
   7.88485 172.96089   9.8498229199E-001
   7.88485 173.96648   9.8895183176E-001
   7.88485 174.97207   9.9231898512E-001
   7.88485 175.97765   9.9507960377E-001
   7.88485 176.98324   9.9723028663E-001
   7.88485 177.98883   9.9876838406E-001
   7.88485 178.99441   9.9969200115E-001
   7.88485 180.00000   1.0000000000E+000

   7.94747   0.00000   4.8016951974E-310
   7.94747   1.00559   9.9969200115E-001
   7.94747   2.01117   9.9876838406E-001
   7.94747   3.01676   9.9723028663E-001
   7.94747   4.02235   9.9507960377E-001
   7.94747   5.02793   9.9231898512E-001
   7.94747   6.03352   9.8895183176E-001
   7.94747   7.03911   9.8498229199E-001
   7.94747   8.04469   9.8041525627E-001
   7.94747   9.05028   9.7525635117E-001
   7.94747  10.05587   9.6951193245E-001
   7.94747  11.06145   9.6318907718E-001
   7.94747  12.06704   9.5629557511E-001
   7.94747  13.07263   9.4883991899E-001
   7.94747  14.07821   9.4083129416E-001
   7.94747  15.08380   9.3227956721E-001
   7.94747  16.08939   9.2319527383E-001
   7.94747  17.09497   9.1358960582E-001
   7.94747  18.10056   9.0347439733E-001
   7.94747  19.10615   8.9286211024E-001
   7.94747  20.11173   8.8176581883E-001
   7.94747  21.11732   8.7019919371E-001
   7.94747  22.12291   8.5817648488E-001
   7.94747  23.12849   8.4571250427E-001
   7.94747  24.13408   8.3282260745E-001
   7.94747  25.13966   8.1952267472E-001
   7.94747  26.14525   8.0582909152E-001
   7.94747  27.15084   7.9175872829E-001
   7.94747  28.15642   7.7732891966E-001
   7.94747  29.16201   7.6255744307E-001
   7.94747  30.16760   7.4746249693E-001
   7.94747  31.17318   7.3206267813E-001
   7.94747  32.17877   7.1637695918E-001
   7.94747  33.18436   7.0042466481E-001
   7.94747  34.18994   6.8422544818E-001
   7.94747  35.19553   6.6779926665E-001
   7.94747  36.20112   6.5116635720E-001
   7.94747  37.20670   6.3434721149E-001
   7.94747  38.21229   6.1736255064E-001
   7.94747  39.21788   6.0023329966E-001
   7.94747  40.22346   5.8298056172E-001
   7.94747  41.22905   5.6562559212E-001
   7.94747  42.23464   5.4818977208E-001
   7.94747  43.24022   5.3069458247E-001
   7.94747  44.24581   5.1316157728E-001
   7.94747  45.25140   4.9561235708E-001
   7.94747  46.25698   4.7806854244E-001
   7.94747  47.26257   4.6055174725E-001
   7.94747  48.26816   4.4308355213E-001
   7.94747  49.27374   4.2568547781E-001
   7.94747  50.27933   4.0837895863E-001
   7.94747  51.28492   3.9118531616E-001
   7.94747  52.29050   3.7412573288E-001
   7.94747  53.29609   3.5722122611E-001
   7.94747  54.30168   3.4049262214E-001
   7.94747  55.30726   3.2396053052E-001
   7.94747  56.31285   3.0764531871E-001
   7.94747  57.31844   2.9156708699E-001
   7.94747  58.32402   2.7574564365E-001
   7.94747  59.32961   2.6020048064E-001
   7.94747  60.33520   2.4495074954E-001
   7.94747  61.34078   2.3001523794E-001
   7.94747  62.34637   2.1541234632E-001
   7.94747  63.35196   2.0116006537E-001
   7.94747  64.35754   1.8727595385E-001
   7.94747  65.36313   1.7377711691E-001
   7.94747  66.36872   1.6068018506E-001
   7.94747  67.37430   1.4800129365E-001
   7.94747  68.37989   1.3575606303E-001
   7.94747  69.38547   1.2395957926E-001
   7.94747  70.39106   1.1262637556E-001
   7.94747  71.39665   1.0177041437E-001
   7.94747  72.40223   9.1405070194E-002
   7.94747  73.40782   8.1543113090E-002
   7.94747  74.41341   7.2196692940E-002
   7.94747  75.41899   6.3377324492E-002
   7.94747  76.42458   5.5095873167E-002
   7.94747  77.43017   4.7362541675E-002
   7.94747  78.43575   4.0186857444E-002
   7.94747  79.44134   3.3577660884E-002
   7.94747  80.44693   2.7543094495E-002
   7.94747  81.45251   2.2090592836E-002
   7.94747  82.45810   1.7226873362E-002
   7.94747  83.46369   1.2957928154E-002
   7.94747  84.46927   9.2890165331E-003
   7.94747  85.47486   6.2246585807E-003
   7.94747  86.48045   3.7686295721E-003
   7.94747  87.48603   1.9239553236E-003
   7.94747  88.49162   6.9290846547E-004
   7.94747  89.49721   7.7005641668E-005
   7.94747  90.50279   7.7005641668E-005
   7.94747  91.50838   6.9290846547E-004
   7.94747  92.51397   1.9239553236E-003
   7.94747  93.51955   3.7686295721E-003
   7.94747  94.52514   6.2246585807E-003
   7.94747  95.53073   9.2890165331E-003
   7.94747  96.53631   1.2957928154E-002
   7.94747  97.54190   1.7226873362E-002
   7.94747  98.54749   2.2090592836E-002
   7.94747  99.55307   2.7543094495E-002
   7.94747 100.55866   3.3577660884E-002
   7.94747 101.56425   4.0186857444E-002
   7.94747 102.56983   4.7362541675E-002
   7.94747 103.57542   5.5095873167E-002
   7.94747 104.58101   6.3377324492E-002
   7.94747 105.58659   7.2196692940E-002
   7.94747 106.59218   8.1543113090E-002
   7.94747 107.59777   9.1405070194E-002
   7.94747 108.60335   1.0177041437E-001
   7.94747 109.60894   1.1262637556E-001
   7.94747 110.61453   1.2395957926E-001
   7.94747 111.62011   1.3575606303E-001
   7.94747 112.62570   1.4800129365E-001
   7.94747 113.63128   1.6068018506E-001
   7.94747 114.63687   1.7377711691E-001
   7.94747 115.64246   1.8727595385E-001
   7.94747 116.64804   2.0116006537E-001
   7.94747 117.65363   2.1541234632E-001
   7.94747 118.65922   2.3001523794E-001
   7.94747 119.66480   2.4495074954E-001
   7.94747 120.67039   2.6020048064E-001
   7.94747 121.67598   2.7574564365E-001
   7.94747 122.68156   2.9156708699E-001
   7.94747 123.68715   3.0764531871E-001
   7.94747 124.69274   3.2396053052E-001
   7.94747 125.69832   3.4049262214E-001
   7.94747 126.70391   3.5722122611E-001
   7.94747 127.70950   3.7412573288E-001
   7.94747 128.71508   3.9118531616E-001
   7.94747 129.72067   4.0837895863E-001
   7.94747 130.72626   4.2568547781E-001
   7.94747 131.73184   4.4308355213E-001
   7.94747 132.73743   4.6055174725E-001
   7.94747 133.74302   4.7806854244E-001
   7.94747 134.74860   4.9561235708E-001
   7.94747 135.75419   5.1316157728E-001
   7.94747 136.75978   5.3069458247E-001
   7.94747 137.76536   5.4818977208E-001
   7.94747 138.77095   5.6562559212E-001
   7.94747 139.77654   5.8298056172E-001
   7.94747 140.78212   6.0023329966E-001
   7.94747 141.78771   6.1736255064E-001
   7.94747 142.79330   6.3434721149E-001
   7.94747 143.79888   6.5116635720E-001
   7.94747 144.80447   6.6779926665E-001
   7.94747 145.81006   6.8422544818E-001
   7.94747 146.81564   7.0042466481E-001
   7.94747 147.82123   7.1637695918E-001
   7.94747 148.82682   7.3206267813E-001
   7.94747 149.83240   7.4746249693E-001
   7.94747 150.83799   7.6255744307E-001
   7.94747 151.84358   7.7732891966E-001
   7.94747 152.84916   7.9175872829E-001
   7.94747 153.85475   8.0582909152E-001
   7.94747 154.86034   8.1952267472E-001
   7.94747 155.86592   8.3282260745E-001
   7.94747 156.87151   8.4571250427E-001
   7.94747 157.87709   8.5817648488E-001
   7.94747 158.88268   8.7019919371E-001
   7.94747 159.88827   8.8176581883E-001
   7.94747 160.89385   8.9286211024E-001
   7.94747 161.89944   9.0347439733E-001
   7.94747 162.90503   9.1358960582E-001
   7.94747 163.91061   9.2319527383E-001
   7.94747 164.91620   9.3227956721E-001
   7.94747 165.92179   9.4083129416E-001
   7.94747 166.92737   9.4883991899E-001
   7.94747 167.93296   9.5629557511E-001
   7.94747 168.93855   9.6318907718E-001
   7.94747 169.94413   9.6951193245E-001
   7.94747 170.94972   9.7525635117E-001
   7.94747 171.95531   9.8041525627E-001
   7.94747 172.96089   9.8498229199E-001
   7.94747 173.96648   9.8895183176E-001
   7.94747 174.97207   9.9231898512E-001
   7.94747 175.97765   9.9507960377E-001
   7.94747 176.98324   9.9723028663E-001
   7.94747 177.98883   9.9876838406E-001
   7.94747 178.99441   9.9969200115E-001
   7.94747 180.00000   1.0000000000E+000

   8.01010   0.00000   4.8016951974E-310
   8.01010   1.00559   9.9969200115E-001
   8.01010   2.01117   9.9876838406E-001
   8.01010   3.01676   9.9723028663E-001
   8.01010   4.02235   9.9507960377E-001
   8.01010   5.02793   9.9231898512E-001
   8.01010   6.03352   9.8895183176E-001
   8.01010   7.03911   9.8498229199E-001
   8.01010   8.04469   9.8041525627E-001
   8.01010   9.05028   9.7525635117E-001
   8.01010  10.05587   9.6951193245E-001
   8.01010  11.06145   9.6318907718E-001
   8.01010  12.06704   9.5629557511E-001
   8.01010  13.07263   9.4883991899E-001
   8.01010  14.07821   9.4083129416E-001
   8.01010  15.08380   9.3227956721E-001
   8.01010  16.08939   9.2319527383E-001
   8.01010  17.09497   9.1358960582E-001
   8.01010  18.10056   9.0347439733E-001
   8.01010  19.10615   8.9286211024E-001
   8.01010  20.11173   8.8176581883E-001
   8.01010  21.11732   8.7019919371E-001
   8.01010  22.12291   8.5817648488E-001
   8.01010  23.12849   8.4571250427E-001
   8.01010  24.13408   8.3282260745E-001
   8.01010  25.13966   8.1952267472E-001
   8.01010  26.14525   8.0582909152E-001
   8.01010  27.15084   7.9175872829E-001
   8.01010  28.15642   7.7732891966E-001
   8.01010  29.16201   7.6255744307E-001
   8.01010  30.16760   7.4746249693E-001
   8.01010  31.17318   7.3206267813E-001
   8.01010  32.17877   7.1637695918E-001
   8.01010  33.18436   7.0042466481E-001
   8.01010  34.18994   6.8422544818E-001
   8.01010  35.19553   6.6779926665E-001
   8.01010  36.20112   6.5116635720E-001
   8.01010  37.20670   6.3434721149E-001
   8.01010  38.21229   6.1736255064E-001
   8.01010  39.21788   6.0023329966E-001
   8.01010  40.22346   5.8298056172E-001
   8.01010  41.22905   5.6562559212E-001
   8.01010  42.23464   5.4818977208E-001
   8.01010  43.24022   5.3069458247E-001
   8.01010  44.24581   5.1316157728E-001
   8.01010  45.25140   4.9561235708E-001
   8.01010  46.25698   4.7806854244E-001
   8.01010  47.26257   4.6055174725E-001
   8.01010  48.26816   4.4308355213E-001
   8.01010  49.27374   4.2568547781E-001
   8.01010  50.27933   4.0837895863E-001
   8.01010  51.28492   3.9118531616E-001
   8.01010  52.29050   3.7412573288E-001
   8.01010  53.29609   3.5722122611E-001
   8.01010  54.30168   3.4049262214E-001
   8.01010  55.30726   3.2396053052E-001
   8.01010  56.31285   3.0764531871E-001
   8.01010  57.31844   2.9156708699E-001
   8.01010  58.32402   2.7574564365E-001
   8.01010  59.32961   2.6020048064E-001
   8.01010  60.33520   2.4495074954E-001
   8.01010  61.34078   2.3001523794E-001
   8.01010  62.34637   2.1541234632E-001
   8.01010  63.35196   2.0116006537E-001
   8.01010  64.35754   1.8727595385E-001
   8.01010  65.36313   1.7377711691E-001
   8.01010  66.36872   1.6068018506E-001
   8.01010  67.37430   1.4800129365E-001
   8.01010  68.37989   1.3575606303E-001
   8.01010  69.38547   1.2395957926E-001
   8.01010  70.39106   1.1262637556E-001
   8.01010  71.39665   1.0177041437E-001
   8.01010  72.40223   9.1405070194E-002
   8.01010  73.40782   8.1543113090E-002
   8.01010  74.41341   7.2196692940E-002
   8.01010  75.41899   6.3377324492E-002
   8.01010  76.42458   5.5095873167E-002
   8.01010  77.43017   4.7362541675E-002
   8.01010  78.43575   4.0186857444E-002
   8.01010  79.44134   3.3577660884E-002
   8.01010  80.44693   2.7543094495E-002
   8.01010  81.45251   2.2090592836E-002
   8.01010  82.45810   1.7226873362E-002
   8.01010  83.46369   1.2957928154E-002
   8.01010  84.46927   9.2890165331E-003
   8.01010  85.47486   6.2246585807E-003
   8.01010  86.48045   3.7686295721E-003
   8.01010  87.48603   1.9239553236E-003
   8.01010  88.49162   6.9290846547E-004
   8.01010  89.49721   7.7005641668E-005
   8.01010  90.50279   7.7005641668E-005
   8.01010  91.50838   6.9290846547E-004
   8.01010  92.51397   1.9239553236E-003
   8.01010  93.51955   3.7686295721E-003
   8.01010  94.52514   6.2246585807E-003
   8.01010  95.53073   9.2890165331E-003
   8.01010  96.53631   1.2957928154E-002
   8.01010  97.54190   1.7226873362E-002
   8.01010  98.54749   2.2090592836E-002
   8.01010  99.55307   2.7543094495E-002
   8.01010 100.55866   3.3577660884E-002
   8.01010 101.56425   4.0186857444E-002
   8.01010 102.56983   4.7362541675E-002
   8.01010 103.57542   5.5095873167E-002
   8.01010 104.58101   6.3377324492E-002
   8.01010 105.58659   7.2196692940E-002
   8.01010 106.59218   8.1543113090E-002
   8.01010 107.59777   9.1405070194E-002
   8.01010 108.60335   1.0177041437E-001
   8.01010 109.60894   1.1262637556E-001
   8.01010 110.61453   1.2395957926E-001
   8.01010 111.62011   1.3575606303E-001
   8.01010 112.62570   1.4800129365E-001
   8.01010 113.63128   1.6068018506E-001
   8.01010 114.63687   1.7377711691E-001
   8.01010 115.64246   1.8727595385E-001
   8.01010 116.64804   2.0116006537E-001
   8.01010 117.65363   2.1541234632E-001
   8.01010 118.65922   2.3001523794E-001
   8.01010 119.66480   2.4495074954E-001
   8.01010 120.67039   2.6020048064E-001
   8.01010 121.67598   2.7574564365E-001
   8.01010 122.68156   2.9156708699E-001
   8.01010 123.68715   3.0764531871E-001
   8.01010 124.69274   3.2396053052E-001
   8.01010 125.69832   3.4049262214E-001
   8.01010 126.70391   3.5722122611E-001
   8.01010 127.70950   3.7412573288E-001
   8.01010 128.71508   3.9118531616E-001
   8.01010 129.72067   4.0837895863E-001
   8.01010 130.72626   4.2568547781E-001
   8.01010 131.73184   4.4308355213E-001
   8.01010 132.73743   4.6055174725E-001
   8.01010 133.74302   4.7806854244E-001
   8.01010 134.74860   4.9561235708E-001
   8.01010 135.75419   5.1316157728E-001
   8.01010 136.75978   5.3069458247E-001
   8.01010 137.76536   5.4818977208E-001
   8.01010 138.77095   5.6562559212E-001
   8.01010 139.77654   5.8298056172E-001
   8.01010 140.78212   6.0023329966E-001
   8.01010 141.78771   6.1736255064E-001
   8.01010 142.79330   6.3434721149E-001
   8.01010 143.79888   6.5116635720E-001
   8.01010 144.80447   6.6779926665E-001
   8.01010 145.81006   6.8422544818E-001
   8.01010 146.81564   7.0042466481E-001
   8.01010 147.82123   7.1637695918E-001
   8.01010 148.82682   7.3206267813E-001
   8.01010 149.83240   7.4746249693E-001
   8.01010 150.83799   7.6255744307E-001
   8.01010 151.84358   7.7732891966E-001
   8.01010 152.84916   7.9175872829E-001
   8.01010 153.85475   8.0582909152E-001
   8.01010 154.86034   8.1952267472E-001
   8.01010 155.86592   8.3282260745E-001
   8.01010 156.87151   8.4571250427E-001
   8.01010 157.87709   8.5817648488E-001
   8.01010 158.88268   8.7019919371E-001
   8.01010 159.88827   8.8176581883E-001
   8.01010 160.89385   8.9286211024E-001
   8.01010 161.89944   9.0347439733E-001
   8.01010 162.90503   9.1358960582E-001
   8.01010 163.91061   9.2319527383E-001
   8.01010 164.91620   9.3227956721E-001
   8.01010 165.92179   9.4083129416E-001
   8.01010 166.92737   9.4883991899E-001
   8.01010 167.93296   9.5629557511E-001
   8.01010 168.93855   9.6318907718E-001
   8.01010 169.94413   9.6951193245E-001
   8.01010 170.94972   9.7525635117E-001
   8.01010 171.95531   9.8041525627E-001
   8.01010 172.96089   9.8498229199E-001
   8.01010 173.96648   9.8895183176E-001
   8.01010 174.97207   9.9231898512E-001
   8.01010 175.97765   9.9507960377E-001
   8.01010 176.98324   9.9723028663E-001
   8.01010 177.98883   9.9876838406E-001
   8.01010 178.99441   9.9969200115E-001
   8.01010 180.00000   1.0000000000E+000

   8.07273   0.00000   4.8016951974E-310
   8.07273   1.00559   9.9969200115E-001
   8.07273   2.01117   9.9876838406E-001
   8.07273   3.01676   9.9723028663E-001
   8.07273   4.02235   9.9507960377E-001
   8.07273   5.02793   9.9231898512E-001
   8.07273   6.03352   9.8895183176E-001
   8.07273   7.03911   9.8498229199E-001
   8.07273   8.04469   9.8041525627E-001
   8.07273   9.05028   9.7525635117E-001
   8.07273  10.05587   9.6951193245E-001
   8.07273  11.06145   9.6318907718E-001
   8.07273  12.06704   9.5629557511E-001
   8.07273  13.07263   9.4883991899E-001
   8.07273  14.07821   9.4083129416E-001
   8.07273  15.08380   9.3227956721E-001
   8.07273  16.08939   9.2319527383E-001
   8.07273  17.09497   9.1358960582E-001
   8.07273  18.10056   9.0347439733E-001
   8.07273  19.10615   8.9286211024E-001
   8.07273  20.11173   8.8176581883E-001
   8.07273  21.11732   8.7019919371E-001
   8.07273  22.12291   8.5817648488E-001
   8.07273  23.12849   8.4571250427E-001
   8.07273  24.13408   8.3282260745E-001
   8.07273  25.13966   8.1952267472E-001
   8.07273  26.14525   8.0582909152E-001
   8.07273  27.15084   7.9175872829E-001
   8.07273  28.15642   7.7732891966E-001
   8.07273  29.16201   7.6255744307E-001
   8.07273  30.16760   7.4746249693E-001
   8.07273  31.17318   7.3206267813E-001
   8.07273  32.17877   7.1637695918E-001
   8.07273  33.18436   7.0042466481E-001
   8.07273  34.18994   6.8422544818E-001
   8.07273  35.19553   6.6779926665E-001
   8.07273  36.20112   6.5116635720E-001
   8.07273  37.20670   6.3434721149E-001
   8.07273  38.21229   6.1736255064E-001
   8.07273  39.21788   6.0023329966E-001
   8.07273  40.22346   5.8298056172E-001
   8.07273  41.22905   5.6562559212E-001
   8.07273  42.23464   5.4818977208E-001
   8.07273  43.24022   5.3069458247E-001
   8.07273  44.24581   5.1316157728E-001
   8.07273  45.25140   4.9561235708E-001
   8.07273  46.25698   4.7806854244E-001
   8.07273  47.26257   4.6055174725E-001
   8.07273  48.26816   4.4308355213E-001
   8.07273  49.27374   4.2568547781E-001
   8.07273  50.27933   4.0837895863E-001
   8.07273  51.28492   3.9118531616E-001
   8.07273  52.29050   3.7412573288E-001
   8.07273  53.29609   3.5722122611E-001
   8.07273  54.30168   3.4049262214E-001
   8.07273  55.30726   3.2396053052E-001
   8.07273  56.31285   3.0764531871E-001
   8.07273  57.31844   2.9156708699E-001
   8.07273  58.32402   2.7574564365E-001
   8.07273  59.32961   2.6020048064E-001
   8.07273  60.33520   2.4495074954E-001
   8.07273  61.34078   2.3001523794E-001
   8.07273  62.34637   2.1541234632E-001
   8.07273  63.35196   2.0116006537E-001
   8.07273  64.35754   1.8727595385E-001
   8.07273  65.36313   1.7377711691E-001
   8.07273  66.36872   1.6068018506E-001
   8.07273  67.37430   1.4800129365E-001
   8.07273  68.37989   1.3575606303E-001
   8.07273  69.38547   1.2395957926E-001
   8.07273  70.39106   1.1262637556E-001
   8.07273  71.39665   1.0177041437E-001
   8.07273  72.40223   9.1405070194E-002
   8.07273  73.40782   8.1543113090E-002
   8.07273  74.41341   7.2196692940E-002
   8.07273  75.41899   6.3377324492E-002
   8.07273  76.42458   5.5095873167E-002
   8.07273  77.43017   4.7362541675E-002
   8.07273  78.43575   4.0186857444E-002
   8.07273  79.44134   3.3577660884E-002
   8.07273  80.44693   2.7543094495E-002
   8.07273  81.45251   2.2090592836E-002
   8.07273  82.45810   1.7226873362E-002
   8.07273  83.46369   1.2957928154E-002
   8.07273  84.46927   9.2890165331E-003
   8.07273  85.47486   6.2246585807E-003
   8.07273  86.48045   3.7686295721E-003
   8.07273  87.48603   1.9239553236E-003
   8.07273  88.49162   6.9290846547E-004
   8.07273  89.49721   7.7005641668E-005
   8.07273  90.50279   7.7005641668E-005
   8.07273  91.50838   6.9290846547E-004
   8.07273  92.51397   1.9239553236E-003
   8.07273  93.51955   3.7686295721E-003
   8.07273  94.52514   6.2246585807E-003
   8.07273  95.53073   9.2890165331E-003
   8.07273  96.53631   1.2957928154E-002
   8.07273  97.54190   1.7226873362E-002
   8.07273  98.54749   2.2090592836E-002
   8.07273  99.55307   2.7543094495E-002
   8.07273 100.55866   3.3577660884E-002
   8.07273 101.56425   4.0186857444E-002
   8.07273 102.56983   4.7362541675E-002
   8.07273 103.57542   5.5095873167E-002
   8.07273 104.58101   6.3377324492E-002
   8.07273 105.58659   7.2196692940E-002
   8.07273 106.59218   8.1543113090E-002
   8.07273 107.59777   9.1405070194E-002
   8.07273 108.60335   1.0177041437E-001
   8.07273 109.60894   1.1262637556E-001
   8.07273 110.61453   1.2395957926E-001
   8.07273 111.62011   1.3575606303E-001
   8.07273 112.62570   1.4800129365E-001
   8.07273 113.63128   1.6068018506E-001
   8.07273 114.63687   1.7377711691E-001
   8.07273 115.64246   1.8727595385E-001
   8.07273 116.64804   2.0116006537E-001
   8.07273 117.65363   2.1541234632E-001
   8.07273 118.65922   2.3001523794E-001
   8.07273 119.66480   2.4495074954E-001
   8.07273 120.67039   2.6020048064E-001
   8.07273 121.67598   2.7574564365E-001
   8.07273 122.68156   2.9156708699E-001
   8.07273 123.68715   3.0764531871E-001
   8.07273 124.69274   3.2396053052E-001
   8.07273 125.69832   3.4049262214E-001
   8.07273 126.70391   3.5722122611E-001
   8.07273 127.70950   3.7412573288E-001
   8.07273 128.71508   3.9118531616E-001
   8.07273 129.72067   4.0837895863E-001
   8.07273 130.72626   4.2568547781E-001
   8.07273 131.73184   4.4308355213E-001
   8.07273 132.73743   4.6055174725E-001
   8.07273 133.74302   4.7806854244E-001
   8.07273 134.74860   4.9561235708E-001
   8.07273 135.75419   5.1316157728E-001
   8.07273 136.75978   5.3069458247E-001
   8.07273 137.76536   5.4818977208E-001
   8.07273 138.77095   5.6562559212E-001
   8.07273 139.77654   5.8298056172E-001
   8.07273 140.78212   6.0023329966E-001
   8.07273 141.78771   6.1736255064E-001
   8.07273 142.79330   6.3434721149E-001
   8.07273 143.79888   6.5116635720E-001
   8.07273 144.80447   6.6779926665E-001
   8.07273 145.81006   6.8422544818E-001
   8.07273 146.81564   7.0042466481E-001
   8.07273 147.82123   7.1637695918E-001
   8.07273 148.82682   7.3206267813E-001
   8.07273 149.83240   7.4746249693E-001
   8.07273 150.83799   7.6255744307E-001
   8.07273 151.84358   7.7732891966E-001
   8.07273 152.84916   7.9175872829E-001
   8.07273 153.85475   8.0582909152E-001
   8.07273 154.86034   8.1952267472E-001
   8.07273 155.86592   8.3282260745E-001
   8.07273 156.87151   8.4571250427E-001
   8.07273 157.87709   8.5817648488E-001
   8.07273 158.88268   8.7019919371E-001
   8.07273 159.88827   8.8176581883E-001
   8.07273 160.89385   8.9286211024E-001
   8.07273 161.89944   9.0347439733E-001
   8.07273 162.90503   9.1358960582E-001
   8.07273 163.91061   9.2319527383E-001
   8.07273 164.91620   9.3227956721E-001
   8.07273 165.92179   9.4083129416E-001
   8.07273 166.92737   9.4883991899E-001
   8.07273 167.93296   9.5629557511E-001
   8.07273 168.93855   9.6318907718E-001
   8.07273 169.94413   9.6951193245E-001
   8.07273 170.94972   9.7525635117E-001
   8.07273 171.95531   9.8041525627E-001
   8.07273 172.96089   9.8498229199E-001
   8.07273 173.96648   9.8895183176E-001
   8.07273 174.97207   9.9231898512E-001
   8.07273 175.97765   9.9507960377E-001
   8.07273 176.98324   9.9723028663E-001
   8.07273 177.98883   9.9876838406E-001
   8.07273 178.99441   9.9969200115E-001
   8.07273 180.00000   1.0000000000E+000

   8.13535   0.00000   4.8016951974E-310
   8.13535   1.00559   9.9969200115E-001
   8.13535   2.01117   9.9876838406E-001
   8.13535   3.01676   9.9723028663E-001
   8.13535   4.02235   9.9507960377E-001
   8.13535   5.02793   9.9231898512E-001
   8.13535   6.03352   9.8895183176E-001
   8.13535   7.03911   9.8498229199E-001
   8.13535   8.04469   9.8041525627E-001
   8.13535   9.05028   9.7525635117E-001
   8.13535  10.05587   9.6951193245E-001
   8.13535  11.06145   9.6318907718E-001
   8.13535  12.06704   9.5629557511E-001
   8.13535  13.07263   9.4883991899E-001
   8.13535  14.07821   9.4083129416E-001
   8.13535  15.08380   9.3227956721E-001
   8.13535  16.08939   9.2319527383E-001
   8.13535  17.09497   9.1358960582E-001
   8.13535  18.10056   9.0347439733E-001
   8.13535  19.10615   8.9286211024E-001
   8.13535  20.11173   8.8176581883E-001
   8.13535  21.11732   8.7019919371E-001
   8.13535  22.12291   8.5817648488E-001
   8.13535  23.12849   8.4571250427E-001
   8.13535  24.13408   8.3282260745E-001
   8.13535  25.13966   8.1952267472E-001
   8.13535  26.14525   8.0582909152E-001
   8.13535  27.15084   7.9175872829E-001
   8.13535  28.15642   7.7732891966E-001
   8.13535  29.16201   7.6255744307E-001
   8.13535  30.16760   7.4746249693E-001
   8.13535  31.17318   7.3206267813E-001
   8.13535  32.17877   7.1637695918E-001
   8.13535  33.18436   7.0042466481E-001
   8.13535  34.18994   6.8422544818E-001
   8.13535  35.19553   6.6779926665E-001
   8.13535  36.20112   6.5116635720E-001
   8.13535  37.20670   6.3434721149E-001
   8.13535  38.21229   6.1736255064E-001
   8.13535  39.21788   6.0023329966E-001
   8.13535  40.22346   5.8298056172E-001
   8.13535  41.22905   5.6562559212E-001
   8.13535  42.23464   5.4818977208E-001
   8.13535  43.24022   5.3069458247E-001
   8.13535  44.24581   5.1316157728E-001
   8.13535  45.25140   4.9561235708E-001
   8.13535  46.25698   4.7806854244E-001
   8.13535  47.26257   4.6055174725E-001
   8.13535  48.26816   4.4308355213E-001
   8.13535  49.27374   4.2568547781E-001
   8.13535  50.27933   4.0837895863E-001
   8.13535  51.28492   3.9118531616E-001
   8.13535  52.29050   3.7412573288E-001
   8.13535  53.29609   3.5722122611E-001
   8.13535  54.30168   3.4049262214E-001
   8.13535  55.30726   3.2396053052E-001
   8.13535  56.31285   3.0764531871E-001
   8.13535  57.31844   2.9156708699E-001
   8.13535  58.32402   2.7574564365E-001
   8.13535  59.32961   2.6020048064E-001
   8.13535  60.33520   2.4495074954E-001
   8.13535  61.34078   2.3001523794E-001
   8.13535  62.34637   2.1541234632E-001
   8.13535  63.35196   2.0116006537E-001
   8.13535  64.35754   1.8727595385E-001
   8.13535  65.36313   1.7377711691E-001
   8.13535  66.36872   1.6068018506E-001
   8.13535  67.37430   1.4800129365E-001
   8.13535  68.37989   1.3575606303E-001
   8.13535  69.38547   1.2395957926E-001
   8.13535  70.39106   1.1262637556E-001
   8.13535  71.39665   1.0177041437E-001
   8.13535  72.40223   9.1405070194E-002
   8.13535  73.40782   8.1543113090E-002
   8.13535  74.41341   7.2196692940E-002
   8.13535  75.41899   6.3377324492E-002
   8.13535  76.42458   5.5095873167E-002
   8.13535  77.43017   4.7362541675E-002
   8.13535  78.43575   4.0186857444E-002
   8.13535  79.44134   3.3577660884E-002
   8.13535  80.44693   2.7543094495E-002
   8.13535  81.45251   2.2090592836E-002
   8.13535  82.45810   1.7226873362E-002
   8.13535  83.46369   1.2957928154E-002
   8.13535  84.46927   9.2890165331E-003
   8.13535  85.47486   6.2246585807E-003
   8.13535  86.48045   3.7686295721E-003
   8.13535  87.48603   1.9239553236E-003
   8.13535  88.49162   6.9290846547E-004
   8.13535  89.49721   7.7005641668E-005
   8.13535  90.50279   7.7005641668E-005
   8.13535  91.50838   6.9290846547E-004
   8.13535  92.51397   1.9239553236E-003
   8.13535  93.51955   3.7686295721E-003
   8.13535  94.52514   6.2246585807E-003
   8.13535  95.53073   9.2890165331E-003
   8.13535  96.53631   1.2957928154E-002
   8.13535  97.54190   1.7226873362E-002
   8.13535  98.54749   2.2090592836E-002
   8.13535  99.55307   2.7543094495E-002
   8.13535 100.55866   3.3577660884E-002
   8.13535 101.56425   4.0186857444E-002
   8.13535 102.56983   4.7362541675E-002
   8.13535 103.57542   5.5095873167E-002
   8.13535 104.58101   6.3377324492E-002
   8.13535 105.58659   7.2196692940E-002
   8.13535 106.59218   8.1543113090E-002
   8.13535 107.59777   9.1405070194E-002
   8.13535 108.60335   1.0177041437E-001
   8.13535 109.60894   1.1262637556E-001
   8.13535 110.61453   1.2395957926E-001
   8.13535 111.62011   1.3575606303E-001
   8.13535 112.62570   1.4800129365E-001
   8.13535 113.63128   1.6068018506E-001
   8.13535 114.63687   1.7377711691E-001
   8.13535 115.64246   1.8727595385E-001
   8.13535 116.64804   2.0116006537E-001
   8.13535 117.65363   2.1541234632E-001
   8.13535 118.65922   2.3001523794E-001
   8.13535 119.66480   2.4495074954E-001
   8.13535 120.67039   2.6020048064E-001
   8.13535 121.67598   2.7574564365E-001
   8.13535 122.68156   2.9156708699E-001
   8.13535 123.68715   3.0764531871E-001
   8.13535 124.69274   3.2396053052E-001
   8.13535 125.69832   3.4049262214E-001
   8.13535 126.70391   3.5722122611E-001
   8.13535 127.70950   3.7412573288E-001
   8.13535 128.71508   3.9118531616E-001
   8.13535 129.72067   4.0837895863E-001
   8.13535 130.72626   4.2568547781E-001
   8.13535 131.73184   4.4308355213E-001
   8.13535 132.73743   4.6055174725E-001
   8.13535 133.74302   4.7806854244E-001
   8.13535 134.74860   4.9561235708E-001
   8.13535 135.75419   5.1316157728E-001
   8.13535 136.75978   5.3069458247E-001
   8.13535 137.76536   5.4818977208E-001
   8.13535 138.77095   5.6562559212E-001
   8.13535 139.77654   5.8298056172E-001
   8.13535 140.78212   6.0023329966E-001
   8.13535 141.78771   6.1736255064E-001
   8.13535 142.79330   6.3434721149E-001
   8.13535 143.79888   6.5116635720E-001
   8.13535 144.80447   6.6779926665E-001
   8.13535 145.81006   6.8422544818E-001
   8.13535 146.81564   7.0042466481E-001
   8.13535 147.82123   7.1637695918E-001
   8.13535 148.82682   7.3206267813E-001
   8.13535 149.83240   7.4746249693E-001
   8.13535 150.83799   7.6255744307E-001
   8.13535 151.84358   7.7732891966E-001
   8.13535 152.84916   7.9175872829E-001
   8.13535 153.85475   8.0582909152E-001
   8.13535 154.86034   8.1952267472E-001
   8.13535 155.86592   8.3282260745E-001
   8.13535 156.87151   8.4571250427E-001
   8.13535 157.87709   8.5817648488E-001
   8.13535 158.88268   8.7019919371E-001
   8.13535 159.88827   8.8176581883E-001
   8.13535 160.89385   8.9286211024E-001
   8.13535 161.89944   9.0347439733E-001
   8.13535 162.90503   9.1358960582E-001
   8.13535 163.91061   9.2319527383E-001
   8.13535 164.91620   9.3227956721E-001
   8.13535 165.92179   9.4083129416E-001
   8.13535 166.92737   9.4883991899E-001
   8.13535 167.93296   9.5629557511E-001
   8.13535 168.93855   9.6318907718E-001
   8.13535 169.94413   9.6951193245E-001
   8.13535 170.94972   9.7525635117E-001
   8.13535 171.95531   9.8041525627E-001
   8.13535 172.96089   9.8498229199E-001
   8.13535 173.96648   9.8895183176E-001
   8.13535 174.97207   9.9231898512E-001
   8.13535 175.97765   9.9507960377E-001
   8.13535 176.98324   9.9723028663E-001
   8.13535 177.98883   9.9876838406E-001
   8.13535 178.99441   9.9969200115E-001
   8.13535 180.00000   1.0000000000E+000

   8.19798   0.00000   4.8016951974E-310
   8.19798   1.00559   9.9969200115E-001
   8.19798   2.01117   9.9876838406E-001
   8.19798   3.01676   9.9723028663E-001
   8.19798   4.02235   9.9507960377E-001
   8.19798   5.02793   9.9231898512E-001
   8.19798   6.03352   9.8895183176E-001
   8.19798   7.03911   9.8498229199E-001
   8.19798   8.04469   9.8041525627E-001
   8.19798   9.05028   9.7525635117E-001
   8.19798  10.05587   9.6951193245E-001
   8.19798  11.06145   9.6318907718E-001
   8.19798  12.06704   9.5629557511E-001
   8.19798  13.07263   9.4883991899E-001
   8.19798  14.07821   9.4083129416E-001
   8.19798  15.08380   9.3227956721E-001
   8.19798  16.08939   9.2319527383E-001
   8.19798  17.09497   9.1358960582E-001
   8.19798  18.10056   9.0347439733E-001
   8.19798  19.10615   8.9286211024E-001
   8.19798  20.11173   8.8176581883E-001
   8.19798  21.11732   8.7019919371E-001
   8.19798  22.12291   8.5817648488E-001
   8.19798  23.12849   8.4571250427E-001
   8.19798  24.13408   8.3282260745E-001
   8.19798  25.13966   8.1952267472E-001
   8.19798  26.14525   8.0582909152E-001
   8.19798  27.15084   7.9175872829E-001
   8.19798  28.15642   7.7732891966E-001
   8.19798  29.16201   7.6255744307E-001
   8.19798  30.16760   7.4746249693E-001
   8.19798  31.17318   7.3206267813E-001
   8.19798  32.17877   7.1637695918E-001
   8.19798  33.18436   7.0042466481E-001
   8.19798  34.18994   6.8422544818E-001
   8.19798  35.19553   6.6779926665E-001
   8.19798  36.20112   6.5116635720E-001
   8.19798  37.20670   6.3434721149E-001
   8.19798  38.21229   6.1736255064E-001
   8.19798  39.21788   6.0023329966E-001
   8.19798  40.22346   5.8298056172E-001
   8.19798  41.22905   5.6562559212E-001
   8.19798  42.23464   5.4818977208E-001
   8.19798  43.24022   5.3069458247E-001
   8.19798  44.24581   5.1316157728E-001
   8.19798  45.25140   4.9561235708E-001
   8.19798  46.25698   4.7806854244E-001
   8.19798  47.26257   4.6055174725E-001
   8.19798  48.26816   4.4308355213E-001
   8.19798  49.27374   4.2568547781E-001
   8.19798  50.27933   4.0837895863E-001
   8.19798  51.28492   3.9118531616E-001
   8.19798  52.29050   3.7412573288E-001
   8.19798  53.29609   3.5722122611E-001
   8.19798  54.30168   3.4049262214E-001
   8.19798  55.30726   3.2396053052E-001
   8.19798  56.31285   3.0764531871E-001
   8.19798  57.31844   2.9156708699E-001
   8.19798  58.32402   2.7574564365E-001
   8.19798  59.32961   2.6020048064E-001
   8.19798  60.33520   2.4495074954E-001
   8.19798  61.34078   2.3001523794E-001
   8.19798  62.34637   2.1541234632E-001
   8.19798  63.35196   2.0116006537E-001
   8.19798  64.35754   1.8727595385E-001
   8.19798  65.36313   1.7377711691E-001
   8.19798  66.36872   1.6068018506E-001
   8.19798  67.37430   1.4800129365E-001
   8.19798  68.37989   1.3575606303E-001
   8.19798  69.38547   1.2395957926E-001
   8.19798  70.39106   1.1262637556E-001
   8.19798  71.39665   1.0177041437E-001
   8.19798  72.40223   9.1405070194E-002
   8.19798  73.40782   8.1543113090E-002
   8.19798  74.41341   7.2196692940E-002
   8.19798  75.41899   6.3377324492E-002
   8.19798  76.42458   5.5095873167E-002
   8.19798  77.43017   4.7362541675E-002
   8.19798  78.43575   4.0186857444E-002
   8.19798  79.44134   3.3577660884E-002
   8.19798  80.44693   2.7543094495E-002
   8.19798  81.45251   2.2090592836E-002
   8.19798  82.45810   1.7226873362E-002
   8.19798  83.46369   1.2957928154E-002
   8.19798  84.46927   9.2890165331E-003
   8.19798  85.47486   6.2246585807E-003
   8.19798  86.48045   3.7686295721E-003
   8.19798  87.48603   1.9239553236E-003
   8.19798  88.49162   6.9290846547E-004
   8.19798  89.49721   7.7005641668E-005
   8.19798  90.50279   7.7005641668E-005
   8.19798  91.50838   6.9290846547E-004
   8.19798  92.51397   1.9239553236E-003
   8.19798  93.51955   3.7686295721E-003
   8.19798  94.52514   6.2246585807E-003
   8.19798  95.53073   9.2890165331E-003
   8.19798  96.53631   1.2957928154E-002
   8.19798  97.54190   1.7226873362E-002
   8.19798  98.54749   2.2090592836E-002
   8.19798  99.55307   2.7543094495E-002
   8.19798 100.55866   3.3577660884E-002
   8.19798 101.56425   4.0186857444E-002
   8.19798 102.56983   4.7362541675E-002
   8.19798 103.57542   5.5095873167E-002
   8.19798 104.58101   6.3377324492E-002
   8.19798 105.58659   7.2196692940E-002
   8.19798 106.59218   8.1543113090E-002
   8.19798 107.59777   9.1405070194E-002
   8.19798 108.60335   1.0177041437E-001
   8.19798 109.60894   1.1262637556E-001
   8.19798 110.61453   1.2395957926E-001
   8.19798 111.62011   1.3575606303E-001
   8.19798 112.62570   1.4800129365E-001
   8.19798 113.63128   1.6068018506E-001
   8.19798 114.63687   1.7377711691E-001
   8.19798 115.64246   1.8727595385E-001
   8.19798 116.64804   2.0116006537E-001
   8.19798 117.65363   2.1541234632E-001
   8.19798 118.65922   2.3001523794E-001
   8.19798 119.66480   2.4495074954E-001
   8.19798 120.67039   2.6020048064E-001
   8.19798 121.67598   2.7574564365E-001
   8.19798 122.68156   2.9156708699E-001
   8.19798 123.68715   3.0764531871E-001
   8.19798 124.69274   3.2396053052E-001
   8.19798 125.69832   3.4049262214E-001
   8.19798 126.70391   3.5722122611E-001
   8.19798 127.70950   3.7412573288E-001
   8.19798 128.71508   3.9118531616E-001
   8.19798 129.72067   4.0837895863E-001
   8.19798 130.72626   4.2568547781E-001
   8.19798 131.73184   4.4308355213E-001
   8.19798 132.73743   4.6055174725E-001
   8.19798 133.74302   4.7806854244E-001
   8.19798 134.74860   4.9561235708E-001
   8.19798 135.75419   5.1316157728E-001
   8.19798 136.75978   5.3069458247E-001
   8.19798 137.76536   5.4818977208E-001
   8.19798 138.77095   5.6562559212E-001
   8.19798 139.77654   5.8298056172E-001
   8.19798 140.78212   6.0023329966E-001
   8.19798 141.78771   6.1736255064E-001
   8.19798 142.79330   6.3434721149E-001
   8.19798 143.79888   6.5116635720E-001
   8.19798 144.80447   6.6779926665E-001
   8.19798 145.81006   6.8422544818E-001
   8.19798 146.81564   7.0042466481E-001
   8.19798 147.82123   7.1637695918E-001
   8.19798 148.82682   7.3206267813E-001
   8.19798 149.83240   7.4746249693E-001
   8.19798 150.83799   7.6255744307E-001
   8.19798 151.84358   7.7732891966E-001
   8.19798 152.84916   7.9175872829E-001
   8.19798 153.85475   8.0582909152E-001
   8.19798 154.86034   8.1952267472E-001
   8.19798 155.86592   8.3282260745E-001
   8.19798 156.87151   8.4571250427E-001
   8.19798 157.87709   8.5817648488E-001
   8.19798 158.88268   8.7019919371E-001
   8.19798 159.88827   8.8176581883E-001
   8.19798 160.89385   8.9286211024E-001
   8.19798 161.89944   9.0347439733E-001
   8.19798 162.90503   9.1358960582E-001
   8.19798 163.91061   9.2319527383E-001
   8.19798 164.91620   9.3227956721E-001
   8.19798 165.92179   9.4083129416E-001
   8.19798 166.92737   9.4883991899E-001
   8.19798 167.93296   9.5629557511E-001
   8.19798 168.93855   9.6318907718E-001
   8.19798 169.94413   9.6951193245E-001
   8.19798 170.94972   9.7525635117E-001
   8.19798 171.95531   9.8041525627E-001
   8.19798 172.96089   9.8498229199E-001
   8.19798 173.96648   9.8895183176E-001
   8.19798 174.97207   9.9231898512E-001
   8.19798 175.97765   9.9507960377E-001
   8.19798 176.98324   9.9723028663E-001
   8.19798 177.98883   9.9876838406E-001
   8.19798 178.99441   9.9969200115E-001
   8.19798 180.00000   1.0000000000E+000

   8.26061   0.00000   4.8016951974E-310
   8.26061   1.00559   9.9969200115E-001
   8.26061   2.01117   9.9876838406E-001
   8.26061   3.01676   9.9723028663E-001
   8.26061   4.02235   9.9507960377E-001
   8.26061   5.02793   9.9231898512E-001
   8.26061   6.03352   9.8895183176E-001
   8.26061   7.03911   9.8498229199E-001
   8.26061   8.04469   9.8041525627E-001
   8.26061   9.05028   9.7525635117E-001
   8.26061  10.05587   9.6951193245E-001
   8.26061  11.06145   9.6318907718E-001
   8.26061  12.06704   9.5629557511E-001
   8.26061  13.07263   9.4883991899E-001
   8.26061  14.07821   9.4083129416E-001
   8.26061  15.08380   9.3227956721E-001
   8.26061  16.08939   9.2319527383E-001
   8.26061  17.09497   9.1358960582E-001
   8.26061  18.10056   9.0347439733E-001
   8.26061  19.10615   8.9286211024E-001
   8.26061  20.11173   8.8176581883E-001
   8.26061  21.11732   8.7019919371E-001
   8.26061  22.12291   8.5817648488E-001
   8.26061  23.12849   8.4571250427E-001
   8.26061  24.13408   8.3282260745E-001
   8.26061  25.13966   8.1952267472E-001
   8.26061  26.14525   8.0582909152E-001
   8.26061  27.15084   7.9175872829E-001
   8.26061  28.15642   7.7732891966E-001
   8.26061  29.16201   7.6255744307E-001
   8.26061  30.16760   7.4746249693E-001
   8.26061  31.17318   7.3206267813E-001
   8.26061  32.17877   7.1637695918E-001
   8.26061  33.18436   7.0042466481E-001
   8.26061  34.18994   6.8422544818E-001
   8.26061  35.19553   6.6779926665E-001
   8.26061  36.20112   6.5116635720E-001
   8.26061  37.20670   6.3434721149E-001
   8.26061  38.21229   6.1736255064E-001
   8.26061  39.21788   6.0023329966E-001
   8.26061  40.22346   5.8298056172E-001
   8.26061  41.22905   5.6562559212E-001
   8.26061  42.23464   5.4818977208E-001
   8.26061  43.24022   5.3069458247E-001
   8.26061  44.24581   5.1316157728E-001
   8.26061  45.25140   4.9561235708E-001
   8.26061  46.25698   4.7806854244E-001
   8.26061  47.26257   4.6055174725E-001
   8.26061  48.26816   4.4308355213E-001
   8.26061  49.27374   4.2568547781E-001
   8.26061  50.27933   4.0837895863E-001
   8.26061  51.28492   3.9118531616E-001
   8.26061  52.29050   3.7412573288E-001
   8.26061  53.29609   3.5722122611E-001
   8.26061  54.30168   3.4049262214E-001
   8.26061  55.30726   3.2396053052E-001
   8.26061  56.31285   3.0764531871E-001
   8.26061  57.31844   2.9156708699E-001
   8.26061  58.32402   2.7574564365E-001
   8.26061  59.32961   2.6020048064E-001
   8.26061  60.33520   2.4495074954E-001
   8.26061  61.34078   2.3001523794E-001
   8.26061  62.34637   2.1541234632E-001
   8.26061  63.35196   2.0116006537E-001
   8.26061  64.35754   1.8727595385E-001
   8.26061  65.36313   1.7377711691E-001
   8.26061  66.36872   1.6068018506E-001
   8.26061  67.37430   1.4800129365E-001
   8.26061  68.37989   1.3575606303E-001
   8.26061  69.38547   1.2395957926E-001
   8.26061  70.39106   1.1262637556E-001
   8.26061  71.39665   1.0177041437E-001
   8.26061  72.40223   9.1405070194E-002
   8.26061  73.40782   8.1543113090E-002
   8.26061  74.41341   7.2196692940E-002
   8.26061  75.41899   6.3377324492E-002
   8.26061  76.42458   5.5095873167E-002
   8.26061  77.43017   4.7362541675E-002
   8.26061  78.43575   4.0186857444E-002
   8.26061  79.44134   3.3577660884E-002
   8.26061  80.44693   2.7543094495E-002
   8.26061  81.45251   2.2090592836E-002
   8.26061  82.45810   1.7226873362E-002
   8.26061  83.46369   1.2957928154E-002
   8.26061  84.46927   9.2890165331E-003
   8.26061  85.47486   6.2246585807E-003
   8.26061  86.48045   3.7686295721E-003
   8.26061  87.48603   1.9239553236E-003
   8.26061  88.49162   6.9290846547E-004
   8.26061  89.49721   7.7005641668E-005
   8.26061  90.50279   7.7005641668E-005
   8.26061  91.50838   6.9290846547E-004
   8.26061  92.51397   1.9239553236E-003
   8.26061  93.51955   3.7686295721E-003
   8.26061  94.52514   6.2246585807E-003
   8.26061  95.53073   9.2890165331E-003
   8.26061  96.53631   1.2957928154E-002
   8.26061  97.54190   1.7226873362E-002
   8.26061  98.54749   2.2090592836E-002
   8.26061  99.55307   2.7543094495E-002
   8.26061 100.55866   3.3577660884E-002
   8.26061 101.56425   4.0186857444E-002
   8.26061 102.56983   4.7362541675E-002
   8.26061 103.57542   5.5095873167E-002
   8.26061 104.58101   6.3377324492E-002
   8.26061 105.58659   7.2196692940E-002
   8.26061 106.59218   8.1543113090E-002
   8.26061 107.59777   9.1405070194E-002
   8.26061 108.60335   1.0177041437E-001
   8.26061 109.60894   1.1262637556E-001
   8.26061 110.61453   1.2395957926E-001
   8.26061 111.62011   1.3575606303E-001
   8.26061 112.62570   1.4800129365E-001
   8.26061 113.63128   1.6068018506E-001
   8.26061 114.63687   1.7377711691E-001
   8.26061 115.64246   1.8727595385E-001
   8.26061 116.64804   2.0116006537E-001
   8.26061 117.65363   2.1541234632E-001
   8.26061 118.65922   2.3001523794E-001
   8.26061 119.66480   2.4495074954E-001
   8.26061 120.67039   2.6020048064E-001
   8.26061 121.67598   2.7574564365E-001
   8.26061 122.68156   2.9156708699E-001
   8.26061 123.68715   3.0764531871E-001
   8.26061 124.69274   3.2396053052E-001
   8.26061 125.69832   3.4049262214E-001
   8.26061 126.70391   3.5722122611E-001
   8.26061 127.70950   3.7412573288E-001
   8.26061 128.71508   3.9118531616E-001
   8.26061 129.72067   4.0837895863E-001
   8.26061 130.72626   4.2568547781E-001
   8.26061 131.73184   4.4308355213E-001
   8.26061 132.73743   4.6055174725E-001
   8.26061 133.74302   4.7806854244E-001
   8.26061 134.74860   4.9561235708E-001
   8.26061 135.75419   5.1316157728E-001
   8.26061 136.75978   5.3069458247E-001
   8.26061 137.76536   5.4818977208E-001
   8.26061 138.77095   5.6562559212E-001
   8.26061 139.77654   5.8298056172E-001
   8.26061 140.78212   6.0023329966E-001
   8.26061 141.78771   6.1736255064E-001
   8.26061 142.79330   6.3434721149E-001
   8.26061 143.79888   6.5116635720E-001
   8.26061 144.80447   6.6779926665E-001
   8.26061 145.81006   6.8422544818E-001
   8.26061 146.81564   7.0042466481E-001
   8.26061 147.82123   7.1637695918E-001
   8.26061 148.82682   7.3206267813E-001
   8.26061 149.83240   7.4746249693E-001
   8.26061 150.83799   7.6255744307E-001
   8.26061 151.84358   7.7732891966E-001
   8.26061 152.84916   7.9175872829E-001
   8.26061 153.85475   8.0582909152E-001
   8.26061 154.86034   8.1952267472E-001
   8.26061 155.86592   8.3282260745E-001
   8.26061 156.87151   8.4571250427E-001
   8.26061 157.87709   8.5817648488E-001
   8.26061 158.88268   8.7019919371E-001
   8.26061 159.88827   8.8176581883E-001
   8.26061 160.89385   8.9286211024E-001
   8.26061 161.89944   9.0347439733E-001
   8.26061 162.90503   9.1358960582E-001
   8.26061 163.91061   9.2319527383E-001
   8.26061 164.91620   9.3227956721E-001
   8.26061 165.92179   9.4083129416E-001
   8.26061 166.92737   9.4883991899E-001
   8.26061 167.93296   9.5629557511E-001
   8.26061 168.93855   9.6318907718E-001
   8.26061 169.94413   9.6951193245E-001
   8.26061 170.94972   9.7525635117E-001
   8.26061 171.95531   9.8041525627E-001
   8.26061 172.96089   9.8498229199E-001
   8.26061 173.96648   9.8895183176E-001
   8.26061 174.97207   9.9231898512E-001
   8.26061 175.97765   9.9507960377E-001
   8.26061 176.98324   9.9723028663E-001
   8.26061 177.98883   9.9876838406E-001
   8.26061 178.99441   9.9969200115E-001
   8.26061 180.00000   1.0000000000E+000

   8.32323   0.00000   4.8016951974E-310
   8.32323   1.00559   9.9969200115E-001
   8.32323   2.01117   9.9876838406E-001
   8.32323   3.01676   9.9723028663E-001
   8.32323   4.02235   9.9507960377E-001
   8.32323   5.02793   9.9231898512E-001
   8.32323   6.03352   9.8895183176E-001
   8.32323   7.03911   9.8498229199E-001
   8.32323   8.04469   9.8041525627E-001
   8.32323   9.05028   9.7525635117E-001
   8.32323  10.05587   9.6951193245E-001
   8.32323  11.06145   9.6318907718E-001
   8.32323  12.06704   9.5629557511E-001
   8.32323  13.07263   9.4883991899E-001
   8.32323  14.07821   9.4083129416E-001
   8.32323  15.08380   9.3227956721E-001
   8.32323  16.08939   9.2319527383E-001
   8.32323  17.09497   9.1358960582E-001
   8.32323  18.10056   9.0347439733E-001
   8.32323  19.10615   8.9286211024E-001
   8.32323  20.11173   8.8176581883E-001
   8.32323  21.11732   8.7019919371E-001
   8.32323  22.12291   8.5817648488E-001
   8.32323  23.12849   8.4571250427E-001
   8.32323  24.13408   8.3282260745E-001
   8.32323  25.13966   8.1952267472E-001
   8.32323  26.14525   8.0582909152E-001
   8.32323  27.15084   7.9175872829E-001
   8.32323  28.15642   7.7732891966E-001
   8.32323  29.16201   7.6255744307E-001
   8.32323  30.16760   7.4746249693E-001
   8.32323  31.17318   7.3206267813E-001
   8.32323  32.17877   7.1637695918E-001
   8.32323  33.18436   7.0042466481E-001
   8.32323  34.18994   6.8422544818E-001
   8.32323  35.19553   6.6779926665E-001
   8.32323  36.20112   6.5116635720E-001
   8.32323  37.20670   6.3434721149E-001
   8.32323  38.21229   6.1736255064E-001
   8.32323  39.21788   6.0023329966E-001
   8.32323  40.22346   5.8298056172E-001
   8.32323  41.22905   5.6562559212E-001
   8.32323  42.23464   5.4818977208E-001
   8.32323  43.24022   5.3069458247E-001
   8.32323  44.24581   5.1316157728E-001
   8.32323  45.25140   4.9561235708E-001
   8.32323  46.25698   4.7806854244E-001
   8.32323  47.26257   4.6055174725E-001
   8.32323  48.26816   4.4308355213E-001
   8.32323  49.27374   4.2568547781E-001
   8.32323  50.27933   4.0837895863E-001
   8.32323  51.28492   3.9118531616E-001
   8.32323  52.29050   3.7412573288E-001
   8.32323  53.29609   3.5722122611E-001
   8.32323  54.30168   3.4049262214E-001
   8.32323  55.30726   3.2396053052E-001
   8.32323  56.31285   3.0764531871E-001
   8.32323  57.31844   2.9156708699E-001
   8.32323  58.32402   2.7574564365E-001
   8.32323  59.32961   2.6020048064E-001
   8.32323  60.33520   2.4495074954E-001
   8.32323  61.34078   2.3001523794E-001
   8.32323  62.34637   2.1541234632E-001
   8.32323  63.35196   2.0116006537E-001
   8.32323  64.35754   1.8727595385E-001
   8.32323  65.36313   1.7377711691E-001
   8.32323  66.36872   1.6068018506E-001
   8.32323  67.37430   1.4800129365E-001
   8.32323  68.37989   1.3575606303E-001
   8.32323  69.38547   1.2395957926E-001
   8.32323  70.39106   1.1262637556E-001
   8.32323  71.39665   1.0177041437E-001
   8.32323  72.40223   9.1405070194E-002
   8.32323  73.40782   8.1543113090E-002
   8.32323  74.41341   7.2196692940E-002
   8.32323  75.41899   6.3377324492E-002
   8.32323  76.42458   5.5095873167E-002
   8.32323  77.43017   4.7362541675E-002
   8.32323  78.43575   4.0186857444E-002
   8.32323  79.44134   3.3577660884E-002
   8.32323  80.44693   2.7543094495E-002
   8.32323  81.45251   2.2090592836E-002
   8.32323  82.45810   1.7226873362E-002
   8.32323  83.46369   1.2957928154E-002
   8.32323  84.46927   9.2890165331E-003
   8.32323  85.47486   6.2246585807E-003
   8.32323  86.48045   3.7686295721E-003
   8.32323  87.48603   1.9239553236E-003
   8.32323  88.49162   6.9290846547E-004
   8.32323  89.49721   7.7005641668E-005
   8.32323  90.50279   7.7005641668E-005
   8.32323  91.50838   6.9290846547E-004
   8.32323  92.51397   1.9239553236E-003
   8.32323  93.51955   3.7686295721E-003
   8.32323  94.52514   6.2246585807E-003
   8.32323  95.53073   9.2890165331E-003
   8.32323  96.53631   1.2957928154E-002
   8.32323  97.54190   1.7226873362E-002
   8.32323  98.54749   2.2090592836E-002
   8.32323  99.55307   2.7543094495E-002
   8.32323 100.55866   3.3577660884E-002
   8.32323 101.56425   4.0186857444E-002
   8.32323 102.56983   4.7362541675E-002
   8.32323 103.57542   5.5095873167E-002
   8.32323 104.58101   6.3377324492E-002
   8.32323 105.58659   7.2196692940E-002
   8.32323 106.59218   8.1543113090E-002
   8.32323 107.59777   9.1405070194E-002
   8.32323 108.60335   1.0177041437E-001
   8.32323 109.60894   1.1262637556E-001
   8.32323 110.61453   1.2395957926E-001
   8.32323 111.62011   1.3575606303E-001
   8.32323 112.62570   1.4800129365E-001
   8.32323 113.63128   1.6068018506E-001
   8.32323 114.63687   1.7377711691E-001
   8.32323 115.64246   1.8727595385E-001
   8.32323 116.64804   2.0116006537E-001
   8.32323 117.65363   2.1541234632E-001
   8.32323 118.65922   2.3001523794E-001
   8.32323 119.66480   2.4495074954E-001
   8.32323 120.67039   2.6020048064E-001
   8.32323 121.67598   2.7574564365E-001
   8.32323 122.68156   2.9156708699E-001
   8.32323 123.68715   3.0764531871E-001
   8.32323 124.69274   3.2396053052E-001
   8.32323 125.69832   3.4049262214E-001
   8.32323 126.70391   3.5722122611E-001
   8.32323 127.70950   3.7412573288E-001
   8.32323 128.71508   3.9118531616E-001
   8.32323 129.72067   4.0837895863E-001
   8.32323 130.72626   4.2568547781E-001
   8.32323 131.73184   4.4308355213E-001
   8.32323 132.73743   4.6055174725E-001
   8.32323 133.74302   4.7806854244E-001
   8.32323 134.74860   4.9561235708E-001
   8.32323 135.75419   5.1316157728E-001
   8.32323 136.75978   5.3069458247E-001
   8.32323 137.76536   5.4818977208E-001
   8.32323 138.77095   5.6562559212E-001
   8.32323 139.77654   5.8298056172E-001
   8.32323 140.78212   6.0023329966E-001
   8.32323 141.78771   6.1736255064E-001
   8.32323 142.79330   6.3434721149E-001
   8.32323 143.79888   6.5116635720E-001
   8.32323 144.80447   6.6779926665E-001
   8.32323 145.81006   6.8422544818E-001
   8.32323 146.81564   7.0042466481E-001
   8.32323 147.82123   7.1637695918E-001
   8.32323 148.82682   7.3206267813E-001
   8.32323 149.83240   7.4746249693E-001
   8.32323 150.83799   7.6255744307E-001
   8.32323 151.84358   7.7732891966E-001
   8.32323 152.84916   7.9175872829E-001
   8.32323 153.85475   8.0582909152E-001
   8.32323 154.86034   8.1952267472E-001
   8.32323 155.86592   8.3282260745E-001
   8.32323 156.87151   8.4571250427E-001
   8.32323 157.87709   8.5817648488E-001
   8.32323 158.88268   8.7019919371E-001
   8.32323 159.88827   8.8176581883E-001
   8.32323 160.89385   8.9286211024E-001
   8.32323 161.89944   9.0347439733E-001
   8.32323 162.90503   9.1358960582E-001
   8.32323 163.91061   9.2319527383E-001
   8.32323 164.91620   9.3227956721E-001
   8.32323 165.92179   9.4083129416E-001
   8.32323 166.92737   9.4883991899E-001
   8.32323 167.93296   9.5629557511E-001
   8.32323 168.93855   9.6318907718E-001
   8.32323 169.94413   9.6951193245E-001
   8.32323 170.94972   9.7525635117E-001
   8.32323 171.95531   9.8041525627E-001
   8.32323 172.96089   9.8498229199E-001
   8.32323 173.96648   9.8895183176E-001
   8.32323 174.97207   9.9231898512E-001
   8.32323 175.97765   9.9507960377E-001
   8.32323 176.98324   9.9723028663E-001
   8.32323 177.98883   9.9876838406E-001
   8.32323 178.99441   9.9969200115E-001
   8.32323 180.00000   1.0000000000E+000

   8.38586   0.00000   4.8016951974E-310
   8.38586   1.00559   9.9969200115E-001
   8.38586   2.01117   9.9876838406E-001
   8.38586   3.01676   9.9723028663E-001
   8.38586   4.02235   9.9507960377E-001
   8.38586   5.02793   9.9231898512E-001
   8.38586   6.03352   9.8895183176E-001
   8.38586   7.03911   9.8498229199E-001
   8.38586   8.04469   9.8041525627E-001
   8.38586   9.05028   9.7525635117E-001
   8.38586  10.05587   9.6951193245E-001
   8.38586  11.06145   9.6318907718E-001
   8.38586  12.06704   9.5629557511E-001
   8.38586  13.07263   9.4883991899E-001
   8.38586  14.07821   9.4083129416E-001
   8.38586  15.08380   9.3227956721E-001
   8.38586  16.08939   9.2319527383E-001
   8.38586  17.09497   9.1358960582E-001
   8.38586  18.10056   9.0347439733E-001
   8.38586  19.10615   8.9286211024E-001
   8.38586  20.11173   8.8176581883E-001
   8.38586  21.11732   8.7019919371E-001
   8.38586  22.12291   8.5817648488E-001
   8.38586  23.12849   8.4571250427E-001
   8.38586  24.13408   8.3282260745E-001
   8.38586  25.13966   8.1952267472E-001
   8.38586  26.14525   8.0582909152E-001
   8.38586  27.15084   7.9175872829E-001
   8.38586  28.15642   7.7732891966E-001
   8.38586  29.16201   7.6255744307E-001
   8.38586  30.16760   7.4746249693E-001
   8.38586  31.17318   7.3206267813E-001
   8.38586  32.17877   7.1637695918E-001
   8.38586  33.18436   7.0042466481E-001
   8.38586  34.18994   6.8422544818E-001
   8.38586  35.19553   6.6779926665E-001
   8.38586  36.20112   6.5116635720E-001
   8.38586  37.20670   6.3434721149E-001
   8.38586  38.21229   6.1736255064E-001
   8.38586  39.21788   6.0023329966E-001
   8.38586  40.22346   5.8298056172E-001
   8.38586  41.22905   5.6562559212E-001
   8.38586  42.23464   5.4818977208E-001
   8.38586  43.24022   5.3069458247E-001
   8.38586  44.24581   5.1316157728E-001
   8.38586  45.25140   4.9561235708E-001
   8.38586  46.25698   4.7806854244E-001
   8.38586  47.26257   4.6055174725E-001
   8.38586  48.26816   4.4308355213E-001
   8.38586  49.27374   4.2568547781E-001
   8.38586  50.27933   4.0837895863E-001
   8.38586  51.28492   3.9118531616E-001
   8.38586  52.29050   3.7412573288E-001
   8.38586  53.29609   3.5722122611E-001
   8.38586  54.30168   3.4049262214E-001
   8.38586  55.30726   3.2396053052E-001
   8.38586  56.31285   3.0764531871E-001
   8.38586  57.31844   2.9156708699E-001
   8.38586  58.32402   2.7574564365E-001
   8.38586  59.32961   2.6020048064E-001
   8.38586  60.33520   2.4495074954E-001
   8.38586  61.34078   2.3001523794E-001
   8.38586  62.34637   2.1541234632E-001
   8.38586  63.35196   2.0116006537E-001
   8.38586  64.35754   1.8727595385E-001
   8.38586  65.36313   1.7377711691E-001
   8.38586  66.36872   1.6068018506E-001
   8.38586  67.37430   1.4800129365E-001
   8.38586  68.37989   1.3575606303E-001
   8.38586  69.38547   1.2395957926E-001
   8.38586  70.39106   1.1262637556E-001
   8.38586  71.39665   1.0177041437E-001
   8.38586  72.40223   9.1405070194E-002
   8.38586  73.40782   8.1543113090E-002
   8.38586  74.41341   7.2196692940E-002
   8.38586  75.41899   6.3377324492E-002
   8.38586  76.42458   5.5095873167E-002
   8.38586  77.43017   4.7362541675E-002
   8.38586  78.43575   4.0186857444E-002
   8.38586  79.44134   3.3577660884E-002
   8.38586  80.44693   2.7543094495E-002
   8.38586  81.45251   2.2090592836E-002
   8.38586  82.45810   1.7226873362E-002
   8.38586  83.46369   1.2957928154E-002
   8.38586  84.46927   9.2890165331E-003
   8.38586  85.47486   6.2246585807E-003
   8.38586  86.48045   3.7686295721E-003
   8.38586  87.48603   1.9239553236E-003
   8.38586  88.49162   6.9290846547E-004
   8.38586  89.49721   7.7005641668E-005
   8.38586  90.50279   7.7005641668E-005
   8.38586  91.50838   6.9290846547E-004
   8.38586  92.51397   1.9239553236E-003
   8.38586  93.51955   3.7686295721E-003
   8.38586  94.52514   6.2246585807E-003
   8.38586  95.53073   9.2890165331E-003
   8.38586  96.53631   1.2957928154E-002
   8.38586  97.54190   1.7226873362E-002
   8.38586  98.54749   2.2090592836E-002
   8.38586  99.55307   2.7543094495E-002
   8.38586 100.55866   3.3577660884E-002
   8.38586 101.56425   4.0186857444E-002
   8.38586 102.56983   4.7362541675E-002
   8.38586 103.57542   5.5095873167E-002
   8.38586 104.58101   6.3377324492E-002
   8.38586 105.58659   7.2196692940E-002
   8.38586 106.59218   8.1543113090E-002
   8.38586 107.59777   9.1405070194E-002
   8.38586 108.60335   1.0177041437E-001
   8.38586 109.60894   1.1262637556E-001
   8.38586 110.61453   1.2395957926E-001
   8.38586 111.62011   1.3575606303E-001
   8.38586 112.62570   1.4800129365E-001
   8.38586 113.63128   1.6068018506E-001
   8.38586 114.63687   1.7377711691E-001
   8.38586 115.64246   1.8727595385E-001
   8.38586 116.64804   2.0116006537E-001
   8.38586 117.65363   2.1541234632E-001
   8.38586 118.65922   2.3001523794E-001
   8.38586 119.66480   2.4495074954E-001
   8.38586 120.67039   2.6020048064E-001
   8.38586 121.67598   2.7574564365E-001
   8.38586 122.68156   2.9156708699E-001
   8.38586 123.68715   3.0764531871E-001
   8.38586 124.69274   3.2396053052E-001
   8.38586 125.69832   3.4049262214E-001
   8.38586 126.70391   3.5722122611E-001
   8.38586 127.70950   3.7412573288E-001
   8.38586 128.71508   3.9118531616E-001
   8.38586 129.72067   4.0837895863E-001
   8.38586 130.72626   4.2568547781E-001
   8.38586 131.73184   4.4308355213E-001
   8.38586 132.73743   4.6055174725E-001
   8.38586 133.74302   4.7806854244E-001
   8.38586 134.74860   4.9561235708E-001
   8.38586 135.75419   5.1316157728E-001
   8.38586 136.75978   5.3069458247E-001
   8.38586 137.76536   5.4818977208E-001
   8.38586 138.77095   5.6562559212E-001
   8.38586 139.77654   5.8298056172E-001
   8.38586 140.78212   6.0023329966E-001
   8.38586 141.78771   6.1736255064E-001
   8.38586 142.79330   6.3434721149E-001
   8.38586 143.79888   6.5116635720E-001
   8.38586 144.80447   6.6779926665E-001
   8.38586 145.81006   6.8422544818E-001
   8.38586 146.81564   7.0042466481E-001
   8.38586 147.82123   7.1637695918E-001
   8.38586 148.82682   7.3206267813E-001
   8.38586 149.83240   7.4746249693E-001
   8.38586 150.83799   7.6255744307E-001
   8.38586 151.84358   7.7732891966E-001
   8.38586 152.84916   7.9175872829E-001
   8.38586 153.85475   8.0582909152E-001
   8.38586 154.86034   8.1952267472E-001
   8.38586 155.86592   8.3282260745E-001
   8.38586 156.87151   8.4571250427E-001
   8.38586 157.87709   8.5817648488E-001
   8.38586 158.88268   8.7019919371E-001
   8.38586 159.88827   8.8176581883E-001
   8.38586 160.89385   8.9286211024E-001
   8.38586 161.89944   9.0347439733E-001
   8.38586 162.90503   9.1358960582E-001
   8.38586 163.91061   9.2319527383E-001
   8.38586 164.91620   9.3227956721E-001
   8.38586 165.92179   9.4083129416E-001
   8.38586 166.92737   9.4883991899E-001
   8.38586 167.93296   9.5629557511E-001
   8.38586 168.93855   9.6318907718E-001
   8.38586 169.94413   9.6951193245E-001
   8.38586 170.94972   9.7525635117E-001
   8.38586 171.95531   9.8041525627E-001
   8.38586 172.96089   9.8498229199E-001
   8.38586 173.96648   9.8895183176E-001
   8.38586 174.97207   9.9231898512E-001
   8.38586 175.97765   9.9507960377E-001
   8.38586 176.98324   9.9723028663E-001
   8.38586 177.98883   9.9876838406E-001
   8.38586 178.99441   9.9969200115E-001
   8.38586 180.00000   1.0000000000E+000

   8.44848   0.00000   4.8016951974E-310
   8.44848   1.00559   9.9969200115E-001
   8.44848   2.01117   9.9876838406E-001
   8.44848   3.01676   9.9723028663E-001
   8.44848   4.02235   9.9507960377E-001
   8.44848   5.02793   9.9231898512E-001
   8.44848   6.03352   9.8895183176E-001
   8.44848   7.03911   9.8498229199E-001
   8.44848   8.04469   9.8041525627E-001
   8.44848   9.05028   9.7525635117E-001
   8.44848  10.05587   9.6951193245E-001
   8.44848  11.06145   9.6318907718E-001
   8.44848  12.06704   9.5629557511E-001
   8.44848  13.07263   9.4883991899E-001
   8.44848  14.07821   9.4083129416E-001
   8.44848  15.08380   9.3227956721E-001
   8.44848  16.08939   9.2319527383E-001
   8.44848  17.09497   9.1358960582E-001
   8.44848  18.10056   9.0347439733E-001
   8.44848  19.10615   8.9286211024E-001
   8.44848  20.11173   8.8176581883E-001
   8.44848  21.11732   8.7019919371E-001
   8.44848  22.12291   8.5817648488E-001
   8.44848  23.12849   8.4571250427E-001
   8.44848  24.13408   8.3282260745E-001
   8.44848  25.13966   8.1952267472E-001
   8.44848  26.14525   8.0582909152E-001
   8.44848  27.15084   7.9175872829E-001
   8.44848  28.15642   7.7732891966E-001
   8.44848  29.16201   7.6255744307E-001
   8.44848  30.16760   7.4746249693E-001
   8.44848  31.17318   7.3206267813E-001
   8.44848  32.17877   7.1637695918E-001
   8.44848  33.18436   7.0042466481E-001
   8.44848  34.18994   6.8422544818E-001
   8.44848  35.19553   6.6779926665E-001
   8.44848  36.20112   6.5116635720E-001
   8.44848  37.20670   6.3434721149E-001
   8.44848  38.21229   6.1736255064E-001
   8.44848  39.21788   6.0023329966E-001
   8.44848  40.22346   5.8298056172E-001
   8.44848  41.22905   5.6562559212E-001
   8.44848  42.23464   5.4818977208E-001
   8.44848  43.24022   5.3069458247E-001
   8.44848  44.24581   5.1316157728E-001
   8.44848  45.25140   4.9561235708E-001
   8.44848  46.25698   4.7806854244E-001
   8.44848  47.26257   4.6055174725E-001
   8.44848  48.26816   4.4308355213E-001
   8.44848  49.27374   4.2568547781E-001
   8.44848  50.27933   4.0837895863E-001
   8.44848  51.28492   3.9118531616E-001
   8.44848  52.29050   3.7412573288E-001
   8.44848  53.29609   3.5722122611E-001
   8.44848  54.30168   3.4049262214E-001
   8.44848  55.30726   3.2396053052E-001
   8.44848  56.31285   3.0764531871E-001
   8.44848  57.31844   2.9156708699E-001
   8.44848  58.32402   2.7574564365E-001
   8.44848  59.32961   2.6020048064E-001
   8.44848  60.33520   2.4495074954E-001
   8.44848  61.34078   2.3001523794E-001
   8.44848  62.34637   2.1541234632E-001
   8.44848  63.35196   2.0116006537E-001
   8.44848  64.35754   1.8727595385E-001
   8.44848  65.36313   1.7377711691E-001
   8.44848  66.36872   1.6068018506E-001
   8.44848  67.37430   1.4800129365E-001
   8.44848  68.37989   1.3575606303E-001
   8.44848  69.38547   1.2395957926E-001
   8.44848  70.39106   1.1262637556E-001
   8.44848  71.39665   1.0177041437E-001
   8.44848  72.40223   9.1405070194E-002
   8.44848  73.40782   8.1543113090E-002
   8.44848  74.41341   7.2196692940E-002
   8.44848  75.41899   6.3377324492E-002
   8.44848  76.42458   5.5095873167E-002
   8.44848  77.43017   4.7362541675E-002
   8.44848  78.43575   4.0186857444E-002
   8.44848  79.44134   3.3577660884E-002
   8.44848  80.44693   2.7543094495E-002
   8.44848  81.45251   2.2090592836E-002
   8.44848  82.45810   1.7226873362E-002
   8.44848  83.46369   1.2957928154E-002
   8.44848  84.46927   9.2890165331E-003
   8.44848  85.47486   6.2246585807E-003
   8.44848  86.48045   3.7686295721E-003
   8.44848  87.48603   1.9239553236E-003
   8.44848  88.49162   6.9290846547E-004
   8.44848  89.49721   7.7005641668E-005
   8.44848  90.50279   7.7005641668E-005
   8.44848  91.50838   6.9290846547E-004
   8.44848  92.51397   1.9239553236E-003
   8.44848  93.51955   3.7686295721E-003
   8.44848  94.52514   6.2246585807E-003
   8.44848  95.53073   9.2890165331E-003
   8.44848  96.53631   1.2957928154E-002
   8.44848  97.54190   1.7226873362E-002
   8.44848  98.54749   2.2090592836E-002
   8.44848  99.55307   2.7543094495E-002
   8.44848 100.55866   3.3577660884E-002
   8.44848 101.56425   4.0186857444E-002
   8.44848 102.56983   4.7362541675E-002
   8.44848 103.57542   5.5095873167E-002
   8.44848 104.58101   6.3377324492E-002
   8.44848 105.58659   7.2196692940E-002
   8.44848 106.59218   8.1543113090E-002
   8.44848 107.59777   9.1405070194E-002
   8.44848 108.60335   1.0177041437E-001
   8.44848 109.60894   1.1262637556E-001
   8.44848 110.61453   1.2395957926E-001
   8.44848 111.62011   1.3575606303E-001
   8.44848 112.62570   1.4800129365E-001
   8.44848 113.63128   1.6068018506E-001
   8.44848 114.63687   1.7377711691E-001
   8.44848 115.64246   1.8727595385E-001
   8.44848 116.64804   2.0116006537E-001
   8.44848 117.65363   2.1541234632E-001
   8.44848 118.65922   2.3001523794E-001
   8.44848 119.66480   2.4495074954E-001
   8.44848 120.67039   2.6020048064E-001
   8.44848 121.67598   2.7574564365E-001
   8.44848 122.68156   2.9156708699E-001
   8.44848 123.68715   3.0764531871E-001
   8.44848 124.69274   3.2396053052E-001
   8.44848 125.69832   3.4049262214E-001
   8.44848 126.70391   3.5722122611E-001
   8.44848 127.70950   3.7412573288E-001
   8.44848 128.71508   3.9118531616E-001
   8.44848 129.72067   4.0837895863E-001
   8.44848 130.72626   4.2568547781E-001
   8.44848 131.73184   4.4308355213E-001
   8.44848 132.73743   4.6055174725E-001
   8.44848 133.74302   4.7806854244E-001
   8.44848 134.74860   4.9561235708E-001
   8.44848 135.75419   5.1316157728E-001
   8.44848 136.75978   5.3069458247E-001
   8.44848 137.76536   5.4818977208E-001
   8.44848 138.77095   5.6562559212E-001
   8.44848 139.77654   5.8298056172E-001
   8.44848 140.78212   6.0023329966E-001
   8.44848 141.78771   6.1736255064E-001
   8.44848 142.79330   6.3434721149E-001
   8.44848 143.79888   6.5116635720E-001
   8.44848 144.80447   6.6779926665E-001
   8.44848 145.81006   6.8422544818E-001
   8.44848 146.81564   7.0042466481E-001
   8.44848 147.82123   7.1637695918E-001
   8.44848 148.82682   7.3206267813E-001
   8.44848 149.83240   7.4746249693E-001
   8.44848 150.83799   7.6255744307E-001
   8.44848 151.84358   7.7732891966E-001
   8.44848 152.84916   7.9175872829E-001
   8.44848 153.85475   8.0582909152E-001
   8.44848 154.86034   8.1952267472E-001
   8.44848 155.86592   8.3282260745E-001
   8.44848 156.87151   8.4571250427E-001
   8.44848 157.87709   8.5817648488E-001
   8.44848 158.88268   8.7019919371E-001
   8.44848 159.88827   8.8176581883E-001
   8.44848 160.89385   8.9286211024E-001
   8.44848 161.89944   9.0347439733E-001
   8.44848 162.90503   9.1358960582E-001
   8.44848 163.91061   9.2319527383E-001
   8.44848 164.91620   9.3227956721E-001
   8.44848 165.92179   9.4083129416E-001
   8.44848 166.92737   9.4883991899E-001
   8.44848 167.93296   9.5629557511E-001
   8.44848 168.93855   9.6318907718E-001
   8.44848 169.94413   9.6951193245E-001
   8.44848 170.94972   9.7525635117E-001
   8.44848 171.95531   9.8041525627E-001
   8.44848 172.96089   9.8498229199E-001
   8.44848 173.96648   9.8895183176E-001
   8.44848 174.97207   9.9231898512E-001
   8.44848 175.97765   9.9507960377E-001
   8.44848 176.98324   9.9723028663E-001
   8.44848 177.98883   9.9876838406E-001
   8.44848 178.99441   9.9969200115E-001
   8.44848 180.00000   1.0000000000E+000

   8.51111   0.00000   4.8016951974E-310
   8.51111   1.00559   9.9969200115E-001
   8.51111   2.01117   9.9876838406E-001
   8.51111   3.01676   9.9723028663E-001
   8.51111   4.02235   9.9507960377E-001
   8.51111   5.02793   9.9231898512E-001
   8.51111   6.03352   9.8895183176E-001
   8.51111   7.03911   9.8498229199E-001
   8.51111   8.04469   9.8041525627E-001
   8.51111   9.05028   9.7525635117E-001
   8.51111  10.05587   9.6951193245E-001
   8.51111  11.06145   9.6318907718E-001
   8.51111  12.06704   9.5629557511E-001
   8.51111  13.07263   9.4883991899E-001
   8.51111  14.07821   9.4083129416E-001
   8.51111  15.08380   9.3227956721E-001
   8.51111  16.08939   9.2319527383E-001
   8.51111  17.09497   9.1358960582E-001
   8.51111  18.10056   9.0347439733E-001
   8.51111  19.10615   8.9286211024E-001
   8.51111  20.11173   8.8176581883E-001
   8.51111  21.11732   8.7019919371E-001
   8.51111  22.12291   8.5817648488E-001
   8.51111  23.12849   8.4571250427E-001
   8.51111  24.13408   8.3282260745E-001
   8.51111  25.13966   8.1952267472E-001
   8.51111  26.14525   8.0582909152E-001
   8.51111  27.15084   7.9175872829E-001
   8.51111  28.15642   7.7732891966E-001
   8.51111  29.16201   7.6255744307E-001
   8.51111  30.16760   7.4746249693E-001
   8.51111  31.17318   7.3206267813E-001
   8.51111  32.17877   7.1637695918E-001
   8.51111  33.18436   7.0042466481E-001
   8.51111  34.18994   6.8422544818E-001
   8.51111  35.19553   6.6779926665E-001
   8.51111  36.20112   6.5116635720E-001
   8.51111  37.20670   6.3434721149E-001
   8.51111  38.21229   6.1736255064E-001
   8.51111  39.21788   6.0023329966E-001
   8.51111  40.22346   5.8298056172E-001
   8.51111  41.22905   5.6562559212E-001
   8.51111  42.23464   5.4818977208E-001
   8.51111  43.24022   5.3069458247E-001
   8.51111  44.24581   5.1316157728E-001
   8.51111  45.25140   4.9561235708E-001
   8.51111  46.25698   4.7806854244E-001
   8.51111  47.26257   4.6055174725E-001
   8.51111  48.26816   4.4308355213E-001
   8.51111  49.27374   4.2568547781E-001
   8.51111  50.27933   4.0837895863E-001
   8.51111  51.28492   3.9118531616E-001
   8.51111  52.29050   3.7412573288E-001
   8.51111  53.29609   3.5722122611E-001
   8.51111  54.30168   3.4049262214E-001
   8.51111  55.30726   3.2396053052E-001
   8.51111  56.31285   3.0764531871E-001
   8.51111  57.31844   2.9156708699E-001
   8.51111  58.32402   2.7574564365E-001
   8.51111  59.32961   2.6020048064E-001
   8.51111  60.33520   2.4495074954E-001
   8.51111  61.34078   2.3001523794E-001
   8.51111  62.34637   2.1541234632E-001
   8.51111  63.35196   2.0116006537E-001
   8.51111  64.35754   1.8727595385E-001
   8.51111  65.36313   1.7377711691E-001
   8.51111  66.36872   1.6068018506E-001
   8.51111  67.37430   1.4800129365E-001
   8.51111  68.37989   1.3575606303E-001
   8.51111  69.38547   1.2395957926E-001
   8.51111  70.39106   1.1262637556E-001
   8.51111  71.39665   1.0177041437E-001
   8.51111  72.40223   9.1405070194E-002
   8.51111  73.40782   8.1543113090E-002
   8.51111  74.41341   7.2196692940E-002
   8.51111  75.41899   6.3377324492E-002
   8.51111  76.42458   5.5095873167E-002
   8.51111  77.43017   4.7362541675E-002
   8.51111  78.43575   4.0186857444E-002
   8.51111  79.44134   3.3577660884E-002
   8.51111  80.44693   2.7543094495E-002
   8.51111  81.45251   2.2090592836E-002
   8.51111  82.45810   1.7226873362E-002
   8.51111  83.46369   1.2957928154E-002
   8.51111  84.46927   9.2890165331E-003
   8.51111  85.47486   6.2246585807E-003
   8.51111  86.48045   3.7686295721E-003
   8.51111  87.48603   1.9239553236E-003
   8.51111  88.49162   6.9290846547E-004
   8.51111  89.49721   7.7005641668E-005
   8.51111  90.50279   7.7005641668E-005
   8.51111  91.50838   6.9290846547E-004
   8.51111  92.51397   1.9239553236E-003
   8.51111  93.51955   3.7686295721E-003
   8.51111  94.52514   6.2246585807E-003
   8.51111  95.53073   9.2890165331E-003
   8.51111  96.53631   1.2957928154E-002
   8.51111  97.54190   1.7226873362E-002
   8.51111  98.54749   2.2090592836E-002
   8.51111  99.55307   2.7543094495E-002
   8.51111 100.55866   3.3577660884E-002
   8.51111 101.56425   4.0186857444E-002
   8.51111 102.56983   4.7362541675E-002
   8.51111 103.57542   5.5095873167E-002
   8.51111 104.58101   6.3377324492E-002
   8.51111 105.58659   7.2196692940E-002
   8.51111 106.59218   8.1543113090E-002
   8.51111 107.59777   9.1405070194E-002
   8.51111 108.60335   1.0177041437E-001
   8.51111 109.60894   1.1262637556E-001
   8.51111 110.61453   1.2395957926E-001
   8.51111 111.62011   1.3575606303E-001
   8.51111 112.62570   1.4800129365E-001
   8.51111 113.63128   1.6068018506E-001
   8.51111 114.63687   1.7377711691E-001
   8.51111 115.64246   1.8727595385E-001
   8.51111 116.64804   2.0116006537E-001
   8.51111 117.65363   2.1541234632E-001
   8.51111 118.65922   2.3001523794E-001
   8.51111 119.66480   2.4495074954E-001
   8.51111 120.67039   2.6020048064E-001
   8.51111 121.67598   2.7574564365E-001
   8.51111 122.68156   2.9156708699E-001
   8.51111 123.68715   3.0764531871E-001
   8.51111 124.69274   3.2396053052E-001
   8.51111 125.69832   3.4049262214E-001
   8.51111 126.70391   3.5722122611E-001
   8.51111 127.70950   3.7412573288E-001
   8.51111 128.71508   3.9118531616E-001
   8.51111 129.72067   4.0837895863E-001
   8.51111 130.72626   4.2568547781E-001
   8.51111 131.73184   4.4308355213E-001
   8.51111 132.73743   4.6055174725E-001
   8.51111 133.74302   4.7806854244E-001
   8.51111 134.74860   4.9561235708E-001
   8.51111 135.75419   5.1316157728E-001
   8.51111 136.75978   5.3069458247E-001
   8.51111 137.76536   5.4818977208E-001
   8.51111 138.77095   5.6562559212E-001
   8.51111 139.77654   5.8298056172E-001
   8.51111 140.78212   6.0023329966E-001
   8.51111 141.78771   6.1736255064E-001
   8.51111 142.79330   6.3434721149E-001
   8.51111 143.79888   6.5116635720E-001
   8.51111 144.80447   6.6779926665E-001
   8.51111 145.81006   6.8422544818E-001
   8.51111 146.81564   7.0042466481E-001
   8.51111 147.82123   7.1637695918E-001
   8.51111 148.82682   7.3206267813E-001
   8.51111 149.83240   7.4746249693E-001
   8.51111 150.83799   7.6255744307E-001
   8.51111 151.84358   7.7732891966E-001
   8.51111 152.84916   7.9175872829E-001
   8.51111 153.85475   8.0582909152E-001
   8.51111 154.86034   8.1952267472E-001
   8.51111 155.86592   8.3282260745E-001
   8.51111 156.87151   8.4571250427E-001
   8.51111 157.87709   8.5817648488E-001
   8.51111 158.88268   8.7019919371E-001
   8.51111 159.88827   8.8176581883E-001
   8.51111 160.89385   8.9286211024E-001
   8.51111 161.89944   9.0347439733E-001
   8.51111 162.90503   9.1358960582E-001
   8.51111 163.91061   9.2319527383E-001
   8.51111 164.91620   9.3227956721E-001
   8.51111 165.92179   9.4083129416E-001
   8.51111 166.92737   9.4883991899E-001
   8.51111 167.93296   9.5629557511E-001
   8.51111 168.93855   9.6318907718E-001
   8.51111 169.94413   9.6951193245E-001
   8.51111 170.94972   9.7525635117E-001
   8.51111 171.95531   9.8041525627E-001
   8.51111 172.96089   9.8498229199E-001
   8.51111 173.96648   9.8895183176E-001
   8.51111 174.97207   9.9231898512E-001
   8.51111 175.97765   9.9507960377E-001
   8.51111 176.98324   9.9723028663E-001
   8.51111 177.98883   9.9876838406E-001
   8.51111 178.99441   9.9969200115E-001
   8.51111 180.00000   1.0000000000E+000

   8.57374   0.00000   4.8016951974E-310
   8.57374   1.00559   9.9969200115E-001
   8.57374   2.01117   9.9876838406E-001
   8.57374   3.01676   9.9723028663E-001
   8.57374   4.02235   9.9507960377E-001
   8.57374   5.02793   9.9231898512E-001
   8.57374   6.03352   9.8895183176E-001
   8.57374   7.03911   9.8498229199E-001
   8.57374   8.04469   9.8041525627E-001
   8.57374   9.05028   9.7525635117E-001
   8.57374  10.05587   9.6951193245E-001
   8.57374  11.06145   9.6318907718E-001
   8.57374  12.06704   9.5629557511E-001
   8.57374  13.07263   9.4883991899E-001
   8.57374  14.07821   9.4083129416E-001
   8.57374  15.08380   9.3227956721E-001
   8.57374  16.08939   9.2319527383E-001
   8.57374  17.09497   9.1358960582E-001
   8.57374  18.10056   9.0347439733E-001
   8.57374  19.10615   8.9286211024E-001
   8.57374  20.11173   8.8176581883E-001
   8.57374  21.11732   8.7019919371E-001
   8.57374  22.12291   8.5817648488E-001
   8.57374  23.12849   8.4571250427E-001
   8.57374  24.13408   8.3282260745E-001
   8.57374  25.13966   8.1952267472E-001
   8.57374  26.14525   8.0582909152E-001
   8.57374  27.15084   7.9175872829E-001
   8.57374  28.15642   7.7732891966E-001
   8.57374  29.16201   7.6255744307E-001
   8.57374  30.16760   7.4746249693E-001
   8.57374  31.17318   7.3206267813E-001
   8.57374  32.17877   7.1637695918E-001
   8.57374  33.18436   7.0042466481E-001
   8.57374  34.18994   6.8422544818E-001
   8.57374  35.19553   6.6779926665E-001
   8.57374  36.20112   6.5116635720E-001
   8.57374  37.20670   6.3434721149E-001
   8.57374  38.21229   6.1736255064E-001
   8.57374  39.21788   6.0023329966E-001
   8.57374  40.22346   5.8298056172E-001
   8.57374  41.22905   5.6562559212E-001
   8.57374  42.23464   5.4818977208E-001
   8.57374  43.24022   5.3069458247E-001
   8.57374  44.24581   5.1316157728E-001
   8.57374  45.25140   4.9561235708E-001
   8.57374  46.25698   4.7806854244E-001
   8.57374  47.26257   4.6055174725E-001
   8.57374  48.26816   4.4308355213E-001
   8.57374  49.27374   4.2568547781E-001
   8.57374  50.27933   4.0837895863E-001
   8.57374  51.28492   3.9118531616E-001
   8.57374  52.29050   3.7412573288E-001
   8.57374  53.29609   3.5722122611E-001
   8.57374  54.30168   3.4049262214E-001
   8.57374  55.30726   3.2396053052E-001
   8.57374  56.31285   3.0764531871E-001
   8.57374  57.31844   2.9156708699E-001
   8.57374  58.32402   2.7574564365E-001
   8.57374  59.32961   2.6020048064E-001
   8.57374  60.33520   2.4495074954E-001
   8.57374  61.34078   2.3001523794E-001
   8.57374  62.34637   2.1541234632E-001
   8.57374  63.35196   2.0116006537E-001
   8.57374  64.35754   1.8727595385E-001
   8.57374  65.36313   1.7377711691E-001
   8.57374  66.36872   1.6068018506E-001
   8.57374  67.37430   1.4800129365E-001
   8.57374  68.37989   1.3575606303E-001
   8.57374  69.38547   1.2395957926E-001
   8.57374  70.39106   1.1262637556E-001
   8.57374  71.39665   1.0177041437E-001
   8.57374  72.40223   9.1405070194E-002
   8.57374  73.40782   8.1543113090E-002
   8.57374  74.41341   7.2196692940E-002
   8.57374  75.41899   6.3377324492E-002
   8.57374  76.42458   5.5095873167E-002
   8.57374  77.43017   4.7362541675E-002
   8.57374  78.43575   4.0186857444E-002
   8.57374  79.44134   3.3577660884E-002
   8.57374  80.44693   2.7543094495E-002
   8.57374  81.45251   2.2090592836E-002
   8.57374  82.45810   1.7226873362E-002
   8.57374  83.46369   1.2957928154E-002
   8.57374  84.46927   9.2890165331E-003
   8.57374  85.47486   6.2246585807E-003
   8.57374  86.48045   3.7686295721E-003
   8.57374  87.48603   1.9239553236E-003
   8.57374  88.49162   6.9290846547E-004
   8.57374  89.49721   7.7005641668E-005
   8.57374  90.50279   7.7005641668E-005
   8.57374  91.50838   6.9290846547E-004
   8.57374  92.51397   1.9239553236E-003
   8.57374  93.51955   3.7686295721E-003
   8.57374  94.52514   6.2246585807E-003
   8.57374  95.53073   9.2890165331E-003
   8.57374  96.53631   1.2957928154E-002
   8.57374  97.54190   1.7226873362E-002
   8.57374  98.54749   2.2090592836E-002
   8.57374  99.55307   2.7543094495E-002
   8.57374 100.55866   3.3577660884E-002
   8.57374 101.56425   4.0186857444E-002
   8.57374 102.56983   4.7362541675E-002
   8.57374 103.57542   5.5095873167E-002
   8.57374 104.58101   6.3377324492E-002
   8.57374 105.58659   7.2196692940E-002
   8.57374 106.59218   8.1543113090E-002
   8.57374 107.59777   9.1405070194E-002
   8.57374 108.60335   1.0177041437E-001
   8.57374 109.60894   1.1262637556E-001
   8.57374 110.61453   1.2395957926E-001
   8.57374 111.62011   1.3575606303E-001
   8.57374 112.62570   1.4800129365E-001
   8.57374 113.63128   1.6068018506E-001
   8.57374 114.63687   1.7377711691E-001
   8.57374 115.64246   1.8727595385E-001
   8.57374 116.64804   2.0116006537E-001
   8.57374 117.65363   2.1541234632E-001
   8.57374 118.65922   2.3001523794E-001
   8.57374 119.66480   2.4495074954E-001
   8.57374 120.67039   2.6020048064E-001
   8.57374 121.67598   2.7574564365E-001
   8.57374 122.68156   2.9156708699E-001
   8.57374 123.68715   3.0764531871E-001
   8.57374 124.69274   3.2396053052E-001
   8.57374 125.69832   3.4049262214E-001
   8.57374 126.70391   3.5722122611E-001
   8.57374 127.70950   3.7412573288E-001
   8.57374 128.71508   3.9118531616E-001
   8.57374 129.72067   4.0837895863E-001
   8.57374 130.72626   4.2568547781E-001
   8.57374 131.73184   4.4308355213E-001
   8.57374 132.73743   4.6055174725E-001
   8.57374 133.74302   4.7806854244E-001
   8.57374 134.74860   4.9561235708E-001
   8.57374 135.75419   5.1316157728E-001
   8.57374 136.75978   5.3069458247E-001
   8.57374 137.76536   5.4818977208E-001
   8.57374 138.77095   5.6562559212E-001
   8.57374 139.77654   5.8298056172E-001
   8.57374 140.78212   6.0023329966E-001
   8.57374 141.78771   6.1736255064E-001
   8.57374 142.79330   6.3434721149E-001
   8.57374 143.79888   6.5116635720E-001
   8.57374 144.80447   6.6779926665E-001
   8.57374 145.81006   6.8422544818E-001
   8.57374 146.81564   7.0042466481E-001
   8.57374 147.82123   7.1637695918E-001
   8.57374 148.82682   7.3206267813E-001
   8.57374 149.83240   7.4746249693E-001
   8.57374 150.83799   7.6255744307E-001
   8.57374 151.84358   7.7732891966E-001
   8.57374 152.84916   7.9175872829E-001
   8.57374 153.85475   8.0582909152E-001
   8.57374 154.86034   8.1952267472E-001
   8.57374 155.86592   8.3282260745E-001
   8.57374 156.87151   8.4571250427E-001
   8.57374 157.87709   8.5817648488E-001
   8.57374 158.88268   8.7019919371E-001
   8.57374 159.88827   8.8176581883E-001
   8.57374 160.89385   8.9286211024E-001
   8.57374 161.89944   9.0347439733E-001
   8.57374 162.90503   9.1358960582E-001
   8.57374 163.91061   9.2319527383E-001
   8.57374 164.91620   9.3227956721E-001
   8.57374 165.92179   9.4083129416E-001
   8.57374 166.92737   9.4883991899E-001
   8.57374 167.93296   9.5629557511E-001
   8.57374 168.93855   9.6318907718E-001
   8.57374 169.94413   9.6951193245E-001
   8.57374 170.94972   9.7525635117E-001
   8.57374 171.95531   9.8041525627E-001
   8.57374 172.96089   9.8498229199E-001
   8.57374 173.96648   9.8895183176E-001
   8.57374 174.97207   9.9231898512E-001
   8.57374 175.97765   9.9507960377E-001
   8.57374 176.98324   9.9723028663E-001
   8.57374 177.98883   9.9876838406E-001
   8.57374 178.99441   9.9969200115E-001
   8.57374 180.00000   1.0000000000E+000

   8.63636   0.00000   4.8016951974E-310
   8.63636   1.00559   9.9969200115E-001
   8.63636   2.01117   9.9876838406E-001
   8.63636   3.01676   9.9723028663E-001
   8.63636   4.02235   9.9507960377E-001
   8.63636   5.02793   9.9231898512E-001
   8.63636   6.03352   9.8895183176E-001
   8.63636   7.03911   9.8498229199E-001
   8.63636   8.04469   9.8041525627E-001
   8.63636   9.05028   9.7525635117E-001
   8.63636  10.05587   9.6951193245E-001
   8.63636  11.06145   9.6318907718E-001
   8.63636  12.06704   9.5629557511E-001
   8.63636  13.07263   9.4883991899E-001
   8.63636  14.07821   9.4083129416E-001
   8.63636  15.08380   9.3227956721E-001
   8.63636  16.08939   9.2319527383E-001
   8.63636  17.09497   9.1358960582E-001
   8.63636  18.10056   9.0347439733E-001
   8.63636  19.10615   8.9286211024E-001
   8.63636  20.11173   8.8176581883E-001
   8.63636  21.11732   8.7019919371E-001
   8.63636  22.12291   8.5817648488E-001
   8.63636  23.12849   8.4571250427E-001
   8.63636  24.13408   8.3282260745E-001
   8.63636  25.13966   8.1952267472E-001
   8.63636  26.14525   8.0582909152E-001
   8.63636  27.15084   7.9175872829E-001
   8.63636  28.15642   7.7732891966E-001
   8.63636  29.16201   7.6255744307E-001
   8.63636  30.16760   7.4746249693E-001
   8.63636  31.17318   7.3206267813E-001
   8.63636  32.17877   7.1637695918E-001
   8.63636  33.18436   7.0042466481E-001
   8.63636  34.18994   6.8422544818E-001
   8.63636  35.19553   6.6779926665E-001
   8.63636  36.20112   6.5116635720E-001
   8.63636  37.20670   6.3434721149E-001
   8.63636  38.21229   6.1736255064E-001
   8.63636  39.21788   6.0023329966E-001
   8.63636  40.22346   5.8298056172E-001
   8.63636  41.22905   5.6562559212E-001
   8.63636  42.23464   5.4818977208E-001
   8.63636  43.24022   5.3069458247E-001
   8.63636  44.24581   5.1316157728E-001
   8.63636  45.25140   4.9561235708E-001
   8.63636  46.25698   4.7806854244E-001
   8.63636  47.26257   4.6055174725E-001
   8.63636  48.26816   4.4308355213E-001
   8.63636  49.27374   4.2568547781E-001
   8.63636  50.27933   4.0837895863E-001
   8.63636  51.28492   3.9118531616E-001
   8.63636  52.29050   3.7412573288E-001
   8.63636  53.29609   3.5722122611E-001
   8.63636  54.30168   3.4049262214E-001
   8.63636  55.30726   3.2396053052E-001
   8.63636  56.31285   3.0764531871E-001
   8.63636  57.31844   2.9156708699E-001
   8.63636  58.32402   2.7574564365E-001
   8.63636  59.32961   2.6020048064E-001
   8.63636  60.33520   2.4495074954E-001
   8.63636  61.34078   2.3001523794E-001
   8.63636  62.34637   2.1541234632E-001
   8.63636  63.35196   2.0116006537E-001
   8.63636  64.35754   1.8727595385E-001
   8.63636  65.36313   1.7377711691E-001
   8.63636  66.36872   1.6068018506E-001
   8.63636  67.37430   1.4800129365E-001
   8.63636  68.37989   1.3575606303E-001
   8.63636  69.38547   1.2395957926E-001
   8.63636  70.39106   1.1262637556E-001
   8.63636  71.39665   1.0177041437E-001
   8.63636  72.40223   9.1405070194E-002
   8.63636  73.40782   8.1543113090E-002
   8.63636  74.41341   7.2196692940E-002
   8.63636  75.41899   6.3377324492E-002
   8.63636  76.42458   5.5095873167E-002
   8.63636  77.43017   4.7362541675E-002
   8.63636  78.43575   4.0186857444E-002
   8.63636  79.44134   3.3577660884E-002
   8.63636  80.44693   2.7543094495E-002
   8.63636  81.45251   2.2090592836E-002
   8.63636  82.45810   1.7226873362E-002
   8.63636  83.46369   1.2957928154E-002
   8.63636  84.46927   9.2890165331E-003
   8.63636  85.47486   6.2246585807E-003
   8.63636  86.48045   3.7686295721E-003
   8.63636  87.48603   1.9239553236E-003
   8.63636  88.49162   6.9290846547E-004
   8.63636  89.49721   7.7005641668E-005
   8.63636  90.50279   7.7005641668E-005
   8.63636  91.50838   6.9290846547E-004
   8.63636  92.51397   1.9239553236E-003
   8.63636  93.51955   3.7686295721E-003
   8.63636  94.52514   6.2246585807E-003
   8.63636  95.53073   9.2890165331E-003
   8.63636  96.53631   1.2957928154E-002
   8.63636  97.54190   1.7226873362E-002
   8.63636  98.54749   2.2090592836E-002
   8.63636  99.55307   2.7543094495E-002
   8.63636 100.55866   3.3577660884E-002
   8.63636 101.56425   4.0186857444E-002
   8.63636 102.56983   4.7362541675E-002
   8.63636 103.57542   5.5095873167E-002
   8.63636 104.58101   6.3377324492E-002
   8.63636 105.58659   7.2196692940E-002
   8.63636 106.59218   8.1543113090E-002
   8.63636 107.59777   9.1405070194E-002
   8.63636 108.60335   1.0177041437E-001
   8.63636 109.60894   1.1262637556E-001
   8.63636 110.61453   1.2395957926E-001
   8.63636 111.62011   1.3575606303E-001
   8.63636 112.62570   1.4800129365E-001
   8.63636 113.63128   1.6068018506E-001
   8.63636 114.63687   1.7377711691E-001
   8.63636 115.64246   1.8727595385E-001
   8.63636 116.64804   2.0116006537E-001
   8.63636 117.65363   2.1541234632E-001
   8.63636 118.65922   2.3001523794E-001
   8.63636 119.66480   2.4495074954E-001
   8.63636 120.67039   2.6020048064E-001
   8.63636 121.67598   2.7574564365E-001
   8.63636 122.68156   2.9156708699E-001
   8.63636 123.68715   3.0764531871E-001
   8.63636 124.69274   3.2396053052E-001
   8.63636 125.69832   3.4049262214E-001
   8.63636 126.70391   3.5722122611E-001
   8.63636 127.70950   3.7412573288E-001
   8.63636 128.71508   3.9118531616E-001
   8.63636 129.72067   4.0837895863E-001
   8.63636 130.72626   4.2568547781E-001
   8.63636 131.73184   4.4308355213E-001
   8.63636 132.73743   4.6055174725E-001
   8.63636 133.74302   4.7806854244E-001
   8.63636 134.74860   4.9561235708E-001
   8.63636 135.75419   5.1316157728E-001
   8.63636 136.75978   5.3069458247E-001
   8.63636 137.76536   5.4818977208E-001
   8.63636 138.77095   5.6562559212E-001
   8.63636 139.77654   5.8298056172E-001
   8.63636 140.78212   6.0023329966E-001
   8.63636 141.78771   6.1736255064E-001
   8.63636 142.79330   6.3434721149E-001
   8.63636 143.79888   6.5116635720E-001
   8.63636 144.80447   6.6779926665E-001
   8.63636 145.81006   6.8422544818E-001
   8.63636 146.81564   7.0042466481E-001
   8.63636 147.82123   7.1637695918E-001
   8.63636 148.82682   7.3206267813E-001
   8.63636 149.83240   7.4746249693E-001
   8.63636 150.83799   7.6255744307E-001
   8.63636 151.84358   7.7732891966E-001
   8.63636 152.84916   7.9175872829E-001
   8.63636 153.85475   8.0582909152E-001
   8.63636 154.86034   8.1952267472E-001
   8.63636 155.86592   8.3282260745E-001
   8.63636 156.87151   8.4571250427E-001
   8.63636 157.87709   8.5817648488E-001
   8.63636 158.88268   8.7019919371E-001
   8.63636 159.88827   8.8176581883E-001
   8.63636 160.89385   8.9286211024E-001
   8.63636 161.89944   9.0347439733E-001
   8.63636 162.90503   9.1358960582E-001
   8.63636 163.91061   9.2319527383E-001
   8.63636 164.91620   9.3227956721E-001
   8.63636 165.92179   9.4083129416E-001
   8.63636 166.92737   9.4883991899E-001
   8.63636 167.93296   9.5629557511E-001
   8.63636 168.93855   9.6318907718E-001
   8.63636 169.94413   9.6951193245E-001
   8.63636 170.94972   9.7525635117E-001
   8.63636 171.95531   9.8041525627E-001
   8.63636 172.96089   9.8498229199E-001
   8.63636 173.96648   9.8895183176E-001
   8.63636 174.97207   9.9231898512E-001
   8.63636 175.97765   9.9507960377E-001
   8.63636 176.98324   9.9723028663E-001
   8.63636 177.98883   9.9876838406E-001
   8.63636 178.99441   9.9969200115E-001
   8.63636 180.00000   1.0000000000E+000

   8.69899   0.00000   4.8016951974E-310
   8.69899   1.00559   9.9969200115E-001
   8.69899   2.01117   9.9876838406E-001
   8.69899   3.01676   9.9723028663E-001
   8.69899   4.02235   9.9507960377E-001
   8.69899   5.02793   9.9231898512E-001
   8.69899   6.03352   9.8895183176E-001
   8.69899   7.03911   9.8498229199E-001
   8.69899   8.04469   9.8041525627E-001
   8.69899   9.05028   9.7525635117E-001
   8.69899  10.05587   9.6951193245E-001
   8.69899  11.06145   9.6318907718E-001
   8.69899  12.06704   9.5629557511E-001
   8.69899  13.07263   9.4883991899E-001
   8.69899  14.07821   9.4083129416E-001
   8.69899  15.08380   9.3227956721E-001
   8.69899  16.08939   9.2319527383E-001
   8.69899  17.09497   9.1358960582E-001
   8.69899  18.10056   9.0347439733E-001
   8.69899  19.10615   8.9286211024E-001
   8.69899  20.11173   8.8176581883E-001
   8.69899  21.11732   8.7019919371E-001
   8.69899  22.12291   8.5817648488E-001
   8.69899  23.12849   8.4571250427E-001
   8.69899  24.13408   8.3282260745E-001
   8.69899  25.13966   8.1952267472E-001
   8.69899  26.14525   8.0582909152E-001
   8.69899  27.15084   7.9175872829E-001
   8.69899  28.15642   7.7732891966E-001
   8.69899  29.16201   7.6255744307E-001
   8.69899  30.16760   7.4746249693E-001
   8.69899  31.17318   7.3206267813E-001
   8.69899  32.17877   7.1637695918E-001
   8.69899  33.18436   7.0042466481E-001
   8.69899  34.18994   6.8422544818E-001
   8.69899  35.19553   6.6779926665E-001
   8.69899  36.20112   6.5116635720E-001
   8.69899  37.20670   6.3434721149E-001
   8.69899  38.21229   6.1736255064E-001
   8.69899  39.21788   6.0023329966E-001
   8.69899  40.22346   5.8298056172E-001
   8.69899  41.22905   5.6562559212E-001
   8.69899  42.23464   5.4818977208E-001
   8.69899  43.24022   5.3069458247E-001
   8.69899  44.24581   5.1316157728E-001
   8.69899  45.25140   4.9561235708E-001
   8.69899  46.25698   4.7806854244E-001
   8.69899  47.26257   4.6055174725E-001
   8.69899  48.26816   4.4308355213E-001
   8.69899  49.27374   4.2568547781E-001
   8.69899  50.27933   4.0837895863E-001
   8.69899  51.28492   3.9118531616E-001
   8.69899  52.29050   3.7412573288E-001
   8.69899  53.29609   3.5722122611E-001
   8.69899  54.30168   3.4049262214E-001
   8.69899  55.30726   3.2396053052E-001
   8.69899  56.31285   3.0764531871E-001
   8.69899  57.31844   2.9156708699E-001
   8.69899  58.32402   2.7574564365E-001
   8.69899  59.32961   2.6020048064E-001
   8.69899  60.33520   2.4495074954E-001
   8.69899  61.34078   2.3001523794E-001
   8.69899  62.34637   2.1541234632E-001
   8.69899  63.35196   2.0116006537E-001
   8.69899  64.35754   1.8727595385E-001
   8.69899  65.36313   1.7377711691E-001
   8.69899  66.36872   1.6068018506E-001
   8.69899  67.37430   1.4800129365E-001
   8.69899  68.37989   1.3575606303E-001
   8.69899  69.38547   1.2395957926E-001
   8.69899  70.39106   1.1262637556E-001
   8.69899  71.39665   1.0177041437E-001
   8.69899  72.40223   9.1405070194E-002
   8.69899  73.40782   8.1543113090E-002
   8.69899  74.41341   7.2196692940E-002
   8.69899  75.41899   6.3377324492E-002
   8.69899  76.42458   5.5095873167E-002
   8.69899  77.43017   4.7362541675E-002
   8.69899  78.43575   4.0186857444E-002
   8.69899  79.44134   3.3577660884E-002
   8.69899  80.44693   2.7543094495E-002
   8.69899  81.45251   2.2090592836E-002
   8.69899  82.45810   1.7226873362E-002
   8.69899  83.46369   1.2957928154E-002
   8.69899  84.46927   9.2890165331E-003
   8.69899  85.47486   6.2246585807E-003
   8.69899  86.48045   3.7686295721E-003
   8.69899  87.48603   1.9239553236E-003
   8.69899  88.49162   6.9290846547E-004
   8.69899  89.49721   7.7005641668E-005
   8.69899  90.50279   7.7005641668E-005
   8.69899  91.50838   6.9290846547E-004
   8.69899  92.51397   1.9239553236E-003
   8.69899  93.51955   3.7686295721E-003
   8.69899  94.52514   6.2246585807E-003
   8.69899  95.53073   9.2890165331E-003
   8.69899  96.53631   1.2957928154E-002
   8.69899  97.54190   1.7226873362E-002
   8.69899  98.54749   2.2090592836E-002
   8.69899  99.55307   2.7543094495E-002
   8.69899 100.55866   3.3577660884E-002
   8.69899 101.56425   4.0186857444E-002
   8.69899 102.56983   4.7362541675E-002
   8.69899 103.57542   5.5095873167E-002
   8.69899 104.58101   6.3377324492E-002
   8.69899 105.58659   7.2196692940E-002
   8.69899 106.59218   8.1543113090E-002
   8.69899 107.59777   9.1405070194E-002
   8.69899 108.60335   1.0177041437E-001
   8.69899 109.60894   1.1262637556E-001
   8.69899 110.61453   1.2395957926E-001
   8.69899 111.62011   1.3575606303E-001
   8.69899 112.62570   1.4800129365E-001
   8.69899 113.63128   1.6068018506E-001
   8.69899 114.63687   1.7377711691E-001
   8.69899 115.64246   1.8727595385E-001
   8.69899 116.64804   2.0116006537E-001
   8.69899 117.65363   2.1541234632E-001
   8.69899 118.65922   2.3001523794E-001
   8.69899 119.66480   2.4495074954E-001
   8.69899 120.67039   2.6020048064E-001
   8.69899 121.67598   2.7574564365E-001
   8.69899 122.68156   2.9156708699E-001
   8.69899 123.68715   3.0764531871E-001
   8.69899 124.69274   3.2396053052E-001
   8.69899 125.69832   3.4049262214E-001
   8.69899 126.70391   3.5722122611E-001
   8.69899 127.70950   3.7412573288E-001
   8.69899 128.71508   3.9118531616E-001
   8.69899 129.72067   4.0837895863E-001
   8.69899 130.72626   4.2568547781E-001
   8.69899 131.73184   4.4308355213E-001
   8.69899 132.73743   4.6055174725E-001
   8.69899 133.74302   4.7806854244E-001
   8.69899 134.74860   4.9561235708E-001
   8.69899 135.75419   5.1316157728E-001
   8.69899 136.75978   5.3069458247E-001
   8.69899 137.76536   5.4818977208E-001
   8.69899 138.77095   5.6562559212E-001
   8.69899 139.77654   5.8298056172E-001
   8.69899 140.78212   6.0023329966E-001
   8.69899 141.78771   6.1736255064E-001
   8.69899 142.79330   6.3434721149E-001
   8.69899 143.79888   6.5116635720E-001
   8.69899 144.80447   6.6779926665E-001
   8.69899 145.81006   6.8422544818E-001
   8.69899 146.81564   7.0042466481E-001
   8.69899 147.82123   7.1637695918E-001
   8.69899 148.82682   7.3206267813E-001
   8.69899 149.83240   7.4746249693E-001
   8.69899 150.83799   7.6255744307E-001
   8.69899 151.84358   7.7732891966E-001
   8.69899 152.84916   7.9175872829E-001
   8.69899 153.85475   8.0582909152E-001
   8.69899 154.86034   8.1952267472E-001
   8.69899 155.86592   8.3282260745E-001
   8.69899 156.87151   8.4571250427E-001
   8.69899 157.87709   8.5817648488E-001
   8.69899 158.88268   8.7019919371E-001
   8.69899 159.88827   8.8176581883E-001
   8.69899 160.89385   8.9286211024E-001
   8.69899 161.89944   9.0347439733E-001
   8.69899 162.90503   9.1358960582E-001
   8.69899 163.91061   9.2319527383E-001
   8.69899 164.91620   9.3227956721E-001
   8.69899 165.92179   9.4083129416E-001
   8.69899 166.92737   9.4883991899E-001
   8.69899 167.93296   9.5629557511E-001
   8.69899 168.93855   9.6318907718E-001
   8.69899 169.94413   9.6951193245E-001
   8.69899 170.94972   9.7525635117E-001
   8.69899 171.95531   9.8041525627E-001
   8.69899 172.96089   9.8498229199E-001
   8.69899 173.96648   9.8895183176E-001
   8.69899 174.97207   9.9231898512E-001
   8.69899 175.97765   9.9507960377E-001
   8.69899 176.98324   9.9723028663E-001
   8.69899 177.98883   9.9876838406E-001
   8.69899 178.99441   9.9969200115E-001
   8.69899 180.00000   1.0000000000E+000

   8.76162   0.00000   4.8016951974E-310
   8.76162   1.00559   9.9969200115E-001
   8.76162   2.01117   9.9876838406E-001
   8.76162   3.01676   9.9723028663E-001
   8.76162   4.02235   9.9507960377E-001
   8.76162   5.02793   9.9231898512E-001
   8.76162   6.03352   9.8895183176E-001
   8.76162   7.03911   9.8498229199E-001
   8.76162   8.04469   9.8041525627E-001
   8.76162   9.05028   9.7525635117E-001
   8.76162  10.05587   9.6951193245E-001
   8.76162  11.06145   9.6318907718E-001
   8.76162  12.06704   9.5629557511E-001
   8.76162  13.07263   9.4883991899E-001
   8.76162  14.07821   9.4083129416E-001
   8.76162  15.08380   9.3227956721E-001
   8.76162  16.08939   9.2319527383E-001
   8.76162  17.09497   9.1358960582E-001
   8.76162  18.10056   9.0347439733E-001
   8.76162  19.10615   8.9286211024E-001
   8.76162  20.11173   8.8176581883E-001
   8.76162  21.11732   8.7019919371E-001
   8.76162  22.12291   8.5817648488E-001
   8.76162  23.12849   8.4571250427E-001
   8.76162  24.13408   8.3282260745E-001
   8.76162  25.13966   8.1952267472E-001
   8.76162  26.14525   8.0582909152E-001
   8.76162  27.15084   7.9175872829E-001
   8.76162  28.15642   7.7732891966E-001
   8.76162  29.16201   7.6255744307E-001
   8.76162  30.16760   7.4746249693E-001
   8.76162  31.17318   7.3206267813E-001
   8.76162  32.17877   7.1637695918E-001
   8.76162  33.18436   7.0042466481E-001
   8.76162  34.18994   6.8422544818E-001
   8.76162  35.19553   6.6779926665E-001
   8.76162  36.20112   6.5116635720E-001
   8.76162  37.20670   6.3434721149E-001
   8.76162  38.21229   6.1736255064E-001
   8.76162  39.21788   6.0023329966E-001
   8.76162  40.22346   5.8298056172E-001
   8.76162  41.22905   5.6562559212E-001
   8.76162  42.23464   5.4818977208E-001
   8.76162  43.24022   5.3069458247E-001
   8.76162  44.24581   5.1316157728E-001
   8.76162  45.25140   4.9561235708E-001
   8.76162  46.25698   4.7806854244E-001
   8.76162  47.26257   4.6055174725E-001
   8.76162  48.26816   4.4308355213E-001
   8.76162  49.27374   4.2568547781E-001
   8.76162  50.27933   4.0837895863E-001
   8.76162  51.28492   3.9118531616E-001
   8.76162  52.29050   3.7412573288E-001
   8.76162  53.29609   3.5722122611E-001
   8.76162  54.30168   3.4049262214E-001
   8.76162  55.30726   3.2396053052E-001
   8.76162  56.31285   3.0764531871E-001
   8.76162  57.31844   2.9156708699E-001
   8.76162  58.32402   2.7574564365E-001
   8.76162  59.32961   2.6020048064E-001
   8.76162  60.33520   2.4495074954E-001
   8.76162  61.34078   2.3001523794E-001
   8.76162  62.34637   2.1541234632E-001
   8.76162  63.35196   2.0116006537E-001
   8.76162  64.35754   1.8727595385E-001
   8.76162  65.36313   1.7377711691E-001
   8.76162  66.36872   1.6068018506E-001
   8.76162  67.37430   1.4800129365E-001
   8.76162  68.37989   1.3575606303E-001
   8.76162  69.38547   1.2395957926E-001
   8.76162  70.39106   1.1262637556E-001
   8.76162  71.39665   1.0177041437E-001
   8.76162  72.40223   9.1405070194E-002
   8.76162  73.40782   8.1543113090E-002
   8.76162  74.41341   7.2196692940E-002
   8.76162  75.41899   6.3377324492E-002
   8.76162  76.42458   5.5095873167E-002
   8.76162  77.43017   4.7362541675E-002
   8.76162  78.43575   4.0186857444E-002
   8.76162  79.44134   3.3577660884E-002
   8.76162  80.44693   2.7543094495E-002
   8.76162  81.45251   2.2090592836E-002
   8.76162  82.45810   1.7226873362E-002
   8.76162  83.46369   1.2957928154E-002
   8.76162  84.46927   9.2890165331E-003
   8.76162  85.47486   6.2246585807E-003
   8.76162  86.48045   3.7686295721E-003
   8.76162  87.48603   1.9239553236E-003
   8.76162  88.49162   6.9290846547E-004
   8.76162  89.49721   7.7005641668E-005
   8.76162  90.50279   7.7005641668E-005
   8.76162  91.50838   6.9290846547E-004
   8.76162  92.51397   1.9239553236E-003
   8.76162  93.51955   3.7686295721E-003
   8.76162  94.52514   6.2246585807E-003
   8.76162  95.53073   9.2890165331E-003
   8.76162  96.53631   1.2957928154E-002
   8.76162  97.54190   1.7226873362E-002
   8.76162  98.54749   2.2090592836E-002
   8.76162  99.55307   2.7543094495E-002
   8.76162 100.55866   3.3577660884E-002
   8.76162 101.56425   4.0186857444E-002
   8.76162 102.56983   4.7362541675E-002
   8.76162 103.57542   5.5095873167E-002
   8.76162 104.58101   6.3377324492E-002
   8.76162 105.58659   7.2196692940E-002
   8.76162 106.59218   8.1543113090E-002
   8.76162 107.59777   9.1405070194E-002
   8.76162 108.60335   1.0177041437E-001
   8.76162 109.60894   1.1262637556E-001
   8.76162 110.61453   1.2395957926E-001
   8.76162 111.62011   1.3575606303E-001
   8.76162 112.62570   1.4800129365E-001
   8.76162 113.63128   1.6068018506E-001
   8.76162 114.63687   1.7377711691E-001
   8.76162 115.64246   1.8727595385E-001
   8.76162 116.64804   2.0116006537E-001
   8.76162 117.65363   2.1541234632E-001
   8.76162 118.65922   2.3001523794E-001
   8.76162 119.66480   2.4495074954E-001
   8.76162 120.67039   2.6020048064E-001
   8.76162 121.67598   2.7574564365E-001
   8.76162 122.68156   2.9156708699E-001
   8.76162 123.68715   3.0764531871E-001
   8.76162 124.69274   3.2396053052E-001
   8.76162 125.69832   3.4049262214E-001
   8.76162 126.70391   3.5722122611E-001
   8.76162 127.70950   3.7412573288E-001
   8.76162 128.71508   3.9118531616E-001
   8.76162 129.72067   4.0837895863E-001
   8.76162 130.72626   4.2568547781E-001
   8.76162 131.73184   4.4308355213E-001
   8.76162 132.73743   4.6055174725E-001
   8.76162 133.74302   4.7806854244E-001
   8.76162 134.74860   4.9561235708E-001
   8.76162 135.75419   5.1316157728E-001
   8.76162 136.75978   5.3069458247E-001
   8.76162 137.76536   5.4818977208E-001
   8.76162 138.77095   5.6562559212E-001
   8.76162 139.77654   5.8298056172E-001
   8.76162 140.78212   6.0023329966E-001
   8.76162 141.78771   6.1736255064E-001
   8.76162 142.79330   6.3434721149E-001
   8.76162 143.79888   6.5116635720E-001
   8.76162 144.80447   6.6779926665E-001
   8.76162 145.81006   6.8422544818E-001
   8.76162 146.81564   7.0042466481E-001
   8.76162 147.82123   7.1637695918E-001
   8.76162 148.82682   7.3206267813E-001
   8.76162 149.83240   7.4746249693E-001
   8.76162 150.83799   7.6255744307E-001
   8.76162 151.84358   7.7732891966E-001
   8.76162 152.84916   7.9175872829E-001
   8.76162 153.85475   8.0582909152E-001
   8.76162 154.86034   8.1952267472E-001
   8.76162 155.86592   8.3282260745E-001
   8.76162 156.87151   8.4571250427E-001
   8.76162 157.87709   8.5817648488E-001
   8.76162 158.88268   8.7019919371E-001
   8.76162 159.88827   8.8176581883E-001
   8.76162 160.89385   8.9286211024E-001
   8.76162 161.89944   9.0347439733E-001
   8.76162 162.90503   9.1358960582E-001
   8.76162 163.91061   9.2319527383E-001
   8.76162 164.91620   9.3227956721E-001
   8.76162 165.92179   9.4083129416E-001
   8.76162 166.92737   9.4883991899E-001
   8.76162 167.93296   9.5629557511E-001
   8.76162 168.93855   9.6318907718E-001
   8.76162 169.94413   9.6951193245E-001
   8.76162 170.94972   9.7525635117E-001
   8.76162 171.95531   9.8041525627E-001
   8.76162 172.96089   9.8498229199E-001
   8.76162 173.96648   9.8895183176E-001
   8.76162 174.97207   9.9231898512E-001
   8.76162 175.97765   9.9507960377E-001
   8.76162 176.98324   9.9723028663E-001
   8.76162 177.98883   9.9876838406E-001
   8.76162 178.99441   9.9969200115E-001
   8.76162 180.00000   1.0000000000E+000

   8.82424   0.00000   4.8016951974E-310
   8.82424   1.00559   9.9969200115E-001
   8.82424   2.01117   9.9876838406E-001
   8.82424   3.01676   9.9723028663E-001
   8.82424   4.02235   9.9507960377E-001
   8.82424   5.02793   9.9231898512E-001
   8.82424   6.03352   9.8895183176E-001
   8.82424   7.03911   9.8498229199E-001
   8.82424   8.04469   9.8041525627E-001
   8.82424   9.05028   9.7525635117E-001
   8.82424  10.05587   9.6951193245E-001
   8.82424  11.06145   9.6318907718E-001
   8.82424  12.06704   9.5629557511E-001
   8.82424  13.07263   9.4883991899E-001
   8.82424  14.07821   9.4083129416E-001
   8.82424  15.08380   9.3227956721E-001
   8.82424  16.08939   9.2319527383E-001
   8.82424  17.09497   9.1358960582E-001
   8.82424  18.10056   9.0347439733E-001
   8.82424  19.10615   8.9286211024E-001
   8.82424  20.11173   8.8176581883E-001
   8.82424  21.11732   8.7019919371E-001
   8.82424  22.12291   8.5817648488E-001
   8.82424  23.12849   8.4571250427E-001
   8.82424  24.13408   8.3282260745E-001
   8.82424  25.13966   8.1952267472E-001
   8.82424  26.14525   8.0582909152E-001
   8.82424  27.15084   7.9175872829E-001
   8.82424  28.15642   7.7732891966E-001
   8.82424  29.16201   7.6255744307E-001
   8.82424  30.16760   7.4746249693E-001
   8.82424  31.17318   7.3206267813E-001
   8.82424  32.17877   7.1637695918E-001
   8.82424  33.18436   7.0042466481E-001
   8.82424  34.18994   6.8422544818E-001
   8.82424  35.19553   6.6779926665E-001
   8.82424  36.20112   6.5116635720E-001
   8.82424  37.20670   6.3434721149E-001
   8.82424  38.21229   6.1736255064E-001
   8.82424  39.21788   6.0023329966E-001
   8.82424  40.22346   5.8298056172E-001
   8.82424  41.22905   5.6562559212E-001
   8.82424  42.23464   5.4818977208E-001
   8.82424  43.24022   5.3069458247E-001
   8.82424  44.24581   5.1316157728E-001
   8.82424  45.25140   4.9561235708E-001
   8.82424  46.25698   4.7806854244E-001
   8.82424  47.26257   4.6055174725E-001
   8.82424  48.26816   4.4308355213E-001
   8.82424  49.27374   4.2568547781E-001
   8.82424  50.27933   4.0837895863E-001
   8.82424  51.28492   3.9118531616E-001
   8.82424  52.29050   3.7412573288E-001
   8.82424  53.29609   3.5722122611E-001
   8.82424  54.30168   3.4049262214E-001
   8.82424  55.30726   3.2396053052E-001
   8.82424  56.31285   3.0764531871E-001
   8.82424  57.31844   2.9156708699E-001
   8.82424  58.32402   2.7574564365E-001
   8.82424  59.32961   2.6020048064E-001
   8.82424  60.33520   2.4495074954E-001
   8.82424  61.34078   2.3001523794E-001
   8.82424  62.34637   2.1541234632E-001
   8.82424  63.35196   2.0116006537E-001
   8.82424  64.35754   1.8727595385E-001
   8.82424  65.36313   1.7377711691E-001
   8.82424  66.36872   1.6068018506E-001
   8.82424  67.37430   1.4800129365E-001
   8.82424  68.37989   1.3575606303E-001
   8.82424  69.38547   1.2395957926E-001
   8.82424  70.39106   1.1262637556E-001
   8.82424  71.39665   1.0177041437E-001
   8.82424  72.40223   9.1405070194E-002
   8.82424  73.40782   8.1543113090E-002
   8.82424  74.41341   7.2196692940E-002
   8.82424  75.41899   6.3377324492E-002
   8.82424  76.42458   5.5095873167E-002
   8.82424  77.43017   4.7362541675E-002
   8.82424  78.43575   4.0186857444E-002
   8.82424  79.44134   3.3577660884E-002
   8.82424  80.44693   2.7543094495E-002
   8.82424  81.45251   2.2090592836E-002
   8.82424  82.45810   1.7226873362E-002
   8.82424  83.46369   1.2957928154E-002
   8.82424  84.46927   9.2890165331E-003
   8.82424  85.47486   6.2246585807E-003
   8.82424  86.48045   3.7686295721E-003
   8.82424  87.48603   1.9239553236E-003
   8.82424  88.49162   6.9290846547E-004
   8.82424  89.49721   7.7005641668E-005
   8.82424  90.50279   7.7005641668E-005
   8.82424  91.50838   6.9290846547E-004
   8.82424  92.51397   1.9239553236E-003
   8.82424  93.51955   3.7686295721E-003
   8.82424  94.52514   6.2246585807E-003
   8.82424  95.53073   9.2890165331E-003
   8.82424  96.53631   1.2957928154E-002
   8.82424  97.54190   1.7226873362E-002
   8.82424  98.54749   2.2090592836E-002
   8.82424  99.55307   2.7543094495E-002
   8.82424 100.55866   3.3577660884E-002
   8.82424 101.56425   4.0186857444E-002
   8.82424 102.56983   4.7362541675E-002
   8.82424 103.57542   5.5095873167E-002
   8.82424 104.58101   6.3377324492E-002
   8.82424 105.58659   7.2196692940E-002
   8.82424 106.59218   8.1543113090E-002
   8.82424 107.59777   9.1405070194E-002
   8.82424 108.60335   1.0177041437E-001
   8.82424 109.60894   1.1262637556E-001
   8.82424 110.61453   1.2395957926E-001
   8.82424 111.62011   1.3575606303E-001
   8.82424 112.62570   1.4800129365E-001
   8.82424 113.63128   1.6068018506E-001
   8.82424 114.63687   1.7377711691E-001
   8.82424 115.64246   1.8727595385E-001
   8.82424 116.64804   2.0116006537E-001
   8.82424 117.65363   2.1541234632E-001
   8.82424 118.65922   2.3001523794E-001
   8.82424 119.66480   2.4495074954E-001
   8.82424 120.67039   2.6020048064E-001
   8.82424 121.67598   2.7574564365E-001
   8.82424 122.68156   2.9156708699E-001
   8.82424 123.68715   3.0764531871E-001
   8.82424 124.69274   3.2396053052E-001
   8.82424 125.69832   3.4049262214E-001
   8.82424 126.70391   3.5722122611E-001
   8.82424 127.70950   3.7412573288E-001
   8.82424 128.71508   3.9118531616E-001
   8.82424 129.72067   4.0837895863E-001
   8.82424 130.72626   4.2568547781E-001
   8.82424 131.73184   4.4308355213E-001
   8.82424 132.73743   4.6055174725E-001
   8.82424 133.74302   4.7806854244E-001
   8.82424 134.74860   4.9561235708E-001
   8.82424 135.75419   5.1316157728E-001
   8.82424 136.75978   5.3069458247E-001
   8.82424 137.76536   5.4818977208E-001
   8.82424 138.77095   5.6562559212E-001
   8.82424 139.77654   5.8298056172E-001
   8.82424 140.78212   6.0023329966E-001
   8.82424 141.78771   6.1736255064E-001
   8.82424 142.79330   6.3434721149E-001
   8.82424 143.79888   6.5116635720E-001
   8.82424 144.80447   6.6779926665E-001
   8.82424 145.81006   6.8422544818E-001
   8.82424 146.81564   7.0042466481E-001
   8.82424 147.82123   7.1637695918E-001
   8.82424 148.82682   7.3206267813E-001
   8.82424 149.83240   7.4746249693E-001
   8.82424 150.83799   7.6255744307E-001
   8.82424 151.84358   7.7732891966E-001
   8.82424 152.84916   7.9175872829E-001
   8.82424 153.85475   8.0582909152E-001
   8.82424 154.86034   8.1952267472E-001
   8.82424 155.86592   8.3282260745E-001
   8.82424 156.87151   8.4571250427E-001
   8.82424 157.87709   8.5817648488E-001
   8.82424 158.88268   8.7019919371E-001
   8.82424 159.88827   8.8176581883E-001
   8.82424 160.89385   8.9286211024E-001
   8.82424 161.89944   9.0347439733E-001
   8.82424 162.90503   9.1358960582E-001
   8.82424 163.91061   9.2319527383E-001
   8.82424 164.91620   9.3227956721E-001
   8.82424 165.92179   9.4083129416E-001
   8.82424 166.92737   9.4883991899E-001
   8.82424 167.93296   9.5629557511E-001
   8.82424 168.93855   9.6318907718E-001
   8.82424 169.94413   9.6951193245E-001
   8.82424 170.94972   9.7525635117E-001
   8.82424 171.95531   9.8041525627E-001
   8.82424 172.96089   9.8498229199E-001
   8.82424 173.96648   9.8895183176E-001
   8.82424 174.97207   9.9231898512E-001
   8.82424 175.97765   9.9507960377E-001
   8.82424 176.98324   9.9723028663E-001
   8.82424 177.98883   9.9876838406E-001
   8.82424 178.99441   9.9969200115E-001
   8.82424 180.00000   1.0000000000E+000

   8.88687   0.00000   4.8016951974E-310
   8.88687   1.00559   9.9969200115E-001
   8.88687   2.01117   9.9876838406E-001
   8.88687   3.01676   9.9723028663E-001
   8.88687   4.02235   9.9507960377E-001
   8.88687   5.02793   9.9231898512E-001
   8.88687   6.03352   9.8895183176E-001
   8.88687   7.03911   9.8498229199E-001
   8.88687   8.04469   9.8041525627E-001
   8.88687   9.05028   9.7525635117E-001
   8.88687  10.05587   9.6951193245E-001
   8.88687  11.06145   9.6318907718E-001
   8.88687  12.06704   9.5629557511E-001
   8.88687  13.07263   9.4883991899E-001
   8.88687  14.07821   9.4083129416E-001
   8.88687  15.08380   9.3227956721E-001
   8.88687  16.08939   9.2319527383E-001
   8.88687  17.09497   9.1358960582E-001
   8.88687  18.10056   9.0347439733E-001
   8.88687  19.10615   8.9286211024E-001
   8.88687  20.11173   8.8176581883E-001
   8.88687  21.11732   8.7019919371E-001
   8.88687  22.12291   8.5817648488E-001
   8.88687  23.12849   8.4571250427E-001
   8.88687  24.13408   8.3282260745E-001
   8.88687  25.13966   8.1952267472E-001
   8.88687  26.14525   8.0582909152E-001
   8.88687  27.15084   7.9175872829E-001
   8.88687  28.15642   7.7732891966E-001
   8.88687  29.16201   7.6255744307E-001
   8.88687  30.16760   7.4746249693E-001
   8.88687  31.17318   7.3206267813E-001
   8.88687  32.17877   7.1637695918E-001
   8.88687  33.18436   7.0042466481E-001
   8.88687  34.18994   6.8422544818E-001
   8.88687  35.19553   6.6779926665E-001
   8.88687  36.20112   6.5116635720E-001
   8.88687  37.20670   6.3434721149E-001
   8.88687  38.21229   6.1736255064E-001
   8.88687  39.21788   6.0023329966E-001
   8.88687  40.22346   5.8298056172E-001
   8.88687  41.22905   5.6562559212E-001
   8.88687  42.23464   5.4818977208E-001
   8.88687  43.24022   5.3069458247E-001
   8.88687  44.24581   5.1316157728E-001
   8.88687  45.25140   4.9561235708E-001
   8.88687  46.25698   4.7806854244E-001
   8.88687  47.26257   4.6055174725E-001
   8.88687  48.26816   4.4308355213E-001
   8.88687  49.27374   4.2568547781E-001
   8.88687  50.27933   4.0837895863E-001
   8.88687  51.28492   3.9118531616E-001
   8.88687  52.29050   3.7412573288E-001
   8.88687  53.29609   3.5722122611E-001
   8.88687  54.30168   3.4049262214E-001
   8.88687  55.30726   3.2396053052E-001
   8.88687  56.31285   3.0764531871E-001
   8.88687  57.31844   2.9156708699E-001
   8.88687  58.32402   2.7574564365E-001
   8.88687  59.32961   2.6020048064E-001
   8.88687  60.33520   2.4495074954E-001
   8.88687  61.34078   2.3001523794E-001
   8.88687  62.34637   2.1541234632E-001
   8.88687  63.35196   2.0116006537E-001
   8.88687  64.35754   1.8727595385E-001
   8.88687  65.36313   1.7377711691E-001
   8.88687  66.36872   1.6068018506E-001
   8.88687  67.37430   1.4800129365E-001
   8.88687  68.37989   1.3575606303E-001
   8.88687  69.38547   1.2395957926E-001
   8.88687  70.39106   1.1262637556E-001
   8.88687  71.39665   1.0177041437E-001
   8.88687  72.40223   9.1405070194E-002
   8.88687  73.40782   8.1543113090E-002
   8.88687  74.41341   7.2196692940E-002
   8.88687  75.41899   6.3377324492E-002
   8.88687  76.42458   5.5095873167E-002
   8.88687  77.43017   4.7362541675E-002
   8.88687  78.43575   4.0186857444E-002
   8.88687  79.44134   3.3577660884E-002
   8.88687  80.44693   2.7543094495E-002
   8.88687  81.45251   2.2090592836E-002
   8.88687  82.45810   1.7226873362E-002
   8.88687  83.46369   1.2957928154E-002
   8.88687  84.46927   9.2890165331E-003
   8.88687  85.47486   6.2246585807E-003
   8.88687  86.48045   3.7686295721E-003
   8.88687  87.48603   1.9239553236E-003
   8.88687  88.49162   6.9290846547E-004
   8.88687  89.49721   7.7005641668E-005
   8.88687  90.50279   7.7005641668E-005
   8.88687  91.50838   6.9290846547E-004
   8.88687  92.51397   1.9239553236E-003
   8.88687  93.51955   3.7686295721E-003
   8.88687  94.52514   6.2246585807E-003
   8.88687  95.53073   9.2890165331E-003
   8.88687  96.53631   1.2957928154E-002
   8.88687  97.54190   1.7226873362E-002
   8.88687  98.54749   2.2090592836E-002
   8.88687  99.55307   2.7543094495E-002
   8.88687 100.55866   3.3577660884E-002
   8.88687 101.56425   4.0186857444E-002
   8.88687 102.56983   4.7362541675E-002
   8.88687 103.57542   5.5095873167E-002
   8.88687 104.58101   6.3377324492E-002
   8.88687 105.58659   7.2196692940E-002
   8.88687 106.59218   8.1543113090E-002
   8.88687 107.59777   9.1405070194E-002
   8.88687 108.60335   1.0177041437E-001
   8.88687 109.60894   1.1262637556E-001
   8.88687 110.61453   1.2395957926E-001
   8.88687 111.62011   1.3575606303E-001
   8.88687 112.62570   1.4800129365E-001
   8.88687 113.63128   1.6068018506E-001
   8.88687 114.63687   1.7377711691E-001
   8.88687 115.64246   1.8727595385E-001
   8.88687 116.64804   2.0116006537E-001
   8.88687 117.65363   2.1541234632E-001
   8.88687 118.65922   2.3001523794E-001
   8.88687 119.66480   2.4495074954E-001
   8.88687 120.67039   2.6020048064E-001
   8.88687 121.67598   2.7574564365E-001
   8.88687 122.68156   2.9156708699E-001
   8.88687 123.68715   3.0764531871E-001
   8.88687 124.69274   3.2396053052E-001
   8.88687 125.69832   3.4049262214E-001
   8.88687 126.70391   3.5722122611E-001
   8.88687 127.70950   3.7412573288E-001
   8.88687 128.71508   3.9118531616E-001
   8.88687 129.72067   4.0837895863E-001
   8.88687 130.72626   4.2568547781E-001
   8.88687 131.73184   4.4308355213E-001
   8.88687 132.73743   4.6055174725E-001
   8.88687 133.74302   4.7806854244E-001
   8.88687 134.74860   4.9561235708E-001
   8.88687 135.75419   5.1316157728E-001
   8.88687 136.75978   5.3069458247E-001
   8.88687 137.76536   5.4818977208E-001
   8.88687 138.77095   5.6562559212E-001
   8.88687 139.77654   5.8298056172E-001
   8.88687 140.78212   6.0023329966E-001
   8.88687 141.78771   6.1736255064E-001
   8.88687 142.79330   6.3434721149E-001
   8.88687 143.79888   6.5116635720E-001
   8.88687 144.80447   6.6779926665E-001
   8.88687 145.81006   6.8422544818E-001
   8.88687 146.81564   7.0042466481E-001
   8.88687 147.82123   7.1637695918E-001
   8.88687 148.82682   7.3206267813E-001
   8.88687 149.83240   7.4746249693E-001
   8.88687 150.83799   7.6255744307E-001
   8.88687 151.84358   7.7732891966E-001
   8.88687 152.84916   7.9175872829E-001
   8.88687 153.85475   8.0582909152E-001
   8.88687 154.86034   8.1952267472E-001
   8.88687 155.86592   8.3282260745E-001
   8.88687 156.87151   8.4571250427E-001
   8.88687 157.87709   8.5817648488E-001
   8.88687 158.88268   8.7019919371E-001
   8.88687 159.88827   8.8176581883E-001
   8.88687 160.89385   8.9286211024E-001
   8.88687 161.89944   9.0347439733E-001
   8.88687 162.90503   9.1358960582E-001
   8.88687 163.91061   9.2319527383E-001
   8.88687 164.91620   9.3227956721E-001
   8.88687 165.92179   9.4083129416E-001
   8.88687 166.92737   9.4883991899E-001
   8.88687 167.93296   9.5629557511E-001
   8.88687 168.93855   9.6318907718E-001
   8.88687 169.94413   9.6951193245E-001
   8.88687 170.94972   9.7525635117E-001
   8.88687 171.95531   9.8041525627E-001
   8.88687 172.96089   9.8498229199E-001
   8.88687 173.96648   9.8895183176E-001
   8.88687 174.97207   9.9231898512E-001
   8.88687 175.97765   9.9507960377E-001
   8.88687 176.98324   9.9723028663E-001
   8.88687 177.98883   9.9876838406E-001
   8.88687 178.99441   9.9969200115E-001
   8.88687 180.00000   1.0000000000E+000

   8.94949   0.00000   4.8016951974E-310
   8.94949   1.00559   9.9969200115E-001
   8.94949   2.01117   9.9876838406E-001
   8.94949   3.01676   9.9723028663E-001
   8.94949   4.02235   9.9507960377E-001
   8.94949   5.02793   9.9231898512E-001
   8.94949   6.03352   9.8895183176E-001
   8.94949   7.03911   9.8498229199E-001
   8.94949   8.04469   9.8041525627E-001
   8.94949   9.05028   9.7525635117E-001
   8.94949  10.05587   9.6951193245E-001
   8.94949  11.06145   9.6318907718E-001
   8.94949  12.06704   9.5629557511E-001
   8.94949  13.07263   9.4883991899E-001
   8.94949  14.07821   9.4083129416E-001
   8.94949  15.08380   9.3227956721E-001
   8.94949  16.08939   9.2319527383E-001
   8.94949  17.09497   9.1358960582E-001
   8.94949  18.10056   9.0347439733E-001
   8.94949  19.10615   8.9286211024E-001
   8.94949  20.11173   8.8176581883E-001
   8.94949  21.11732   8.7019919371E-001
   8.94949  22.12291   8.5817648488E-001
   8.94949  23.12849   8.4571250427E-001
   8.94949  24.13408   8.3282260745E-001
   8.94949  25.13966   8.1952267472E-001
   8.94949  26.14525   8.0582909152E-001
   8.94949  27.15084   7.9175872829E-001
   8.94949  28.15642   7.7732891966E-001
   8.94949  29.16201   7.6255744307E-001
   8.94949  30.16760   7.4746249693E-001
   8.94949  31.17318   7.3206267813E-001
   8.94949  32.17877   7.1637695918E-001
   8.94949  33.18436   7.0042466481E-001
   8.94949  34.18994   6.8422544818E-001
   8.94949  35.19553   6.6779926665E-001
   8.94949  36.20112   6.5116635720E-001
   8.94949  37.20670   6.3434721149E-001
   8.94949  38.21229   6.1736255064E-001
   8.94949  39.21788   6.0023329966E-001
   8.94949  40.22346   5.8298056172E-001
   8.94949  41.22905   5.6562559212E-001
   8.94949  42.23464   5.4818977208E-001
   8.94949  43.24022   5.3069458247E-001
   8.94949  44.24581   5.1316157728E-001
   8.94949  45.25140   4.9561235708E-001
   8.94949  46.25698   4.7806854244E-001
   8.94949  47.26257   4.6055174725E-001
   8.94949  48.26816   4.4308355213E-001
   8.94949  49.27374   4.2568547781E-001
   8.94949  50.27933   4.0837895863E-001
   8.94949  51.28492   3.9118531616E-001
   8.94949  52.29050   3.7412573288E-001
   8.94949  53.29609   3.5722122611E-001
   8.94949  54.30168   3.4049262214E-001
   8.94949  55.30726   3.2396053052E-001
   8.94949  56.31285   3.0764531871E-001
   8.94949  57.31844   2.9156708699E-001
   8.94949  58.32402   2.7574564365E-001
   8.94949  59.32961   2.6020048064E-001
   8.94949  60.33520   2.4495074954E-001
   8.94949  61.34078   2.3001523794E-001
   8.94949  62.34637   2.1541234632E-001
   8.94949  63.35196   2.0116006537E-001
   8.94949  64.35754   1.8727595385E-001
   8.94949  65.36313   1.7377711691E-001
   8.94949  66.36872   1.6068018506E-001
   8.94949  67.37430   1.4800129365E-001
   8.94949  68.37989   1.3575606303E-001
   8.94949  69.38547   1.2395957926E-001
   8.94949  70.39106   1.1262637556E-001
   8.94949  71.39665   1.0177041437E-001
   8.94949  72.40223   9.1405070194E-002
   8.94949  73.40782   8.1543113090E-002
   8.94949  74.41341   7.2196692940E-002
   8.94949  75.41899   6.3377324492E-002
   8.94949  76.42458   5.5095873167E-002
   8.94949  77.43017   4.7362541675E-002
   8.94949  78.43575   4.0186857444E-002
   8.94949  79.44134   3.3577660884E-002
   8.94949  80.44693   2.7543094495E-002
   8.94949  81.45251   2.2090592836E-002
   8.94949  82.45810   1.7226873362E-002
   8.94949  83.46369   1.2957928154E-002
   8.94949  84.46927   9.2890165331E-003
   8.94949  85.47486   6.2246585807E-003
   8.94949  86.48045   3.7686295721E-003
   8.94949  87.48603   1.9239553236E-003
   8.94949  88.49162   6.9290846547E-004
   8.94949  89.49721   7.7005641668E-005
   8.94949  90.50279   7.7005641668E-005
   8.94949  91.50838   6.9290846547E-004
   8.94949  92.51397   1.9239553236E-003
   8.94949  93.51955   3.7686295721E-003
   8.94949  94.52514   6.2246585807E-003
   8.94949  95.53073   9.2890165331E-003
   8.94949  96.53631   1.2957928154E-002
   8.94949  97.54190   1.7226873362E-002
   8.94949  98.54749   2.2090592836E-002
   8.94949  99.55307   2.7543094495E-002
   8.94949 100.55866   3.3577660884E-002
   8.94949 101.56425   4.0186857444E-002
   8.94949 102.56983   4.7362541675E-002
   8.94949 103.57542   5.5095873167E-002
   8.94949 104.58101   6.3377324492E-002
   8.94949 105.58659   7.2196692940E-002
   8.94949 106.59218   8.1543113090E-002
   8.94949 107.59777   9.1405070194E-002
   8.94949 108.60335   1.0177041437E-001
   8.94949 109.60894   1.1262637556E-001
   8.94949 110.61453   1.2395957926E-001
   8.94949 111.62011   1.3575606303E-001
   8.94949 112.62570   1.4800129365E-001
   8.94949 113.63128   1.6068018506E-001
   8.94949 114.63687   1.7377711691E-001
   8.94949 115.64246   1.8727595385E-001
   8.94949 116.64804   2.0116006537E-001
   8.94949 117.65363   2.1541234632E-001
   8.94949 118.65922   2.3001523794E-001
   8.94949 119.66480   2.4495074954E-001
   8.94949 120.67039   2.6020048064E-001
   8.94949 121.67598   2.7574564365E-001
   8.94949 122.68156   2.9156708699E-001
   8.94949 123.68715   3.0764531871E-001
   8.94949 124.69274   3.2396053052E-001
   8.94949 125.69832   3.4049262214E-001
   8.94949 126.70391   3.5722122611E-001
   8.94949 127.70950   3.7412573288E-001
   8.94949 128.71508   3.9118531616E-001
   8.94949 129.72067   4.0837895863E-001
   8.94949 130.72626   4.2568547781E-001
   8.94949 131.73184   4.4308355213E-001
   8.94949 132.73743   4.6055174725E-001
   8.94949 133.74302   4.7806854244E-001
   8.94949 134.74860   4.9561235708E-001
   8.94949 135.75419   5.1316157728E-001
   8.94949 136.75978   5.3069458247E-001
   8.94949 137.76536   5.4818977208E-001
   8.94949 138.77095   5.6562559212E-001
   8.94949 139.77654   5.8298056172E-001
   8.94949 140.78212   6.0023329966E-001
   8.94949 141.78771   6.1736255064E-001
   8.94949 142.79330   6.3434721149E-001
   8.94949 143.79888   6.5116635720E-001
   8.94949 144.80447   6.6779926665E-001
   8.94949 145.81006   6.8422544818E-001
   8.94949 146.81564   7.0042466481E-001
   8.94949 147.82123   7.1637695918E-001
   8.94949 148.82682   7.3206267813E-001
   8.94949 149.83240   7.4746249693E-001
   8.94949 150.83799   7.6255744307E-001
   8.94949 151.84358   7.7732891966E-001
   8.94949 152.84916   7.9175872829E-001
   8.94949 153.85475   8.0582909152E-001
   8.94949 154.86034   8.1952267472E-001
   8.94949 155.86592   8.3282260745E-001
   8.94949 156.87151   8.4571250427E-001
   8.94949 157.87709   8.5817648488E-001
   8.94949 158.88268   8.7019919371E-001
   8.94949 159.88827   8.8176581883E-001
   8.94949 160.89385   8.9286211024E-001
   8.94949 161.89944   9.0347439733E-001
   8.94949 162.90503   9.1358960582E-001
   8.94949 163.91061   9.2319527383E-001
   8.94949 164.91620   9.3227956721E-001
   8.94949 165.92179   9.4083129416E-001
   8.94949 166.92737   9.4883991899E-001
   8.94949 167.93296   9.5629557511E-001
   8.94949 168.93855   9.6318907718E-001
   8.94949 169.94413   9.6951193245E-001
   8.94949 170.94972   9.7525635117E-001
   8.94949 171.95531   9.8041525627E-001
   8.94949 172.96089   9.8498229199E-001
   8.94949 173.96648   9.8895183176E-001
   8.94949 174.97207   9.9231898512E-001
   8.94949 175.97765   9.9507960377E-001
   8.94949 176.98324   9.9723028663E-001
   8.94949 177.98883   9.9876838406E-001
   8.94949 178.99441   9.9969200115E-001
   8.94949 180.00000   1.0000000000E+000

   9.01212   0.00000   4.8016951974E-310
   9.01212   1.00559   9.9969200115E-001
   9.01212   2.01117   9.9876838406E-001
   9.01212   3.01676   9.9723028663E-001
   9.01212   4.02235   9.9507960377E-001
   9.01212   5.02793   9.9231898512E-001
   9.01212   6.03352   9.8895183176E-001
   9.01212   7.03911   9.8498229199E-001
   9.01212   8.04469   9.8041525627E-001
   9.01212   9.05028   9.7525635117E-001
   9.01212  10.05587   9.6951193245E-001
   9.01212  11.06145   9.6318907718E-001
   9.01212  12.06704   9.5629557511E-001
   9.01212  13.07263   9.4883991899E-001
   9.01212  14.07821   9.4083129416E-001
   9.01212  15.08380   9.3227956721E-001
   9.01212  16.08939   9.2319527383E-001
   9.01212  17.09497   9.1358960582E-001
   9.01212  18.10056   9.0347439733E-001
   9.01212  19.10615   8.9286211024E-001
   9.01212  20.11173   8.8176581883E-001
   9.01212  21.11732   8.7019919371E-001
   9.01212  22.12291   8.5817648488E-001
   9.01212  23.12849   8.4571250427E-001
   9.01212  24.13408   8.3282260745E-001
   9.01212  25.13966   8.1952267472E-001
   9.01212  26.14525   8.0582909152E-001
   9.01212  27.15084   7.9175872829E-001
   9.01212  28.15642   7.7732891966E-001
   9.01212  29.16201   7.6255744307E-001
   9.01212  30.16760   7.4746249693E-001
   9.01212  31.17318   7.3206267813E-001
   9.01212  32.17877   7.1637695918E-001
   9.01212  33.18436   7.0042466481E-001
   9.01212  34.18994   6.8422544818E-001
   9.01212  35.19553   6.6779926665E-001
   9.01212  36.20112   6.5116635720E-001
   9.01212  37.20670   6.3434721149E-001
   9.01212  38.21229   6.1736255064E-001
   9.01212  39.21788   6.0023329966E-001
   9.01212  40.22346   5.8298056172E-001
   9.01212  41.22905   5.6562559212E-001
   9.01212  42.23464   5.4818977208E-001
   9.01212  43.24022   5.3069458247E-001
   9.01212  44.24581   5.1316157728E-001
   9.01212  45.25140   4.9561235708E-001
   9.01212  46.25698   4.7806854244E-001
   9.01212  47.26257   4.6055174725E-001
   9.01212  48.26816   4.4308355213E-001
   9.01212  49.27374   4.2568547781E-001
   9.01212  50.27933   4.0837895863E-001
   9.01212  51.28492   3.9118531616E-001
   9.01212  52.29050   3.7412573288E-001
   9.01212  53.29609   3.5722122611E-001
   9.01212  54.30168   3.4049262214E-001
   9.01212  55.30726   3.2396053052E-001
   9.01212  56.31285   3.0764531871E-001
   9.01212  57.31844   2.9156708699E-001
   9.01212  58.32402   2.7574564365E-001
   9.01212  59.32961   2.6020048064E-001
   9.01212  60.33520   2.4495074954E-001
   9.01212  61.34078   2.3001523794E-001
   9.01212  62.34637   2.1541234632E-001
   9.01212  63.35196   2.0116006537E-001
   9.01212  64.35754   1.8727595385E-001
   9.01212  65.36313   1.7377711691E-001
   9.01212  66.36872   1.6068018506E-001
   9.01212  67.37430   1.4800129365E-001
   9.01212  68.37989   1.3575606303E-001
   9.01212  69.38547   1.2395957926E-001
   9.01212  70.39106   1.1262637556E-001
   9.01212  71.39665   1.0177041437E-001
   9.01212  72.40223   9.1405070194E-002
   9.01212  73.40782   8.1543113090E-002
   9.01212  74.41341   7.2196692940E-002
   9.01212  75.41899   6.3377324492E-002
   9.01212  76.42458   5.5095873167E-002
   9.01212  77.43017   4.7362541675E-002
   9.01212  78.43575   4.0186857444E-002
   9.01212  79.44134   3.3577660884E-002
   9.01212  80.44693   2.7543094495E-002
   9.01212  81.45251   2.2090592836E-002
   9.01212  82.45810   1.7226873362E-002
   9.01212  83.46369   1.2957928154E-002
   9.01212  84.46927   9.2890165331E-003
   9.01212  85.47486   6.2246585807E-003
   9.01212  86.48045   3.7686295721E-003
   9.01212  87.48603   1.9239553236E-003
   9.01212  88.49162   6.9290846547E-004
   9.01212  89.49721   7.7005641668E-005
   9.01212  90.50279   7.7005641668E-005
   9.01212  91.50838   6.9290846547E-004
   9.01212  92.51397   1.9239553236E-003
   9.01212  93.51955   3.7686295721E-003
   9.01212  94.52514   6.2246585807E-003
   9.01212  95.53073   9.2890165331E-003
   9.01212  96.53631   1.2957928154E-002
   9.01212  97.54190   1.7226873362E-002
   9.01212  98.54749   2.2090592836E-002
   9.01212  99.55307   2.7543094495E-002
   9.01212 100.55866   3.3577660884E-002
   9.01212 101.56425   4.0186857444E-002
   9.01212 102.56983   4.7362541675E-002
   9.01212 103.57542   5.5095873167E-002
   9.01212 104.58101   6.3377324492E-002
   9.01212 105.58659   7.2196692940E-002
   9.01212 106.59218   8.1543113090E-002
   9.01212 107.59777   9.1405070194E-002
   9.01212 108.60335   1.0177041437E-001
   9.01212 109.60894   1.1262637556E-001
   9.01212 110.61453   1.2395957926E-001
   9.01212 111.62011   1.3575606303E-001
   9.01212 112.62570   1.4800129365E-001
   9.01212 113.63128   1.6068018506E-001
   9.01212 114.63687   1.7377711691E-001
   9.01212 115.64246   1.8727595385E-001
   9.01212 116.64804   2.0116006537E-001
   9.01212 117.65363   2.1541234632E-001
   9.01212 118.65922   2.3001523794E-001
   9.01212 119.66480   2.4495074954E-001
   9.01212 120.67039   2.6020048064E-001
   9.01212 121.67598   2.7574564365E-001
   9.01212 122.68156   2.9156708699E-001
   9.01212 123.68715   3.0764531871E-001
   9.01212 124.69274   3.2396053052E-001
   9.01212 125.69832   3.4049262214E-001
   9.01212 126.70391   3.5722122611E-001
   9.01212 127.70950   3.7412573288E-001
   9.01212 128.71508   3.9118531616E-001
   9.01212 129.72067   4.0837895863E-001
   9.01212 130.72626   4.2568547781E-001
   9.01212 131.73184   4.4308355213E-001
   9.01212 132.73743   4.6055174725E-001
   9.01212 133.74302   4.7806854244E-001
   9.01212 134.74860   4.9561235708E-001
   9.01212 135.75419   5.1316157728E-001
   9.01212 136.75978   5.3069458247E-001
   9.01212 137.76536   5.4818977208E-001
   9.01212 138.77095   5.6562559212E-001
   9.01212 139.77654   5.8298056172E-001
   9.01212 140.78212   6.0023329966E-001
   9.01212 141.78771   6.1736255064E-001
   9.01212 142.79330   6.3434721149E-001
   9.01212 143.79888   6.5116635720E-001
   9.01212 144.80447   6.6779926665E-001
   9.01212 145.81006   6.8422544818E-001
   9.01212 146.81564   7.0042466481E-001
   9.01212 147.82123   7.1637695918E-001
   9.01212 148.82682   7.3206267813E-001
   9.01212 149.83240   7.4746249693E-001
   9.01212 150.83799   7.6255744307E-001
   9.01212 151.84358   7.7732891966E-001
   9.01212 152.84916   7.9175872829E-001
   9.01212 153.85475   8.0582909152E-001
   9.01212 154.86034   8.1952267472E-001
   9.01212 155.86592   8.3282260745E-001
   9.01212 156.87151   8.4571250427E-001
   9.01212 157.87709   8.5817648488E-001
   9.01212 158.88268   8.7019919371E-001
   9.01212 159.88827   8.8176581883E-001
   9.01212 160.89385   8.9286211024E-001
   9.01212 161.89944   9.0347439733E-001
   9.01212 162.90503   9.1358960582E-001
   9.01212 163.91061   9.2319527383E-001
   9.01212 164.91620   9.3227956721E-001
   9.01212 165.92179   9.4083129416E-001
   9.01212 166.92737   9.4883991899E-001
   9.01212 167.93296   9.5629557511E-001
   9.01212 168.93855   9.6318907718E-001
   9.01212 169.94413   9.6951193245E-001
   9.01212 170.94972   9.7525635117E-001
   9.01212 171.95531   9.8041525627E-001
   9.01212 172.96089   9.8498229199E-001
   9.01212 173.96648   9.8895183176E-001
   9.01212 174.97207   9.9231898512E-001
   9.01212 175.97765   9.9507960377E-001
   9.01212 176.98324   9.9723028663E-001
   9.01212 177.98883   9.9876838406E-001
   9.01212 178.99441   9.9969200115E-001
   9.01212 180.00000   1.0000000000E+000

   9.07475   0.00000   4.8016951974E-310
   9.07475   1.00559   9.9969200115E-001
   9.07475   2.01117   9.9876838406E-001
   9.07475   3.01676   9.9723028663E-001
   9.07475   4.02235   9.9507960377E-001
   9.07475   5.02793   9.9231898512E-001
   9.07475   6.03352   9.8895183176E-001
   9.07475   7.03911   9.8498229199E-001
   9.07475   8.04469   9.8041525627E-001
   9.07475   9.05028   9.7525635117E-001
   9.07475  10.05587   9.6951193245E-001
   9.07475  11.06145   9.6318907718E-001
   9.07475  12.06704   9.5629557511E-001
   9.07475  13.07263   9.4883991899E-001
   9.07475  14.07821   9.4083129416E-001
   9.07475  15.08380   9.3227956721E-001
   9.07475  16.08939   9.2319527383E-001
   9.07475  17.09497   9.1358960582E-001
   9.07475  18.10056   9.0347439733E-001
   9.07475  19.10615   8.9286211024E-001
   9.07475  20.11173   8.8176581883E-001
   9.07475  21.11732   8.7019919371E-001
   9.07475  22.12291   8.5817648488E-001
   9.07475  23.12849   8.4571250427E-001
   9.07475  24.13408   8.3282260745E-001
   9.07475  25.13966   8.1952267472E-001
   9.07475  26.14525   8.0582909152E-001
   9.07475  27.15084   7.9175872829E-001
   9.07475  28.15642   7.7732891966E-001
   9.07475  29.16201   7.6255744307E-001
   9.07475  30.16760   7.4746249693E-001
   9.07475  31.17318   7.3206267813E-001
   9.07475  32.17877   7.1637695918E-001
   9.07475  33.18436   7.0042466481E-001
   9.07475  34.18994   6.8422544818E-001
   9.07475  35.19553   6.6779926665E-001
   9.07475  36.20112   6.5116635720E-001
   9.07475  37.20670   6.3434721149E-001
   9.07475  38.21229   6.1736255064E-001
   9.07475  39.21788   6.0023329966E-001
   9.07475  40.22346   5.8298056172E-001
   9.07475  41.22905   5.6562559212E-001
   9.07475  42.23464   5.4818977208E-001
   9.07475  43.24022   5.3069458247E-001
   9.07475  44.24581   5.1316157728E-001
   9.07475  45.25140   4.9561235708E-001
   9.07475  46.25698   4.7806854244E-001
   9.07475  47.26257   4.6055174725E-001
   9.07475  48.26816   4.4308355213E-001
   9.07475  49.27374   4.2568547781E-001
   9.07475  50.27933   4.0837895863E-001
   9.07475  51.28492   3.9118531616E-001
   9.07475  52.29050   3.7412573288E-001
   9.07475  53.29609   3.5722122611E-001
   9.07475  54.30168   3.4049262214E-001
   9.07475  55.30726   3.2396053052E-001
   9.07475  56.31285   3.0764531871E-001
   9.07475  57.31844   2.9156708699E-001
   9.07475  58.32402   2.7574564365E-001
   9.07475  59.32961   2.6020048064E-001
   9.07475  60.33520   2.4495074954E-001
   9.07475  61.34078   2.3001523794E-001
   9.07475  62.34637   2.1541234632E-001
   9.07475  63.35196   2.0116006537E-001
   9.07475  64.35754   1.8727595385E-001
   9.07475  65.36313   1.7377711691E-001
   9.07475  66.36872   1.6068018506E-001
   9.07475  67.37430   1.4800129365E-001
   9.07475  68.37989   1.3575606303E-001
   9.07475  69.38547   1.2395957926E-001
   9.07475  70.39106   1.1262637556E-001
   9.07475  71.39665   1.0177041437E-001
   9.07475  72.40223   9.1405070194E-002
   9.07475  73.40782   8.1543113090E-002
   9.07475  74.41341   7.2196692940E-002
   9.07475  75.41899   6.3377324492E-002
   9.07475  76.42458   5.5095873167E-002
   9.07475  77.43017   4.7362541675E-002
   9.07475  78.43575   4.0186857444E-002
   9.07475  79.44134   3.3577660884E-002
   9.07475  80.44693   2.7543094495E-002
   9.07475  81.45251   2.2090592836E-002
   9.07475  82.45810   1.7226873362E-002
   9.07475  83.46369   1.2957928154E-002
   9.07475  84.46927   9.2890165331E-003
   9.07475  85.47486   6.2246585807E-003
   9.07475  86.48045   3.7686295721E-003
   9.07475  87.48603   1.9239553236E-003
   9.07475  88.49162   6.9290846547E-004
   9.07475  89.49721   7.7005641668E-005
   9.07475  90.50279   7.7005641668E-005
   9.07475  91.50838   6.9290846547E-004
   9.07475  92.51397   1.9239553236E-003
   9.07475  93.51955   3.7686295721E-003
   9.07475  94.52514   6.2246585807E-003
   9.07475  95.53073   9.2890165331E-003
   9.07475  96.53631   1.2957928154E-002
   9.07475  97.54190   1.7226873362E-002
   9.07475  98.54749   2.2090592836E-002
   9.07475  99.55307   2.7543094495E-002
   9.07475 100.55866   3.3577660884E-002
   9.07475 101.56425   4.0186857444E-002
   9.07475 102.56983   4.7362541675E-002
   9.07475 103.57542   5.5095873167E-002
   9.07475 104.58101   6.3377324492E-002
   9.07475 105.58659   7.2196692940E-002
   9.07475 106.59218   8.1543113090E-002
   9.07475 107.59777   9.1405070194E-002
   9.07475 108.60335   1.0177041437E-001
   9.07475 109.60894   1.1262637556E-001
   9.07475 110.61453   1.2395957926E-001
   9.07475 111.62011   1.3575606303E-001
   9.07475 112.62570   1.4800129365E-001
   9.07475 113.63128   1.6068018506E-001
   9.07475 114.63687   1.7377711691E-001
   9.07475 115.64246   1.8727595385E-001
   9.07475 116.64804   2.0116006537E-001
   9.07475 117.65363   2.1541234632E-001
   9.07475 118.65922   2.3001523794E-001
   9.07475 119.66480   2.4495074954E-001
   9.07475 120.67039   2.6020048064E-001
   9.07475 121.67598   2.7574564365E-001
   9.07475 122.68156   2.9156708699E-001
   9.07475 123.68715   3.0764531871E-001
   9.07475 124.69274   3.2396053052E-001
   9.07475 125.69832   3.4049262214E-001
   9.07475 126.70391   3.5722122611E-001
   9.07475 127.70950   3.7412573288E-001
   9.07475 128.71508   3.9118531616E-001
   9.07475 129.72067   4.0837895863E-001
   9.07475 130.72626   4.2568547781E-001
   9.07475 131.73184   4.4308355213E-001
   9.07475 132.73743   4.6055174725E-001
   9.07475 133.74302   4.7806854244E-001
   9.07475 134.74860   4.9561235708E-001
   9.07475 135.75419   5.1316157728E-001
   9.07475 136.75978   5.3069458247E-001
   9.07475 137.76536   5.4818977208E-001
   9.07475 138.77095   5.6562559212E-001
   9.07475 139.77654   5.8298056172E-001
   9.07475 140.78212   6.0023329966E-001
   9.07475 141.78771   6.1736255064E-001
   9.07475 142.79330   6.3434721149E-001
   9.07475 143.79888   6.5116635720E-001
   9.07475 144.80447   6.6779926665E-001
   9.07475 145.81006   6.8422544818E-001
   9.07475 146.81564   7.0042466481E-001
   9.07475 147.82123   7.1637695918E-001
   9.07475 148.82682   7.3206267813E-001
   9.07475 149.83240   7.4746249693E-001
   9.07475 150.83799   7.6255744307E-001
   9.07475 151.84358   7.7732891966E-001
   9.07475 152.84916   7.9175872829E-001
   9.07475 153.85475   8.0582909152E-001
   9.07475 154.86034   8.1952267472E-001
   9.07475 155.86592   8.3282260745E-001
   9.07475 156.87151   8.4571250427E-001
   9.07475 157.87709   8.5817648488E-001
   9.07475 158.88268   8.7019919371E-001
   9.07475 159.88827   8.8176581883E-001
   9.07475 160.89385   8.9286211024E-001
   9.07475 161.89944   9.0347439733E-001
   9.07475 162.90503   9.1358960582E-001
   9.07475 163.91061   9.2319527383E-001
   9.07475 164.91620   9.3227956721E-001
   9.07475 165.92179   9.4083129416E-001
   9.07475 166.92737   9.4883991899E-001
   9.07475 167.93296   9.5629557511E-001
   9.07475 168.93855   9.6318907718E-001
   9.07475 169.94413   9.6951193245E-001
   9.07475 170.94972   9.7525635117E-001
   9.07475 171.95531   9.8041525627E-001
   9.07475 172.96089   9.8498229199E-001
   9.07475 173.96648   9.8895183176E-001
   9.07475 174.97207   9.9231898512E-001
   9.07475 175.97765   9.9507960377E-001
   9.07475 176.98324   9.9723028663E-001
   9.07475 177.98883   9.9876838406E-001
   9.07475 178.99441   9.9969200115E-001
   9.07475 180.00000   1.0000000000E+000

   9.13737   0.00000   4.8016951974E-310
   9.13737   1.00559   9.9969200115E-001
   9.13737   2.01117   9.9876838406E-001
   9.13737   3.01676   9.9723028663E-001
   9.13737   4.02235   9.9507960377E-001
   9.13737   5.02793   9.9231898512E-001
   9.13737   6.03352   9.8895183176E-001
   9.13737   7.03911   9.8498229199E-001
   9.13737   8.04469   9.8041525627E-001
   9.13737   9.05028   9.7525635117E-001
   9.13737  10.05587   9.6951193245E-001
   9.13737  11.06145   9.6318907718E-001
   9.13737  12.06704   9.5629557511E-001
   9.13737  13.07263   9.4883991899E-001
   9.13737  14.07821   9.4083129416E-001
   9.13737  15.08380   9.3227956721E-001
   9.13737  16.08939   9.2319527383E-001
   9.13737  17.09497   9.1358960582E-001
   9.13737  18.10056   9.0347439733E-001
   9.13737  19.10615   8.9286211024E-001
   9.13737  20.11173   8.8176581883E-001
   9.13737  21.11732   8.7019919371E-001
   9.13737  22.12291   8.5817648488E-001
   9.13737  23.12849   8.4571250427E-001
   9.13737  24.13408   8.3282260745E-001
   9.13737  25.13966   8.1952267472E-001
   9.13737  26.14525   8.0582909152E-001
   9.13737  27.15084   7.9175872829E-001
   9.13737  28.15642   7.7732891966E-001
   9.13737  29.16201   7.6255744307E-001
   9.13737  30.16760   7.4746249693E-001
   9.13737  31.17318   7.3206267813E-001
   9.13737  32.17877   7.1637695918E-001
   9.13737  33.18436   7.0042466481E-001
   9.13737  34.18994   6.8422544818E-001
   9.13737  35.19553   6.6779926665E-001
   9.13737  36.20112   6.5116635720E-001
   9.13737  37.20670   6.3434721149E-001
   9.13737  38.21229   6.1736255064E-001
   9.13737  39.21788   6.0023329966E-001
   9.13737  40.22346   5.8298056172E-001
   9.13737  41.22905   5.6562559212E-001
   9.13737  42.23464   5.4818977208E-001
   9.13737  43.24022   5.3069458247E-001
   9.13737  44.24581   5.1316157728E-001
   9.13737  45.25140   4.9561235708E-001
   9.13737  46.25698   4.7806854244E-001
   9.13737  47.26257   4.6055174725E-001
   9.13737  48.26816   4.4308355213E-001
   9.13737  49.27374   4.2568547781E-001
   9.13737  50.27933   4.0837895863E-001
   9.13737  51.28492   3.9118531616E-001
   9.13737  52.29050   3.7412573288E-001
   9.13737  53.29609   3.5722122611E-001
   9.13737  54.30168   3.4049262214E-001
   9.13737  55.30726   3.2396053052E-001
   9.13737  56.31285   3.0764531871E-001
   9.13737  57.31844   2.9156708699E-001
   9.13737  58.32402   2.7574564365E-001
   9.13737  59.32961   2.6020048064E-001
   9.13737  60.33520   2.4495074954E-001
   9.13737  61.34078   2.3001523794E-001
   9.13737  62.34637   2.1541234632E-001
   9.13737  63.35196   2.0116006537E-001
   9.13737  64.35754   1.8727595385E-001
   9.13737  65.36313   1.7377711691E-001
   9.13737  66.36872   1.6068018506E-001
   9.13737  67.37430   1.4800129365E-001
   9.13737  68.37989   1.3575606303E-001
   9.13737  69.38547   1.2395957926E-001
   9.13737  70.39106   1.1262637556E-001
   9.13737  71.39665   1.0177041437E-001
   9.13737  72.40223   9.1405070194E-002
   9.13737  73.40782   8.1543113090E-002
   9.13737  74.41341   7.2196692940E-002
   9.13737  75.41899   6.3377324492E-002
   9.13737  76.42458   5.5095873167E-002
   9.13737  77.43017   4.7362541675E-002
   9.13737  78.43575   4.0186857444E-002
   9.13737  79.44134   3.3577660884E-002
   9.13737  80.44693   2.7543094495E-002
   9.13737  81.45251   2.2090592836E-002
   9.13737  82.45810   1.7226873362E-002
   9.13737  83.46369   1.2957928154E-002
   9.13737  84.46927   9.2890165331E-003
   9.13737  85.47486   6.2246585807E-003
   9.13737  86.48045   3.7686295721E-003
   9.13737  87.48603   1.9239553236E-003
   9.13737  88.49162   6.9290846547E-004
   9.13737  89.49721   7.7005641668E-005
   9.13737  90.50279   7.7005641668E-005
   9.13737  91.50838   6.9290846547E-004
   9.13737  92.51397   1.9239553236E-003
   9.13737  93.51955   3.7686295721E-003
   9.13737  94.52514   6.2246585807E-003
   9.13737  95.53073   9.2890165331E-003
   9.13737  96.53631   1.2957928154E-002
   9.13737  97.54190   1.7226873362E-002
   9.13737  98.54749   2.2090592836E-002
   9.13737  99.55307   2.7543094495E-002
   9.13737 100.55866   3.3577660884E-002
   9.13737 101.56425   4.0186857444E-002
   9.13737 102.56983   4.7362541675E-002
   9.13737 103.57542   5.5095873167E-002
   9.13737 104.58101   6.3377324492E-002
   9.13737 105.58659   7.2196692940E-002
   9.13737 106.59218   8.1543113090E-002
   9.13737 107.59777   9.1405070194E-002
   9.13737 108.60335   1.0177041437E-001
   9.13737 109.60894   1.1262637556E-001
   9.13737 110.61453   1.2395957926E-001
   9.13737 111.62011   1.3575606303E-001
   9.13737 112.62570   1.4800129365E-001
   9.13737 113.63128   1.6068018506E-001
   9.13737 114.63687   1.7377711691E-001
   9.13737 115.64246   1.8727595385E-001
   9.13737 116.64804   2.0116006537E-001
   9.13737 117.65363   2.1541234632E-001
   9.13737 118.65922   2.3001523794E-001
   9.13737 119.66480   2.4495074954E-001
   9.13737 120.67039   2.6020048064E-001
   9.13737 121.67598   2.7574564365E-001
   9.13737 122.68156   2.9156708699E-001
   9.13737 123.68715   3.0764531871E-001
   9.13737 124.69274   3.2396053052E-001
   9.13737 125.69832   3.4049262214E-001
   9.13737 126.70391   3.5722122611E-001
   9.13737 127.70950   3.7412573288E-001
   9.13737 128.71508   3.9118531616E-001
   9.13737 129.72067   4.0837895863E-001
   9.13737 130.72626   4.2568547781E-001
   9.13737 131.73184   4.4308355213E-001
   9.13737 132.73743   4.6055174725E-001
   9.13737 133.74302   4.7806854244E-001
   9.13737 134.74860   4.9561235708E-001
   9.13737 135.75419   5.1316157728E-001
   9.13737 136.75978   5.3069458247E-001
   9.13737 137.76536   5.4818977208E-001
   9.13737 138.77095   5.6562559212E-001
   9.13737 139.77654   5.8298056172E-001
   9.13737 140.78212   6.0023329966E-001
   9.13737 141.78771   6.1736255064E-001
   9.13737 142.79330   6.3434721149E-001
   9.13737 143.79888   6.5116635720E-001
   9.13737 144.80447   6.6779926665E-001
   9.13737 145.81006   6.8422544818E-001
   9.13737 146.81564   7.0042466481E-001
   9.13737 147.82123   7.1637695918E-001
   9.13737 148.82682   7.3206267813E-001
   9.13737 149.83240   7.4746249693E-001
   9.13737 150.83799   7.6255744307E-001
   9.13737 151.84358   7.7732891966E-001
   9.13737 152.84916   7.9175872829E-001
   9.13737 153.85475   8.0582909152E-001
   9.13737 154.86034   8.1952267472E-001
   9.13737 155.86592   8.3282260745E-001
   9.13737 156.87151   8.4571250427E-001
   9.13737 157.87709   8.5817648488E-001
   9.13737 158.88268   8.7019919371E-001
   9.13737 159.88827   8.8176581883E-001
   9.13737 160.89385   8.9286211024E-001
   9.13737 161.89944   9.0347439733E-001
   9.13737 162.90503   9.1358960582E-001
   9.13737 163.91061   9.2319527383E-001
   9.13737 164.91620   9.3227956721E-001
   9.13737 165.92179   9.4083129416E-001
   9.13737 166.92737   9.4883991899E-001
   9.13737 167.93296   9.5629557511E-001
   9.13737 168.93855   9.6318907718E-001
   9.13737 169.94413   9.6951193245E-001
   9.13737 170.94972   9.7525635117E-001
   9.13737 171.95531   9.8041525627E-001
   9.13737 172.96089   9.8498229199E-001
   9.13737 173.96648   9.8895183176E-001
   9.13737 174.97207   9.9231898512E-001
   9.13737 175.97765   9.9507960377E-001
   9.13737 176.98324   9.9723028663E-001
   9.13737 177.98883   9.9876838406E-001
   9.13737 178.99441   9.9969200115E-001
   9.13737 180.00000   1.0000000000E+000

   9.20000   0.00000   4.8016951974E-310
   9.20000   1.00559   9.9969200115E-001
   9.20000   2.01117   9.9876838406E-001
   9.20000   3.01676   9.9723028663E-001
   9.20000   4.02235   9.9507960377E-001
   9.20000   5.02793   9.9231898512E-001
   9.20000   6.03352   9.8895183176E-001
   9.20000   7.03911   9.8498229199E-001
   9.20000   8.04469   9.8041525627E-001
   9.20000   9.05028   9.7525635117E-001
   9.20000  10.05587   9.6951193245E-001
   9.20000  11.06145   9.6318907718E-001
   9.20000  12.06704   9.5629557511E-001
   9.20000  13.07263   9.4883991899E-001
   9.20000  14.07821   9.4083129416E-001
   9.20000  15.08380   9.3227956721E-001
   9.20000  16.08939   9.2319527383E-001
   9.20000  17.09497   9.1358960582E-001
   9.20000  18.10056   9.0347439733E-001
   9.20000  19.10615   8.9286211024E-001
   9.20000  20.11173   8.8176581883E-001
   9.20000  21.11732   8.7019919371E-001
   9.20000  22.12291   8.5817648488E-001
   9.20000  23.12849   8.4571250427E-001
   9.20000  24.13408   8.3282260745E-001
   9.20000  25.13966   8.1952267472E-001
   9.20000  26.14525   8.0582909152E-001
   9.20000  27.15084   7.9175872829E-001
   9.20000  28.15642   7.7732891966E-001
   9.20000  29.16201   7.6255744307E-001
   9.20000  30.16760   7.4746249693E-001
   9.20000  31.17318   7.3206267813E-001
   9.20000  32.17877   7.1637695918E-001
   9.20000  33.18436   7.0042466481E-001
   9.20000  34.18994   6.8422544818E-001
   9.20000  35.19553   6.6779926665E-001
   9.20000  36.20112   6.5116635720E-001
   9.20000  37.20670   6.3434721149E-001
   9.20000  38.21229   6.1736255064E-001
   9.20000  39.21788   6.0023329966E-001
   9.20000  40.22346   5.8298056172E-001
   9.20000  41.22905   5.6562559212E-001
   9.20000  42.23464   5.4818977208E-001
   9.20000  43.24022   5.3069458247E-001
   9.20000  44.24581   5.1316157728E-001
   9.20000  45.25140   4.9561235708E-001
   9.20000  46.25698   4.7806854244E-001
   9.20000  47.26257   4.6055174725E-001
   9.20000  48.26816   4.4308355213E-001
   9.20000  49.27374   4.2568547781E-001
   9.20000  50.27933   4.0837895863E-001
   9.20000  51.28492   3.9118531616E-001
   9.20000  52.29050   3.7412573288E-001
   9.20000  53.29609   3.5722122611E-001
   9.20000  54.30168   3.4049262214E-001
   9.20000  55.30726   3.2396053052E-001
   9.20000  56.31285   3.0764531871E-001
   9.20000  57.31844   2.9156708699E-001
   9.20000  58.32402   2.7574564365E-001
   9.20000  59.32961   2.6020048064E-001
   9.20000  60.33520   2.4495074954E-001
   9.20000  61.34078   2.3001523794E-001
   9.20000  62.34637   2.1541234632E-001
   9.20000  63.35196   2.0116006537E-001
   9.20000  64.35754   1.8727595385E-001
   9.20000  65.36313   1.7377711691E-001
   9.20000  66.36872   1.6068018506E-001
   9.20000  67.37430   1.4800129365E-001
   9.20000  68.37989   1.3575606303E-001
   9.20000  69.38547   1.2395957926E-001
   9.20000  70.39106   1.1262637556E-001
   9.20000  71.39665   1.0177041437E-001
   9.20000  72.40223   9.1405070194E-002
   9.20000  73.40782   8.1543113090E-002
   9.20000  74.41341   7.2196692940E-002
   9.20000  75.41899   6.3377324492E-002
   9.20000  76.42458   5.5095873167E-002
   9.20000  77.43017   4.7362541675E-002
   9.20000  78.43575   4.0186857444E-002
   9.20000  79.44134   3.3577660884E-002
   9.20000  80.44693   2.7543094495E-002
   9.20000  81.45251   2.2090592836E-002
   9.20000  82.45810   1.7226873362E-002
   9.20000  83.46369   1.2957928154E-002
   9.20000  84.46927   9.2890165331E-003
   9.20000  85.47486   6.2246585807E-003
   9.20000  86.48045   3.7686295721E-003
   9.20000  87.48603   1.9239553236E-003
   9.20000  88.49162   6.9290846547E-004
   9.20000  89.49721   7.7005641668E-005
   9.20000  90.50279   7.7005641668E-005
   9.20000  91.50838   6.9290846547E-004
   9.20000  92.51397   1.9239553236E-003
   9.20000  93.51955   3.7686295721E-003
   9.20000  94.52514   6.2246585807E-003
   9.20000  95.53073   9.2890165331E-003
   9.20000  96.53631   1.2957928154E-002
   9.20000  97.54190   1.7226873362E-002
   9.20000  98.54749   2.2090592836E-002
   9.20000  99.55307   2.7543094495E-002
   9.20000 100.55866   3.3577660884E-002
   9.20000 101.56425   4.0186857444E-002
   9.20000 102.56983   4.7362541675E-002
   9.20000 103.57542   5.5095873167E-002
   9.20000 104.58101   6.3377324492E-002
   9.20000 105.58659   7.2196692940E-002
   9.20000 106.59218   8.1543113090E-002
   9.20000 107.59777   9.1405070194E-002
   9.20000 108.60335   1.0177041437E-001
   9.20000 109.60894   1.1262637556E-001
   9.20000 110.61453   1.2395957926E-001
   9.20000 111.62011   1.3575606303E-001
   9.20000 112.62570   1.4800129365E-001
   9.20000 113.63128   1.6068018506E-001
   9.20000 114.63687   1.7377711691E-001
   9.20000 115.64246   1.8727595385E-001
   9.20000 116.64804   2.0116006537E-001
   9.20000 117.65363   2.1541234632E-001
   9.20000 118.65922   2.3001523794E-001
   9.20000 119.66480   2.4495074954E-001
   9.20000 120.67039   2.6020048064E-001
   9.20000 121.67598   2.7574564365E-001
   9.20000 122.68156   2.9156708699E-001
   9.20000 123.68715   3.0764531871E-001
   9.20000 124.69274   3.2396053052E-001
   9.20000 125.69832   3.4049262214E-001
   9.20000 126.70391   3.5722122611E-001
   9.20000 127.70950   3.7412573288E-001
   9.20000 128.71508   3.9118531616E-001
   9.20000 129.72067   4.0837895863E-001
   9.20000 130.72626   4.2568547781E-001
   9.20000 131.73184   4.4308355213E-001
   9.20000 132.73743   4.6055174725E-001
   9.20000 133.74302   4.7806854244E-001
   9.20000 134.74860   4.9561235708E-001
   9.20000 135.75419   5.1316157728E-001
   9.20000 136.75978   5.3069458247E-001
   9.20000 137.76536   5.4818977208E-001
   9.20000 138.77095   5.6562559212E-001
   9.20000 139.77654   5.8298056172E-001
   9.20000 140.78212   6.0023329966E-001
   9.20000 141.78771   6.1736255064E-001
   9.20000 142.79330   6.3434721149E-001
   9.20000 143.79888   6.5116635720E-001
   9.20000 144.80447   6.6779926665E-001
   9.20000 145.81006   6.8422544818E-001
   9.20000 146.81564   7.0042466481E-001
   9.20000 147.82123   7.1637695918E-001
   9.20000 148.82682   7.3206267813E-001
   9.20000 149.83240   7.4746249693E-001
   9.20000 150.83799   7.6255744307E-001
   9.20000 151.84358   7.7732891966E-001
   9.20000 152.84916   7.9175872829E-001
   9.20000 153.85475   8.0582909152E-001
   9.20000 154.86034   8.1952267472E-001
   9.20000 155.86592   8.3282260745E-001
   9.20000 156.87151   8.4571250427E-001
   9.20000 157.87709   8.5817648488E-001
   9.20000 158.88268   8.7019919371E-001
   9.20000 159.88827   8.8176581883E-001
   9.20000 160.89385   8.9286211024E-001
   9.20000 161.89944   9.0347439733E-001
   9.20000 162.90503   9.1358960582E-001
   9.20000 163.91061   9.2319527383E-001
   9.20000 164.91620   9.3227956721E-001
   9.20000 165.92179   9.4083129416E-001
   9.20000 166.92737   9.4883991899E-001
   9.20000 167.93296   9.5629557511E-001
   9.20000 168.93855   9.6318907718E-001
   9.20000 169.94413   9.6951193245E-001
   9.20000 170.94972   9.7525635117E-001
   9.20000 171.95531   9.8041525627E-001
   9.20000 172.96089   9.8498229199E-001
   9.20000 173.96648   9.8895183176E-001
   9.20000 174.97207   9.9231898512E-001
   9.20000 175.97765   9.9507960377E-001
   9.20000 176.98324   9.9723028663E-001
   9.20000 177.98883   9.9876838406E-001
   9.20000 178.99441   9.9969200115E-001
   9.20000 180.00000   1.0000000000E+000

